event_id,home_team,away_team,commence_time,bookmaker,bookmaker_title,last_update,market,player,outcome_name,price,point,snapshot_utc
5e06aeff84a466044adc1db2aae029cb,Western Bulldogs,Collingwood Magpies,2026-05-30T09:35:58Z,sportsbet,SportsBet,,player_disposals,Bailey Dale,Over,1.91,30.5,20260530_093320
5e06aeff84a466044adc1db2aae029cb,Western Bulldogs,Collingwood Magpies,2026-05-30T09:35:58Z,sportsbet,SportsBet,,player_disposals,Bailey Dale,Under,1.82,30.5,20260530_093320
5e06aeff84a466044adc1db2aae029cb,Western Bulldogs,Collingwood Magpies,2026-05-30T09:35:58Z,sportsbet,SportsBet,,player_disposals,Ed Richards,Over,1.9,26.5,20260530_093320
5e06aeff84a466044adc1db2aae029cb,Western Bulldogs,Collingwood Magpies,2026-05-30T09:35:58Z,sportsbet,SportsBet,,player_disposals,Ed Richards,Under,1.83,26.5,20260530_093320
5e06aeff84a466044adc1db2aae029cb,Western Bulldogs,Collingwood Magpies,2026-05-30T09:35:58Z,sportsbet,SportsBet,,player_disposals,Marcus Bontempelli,Over,1.91,29.5,20260530_093320
5e06aeff84a466044adc1db2aae029cb,Western Bulldogs,Collingwood Magpies,2026-05-30T09:35:58Z,sportsbet,SportsBet,,player_disposals,Marcus Bontempelli,Under,1.82,29.5,20260530_093320
5e06aeff84a466044adc1db2aae029cb,Western Bulldogs,Collingwood Magpies,2026-05-30T09:35:58Z,sportsbet,SportsBet,,player_disposals,Ryley Sanders,Over,1.89,26.5,20260530_093320
5e06aeff84a466044adc1db2aae029cb,Western Bulldogs,Collingwood Magpies,2026-05-30T09:35:58Z,sportsbet,SportsBet,,player_disposals,Ryley Sanders,Under,1.84,26.5,20260530_093320
5e06aeff84a466044adc1db2aae029cb,Western Bulldogs,Collingwood Magpies,2026-05-30T09:35:58Z,sportsbet,SportsBet,,player_disposals,Adam Treloar,Over,1.9,21.5,20260530_093320
5e06aeff84a466044adc1db2aae029cb,Western Bulldogs,Collingwood Magpies,2026-05-30T09:35:58Z,sportsbet,SportsBet,,player_disposals,Adam Treloar,Under,1.83,21.5,20260530_093320
5e06aeff84a466044adc1db2aae029cb,Western Bulldogs,Collingwood Magpies,2026-05-30T09:35:58Z,sportsbet,SportsBet,,player_disposals,Matthew Kennedy,Over,1.91,23.5,20260530_093320
5e06aeff84a466044adc1db2aae029cb,Western Bulldogs,Collingwood Magpies,2026-05-30T09:35:58Z,sportsbet,SportsBet,,player_disposals,Matthew Kennedy,Under,1.82,23.5,20260530_093320
5e06aeff84a466044adc1db2aae029cb,Western Bulldogs,Collingwood Magpies,2026-05-30T09:35:58Z,sportsbet,SportsBet,,player_disposals,Connor Budarick,Over,1.86,21.5,20260530_093320
5e06aeff84a466044adc1db2aae029cb,Western Bulldogs,Collingwood Magpies,2026-05-30T09:35:58Z,sportsbet,SportsBet,,player_disposals,Connor Budarick,Under,1.87,21.5,20260530_093320
5e06aeff84a466044adc1db2aae029cb,Western Bulldogs,Collingwood Magpies,2026-05-30T09:35:58Z,sportsbet,SportsBet,,player_disposals,Joel Freijah,Over,1.89,18.5,20260530_093320
5e06aeff84a466044adc1db2aae029cb,Western Bulldogs,Collingwood Magpies,2026-05-30T09:35:58Z,sportsbet,SportsBet,,player_disposals,Joel Freijah,Under,1.84,18.5,20260530_093320
5e06aeff84a466044adc1db2aae029cb,Western Bulldogs,Collingwood Magpies,2026-05-30T09:35:58Z,sportsbet,SportsBet,,player_disposals,Lachie Jaques,Over,1.88,14.5,20260530_093320
5e06aeff84a466044adc1db2aae029cb,Western Bulldogs,Collingwood Magpies,2026-05-30T09:35:58Z,sportsbet,SportsBet,,player_disposals,Lachie Jaques,Under,1.85,14.5,20260530_093320
5e06aeff84a466044adc1db2aae029cb,Western Bulldogs,Collingwood Magpies,2026-05-30T09:35:58Z,sportsbet,SportsBet,,player_disposals,Lachlan Bramble,Over,1.93,17.5,20260530_093320
5e06aeff84a466044adc1db2aae029cb,Western Bulldogs,Collingwood Magpies,2026-05-30T09:35:58Z,sportsbet,SportsBet,,player_disposals,Lachlan Bramble,Under,1.8,17.5,20260530_093320
5e06aeff84a466044adc1db2aae029cb,Western Bulldogs,Collingwood Magpies,2026-05-30T09:35:58Z,sportsbet,SportsBet,,player_disposals,Nicholas Coffield,Over,1.91,15.5,20260530_093320
5e06aeff84a466044adc1db2aae029cb,Western Bulldogs,Collingwood Magpies,2026-05-30T09:35:58Z,sportsbet,SportsBet,,player_disposals,Nicholas Coffield,Under,1.82,15.5,20260530_093320
5e06aeff84a466044adc1db2aae029cb,Western Bulldogs,Collingwood Magpies,2026-05-30T09:35:58Z,sportsbet,SportsBet,,player_disposals,Michael Sellwood,Over,1.92,13.5,20260530_093320
5e06aeff84a466044adc1db2aae029cb,Western Bulldogs,Collingwood Magpies,2026-05-30T09:35:58Z,sportsbet,SportsBet,,player_disposals,Michael Sellwood,Under,1.81,13.5,20260530_093320
5e06aeff84a466044adc1db2aae029cb,Western Bulldogs,Collingwood Magpies,2026-05-30T09:35:58Z,sportsbet,SportsBet,,player_disposals,Arthur Jones,Over,1.9,12.5,20260530_093320
5e06aeff84a466044adc1db2aae029cb,Western Bulldogs,Collingwood Magpies,2026-05-30T09:35:58Z,sportsbet,SportsBet,,player_disposals,Arthur Jones,Under,1.83,12.5,20260530_093320
5e06aeff84a466044adc1db2aae029cb,Western Bulldogs,Collingwood Magpies,2026-05-30T09:35:58Z,sportsbet,SportsBet,,player_disposals,Timothy English,Over,1.92,15.5,20260530_093320
5e06aeff84a466044adc1db2aae029cb,Western Bulldogs,Collingwood Magpies,2026-05-30T09:35:58Z,sportsbet,SportsBet,,player_disposals,Timothy English,Under,1.81,15.5,20260530_093320
5e06aeff84a466044adc1db2aae029cb,Western Bulldogs,Collingwood Magpies,2026-05-30T09:35:58Z,sportsbet,SportsBet,,player_disposals,Aaron Naughton,Over,1.88,11.5,20260530_093320
5e06aeff84a466044adc1db2aae029cb,Western Bulldogs,Collingwood Magpies,2026-05-30T09:35:58Z,sportsbet,SportsBet,,player_disposals,Aaron Naughton,Under,1.85,11.5,20260530_093320
5e06aeff84a466044adc1db2aae029cb,Western Bulldogs,Collingwood Magpies,2026-05-30T09:35:58Z,sportsbet,SportsBet,,player_disposals,Nick Daicos,Over,1.8,31.5,20260530_093320
5e06aeff84a466044adc1db2aae029cb,Western Bulldogs,Collingwood Magpies,2026-05-30T09:35:58Z,sportsbet,SportsBet,,player_disposals,Nick Daicos,Under,1.94,31.5,20260530_093320
5e06aeff84a466044adc1db2aae029cb,Western Bulldogs,Collingwood Magpies,2026-05-30T09:35:58Z,sportsbet,SportsBet,,player_disposals,Josh Daicos,Over,1.8,26.5,20260530_093320
5e06aeff84a466044adc1db2aae029cb,Western Bulldogs,Collingwood Magpies,2026-05-30T09:35:58Z,sportsbet,SportsBet,,player_disposals,Josh Daicos,Under,1.94,26.5,20260530_093320
5e06aeff84a466044adc1db2aae029cb,Western Bulldogs,Collingwood Magpies,2026-05-30T09:35:58Z,sportsbet,SportsBet,,player_disposals,Jordan De Goey,Over,1.83,22.5,20260530_093320
5e06aeff84a466044adc1db2aae029cb,Western Bulldogs,Collingwood Magpies,2026-05-30T09:35:58Z,sportsbet,SportsBet,,player_disposals,Jordan De Goey,Under,1.9,22.5,20260530_093320
5e06aeff84a466044adc1db2aae029cb,Western Bulldogs,Collingwood Magpies,2026-05-30T09:35:58Z,sportsbet,SportsBet,,player_disposals,Dan Houston,Over,1.83,24.5,20260530_093320
5e06aeff84a466044adc1db2aae029cb,Western Bulldogs,Collingwood Magpies,2026-05-30T09:35:58Z,sportsbet,SportsBet,,player_disposals,Dan Houston,Under,1.9,24.5,20260530_093320
5e06aeff84a466044adc1db2aae029cb,Western Bulldogs,Collingwood Magpies,2026-05-30T09:35:58Z,sportsbet,SportsBet,,player_disposals,Jack Crisp,Over,1.77,23.5,20260530_093320
5e06aeff84a466044adc1db2aae029cb,Western Bulldogs,Collingwood Magpies,2026-05-30T09:35:58Z,sportsbet,SportsBet,,player_disposals,Jack Crisp,Under,1.97,23.5,20260530_093320
5e06aeff84a466044adc1db2aae029cb,Western Bulldogs,Collingwood Magpies,2026-05-30T09:35:58Z,sportsbet,SportsBet,,player_disposals,Scott Pendlebury,Over,1.8,22.5,20260530_093320
5e06aeff84a466044adc1db2aae029cb,Western Bulldogs,Collingwood Magpies,2026-05-30T09:35:58Z,sportsbet,SportsBet,,player_disposals,Scott Pendlebury,Under,1.94,22.5,20260530_093320
5e06aeff84a466044adc1db2aae029cb,Western Bulldogs,Collingwood Magpies,2026-05-30T09:35:58Z,sportsbet,SportsBet,,player_disposals,Patrick Lipinski,Over,1.82,19.5,20260530_093320
5e06aeff84a466044adc1db2aae029cb,Western Bulldogs,Collingwood Magpies,2026-05-30T09:35:58Z,sportsbet,SportsBet,,player_disposals,Patrick Lipinski,Under,1.91,19.5,20260530_093320
5e06aeff84a466044adc1db2aae029cb,Western Bulldogs,Collingwood Magpies,2026-05-30T09:35:58Z,sportsbet,SportsBet,,player_disposals,Isaac Quaynor,Over,1.81,18.5,20260530_093320
5e06aeff84a466044adc1db2aae029cb,Western Bulldogs,Collingwood Magpies,2026-05-30T09:35:58Z,sportsbet,SportsBet,,player_disposals,Isaac Quaynor,Under,1.91,18.5,20260530_093320
5e06aeff84a466044adc1db2aae029cb,Western Bulldogs,Collingwood Magpies,2026-05-30T09:35:58Z,sportsbet,SportsBet,,player_disposals,Darcy Cameron,Over,1.85,17.5,20260530_093320
5e06aeff84a466044adc1db2aae029cb,Western Bulldogs,Collingwood Magpies,2026-05-30T09:35:58Z,sportsbet,SportsBet,,player_disposals,Darcy Cameron,Under,1.88,17.5,20260530_093320
5e06aeff84a466044adc1db2aae029cb,Western Bulldogs,Collingwood Magpies,2026-05-30T09:35:58Z,sportsbet,SportsBet,,player_disposals,Brayden Maynard,Over,1.78,19.5,20260530_093320
5e06aeff84a466044adc1db2aae029cb,Western Bulldogs,Collingwood Magpies,2026-05-30T09:35:58Z,sportsbet,SportsBet,,player_disposals,Brayden Maynard,Under,1.96,19.5,20260530_093320
5e06aeff84a466044adc1db2aae029cb,Western Bulldogs,Collingwood Magpies,2026-05-30T09:35:58Z,sportsbet,SportsBet,,player_disposals,Jeremy Howe,Over,1.84,17.5,20260530_093320
5e06aeff84a466044adc1db2aae029cb,Western Bulldogs,Collingwood Magpies,2026-05-30T09:35:58Z,sportsbet,SportsBet,,player_disposals,Jeremy Howe,Under,1.89,17.5,20260530_093320
5e06aeff84a466044adc1db2aae029cb,Western Bulldogs,Collingwood Magpies,2026-05-30T09:35:58Z,sportsbet,SportsBet,,player_disposals,Steele Sidebottom,Over,1.85,16.5,20260530_093320
5e06aeff84a466044adc1db2aae029cb,Western Bulldogs,Collingwood Magpies,2026-05-30T09:35:58Z,sportsbet,SportsBet,,player_disposals,Steele Sidebottom,Under,1.88,16.5,20260530_093320
5e06aeff84a466044adc1db2aae029cb,Western Bulldogs,Collingwood Magpies,2026-05-30T09:35:58Z,sportsbet,SportsBet,,player_disposals,Lachlan Schultz,Over,1.79,14.5,20260530_093320
5e06aeff84a466044adc1db2aae029cb,Western Bulldogs,Collingwood Magpies,2026-05-30T09:35:58Z,sportsbet,SportsBet,,player_disposals,Lachlan Schultz,Under,1.94,14.5,20260530_093320
5e06aeff84a466044adc1db2aae029cb,Western Bulldogs,Collingwood Magpies,2026-05-30T09:35:58Z,sportsbet,SportsBet,,player_disposals,Beau McCreery,Over,1.79,14.5,20260530_093320
5e06aeff84a466044adc1db2aae029cb,Western Bulldogs,Collingwood Magpies,2026-05-30T09:35:58Z,sportsbet,SportsBet,,player_disposals,Beau McCreery,Under,1.95,14.5,20260530_093320
5e06aeff84a466044adc1db2aae029cb,Western Bulldogs,Collingwood Magpies,2026-05-30T09:35:58Z,sportsbet,SportsBet,,player_disposals,Angus Anderson,Over,1.8,14.5,20260530_093320
5e06aeff84a466044adc1db2aae029cb,Western Bulldogs,Collingwood Magpies,2026-05-30T09:35:58Z,sportsbet,SportsBet,,player_disposals,Angus Anderson,Under,1.93,14.5,20260530_093320
5e06aeff84a466044adc1db2aae029cb,Western Bulldogs,Collingwood Magpies,2026-05-30T09:35:58Z,sportsbet,SportsBet,,player_disposals_over,Aaron Naughton,Over,1.38,9.5,20260530_093320
5e06aeff84a466044adc1db2aae029cb,Western Bulldogs,Collingwood Magpies,2026-05-30T09:35:58Z,sportsbet,SportsBet,,player_disposals_over,Arthur Jones,Over,1.25,9.5,20260530_093320
5e06aeff84a466044adc1db2aae029cb,Western Bulldogs,Collingwood Magpies,2026-05-30T09:35:58Z,sportsbet,SportsBet,,player_disposals_over,Buku Khamis,Over,1.23,9.5,20260530_093320
5e06aeff84a466044adc1db2aae029cb,Western Bulldogs,Collingwood Magpies,2026-05-30T09:35:58Z,sportsbet,SportsBet,,player_disposals_over,Cooper Hynes,Over,1.59,9.5,20260530_093320
5e06aeff84a466044adc1db2aae029cb,Western Bulldogs,Collingwood Magpies,2026-05-30T09:35:58Z,sportsbet,SportsBet,,player_disposals_over,James O'Donnell,Over,1.42,9.5,20260530_093320
5e06aeff84a466044adc1db2aae029cb,Western Bulldogs,Collingwood Magpies,2026-05-30T09:35:58Z,sportsbet,SportsBet,,player_disposals_over,Jordan Croft,Over,1.89,9.5,20260530_093320
5e06aeff84a466044adc1db2aae029cb,Western Bulldogs,Collingwood Magpies,2026-05-30T09:35:58Z,sportsbet,SportsBet,,player_disposals_over,Lachie Jaques,Over,1.08,9.5,20260530_093320
5e06aeff84a466044adc1db2aae029cb,Western Bulldogs,Collingwood Magpies,2026-05-30T09:35:58Z,sportsbet,SportsBet,,player_disposals_over,Lachie McNeil,Over,1.63,9.5,20260530_093320
5e06aeff84a466044adc1db2aae029cb,Western Bulldogs,Collingwood Magpies,2026-05-30T09:35:58Z,sportsbet,SportsBet,,player_disposals_over,Michael Sellwood,Over,1.17,9.5,20260530_093320
5e06aeff84a466044adc1db2aae029cb,Western Bulldogs,Collingwood Magpies,2026-05-30T09:35:58Z,sportsbet,SportsBet,,player_disposals_over,Nicholas Coffield,Over,1.06,9.5,20260530_093320
5e06aeff84a466044adc1db2aae029cb,Western Bulldogs,Collingwood Magpies,2026-05-30T09:35:58Z,sportsbet,SportsBet,,player_disposals_over,Rhylee West,Over,1.25,9.5,20260530_093320
5e06aeff84a466044adc1db2aae029cb,Western Bulldogs,Collingwood Magpies,2026-05-30T09:35:58Z,sportsbet,SportsBet,,player_disposals_over,Rory Lobb,Over,1.35,9.5,20260530_093320
5e06aeff84a466044adc1db2aae029cb,Western Bulldogs,Collingwood Magpies,2026-05-30T09:35:58Z,sportsbet,SportsBet,,player_disposals_over,Timothy English,Over,1.06,9.5,20260530_093320
5e06aeff84a466044adc1db2aae029cb,Western Bulldogs,Collingwood Magpies,2026-05-30T09:35:58Z,sportsbet,SportsBet,,player_disposals_over,Will Lewis,Over,1.62,9.5,20260530_093320
5e06aeff84a466044adc1db2aae029cb,Western Bulldogs,Collingwood Magpies,2026-05-30T09:35:58Z,sportsbet,SportsBet,,player_disposals_over,Angus Anderson,Over,1.06,9.5,20260530_093320
5e06aeff84a466044adc1db2aae029cb,Western Bulldogs,Collingwood Magpies,2026-05-30T09:35:58Z,sportsbet,SportsBet,,player_disposals_over,Beau McCreery,Over,1.05,9.5,20260530_093320
5e06aeff84a466044adc1db2aae029cb,Western Bulldogs,Collingwood Magpies,2026-05-30T09:35:58Z,sportsbet,SportsBet,,player_disposals_over,Billy Frampton,Over,1.25,9.5,20260530_093320
5e06aeff84a466044adc1db2aae029cb,Western Bulldogs,Collingwood Magpies,2026-05-30T09:35:58Z,sportsbet,SportsBet,,player_disposals_over,Daniel McStay,Over,1.58,9.5,20260530_093320
5e06aeff84a466044adc1db2aae029cb,Western Bulldogs,Collingwood Magpies,2026-05-30T09:35:58Z,sportsbet,SportsBet,,player_disposals_over,Edward Allan,Over,1.13,9.5,20260530_093320
5e06aeff84a466044adc1db2aae029cb,Western Bulldogs,Collingwood Magpies,2026-05-30T09:35:58Z,sportsbet,SportsBet,,player_disposals_over,Harvey Harrison,Over,1.37,9.5,20260530_093320
5e06aeff84a466044adc1db2aae029cb,Western Bulldogs,Collingwood Magpies,2026-05-30T09:35:58Z,sportsbet,SportsBet,,player_disposals_over,Lachlan Schultz,Over,1.05,9.5,20260530_093320
5e06aeff84a466044adc1db2aae029cb,Western Bulldogs,Collingwood Magpies,2026-05-30T09:35:58Z,sportsbet,SportsBet,,player_disposals_over,Ned Long,Over,1.05,9.5,20260530_093320
5e06aeff84a466044adc1db2aae029cb,Western Bulldogs,Collingwood Magpies,2026-05-30T09:35:58Z,sportsbet,SportsBet,,player_disposals_over,Roan Steele,Over,1.05,9.5,20260530_093320
5e06aeff84a466044adc1db2aae029cb,Western Bulldogs,Collingwood Magpies,2026-05-30T09:35:58Z,sportsbet,SportsBet,,player_disposals_over,Steele Sidebottom,Over,1.03,9.5,20260530_093320
5e06aeff84a466044adc1db2aae029cb,Western Bulldogs,Collingwood Magpies,2026-05-30T09:35:58Z,sportsbet,SportsBet,,player_disposals_over,Tim Membrey,Over,1.57,9.5,20260530_093320
5e06aeff84a466044adc1db2aae029cb,Western Bulldogs,Collingwood Magpies,2026-05-30T09:35:58Z,sportsbet,SportsBet,,player_disposals_over,Wil Parker,Over,1.38,9.5,20260530_093320
5e06aeff84a466044adc1db2aae029cb,Western Bulldogs,Collingwood Magpies,2026-05-30T09:35:58Z,sportsbet,SportsBet,,player_disposals_over,Aaron Naughton,Over,1.59,10.5,20260530_093320
5e06aeff84a466044adc1db2aae029cb,Western Bulldogs,Collingwood Magpies,2026-05-30T09:35:58Z,sportsbet,SportsBet,,player_disposals_over,Arthur Jones,Over,1.41,10.5,20260530_093320
5e06aeff84a466044adc1db2aae029cb,Western Bulldogs,Collingwood Magpies,2026-05-30T09:35:58Z,sportsbet,SportsBet,,player_disposals_over,Buku Khamis,Over,1.35,10.5,20260530_093320
5e06aeff84a466044adc1db2aae029cb,Western Bulldogs,Collingwood Magpies,2026-05-30T09:35:58Z,sportsbet,SportsBet,,player_disposals_over,Cooper Hynes,Over,1.89,10.5,20260530_093320
5e06aeff84a466044adc1db2aae029cb,Western Bulldogs,Collingwood Magpies,2026-05-30T09:35:58Z,sportsbet,SportsBet,,player_disposals_over,James O'Donnell,Over,1.65,10.5,20260530_093320
5e06aeff84a466044adc1db2aae029cb,Western Bulldogs,Collingwood Magpies,2026-05-30T09:35:58Z,sportsbet,SportsBet,,player_disposals_over,Lachie Jaques,Over,1.14,10.5,20260530_093320
5e06aeff84a466044adc1db2aae029cb,Western Bulldogs,Collingwood Magpies,2026-05-30T09:35:58Z,sportsbet,SportsBet,,player_disposals_over,Lachlan Bramble,Over,1.04,10.5,20260530_093320
5e06aeff84a466044adc1db2aae029cb,Western Bulldogs,Collingwood Magpies,2026-05-30T09:35:58Z,sportsbet,SportsBet,,player_disposals_over,Lachie McNeil,Over,1.94,10.5,20260530_093320
5e06aeff84a466044adc1db2aae029cb,Western Bulldogs,Collingwood Magpies,2026-05-30T09:35:58Z,sportsbet,SportsBet,,player_disposals_over,Michael Sellwood,Over,1.28,10.5,20260530_093320
5e06aeff84a466044adc1db2aae029cb,Western Bulldogs,Collingwood Magpies,2026-05-30T09:35:58Z,sportsbet,SportsBet,,player_disposals_over,Nicholas Coffield,Over,1.13,10.5,20260530_093320
5e06aeff84a466044adc1db2aae029cb,Western Bulldogs,Collingwood Magpies,2026-05-30T09:35:58Z,sportsbet,SportsBet,,player_disposals_over,Rhylee West,Over,1.4,10.5,20260530_093320
5e06aeff84a466044adc1db2aae029cb,Western Bulldogs,Collingwood Magpies,2026-05-30T09:35:58Z,sportsbet,SportsBet,,player_disposals_over,Rory Lobb,Over,1.5,10.5,20260530_093320
5e06aeff84a466044adc1db2aae029cb,Western Bulldogs,Collingwood Magpies,2026-05-30T09:35:58Z,sportsbet,SportsBet,,player_disposals_over,Timothy English,Over,1.13,10.5,20260530_093320
5e06aeff84a466044adc1db2aae029cb,Western Bulldogs,Collingwood Magpies,2026-05-30T09:35:58Z,sportsbet,SportsBet,,player_disposals_over,Will Lewis,Over,1.92,10.5,20260530_093320
5e06aeff84a466044adc1db2aae029cb,Western Bulldogs,Collingwood Magpies,2026-05-30T09:35:58Z,sportsbet,SportsBet,,player_disposals_over,Jordan Croft,Over,2.33,10.5,20260530_093320
5e06aeff84a466044adc1db2aae029cb,Western Bulldogs,Collingwood Magpies,2026-05-30T09:35:58Z,sportsbet,SportsBet,,player_disposals_over,Angus Anderson,Over,1.13,10.5,20260530_093320
5e06aeff84a466044adc1db2aae029cb,Western Bulldogs,Collingwood Magpies,2026-05-30T09:35:58Z,sportsbet,SportsBet,,player_disposals_over,Beau McCreery,Over,1.11,10.5,20260530_093320
5e06aeff84a466044adc1db2aae029cb,Western Bulldogs,Collingwood Magpies,2026-05-30T09:35:58Z,sportsbet,SportsBet,,player_disposals_over,Billy Frampton,Over,1.39,10.5,20260530_093320
5e06aeff84a466044adc1db2aae029cb,Western Bulldogs,Collingwood Magpies,2026-05-30T09:35:58Z,sportsbet,SportsBet,,player_disposals_over,Daniel McStay,Over,1.87,10.5,20260530_093320
5e06aeff84a466044adc1db2aae029cb,Western Bulldogs,Collingwood Magpies,2026-05-30T09:35:58Z,sportsbet,SportsBet,,player_disposals_over,Darcy Cameron,Over,1.04,10.5,20260530_093320
5e06aeff84a466044adc1db2aae029cb,Western Bulldogs,Collingwood Magpies,2026-05-30T09:35:58Z,sportsbet,SportsBet,,player_disposals_over,Edward Allan,Over,1.22,10.5,20260530_093320
5e06aeff84a466044adc1db2aae029cb,Western Bulldogs,Collingwood Magpies,2026-05-30T09:35:58Z,sportsbet,SportsBet,,player_disposals_over,Harvey Harrison,Over,1.59,10.5,20260530_093320
5e06aeff84a466044adc1db2aae029cb,Western Bulldogs,Collingwood Magpies,2026-05-30T09:35:58Z,sportsbet,SportsBet,,player_disposals_over,Jeremy Howe,Over,1.04,10.5,20260530_093320
5e06aeff84a466044adc1db2aae029cb,Western Bulldogs,Collingwood Magpies,2026-05-30T09:35:58Z,sportsbet,SportsBet,,player_disposals_over,Lachlan Schultz,Over,1.11,10.5,20260530_093320
5e06aeff84a466044adc1db2aae029cb,Western Bulldogs,Collingwood Magpies,2026-05-30T09:35:58Z,sportsbet,SportsBet,,player_disposals_over,Ned Long,Over,1.11,10.5,20260530_093320
5e06aeff84a466044adc1db2aae029cb,Western Bulldogs,Collingwood Magpies,2026-05-30T09:35:58Z,sportsbet,SportsBet,,player_disposals_over,Roan Steele,Over,1.11,10.5,20260530_093320
5e06aeff84a466044adc1db2aae029cb,Western Bulldogs,Collingwood Magpies,2026-05-30T09:35:58Z,sportsbet,SportsBet,,player_disposals_over,Steele Sidebottom,Over,1.06,10.5,20260530_093320
5e06aeff84a466044adc1db2aae029cb,Western Bulldogs,Collingwood Magpies,2026-05-30T09:35:58Z,sportsbet,SportsBet,,player_disposals_over,Tim Membrey,Over,1.85,10.5,20260530_093320
5e06aeff84a466044adc1db2aae029cb,Western Bulldogs,Collingwood Magpies,2026-05-30T09:35:58Z,sportsbet,SportsBet,,player_disposals_over,Wil Parker,Over,1.59,10.5,20260530_093320
5e06aeff84a466044adc1db2aae029cb,Western Bulldogs,Collingwood Magpies,2026-05-30T09:35:58Z,sportsbet,SportsBet,,player_disposals_over,Aaron Naughton,Over,1.88,11.5,20260530_093320
5e06aeff84a466044adc1db2aae029cb,Western Bulldogs,Collingwood Magpies,2026-05-30T09:35:58Z,sportsbet,SportsBet,,player_disposals_over,Arthur Jones,Over,1.62,11.5,20260530_093320
5e06aeff84a466044adc1db2aae029cb,Western Bulldogs,Collingwood Magpies,2026-05-30T09:35:58Z,sportsbet,SportsBet,,player_disposals_over,Buku Khamis,Over,1.5,11.5,20260530_093320
5e06aeff84a466044adc1db2aae029cb,Western Bulldogs,Collingwood Magpies,2026-05-30T09:35:58Z,sportsbet,SportsBet,,player_disposals_over,James O'Donnell,Over,1.94,11.5,20260530_093320
5e06aeff84a466044adc1db2aae029cb,Western Bulldogs,Collingwood Magpies,2026-05-30T09:35:58Z,sportsbet,SportsBet,,player_disposals_over,Joel Freijah,Over,1.04,11.5,20260530_093320
5e06aeff84a466044adc1db2aae029cb,Western Bulldogs,Collingwood Magpies,2026-05-30T09:35:58Z,sportsbet,SportsBet,,player_disposals_over,Lachie Jaques,Over,1.25,11.5,20260530_093320
5e06aeff84a466044adc1db2aae029cb,Western Bulldogs,Collingwood Magpies,2026-05-30T09:35:58Z,sportsbet,SportsBet,,player_disposals_over,Lachlan Bramble,Over,1.08,11.5,20260530_093320
5e06aeff84a466044adc1db2aae029cb,Western Bulldogs,Collingwood Magpies,2026-05-30T09:35:58Z,sportsbet,SportsBet,,player_disposals_over,Michael Sellwood,Over,1.43,11.5,20260530_093320
5e06aeff84a466044adc1db2aae029cb,Western Bulldogs,Collingwood Magpies,2026-05-30T09:35:58Z,sportsbet,SportsBet,,player_disposals_over,Nicholas Coffield,Over,1.2,11.5,20260530_093320
5e06aeff84a466044adc1db2aae029cb,Western Bulldogs,Collingwood Magpies,2026-05-30T09:35:58Z,sportsbet,SportsBet,,player_disposals_over,Rhylee West,Over,1.61,11.5,20260530_093320
5e06aeff84a466044adc1db2aae029cb,Western Bulldogs,Collingwood Magpies,2026-05-30T09:35:58Z,sportsbet,SportsBet,,player_disposals_over,Rory Lobb,Over,1.7,11.5,20260530_093320
5e06aeff84a466044adc1db2aae029cb,Western Bulldogs,Collingwood Magpies,2026-05-30T09:35:58Z,sportsbet,SportsBet,,player_disposals_over,Timothy English,Over,1.2,11.5,20260530_093320
5e06aeff84a466044adc1db2aae029cb,Western Bulldogs,Collingwood Magpies,2026-05-30T09:35:58Z,sportsbet,SportsBet,,player_disposals_over,Cooper Hynes,Over,2.3,11.5,20260530_093320
5e06aeff84a466044adc1db2aae029cb,Western Bulldogs,Collingwood Magpies,2026-05-30T09:35:58Z,sportsbet,SportsBet,,player_disposals_over,Jordan Croft,Over,2.93,11.5,20260530_093320
5e06aeff84a466044adc1db2aae029cb,Western Bulldogs,Collingwood Magpies,2026-05-30T09:35:58Z,sportsbet,SportsBet,,player_disposals_over,Lachie McNeil,Over,2.35,11.5,20260530_093320
5e06aeff84a466044adc1db2aae029cb,Western Bulldogs,Collingwood Magpies,2026-05-30T09:35:58Z,sportsbet,SportsBet,,player_disposals_over,Will Lewis,Over,2.35,11.5,20260530_093320
5e06aeff84a466044adc1db2aae029cb,Western Bulldogs,Collingwood Magpies,2026-05-30T09:35:58Z,sportsbet,SportsBet,,player_disposals_over,Angus Anderson,Over,1.22,11.5,20260530_093320
5e06aeff84a466044adc1db2aae029cb,Western Bulldogs,Collingwood Magpies,2026-05-30T09:35:58Z,sportsbet,SportsBet,,player_disposals_over,Beau McCreery,Over,1.2,11.5,20260530_093320
5e06aeff84a466044adc1db2aae029cb,Western Bulldogs,Collingwood Magpies,2026-05-30T09:35:58Z,sportsbet,SportsBet,,player_disposals_over,Billy Frampton,Over,1.59,11.5,20260530_093320
5e06aeff84a466044adc1db2aae029cb,Western Bulldogs,Collingwood Magpies,2026-05-30T09:35:58Z,sportsbet,SportsBet,,player_disposals_over,Darcy Cameron,Over,1.07,11.5,20260530_093320
5e06aeff84a466044adc1db2aae029cb,Western Bulldogs,Collingwood Magpies,2026-05-30T09:35:58Z,sportsbet,SportsBet,,player_disposals_over,Edward Allan,Over,1.34,11.5,20260530_093320
5e06aeff84a466044adc1db2aae029cb,Western Bulldogs,Collingwood Magpies,2026-05-30T09:35:58Z,sportsbet,SportsBet,,player_disposals_over,Harvey Harrison,Over,1.87,11.5,20260530_093320
5e06aeff84a466044adc1db2aae029cb,Western Bulldogs,Collingwood Magpies,2026-05-30T09:35:58Z,sportsbet,SportsBet,,player_disposals_over,Isaac Quaynor,Over,1.04,11.5,20260530_093320
5e06aeff84a466044adc1db2aae029cb,Western Bulldogs,Collingwood Magpies,2026-05-30T09:35:58Z,sportsbet,SportsBet,,player_disposals_over,Jeremy Howe,Over,1.06,11.5,20260530_093320
5e06aeff84a466044adc1db2aae029cb,Western Bulldogs,Collingwood Magpies,2026-05-30T09:35:58Z,sportsbet,SportsBet,,player_disposals_over,Lachlan Schultz,Over,1.2,11.5,20260530_093320
5e06aeff84a466044adc1db2aae029cb,Western Bulldogs,Collingwood Magpies,2026-05-30T09:35:58Z,sportsbet,SportsBet,,player_disposals_over,Ned Long,Over,1.17,11.5,20260530_093320
5e06aeff84a466044adc1db2aae029cb,Western Bulldogs,Collingwood Magpies,2026-05-30T09:35:58Z,sportsbet,SportsBet,,player_disposals_over,Roan Steele,Over,1.2,11.5,20260530_093320
5e06aeff84a466044adc1db2aae029cb,Western Bulldogs,Collingwood Magpies,2026-05-30T09:35:58Z,sportsbet,SportsBet,,player_disposals_over,Steele Sidebottom,Over,1.11,11.5,20260530_093320
5e06aeff84a466044adc1db2aae029cb,Western Bulldogs,Collingwood Magpies,2026-05-30T09:35:58Z,sportsbet,SportsBet,,player_disposals_over,Wil Parker,Over,1.87,11.5,20260530_093320
5e06aeff84a466044adc1db2aae029cb,Western Bulldogs,Collingwood Magpies,2026-05-30T09:35:58Z,sportsbet,SportsBet,,player_disposals_over,Daniel McStay,Over,2.28,11.5,20260530_093320
5e06aeff84a466044adc1db2aae029cb,Western Bulldogs,Collingwood Magpies,2026-05-30T09:35:58Z,sportsbet,SportsBet,,player_disposals_over,Tim Membrey,Over,2.25,11.5,20260530_093320
5e06aeff84a466044adc1db2aae029cb,Western Bulldogs,Collingwood Magpies,2026-05-30T09:35:58Z,sportsbet,SportsBet,,player_disposals_over,Arthur Jones,Over,1.9,12.5,20260530_093320
5e06aeff84a466044adc1db2aae029cb,Western Bulldogs,Collingwood Magpies,2026-05-30T09:35:58Z,sportsbet,SportsBet,,player_disposals_over,Buku Khamis,Over,1.7,12.5,20260530_093320
5e06aeff84a466044adc1db2aae029cb,Western Bulldogs,Collingwood Magpies,2026-05-30T09:35:58Z,sportsbet,SportsBet,,player_disposals_over,Joel Freijah,Over,1.06,12.5,20260530_093320
5e06aeff84a466044adc1db2aae029cb,Western Bulldogs,Collingwood Magpies,2026-05-30T09:35:58Z,sportsbet,SportsBet,,player_disposals_over,Lachie Jaques,Over,1.38,12.5,20260530_093320
5e06aeff84a466044adc1db2aae029cb,Western Bulldogs,Collingwood Magpies,2026-05-30T09:35:58Z,sportsbet,SportsBet,,player_disposals_over,Lachlan Bramble,Over,1.14,12.5,20260530_093320
5e06aeff84a466044adc1db2aae029cb,Western Bulldogs,Collingwood Magpies,2026-05-30T09:35:58Z,sportsbet,SportsBet,,player_disposals_over,Michael Sellwood,Over,1.64,12.5,20260530_093320
5e06aeff84a466044adc1db2aae029cb,Western Bulldogs,Collingwood Magpies,2026-05-30T09:35:58Z,sportsbet,SportsBet,,player_disposals_over,Nicholas Coffield,Over,1.3,12.5,20260530_093320
5e06aeff84a466044adc1db2aae029cb,Western Bulldogs,Collingwood Magpies,2026-05-30T09:35:58Z,sportsbet,SportsBet,,player_disposals_over,Rhylee West,Over,1.89,12.5,20260530_093320
5e06aeff84a466044adc1db2aae029cb,Western Bulldogs,Collingwood Magpies,2026-05-30T09:35:58Z,sportsbet,SportsBet,,player_disposals_over,Rory Lobb,Over,1.95,12.5,20260530_093320
5e06aeff84a466044adc1db2aae029cb,Western Bulldogs,Collingwood Magpies,2026-05-30T09:35:58Z,sportsbet,SportsBet,,player_disposals_over,Timothy English,Over,1.3,12.5,20260530_093320
5e06aeff84a466044adc1db2aae029cb,Western Bulldogs,Collingwood Magpies,2026-05-30T09:35:58Z,sportsbet,SportsBet,,player_disposals_over,Aaron Naughton,Over,2.27,12.5,20260530_093320
5e06aeff84a466044adc1db2aae029cb,Western Bulldogs,Collingwood Magpies,2026-05-30T09:35:58Z,sportsbet,SportsBet,,player_disposals_over,Cooper Hynes,Over,2.85,12.5,20260530_093320
5e06aeff84a466044adc1db2aae029cb,Western Bulldogs,Collingwood Magpies,2026-05-30T09:35:58Z,sportsbet,SportsBet,,player_disposals_over,James O'Donnell,Over,2.37,12.5,20260530_093320
5e06aeff84a466044adc1db2aae029cb,Western Bulldogs,Collingwood Magpies,2026-05-30T09:35:58Z,sportsbet,SportsBet,,player_disposals_over,Lachie McNeil,Over,2.93,12.5,20260530_093320
5e06aeff84a466044adc1db2aae029cb,Western Bulldogs,Collingwood Magpies,2026-05-30T09:35:58Z,sportsbet,SportsBet,,player_disposals_over,Will Lewis,Over,2.93,12.5,20260530_093320
5e06aeff84a466044adc1db2aae029cb,Western Bulldogs,Collingwood Magpies,2026-05-30T09:35:58Z,sportsbet,SportsBet,,player_disposals_over,Jordan Croft,Over,3.7,12.5,20260530_093320
5e06aeff84a466044adc1db2aae029cb,Western Bulldogs,Collingwood Magpies,2026-05-30T09:35:58Z,sportsbet,SportsBet,,player_disposals_over,Angus Anderson,Over,1.34,12.5,20260530_093320
5e06aeff84a466044adc1db2aae029cb,Western Bulldogs,Collingwood Magpies,2026-05-30T09:35:58Z,sportsbet,SportsBet,,player_disposals_over,Beau McCreery,Over,1.33,12.5,20260530_093320
5e06aeff84a466044adc1db2aae029cb,Western Bulldogs,Collingwood Magpies,2026-05-30T09:35:58Z,sportsbet,SportsBet,,player_disposals_over,Billy Frampton,Over,1.87,12.5,20260530_093320
5e06aeff84a466044adc1db2aae029cb,Western Bulldogs,Collingwood Magpies,2026-05-30T09:35:58Z,sportsbet,SportsBet,,player_disposals_over,Darcy Cameron,Over,1.13,12.5,20260530_093320
5e06aeff84a466044adc1db2aae029cb,Western Bulldogs,Collingwood Magpies,2026-05-30T09:35:58Z,sportsbet,SportsBet,,player_disposals_over,Edward Allan,Over,1.54,12.5,20260530_093320
5e06aeff84a466044adc1db2aae029cb,Western Bulldogs,Collingwood Magpies,2026-05-30T09:35:58Z,sportsbet,SportsBet,,player_disposals_over,Isaac Quaynor,Over,1.07,12.5,20260530_093320
5e06aeff84a466044adc1db2aae029cb,Western Bulldogs,Collingwood Magpies,2026-05-30T09:35:58Z,sportsbet,SportsBet,,player_disposals_over,Jeremy Howe,Over,1.13,12.5,20260530_093320
5e06aeff84a466044adc1db2aae029cb,Western Bulldogs,Collingwood Magpies,2026-05-30T09:35:58Z,sportsbet,SportsBet,,player_disposals_over,Lachlan Schultz,Over,1.33,12.5,20260530_093320
5e06aeff84a466044adc1db2aae029cb,Western Bulldogs,Collingwood Magpies,2026-05-30T09:35:58Z,sportsbet,SportsBet,,player_disposals_over,Ned Long,Over,1.28,12.5,20260530_093320
5e06aeff84a466044adc1db2aae029cb,Western Bulldogs,Collingwood Magpies,2026-05-30T09:35:58Z,sportsbet,SportsBet,,player_disposals_over,Patrick Lipinski,Over,1.04,12.5,20260530_093320
5e06aeff84a466044adc1db2aae029cb,Western Bulldogs,Collingwood Magpies,2026-05-30T09:35:58Z,sportsbet,SportsBet,,player_disposals_over,Roan Steele,Over,1.31,12.5,20260530_093320
5e06aeff84a466044adc1db2aae029cb,Western Bulldogs,Collingwood Magpies,2026-05-30T09:35:58Z,sportsbet,SportsBet,,player_disposals_over,Steele Sidebottom,Over,1.17,12.5,20260530_093320
5e06aeff84a466044adc1db2aae029cb,Western Bulldogs,Collingwood Magpies,2026-05-30T09:35:58Z,sportsbet,SportsBet,,player_disposals_over,Daniel McStay,Over,2.87,12.5,20260530_093320
5e06aeff84a466044adc1db2aae029cb,Western Bulldogs,Collingwood Magpies,2026-05-30T09:35:58Z,sportsbet,SportsBet,,player_disposals_over,Harvey Harrison,Over,2.27,12.5,20260530_093320
5e06aeff84a466044adc1db2aae029cb,Western Bulldogs,Collingwood Magpies,2026-05-30T09:35:58Z,sportsbet,SportsBet,,player_disposals_over,Tim Membrey,Over,2.8,12.5,20260530_093320
5e06aeff84a466044adc1db2aae029cb,Western Bulldogs,Collingwood Magpies,2026-05-30T09:35:58Z,sportsbet,SportsBet,,player_disposals_over,Wil Parker,Over,2.26,12.5,20260530_093320
5e06aeff84a466044adc1db2aae029cb,Western Bulldogs,Collingwood Magpies,2026-05-30T09:35:58Z,sportsbet,SportsBet,,player_disposals_over,Adam Treloar,Over,1.04,13.5,20260530_093320
5e06aeff84a466044adc1db2aae029cb,Western Bulldogs,Collingwood Magpies,2026-05-30T09:35:58Z,sportsbet,SportsBet,,player_disposals_over,Buku Khamis,Over,1.93,13.5,20260530_093320
5e06aeff84a466044adc1db2aae029cb,Western Bulldogs,Collingwood Magpies,2026-05-30T09:35:58Z,sportsbet,SportsBet,,player_disposals_over,Joel Freijah,Over,1.13,13.5,20260530_093320
5e06aeff84a466044adc1db2aae029cb,Western Bulldogs,Collingwood Magpies,2026-05-30T09:35:58Z,sportsbet,SportsBet,,player_disposals_over,Lachie Jaques,Over,1.59,13.5,20260530_093320
5e06aeff84a466044adc1db2aae029cb,Western Bulldogs,Collingwood Magpies,2026-05-30T09:35:58Z,sportsbet,SportsBet,,player_disposals_over,Lachlan Bramble,Over,1.22,13.5,20260530_093320
5e06aeff84a466044adc1db2aae029cb,Western Bulldogs,Collingwood Magpies,2026-05-30T09:35:58Z,sportsbet,SportsBet,,player_disposals_over,Michael Sellwood,Over,1.92,13.5,20260530_093320
5e06aeff84a466044adc1db2aae029cb,Western Bulldogs,Collingwood Magpies,2026-05-30T09:35:58Z,sportsbet,SportsBet,,player_disposals_over,Nicholas Coffield,Over,1.46,13.5,20260530_093320
5e06aeff84a466044adc1db2aae029cb,Western Bulldogs,Collingwood Magpies,2026-05-30T09:35:58Z,sportsbet,SportsBet,,player_disposals_over,Timothy English,Over,1.45,13.5,20260530_093320
5e06aeff84a466044adc1db2aae029cb,Western Bulldogs,Collingwood Magpies,2026-05-30T09:35:58Z,sportsbet,SportsBet,,player_disposals_over,Aaron Naughton,Over,2.79,13.5,20260530_093320
5e06aeff84a466044adc1db2aae029cb,Western Bulldogs,Collingwood Magpies,2026-05-30T09:35:58Z,sportsbet,SportsBet,,player_disposals_over,Arthur Jones,Over,2.29,13.5,20260530_093320
5e06aeff84a466044adc1db2aae029cb,Western Bulldogs,Collingwood Magpies,2026-05-30T09:35:58Z,sportsbet,SportsBet,,player_disposals_over,James O'Donnell,Over,2.95,13.5,20260530_093320
5e06aeff84a466044adc1db2aae029cb,Western Bulldogs,Collingwood Magpies,2026-05-30T09:35:58Z,sportsbet,SportsBet,,player_disposals_over,Rhylee West,Over,2.29,13.5,20260530_093320
5e06aeff84a466044adc1db2aae029cb,Western Bulldogs,Collingwood Magpies,2026-05-30T09:35:58Z,sportsbet,SportsBet,,player_disposals_over,Rory Lobb,Over,2.28,13.5,20260530_093320
5e06aeff84a466044adc1db2aae029cb,Western Bulldogs,Collingwood Magpies,2026-05-30T09:35:58Z,sportsbet,SportsBet,,player_disposals_over,Cooper Hynes,Over,3.7,13.5,20260530_093320
5e06aeff84a466044adc1db2aae029cb,Western Bulldogs,Collingwood Magpies,2026-05-30T09:35:58Z,sportsbet,SportsBet,,player_disposals_over,Lachie McNeil,Over,3.7,13.5,20260530_093320
5e06aeff84a466044adc1db2aae029cb,Western Bulldogs,Collingwood Magpies,2026-05-30T09:35:58Z,sportsbet,SportsBet,,player_disposals_over,Will Lewis,Over,3.7,13.5,20260530_093320
5e06aeff84a466044adc1db2aae029cb,Western Bulldogs,Collingwood Magpies,2026-05-30T09:35:58Z,sportsbet,SportsBet,,player_disposals_over,Jordan Croft,Over,4.65,13.5,20260530_093320
5e06aeff84a466044adc1db2aae029cb,Western Bulldogs,Collingwood Magpies,2026-05-30T09:35:58Z,sportsbet,SportsBet,,player_disposals_over,Angus Anderson,Over,1.53,13.5,20260530_093320
5e06aeff84a466044adc1db2aae029cb,Western Bulldogs,Collingwood Magpies,2026-05-30T09:35:58Z,sportsbet,SportsBet,,player_disposals_over,Beau McCreery,Over,1.51,13.5,20260530_093320
5e06aeff84a466044adc1db2aae029cb,Western Bulldogs,Collingwood Magpies,2026-05-30T09:35:58Z,sportsbet,SportsBet,,player_disposals_over,Brayden Maynard,Over,1.05,13.5,20260530_093320
5e06aeff84a466044adc1db2aae029cb,Western Bulldogs,Collingwood Magpies,2026-05-30T09:35:58Z,sportsbet,SportsBet,,player_disposals_over,Darcy Cameron,Over,1.2,13.5,20260530_093320
5e06aeff84a466044adc1db2aae029cb,Western Bulldogs,Collingwood Magpies,2026-05-30T09:35:58Z,sportsbet,SportsBet,,player_disposals_over,Edward Allan,Over,1.83,13.5,20260530_093320
5e06aeff84a466044adc1db2aae029cb,Western Bulldogs,Collingwood Magpies,2026-05-30T09:35:58Z,sportsbet,SportsBet,,player_disposals_over,Isaac Quaynor,Over,1.13,13.5,20260530_093320
5e06aeff84a466044adc1db2aae029cb,Western Bulldogs,Collingwood Magpies,2026-05-30T09:35:58Z,sportsbet,SportsBet,,player_disposals_over,Jeremy Howe,Over,1.17,13.5,20260530_093320
5e06aeff84a466044adc1db2aae029cb,Western Bulldogs,Collingwood Magpies,2026-05-30T09:35:58Z,sportsbet,SportsBet,,player_disposals_over,Lachlan Schultz,Over,1.52,13.5,20260530_093320
5e06aeff84a466044adc1db2aae029cb,Western Bulldogs,Collingwood Magpies,2026-05-30T09:35:58Z,sportsbet,SportsBet,,player_disposals_over,Ned Long,Over,1.4,13.5,20260530_093320
5e06aeff84a466044adc1db2aae029cb,Western Bulldogs,Collingwood Magpies,2026-05-30T09:35:58Z,sportsbet,SportsBet,,player_disposals_over,Patrick Lipinski,Over,1.08,13.5,20260530_093320
5e06aeff84a466044adc1db2aae029cb,Western Bulldogs,Collingwood Magpies,2026-05-30T09:35:58Z,sportsbet,SportsBet,,player_disposals_over,Roan Steele,Over,1.51,13.5,20260530_093320
5e06aeff84a466044adc1db2aae029cb,Western Bulldogs,Collingwood Magpies,2026-05-30T09:35:58Z,sportsbet,SportsBet,,player_disposals_over,Steele Sidebottom,Over,1.28,13.5,20260530_093320
5e06aeff84a466044adc1db2aae029cb,Western Bulldogs,Collingwood Magpies,2026-05-30T09:35:58Z,sportsbet,SportsBet,,player_disposals_over,Billy Frampton,Over,2.23,13.5,20260530_093320
5e06aeff84a466044adc1db2aae029cb,Western Bulldogs,Collingwood Magpies,2026-05-30T09:35:58Z,sportsbet,SportsBet,,player_disposals_over,Harvey Harrison,Over,2.82,13.5,20260530_093320
5e06aeff84a466044adc1db2aae029cb,Western Bulldogs,Collingwood Magpies,2026-05-30T09:35:58Z,sportsbet,SportsBet,,player_disposals_over,Wil Parker,Over,2.78,13.5,20260530_093320
5e06aeff84a466044adc1db2aae029cb,Western Bulldogs,Collingwood Magpies,2026-05-30T09:35:58Z,sportsbet,SportsBet,,player_disposals_over,Daniel McStay,Over,3.69,13.5,20260530_093320
5e06aeff84a466044adc1db2aae029cb,Western Bulldogs,Collingwood Magpies,2026-05-30T09:35:58Z,sportsbet,SportsBet,,player_disposals_over,Tim Membrey,Over,3.45,13.5,20260530_093320
5e06aeff84a466044adc1db2aae029cb,Western Bulldogs,Collingwood Magpies,2026-05-30T09:35:58Z,sportsbet,SportsBet,,player_disposals_over,Adam Treloar,Over,1.06,14.5,20260530_093320
5e06aeff84a466044adc1db2aae029cb,Western Bulldogs,Collingwood Magpies,2026-05-30T09:35:58Z,sportsbet,SportsBet,,player_disposals_over,Connor Budarick,Over,1.04,14.5,20260530_093320
5e06aeff84a466044adc1db2aae029cb,Western Bulldogs,Collingwood Magpies,2026-05-30T09:35:58Z,sportsbet,SportsBet,,player_disposals_over,Joel Freijah,Over,1.2,14.5,20260530_093320
5e06aeff84a466044adc1db2aae029cb,Western Bulldogs,Collingwood Magpies,2026-05-30T09:35:58Z,sportsbet,SportsBet,,player_disposals_over,Lachie Jaques,Over,1.88,14.5,20260530_093320
5e06aeff84a466044adc1db2aae029cb,Western Bulldogs,Collingwood Magpies,2026-05-30T09:35:58Z,sportsbet,SportsBet,,player_disposals_over,Lachlan Bramble,Over,1.33,14.5,20260530_093320
5e06aeff84a466044adc1db2aae029cb,Western Bulldogs,Collingwood Magpies,2026-05-30T09:35:58Z,sportsbet,SportsBet,,player_disposals_over,Nicholas Coffield,Over,1.65,14.5,20260530_093320
5e06aeff84a466044adc1db2aae029cb,Western Bulldogs,Collingwood Magpies,2026-05-30T09:35:58Z,sportsbet,SportsBet,,player_disposals_over,Timothy English,Over,1.65,14.5,20260530_093320
5e06aeff84a466044adc1db2aae029cb,Western Bulldogs,Collingwood Magpies,2026-05-30T09:35:58Z,sportsbet,SportsBet,,player_disposals_over,Arthur Jones,Over,2.82,14.5,20260530_093320
5e06aeff84a466044adc1db2aae029cb,Western Bulldogs,Collingwood Magpies,2026-05-30T09:35:58Z,sportsbet,SportsBet,,player_disposals_over,Buku Khamis,Over,2.27,14.5,20260530_093320
5e06aeff84a466044adc1db2aae029cb,Western Bulldogs,Collingwood Magpies,2026-05-30T09:35:58Z,sportsbet,SportsBet,,player_disposals_over,Michael Sellwood,Over,2.31,14.5,20260530_093320
5e06aeff84a466044adc1db2aae029cb,Western Bulldogs,Collingwood Magpies,2026-05-30T09:35:58Z,sportsbet,SportsBet,,player_disposals_over,Rhylee West,Over,2.84,14.5,20260530_093320
5e06aeff84a466044adc1db2aae029cb,Western Bulldogs,Collingwood Magpies,2026-05-30T09:35:58Z,sportsbet,SportsBet,,player_disposals_over,Rory Lobb,Over,2.72,14.5,20260530_093320
5e06aeff84a466044adc1db2aae029cb,Western Bulldogs,Collingwood Magpies,2026-05-30T09:35:58Z,sportsbet,SportsBet,,player_disposals_over,Aaron Naughton,Over,3.45,14.5,20260530_093320
5e06aeff84a466044adc1db2aae029cb,Western Bulldogs,Collingwood Magpies,2026-05-30T09:35:58Z,sportsbet,SportsBet,,player_disposals_over,James O'Donnell,Over,3.7,14.5,20260530_093320
5e06aeff84a466044adc1db2aae029cb,Western Bulldogs,Collingwood Magpies,2026-05-30T09:35:58Z,sportsbet,SportsBet,,player_disposals_over,Cooper Hynes,Over,4.65,14.5,20260530_093320
5e06aeff84a466044adc1db2aae029cb,Western Bulldogs,Collingwood Magpies,2026-05-30T09:35:58Z,sportsbet,SportsBet,,player_disposals_over,Lachie McNeil,Over,4.65,14.5,20260530_093320
5e06aeff84a466044adc1db2aae029cb,Western Bulldogs,Collingwood Magpies,2026-05-30T09:35:58Z,sportsbet,SportsBet,,player_disposals_over,Will Lewis,Over,4.65,14.5,20260530_093320
5e06aeff84a466044adc1db2aae029cb,Western Bulldogs,Collingwood Magpies,2026-05-30T09:35:58Z,sportsbet,SportsBet,,player_disposals_over,Jordan Croft,Over,6.0,14.5,20260530_093320
5e06aeff84a466044adc1db2aae029cb,Western Bulldogs,Collingwood Magpies,2026-05-30T09:35:58Z,sportsbet,SportsBet,,player_disposals_over,Angus Anderson,Over,1.8,14.5,20260530_093320
5e06aeff84a466044adc1db2aae029cb,Western Bulldogs,Collingwood Magpies,2026-05-30T09:35:58Z,sportsbet,SportsBet,,player_disposals_over,Beau McCreery,Over,1.79,14.5,20260530_093320
5e06aeff84a466044adc1db2aae029cb,Western Bulldogs,Collingwood Magpies,2026-05-30T09:35:58Z,sportsbet,SportsBet,,player_disposals_over,Brayden Maynard,Over,1.1,14.5,20260530_093320
5e06aeff84a466044adc1db2aae029cb,Western Bulldogs,Collingwood Magpies,2026-05-30T09:35:58Z,sportsbet,SportsBet,,player_disposals_over,Darcy Cameron,Over,1.3,14.5,20260530_093320
5e06aeff84a466044adc1db2aae029cb,Western Bulldogs,Collingwood Magpies,2026-05-30T09:35:58Z,sportsbet,SportsBet,,player_disposals_over,Isaac Quaynor,Over,1.2,14.5,20260530_093320
5e06aeff84a466044adc1db2aae029cb,Western Bulldogs,Collingwood Magpies,2026-05-30T09:35:58Z,sportsbet,SportsBet,,player_disposals_over,Jeremy Howe,Over,1.28,14.5,20260530_093320
5e06aeff84a466044adc1db2aae029cb,Western Bulldogs,Collingwood Magpies,2026-05-30T09:35:58Z,sportsbet,SportsBet,,player_disposals_over,Jordan De Goey,Over,1.03,14.5,20260530_093320
5e06aeff84a466044adc1db2aae029cb,Western Bulldogs,Collingwood Magpies,2026-05-30T09:35:58Z,sportsbet,SportsBet,,player_disposals_over,Lachlan Schultz,Over,1.79,14.5,20260530_093320
5e06aeff84a466044adc1db2aae029cb,Western Bulldogs,Collingwood Magpies,2026-05-30T09:35:58Z,sportsbet,SportsBet,,player_disposals_over,Ned Long,Over,1.58,14.5,20260530_093320
5e06aeff84a466044adc1db2aae029cb,Western Bulldogs,Collingwood Magpies,2026-05-30T09:35:58Z,sportsbet,SportsBet,,player_disposals_over,Patrick Lipinski,Over,1.14,14.5,20260530_093320
5e06aeff84a466044adc1db2aae029cb,Western Bulldogs,Collingwood Magpies,2026-05-30T09:35:58Z,sportsbet,SportsBet,,player_disposals_over,Roan Steele,Over,1.77,14.5,20260530_093320
5e06aeff84a466044adc1db2aae029cb,Western Bulldogs,Collingwood Magpies,2026-05-30T09:35:58Z,sportsbet,SportsBet,,player_disposals_over,Steele Sidebottom,Over,1.41,14.5,20260530_093320
5e06aeff84a466044adc1db2aae029cb,Western Bulldogs,Collingwood Magpies,2026-05-30T09:35:58Z,sportsbet,SportsBet,,player_disposals_over,Billy Frampton,Over,2.73,14.5,20260530_093320
5e06aeff84a466044adc1db2aae029cb,Western Bulldogs,Collingwood Magpies,2026-05-30T09:35:58Z,sportsbet,SportsBet,,player_disposals_over,Edward Allan,Over,2.23,14.5,20260530_093320
5e06aeff84a466044adc1db2aae029cb,Western Bulldogs,Collingwood Magpies,2026-05-30T09:35:58Z,sportsbet,SportsBet,,player_disposals_over,Harvey Harrison,Over,3.45,14.5,20260530_093320
5e06aeff84a466044adc1db2aae029cb,Western Bulldogs,Collingwood Magpies,2026-05-30T09:35:58Z,sportsbet,SportsBet,,player_disposals_over,Wil Parker,Over,3.45,14.5,20260530_093320
5e06aeff84a466044adc1db2aae029cb,Western Bulldogs,Collingwood Magpies,2026-05-30T09:35:58Z,sportsbet,SportsBet,,player_disposals_over,Daniel McStay,Over,4.6,14.5,20260530_093320
5e06aeff84a466044adc1db2aae029cb,Western Bulldogs,Collingwood Magpies,2026-05-30T09:35:58Z,sportsbet,SportsBet,,player_disposals_over,Tim Membrey,Over,4.6,14.5,20260530_093320
5e06aeff84a466044adc1db2aae029cb,Western Bulldogs,Collingwood Magpies,2026-05-30T09:35:58Z,sportsbet,SportsBet,,player_disposals_over,Adam Treloar,Over,1.11,15.5,20260530_093320
5e06aeff84a466044adc1db2aae029cb,Western Bulldogs,Collingwood Magpies,2026-05-30T09:35:58Z,sportsbet,SportsBet,,player_disposals_over,Connor Budarick,Over,1.08,15.5,20260530_093320
5e06aeff84a466044adc1db2aae029cb,Western Bulldogs,Collingwood Magpies,2026-05-30T09:35:58Z,sportsbet,SportsBet,,player_disposals_over,Joel Freijah,Over,1.3,15.5,20260530_093320
5e06aeff84a466044adc1db2aae029cb,Western Bulldogs,Collingwood Magpies,2026-05-30T09:35:58Z,sportsbet,SportsBet,,player_disposals_over,Lachlan Bramble,Over,1.49,15.5,20260530_093320
5e06aeff84a466044adc1db2aae029cb,Western Bulldogs,Collingwood Magpies,2026-05-30T09:35:58Z,sportsbet,SportsBet,,player_disposals_over,Matthew Kennedy,Over,1.04,15.5,20260530_093320
5e06aeff84a466044adc1db2aae029cb,Western Bulldogs,Collingwood Magpies,2026-05-30T09:35:58Z,sportsbet,SportsBet,,player_disposals_over,Nicholas Coffield,Over,1.91,15.5,20260530_093320
5e06aeff84a466044adc1db2aae029cb,Western Bulldogs,Collingwood Magpies,2026-05-30T09:35:58Z,sportsbet,SportsBet,,player_disposals_over,Timothy English,Over,1.92,15.5,20260530_093320
5e06aeff84a466044adc1db2aae029cb,Western Bulldogs,Collingwood Magpies,2026-05-30T09:35:58Z,sportsbet,SportsBet,,player_disposals_over,Buku Khamis,Over,2.67,15.5,20260530_093320
5e06aeff84a466044adc1db2aae029cb,Western Bulldogs,Collingwood Magpies,2026-05-30T09:35:58Z,sportsbet,SportsBet,,player_disposals_over,Lachie Jaques,Over,2.31,15.5,20260530_093320
5e06aeff84a466044adc1db2aae029cb,Western Bulldogs,Collingwood Magpies,2026-05-30T09:35:58Z,sportsbet,SportsBet,,player_disposals_over,Michael Sellwood,Over,2.84,15.5,20260530_093320
5e06aeff84a466044adc1db2aae029cb,Western Bulldogs,Collingwood Magpies,2026-05-30T09:35:58Z,sportsbet,SportsBet,,player_disposals_over,Arthur Jones,Over,3.45,15.5,20260530_093320
5e06aeff84a466044adc1db2aae029cb,Western Bulldogs,Collingwood Magpies,2026-05-30T09:35:58Z,sportsbet,SportsBet,,player_disposals_over,Rhylee West,Over,3.45,15.5,20260530_093320
5e06aeff84a466044adc1db2aae029cb,Western Bulldogs,Collingwood Magpies,2026-05-30T09:35:58Z,sportsbet,SportsBet,,player_disposals_over,Rory Lobb,Over,3.27,15.5,20260530_093320
5e06aeff84a466044adc1db2aae029cb,Western Bulldogs,Collingwood Magpies,2026-05-30T09:35:58Z,sportsbet,SportsBet,,player_disposals_over,Aaron Naughton,Over,4.6,15.5,20260530_093320
5e06aeff84a466044adc1db2aae029cb,Western Bulldogs,Collingwood Magpies,2026-05-30T09:35:58Z,sportsbet,SportsBet,,player_disposals_over,James O'Donnell,Over,4.65,15.5,20260530_093320
5e06aeff84a466044adc1db2aae029cb,Western Bulldogs,Collingwood Magpies,2026-05-30T09:35:58Z,sportsbet,SportsBet,,player_disposals_over,Lachie McNeil,Over,5.9,15.5,20260530_093320
5e06aeff84a466044adc1db2aae029cb,Western Bulldogs,Collingwood Magpies,2026-05-30T09:35:58Z,sportsbet,SportsBet,,player_disposals_over,Cooper Hynes,Over,6.0,15.5,20260530_093320
5e06aeff84a466044adc1db2aae029cb,Western Bulldogs,Collingwood Magpies,2026-05-30T09:35:58Z,sportsbet,SportsBet,,player_disposals_over,Will Lewis,Over,6.0,15.5,20260530_093320
5e06aeff84a466044adc1db2aae029cb,Western Bulldogs,Collingwood Magpies,2026-05-30T09:35:58Z,sportsbet,SportsBet,,player_disposals_over,Jordan Croft,Over,7.75,15.5,20260530_093320
5e06aeff84a466044adc1db2aae029cb,Western Bulldogs,Collingwood Magpies,2026-05-30T09:35:58Z,sportsbet,SportsBet,,player_disposals_over,Brayden Maynard,Over,1.17,15.5,20260530_093320
5e06aeff84a466044adc1db2aae029cb,Western Bulldogs,Collingwood Magpies,2026-05-30T09:35:58Z,sportsbet,SportsBet,,player_disposals_over,Darcy Cameron,Over,1.42,15.5,20260530_093320
5e06aeff84a466044adc1db2aae029cb,Western Bulldogs,Collingwood Magpies,2026-05-30T09:35:58Z,sportsbet,SportsBet,,player_disposals_over,Isaac Quaynor,Over,1.3,15.5,20260530_093320
5e06aeff84a466044adc1db2aae029cb,Western Bulldogs,Collingwood Magpies,2026-05-30T09:35:58Z,sportsbet,SportsBet,,player_disposals_over,Jeremy Howe,Over,1.42,15.5,20260530_093320
5e06aeff84a466044adc1db2aae029cb,Western Bulldogs,Collingwood Magpies,2026-05-30T09:35:58Z,sportsbet,SportsBet,,player_disposals_over,Jordan De Goey,Over,1.06,15.5,20260530_093320
5e06aeff84a466044adc1db2aae029cb,Western Bulldogs,Collingwood Magpies,2026-05-30T09:35:58Z,sportsbet,SportsBet,,player_disposals_over,Ned Long,Over,1.82,15.5,20260530_093320
5e06aeff84a466044adc1db2aae029cb,Western Bulldogs,Collingwood Magpies,2026-05-30T09:35:58Z,sportsbet,SportsBet,,player_disposals_over,Patrick Lipinski,Over,1.2,15.5,20260530_093320
5e06aeff84a466044adc1db2aae029cb,Western Bulldogs,Collingwood Magpies,2026-05-30T09:35:58Z,sportsbet,SportsBet,,player_disposals_over,Scott Pendlebury,Over,1.04,15.5,20260530_093320
5e06aeff84a466044adc1db2aae029cb,Western Bulldogs,Collingwood Magpies,2026-05-30T09:35:58Z,sportsbet,SportsBet,,player_disposals_over,Steele Sidebottom,Over,1.6,15.5,20260530_093320
5e06aeff84a466044adc1db2aae029cb,Western Bulldogs,Collingwood Magpies,2026-05-30T09:35:58Z,sportsbet,SportsBet,,player_disposals_over,Angus Anderson,Over,2.18,15.5,20260530_093320
5e06aeff84a466044adc1db2aae029cb,Western Bulldogs,Collingwood Magpies,2026-05-30T09:35:58Z,sportsbet,SportsBet,,player_disposals_over,Beau McCreery,Over,2.19,15.5,20260530_093320
5e06aeff84a466044adc1db2aae029cb,Western Bulldogs,Collingwood Magpies,2026-05-30T09:35:58Z,sportsbet,SportsBet,,player_disposals_over,Edward Allan,Over,2.81,15.5,20260530_093320
5e06aeff84a466044adc1db2aae029cb,Western Bulldogs,Collingwood Magpies,2026-05-30T09:35:58Z,sportsbet,SportsBet,,player_disposals_over,Lachlan Schultz,Over,2.21,15.5,20260530_093320
5e06aeff84a466044adc1db2aae029cb,Western Bulldogs,Collingwood Magpies,2026-05-30T09:35:58Z,sportsbet,SportsBet,,player_disposals_over,Roan Steele,Over,2.15,15.5,20260530_093320
5e06aeff84a466044adc1db2aae029cb,Western Bulldogs,Collingwood Magpies,2026-05-30T09:35:58Z,sportsbet,SportsBet,,player_disposals_over,Billy Frampton,Over,3.32,15.5,20260530_093320
5e06aeff84a466044adc1db2aae029cb,Western Bulldogs,Collingwood Magpies,2026-05-30T09:35:58Z,sportsbet,SportsBet,,player_disposals_over,Harvey Harrison,Over,4.6,15.5,20260530_093320
5e06aeff84a466044adc1db2aae029cb,Western Bulldogs,Collingwood Magpies,2026-05-30T09:35:58Z,sportsbet,SportsBet,,player_disposals_over,Wil Parker,Over,4.6,15.5,20260530_093320
5e06aeff84a466044adc1db2aae029cb,Western Bulldogs,Collingwood Magpies,2026-05-30T09:35:58Z,sportsbet,SportsBet,,player_disposals_over,Daniel McStay,Over,5.9,15.5,20260530_093320
5e06aeff84a466044adc1db2aae029cb,Western Bulldogs,Collingwood Magpies,2026-05-30T09:35:58Z,sportsbet,SportsBet,,player_disposals_over,Tim Membrey,Over,5.5,15.5,20260530_093320
5e06aeff84a466044adc1db2aae029cb,Western Bulldogs,Collingwood Magpies,2026-05-30T09:35:58Z,sportsbet,SportsBet,,player_disposals_over,Adam Treloar,Over,1.17,16.5,20260530_093320
5e06aeff84a466044adc1db2aae029cb,Western Bulldogs,Collingwood Magpies,2026-05-30T09:35:58Z,sportsbet,SportsBet,,player_disposals_over,Connor Budarick,Over,1.13,16.5,20260530_093320
5e06aeff84a466044adc1db2aae029cb,Western Bulldogs,Collingwood Magpies,2026-05-30T09:35:58Z,sportsbet,SportsBet,,player_disposals_over,Joel Freijah,Over,1.43,16.5,20260530_093320
5e06aeff84a466044adc1db2aae029cb,Western Bulldogs,Collingwood Magpies,2026-05-30T09:35:58Z,sportsbet,SportsBet,,player_disposals_over,Lachlan Bramble,Over,1.68,16.5,20260530_093320
5e06aeff84a466044adc1db2aae029cb,Western Bulldogs,Collingwood Magpies,2026-05-30T09:35:58Z,sportsbet,SportsBet,,player_disposals_over,Matthew Kennedy,Over,1.08,16.5,20260530_093320
5e06aeff84a466044adc1db2aae029cb,Western Bulldogs,Collingwood Magpies,2026-05-30T09:35:58Z,sportsbet,SportsBet,,player_disposals_over,Lachie Jaques,Over,2.89,16.5,20260530_093320
5e06aeff84a466044adc1db2aae029cb,Western Bulldogs,Collingwood Magpies,2026-05-30T09:35:58Z,sportsbet,SportsBet,,player_disposals_over,Nicholas Coffield,Over,2.28,16.5,20260530_093320
5e06aeff84a466044adc1db2aae029cb,Western Bulldogs,Collingwood Magpies,2026-05-30T09:35:58Z,sportsbet,SportsBet,,player_disposals_over,Timothy English,Over,2.29,16.5,20260530_093320
5e06aeff84a466044adc1db2aae029cb,Western Bulldogs,Collingwood Magpies,2026-05-30T09:35:58Z,sportsbet,SportsBet,,player_disposals_over,Buku Khamis,Over,3.24,16.5,20260530_093320
5e06aeff84a466044adc1db2aae029cb,Western Bulldogs,Collingwood Magpies,2026-05-30T09:35:58Z,sportsbet,SportsBet,,player_disposals_over,Michael Sellwood,Over,3.45,16.5,20260530_093320
5e06aeff84a466044adc1db2aae029cb,Western Bulldogs,Collingwood Magpies,2026-05-30T09:35:58Z,sportsbet,SportsBet,,player_disposals_over,Arthur Jones,Over,4.6,16.5,20260530_093320
5e06aeff84a466044adc1db2aae029cb,Western Bulldogs,Collingwood Magpies,2026-05-30T09:35:58Z,sportsbet,SportsBet,,player_disposals_over,Rhylee West,Over,4.5,16.5,20260530_093320
5e06aeff84a466044adc1db2aae029cb,Western Bulldogs,Collingwood Magpies,2026-05-30T09:35:58Z,sportsbet,SportsBet,,player_disposals_over,Rory Lobb,Over,4.0,16.5,20260530_093320
5e06aeff84a466044adc1db2aae029cb,Western Bulldogs,Collingwood Magpies,2026-05-30T09:35:58Z,sportsbet,SportsBet,,player_disposals_over,Aaron Naughton,Over,5.4,16.5,20260530_093320
5e06aeff84a466044adc1db2aae029cb,Western Bulldogs,Collingwood Magpies,2026-05-30T09:35:58Z,sportsbet,SportsBet,,player_disposals_over,James O'Donnell,Over,5.9,16.5,20260530_093320
5e06aeff84a466044adc1db2aae029cb,Western Bulldogs,Collingwood Magpies,2026-05-30T09:35:58Z,sportsbet,SportsBet,,player_disposals_over,Cooper Hynes,Over,7.5,16.5,20260530_093320
5e06aeff84a466044adc1db2aae029cb,Western Bulldogs,Collingwood Magpies,2026-05-30T09:35:58Z,sportsbet,SportsBet,,player_disposals_over,Lachie McNeil,Over,7.5,16.5,20260530_093320
5e06aeff84a466044adc1db2aae029cb,Western Bulldogs,Collingwood Magpies,2026-05-30T09:35:58Z,sportsbet,SportsBet,,player_disposals_over,Will Lewis,Over,7.5,16.5,20260530_093320
5e06aeff84a466044adc1db2aae029cb,Western Bulldogs,Collingwood Magpies,2026-05-30T09:35:58Z,sportsbet,SportsBet,,player_disposals_over,Jordan Croft,Over,9.5,16.5,20260530_093320
5e06aeff84a466044adc1db2aae029cb,Western Bulldogs,Collingwood Magpies,2026-05-30T09:35:58Z,sportsbet,SportsBet,,player_disposals_over,Brayden Maynard,Over,1.25,16.5,20260530_093320
5e06aeff84a466044adc1db2aae029cb,Western Bulldogs,Collingwood Magpies,2026-05-30T09:35:58Z,sportsbet,SportsBet,,player_disposals_over,Dan Houston,Over,1.04,16.5,20260530_093320
5e06aeff84a466044adc1db2aae029cb,Western Bulldogs,Collingwood Magpies,2026-05-30T09:35:58Z,sportsbet,SportsBet,,player_disposals_over,Darcy Cameron,Over,1.61,16.5,20260530_093320
5e06aeff84a466044adc1db2aae029cb,Western Bulldogs,Collingwood Magpies,2026-05-30T09:35:58Z,sportsbet,SportsBet,,player_disposals_over,Isaac Quaynor,Over,1.42,16.5,20260530_093320
5e06aeff84a466044adc1db2aae029cb,Western Bulldogs,Collingwood Magpies,2026-05-30T09:35:58Z,sportsbet,SportsBet,,player_disposals_over,Jack Crisp,Over,1.04,16.5,20260530_093320
5e06aeff84a466044adc1db2aae029cb,Western Bulldogs,Collingwood Magpies,2026-05-30T09:35:58Z,sportsbet,SportsBet,,player_disposals_over,Jeremy Howe,Over,1.6,16.5,20260530_093320
5e06aeff84a466044adc1db2aae029cb,Western Bulldogs,Collingwood Magpies,2026-05-30T09:35:58Z,sportsbet,SportsBet,,player_disposals_over,Jordan De Goey,Over,1.11,16.5,20260530_093320
5e06aeff84a466044adc1db2aae029cb,Western Bulldogs,Collingwood Magpies,2026-05-30T09:35:58Z,sportsbet,SportsBet,,player_disposals_over,Patrick Lipinski,Over,1.3,16.5,20260530_093320
5e06aeff84a466044adc1db2aae029cb,Western Bulldogs,Collingwood Magpies,2026-05-30T09:35:58Z,sportsbet,SportsBet,,player_disposals_over,Scott Pendlebury,Over,1.08,16.5,20260530_093320
5e06aeff84a466044adc1db2aae029cb,Western Bulldogs,Collingwood Magpies,2026-05-30T09:35:58Z,sportsbet,SportsBet,,player_disposals_over,Steele Sidebottom,Over,1.85,16.5,20260530_093320
5e06aeff84a466044adc1db2aae029cb,Western Bulldogs,Collingwood Magpies,2026-05-30T09:35:58Z,sportsbet,SportsBet,,player_disposals_over,Angus Anderson,Over,2.75,16.5,20260530_093320
5e06aeff84a466044adc1db2aae029cb,Western Bulldogs,Collingwood Magpies,2026-05-30T09:35:58Z,sportsbet,SportsBet,,player_disposals_over,Beau McCreery,Over,2.76,16.5,20260530_093320
5e06aeff84a466044adc1db2aae029cb,Western Bulldogs,Collingwood Magpies,2026-05-30T09:35:58Z,sportsbet,SportsBet,,player_disposals_over,Lachlan Schultz,Over,2.78,16.5,20260530_093320
5e06aeff84a466044adc1db2aae029cb,Western Bulldogs,Collingwood Magpies,2026-05-30T09:35:58Z,sportsbet,SportsBet,,player_disposals_over,Ned Long,Over,2.14,16.5,20260530_093320
5e06aeff84a466044adc1db2aae029cb,Western Bulldogs,Collingwood Magpies,2026-05-30T09:35:58Z,sportsbet,SportsBet,,player_disposals_over,Roan Steele,Over,2.73,16.5,20260530_093320
5e06aeff84a466044adc1db2aae029cb,Western Bulldogs,Collingwood Magpies,2026-05-30T09:35:58Z,sportsbet,SportsBet,,player_disposals_over,Edward Allan,Over,3.45,16.5,20260530_093320
5e06aeff84a466044adc1db2aae029cb,Western Bulldogs,Collingwood Magpies,2026-05-30T09:35:58Z,sportsbet,SportsBet,,player_disposals_over,Billy Frampton,Over,4.25,16.5,20260530_093320
5e06aeff84a466044adc1db2aae029cb,Western Bulldogs,Collingwood Magpies,2026-05-30T09:35:58Z,sportsbet,SportsBet,,player_disposals_over,Harvey Harrison,Over,5.4,16.5,20260530_093320
5e06aeff84a466044adc1db2aae029cb,Western Bulldogs,Collingwood Magpies,2026-05-30T09:35:58Z,sportsbet,SportsBet,,player_disposals_over,Wil Parker,Over,5.4,16.5,20260530_093320
5e06aeff84a466044adc1db2aae029cb,Western Bulldogs,Collingwood Magpies,2026-05-30T09:35:58Z,sportsbet,SportsBet,,player_disposals_over,Daniel McStay,Over,7.5,16.5,20260530_093320
5e06aeff84a466044adc1db2aae029cb,Western Bulldogs,Collingwood Magpies,2026-05-30T09:35:58Z,sportsbet,SportsBet,,player_disposals_over,Tim Membrey,Over,7.5,16.5,20260530_093320
5e06aeff84a466044adc1db2aae029cb,Western Bulldogs,Collingwood Magpies,2026-05-30T09:35:58Z,sportsbet,SportsBet,,player_disposals_over,Adam Treloar,Over,1.25,17.5,20260530_093320
5e06aeff84a466044adc1db2aae029cb,Western Bulldogs,Collingwood Magpies,2026-05-30T09:35:58Z,sportsbet,SportsBet,,player_disposals_over,Connor Budarick,Over,1.2,17.5,20260530_093320
5e06aeff84a466044adc1db2aae029cb,Western Bulldogs,Collingwood Magpies,2026-05-30T09:35:58Z,sportsbet,SportsBet,,player_disposals_over,Ed Richards,Over,1.04,17.5,20260530_093320
5e06aeff84a466044adc1db2aae029cb,Western Bulldogs,Collingwood Magpies,2026-05-30T09:35:58Z,sportsbet,SportsBet,,player_disposals_over,Joel Freijah,Over,1.63,17.5,20260530_093320
5e06aeff84a466044adc1db2aae029cb,Western Bulldogs,Collingwood Magpies,2026-05-30T09:35:58Z,sportsbet,SportsBet,,player_disposals_over,Lachlan Bramble,Over,1.93,17.5,20260530_093320
5e06aeff84a466044adc1db2aae029cb,Western Bulldogs,Collingwood Magpies,2026-05-30T09:35:58Z,sportsbet,SportsBet,,player_disposals_over,Matthew Kennedy,Over,1.13,17.5,20260530_093320
5e06aeff84a466044adc1db2aae029cb,Western Bulldogs,Collingwood Magpies,2026-05-30T09:35:58Z,sportsbet,SportsBet,,player_disposals_over,Ryley Sanders,Over,1.03,17.5,20260530_093320
5e06aeff84a466044adc1db2aae029cb,Western Bulldogs,Collingwood Magpies,2026-05-30T09:35:58Z,sportsbet,SportsBet,,player_disposals_over,Nicholas Coffield,Over,2.78,17.5,20260530_093320
5e06aeff84a466044adc1db2aae029cb,Western Bulldogs,Collingwood Magpies,2026-05-30T09:35:58Z,sportsbet,SportsBet,,player_disposals_over,Timothy English,Over,2.77,17.5,20260530_093320
5e06aeff84a466044adc1db2aae029cb,Western Bulldogs,Collingwood Magpies,2026-05-30T09:35:58Z,sportsbet,SportsBet,,player_disposals_over,Lachie Jaques,Over,3.7,17.5,20260530_093320
5e06aeff84a466044adc1db2aae029cb,Western Bulldogs,Collingwood Magpies,2026-05-30T09:35:58Z,sportsbet,SportsBet,,player_disposals_over,Buku Khamis,Over,4.0,17.5,20260530_093320
5e06aeff84a466044adc1db2aae029cb,Western Bulldogs,Collingwood Magpies,2026-05-30T09:35:58Z,sportsbet,SportsBet,,player_disposals_over,Michael Sellwood,Over,4.5,17.5,20260530_093320
5e06aeff84a466044adc1db2aae029cb,Western Bulldogs,Collingwood Magpies,2026-05-30T09:35:58Z,sportsbet,SportsBet,,player_disposals_over,Rory Lobb,Over,4.65,17.5,20260530_093320
5e06aeff84a466044adc1db2aae029cb,Western Bulldogs,Collingwood Magpies,2026-05-30T09:35:58Z,sportsbet,SportsBet,,player_disposals_over,Arthur Jones,Over,5.4,17.5,20260530_093320
5e06aeff84a466044adc1db2aae029cb,Western Bulldogs,Collingwood Magpies,2026-05-30T09:35:58Z,sportsbet,SportsBet,,player_disposals_over,Rhylee West,Over,5.4,17.5,20260530_093320
5e06aeff84a466044adc1db2aae029cb,Western Bulldogs,Collingwood Magpies,2026-05-30T09:35:58Z,sportsbet,SportsBet,,player_disposals_over,Aaron Naughton,Over,6.5,17.5,20260530_093320
5e06aeff84a466044adc1db2aae029cb,Western Bulldogs,Collingwood Magpies,2026-05-30T09:35:58Z,sportsbet,SportsBet,,player_disposals_over,James O'Donnell,Over,7.5,17.5,20260530_093320
5e06aeff84a466044adc1db2aae029cb,Western Bulldogs,Collingwood Magpies,2026-05-30T09:35:58Z,sportsbet,SportsBet,,player_disposals_over,Cooper Hynes,Over,9.5,17.5,20260530_093320
5e06aeff84a466044adc1db2aae029cb,Western Bulldogs,Collingwood Magpies,2026-05-30T09:35:58Z,sportsbet,SportsBet,,player_disposals_over,Lachie McNeil,Over,9.5,17.5,20260530_093320
5e06aeff84a466044adc1db2aae029cb,Western Bulldogs,Collingwood Magpies,2026-05-30T09:35:58Z,sportsbet,SportsBet,,player_disposals_over,Will Lewis,Over,9.5,17.5,20260530_093320
5e06aeff84a466044adc1db2aae029cb,Western Bulldogs,Collingwood Magpies,2026-05-30T09:35:58Z,sportsbet,SportsBet,,player_disposals_over,Jordan Croft,Over,12.0,17.5,20260530_093320
5e06aeff84a466044adc1db2aae029cb,Western Bulldogs,Collingwood Magpies,2026-05-30T09:35:58Z,sportsbet,SportsBet,,player_disposals_over,Brayden Maynard,Over,1.37,17.5,20260530_093320
5e06aeff84a466044adc1db2aae029cb,Western Bulldogs,Collingwood Magpies,2026-05-30T09:35:58Z,sportsbet,SportsBet,,player_disposals_over,Dan Houston,Over,1.06,17.5,20260530_093320
5e06aeff84a466044adc1db2aae029cb,Western Bulldogs,Collingwood Magpies,2026-05-30T09:35:58Z,sportsbet,SportsBet,,player_disposals_over,Darcy Cameron,Over,1.85,17.5,20260530_093320
5e06aeff84a466044adc1db2aae029cb,Western Bulldogs,Collingwood Magpies,2026-05-30T09:35:58Z,sportsbet,SportsBet,,player_disposals_over,Isaac Quaynor,Over,1.59,17.5,20260530_093320
5e06aeff84a466044adc1db2aae029cb,Western Bulldogs,Collingwood Magpies,2026-05-30T09:35:58Z,sportsbet,SportsBet,,player_disposals_over,Jack Crisp,Over,1.08,17.5,20260530_093320
5e06aeff84a466044adc1db2aae029cb,Western Bulldogs,Collingwood Magpies,2026-05-30T09:35:58Z,sportsbet,SportsBet,,player_disposals_over,Jeremy Howe,Over,1.84,17.5,20260530_093320
5e06aeff84a466044adc1db2aae029cb,Western Bulldogs,Collingwood Magpies,2026-05-30T09:35:58Z,sportsbet,SportsBet,,player_disposals_over,Jordan De Goey,Over,1.15,17.5,20260530_093320
5e06aeff84a466044adc1db2aae029cb,Western Bulldogs,Collingwood Magpies,2026-05-30T09:35:58Z,sportsbet,SportsBet,,player_disposals_over,Patrick Lipinski,Over,1.44,17.5,20260530_093320
5e06aeff84a466044adc1db2aae029cb,Western Bulldogs,Collingwood Magpies,2026-05-30T09:35:58Z,sportsbet,SportsBet,,player_disposals_over,Scott Pendlebury,Over,1.13,17.5,20260530_093320
5e06aeff84a466044adc1db2aae029cb,Western Bulldogs,Collingwood Magpies,2026-05-30T09:35:58Z,sportsbet,SportsBet,,player_disposals_over,Ned Long,Over,2.6,17.5,20260530_093320
5e06aeff84a466044adc1db2aae029cb,Western Bulldogs,Collingwood Magpies,2026-05-30T09:35:58Z,sportsbet,SportsBet,,player_disposals_over,Steele Sidebottom,Over,2.19,17.5,20260530_093320
5e06aeff84a466044adc1db2aae029cb,Western Bulldogs,Collingwood Magpies,2026-05-30T09:35:58Z,sportsbet,SportsBet,,player_disposals_over,Angus Anderson,Over,3.45,17.5,20260530_093320
5e06aeff84a466044adc1db2aae029cb,Western Bulldogs,Collingwood Magpies,2026-05-30T09:35:58Z,sportsbet,SportsBet,,player_disposals_over,Beau McCreery,Over,3.45,17.5,20260530_093320
5e06aeff84a466044adc1db2aae029cb,Western Bulldogs,Collingwood Magpies,2026-05-30T09:35:58Z,sportsbet,SportsBet,,player_disposals_over,Lachlan Schultz,Over,3.45,17.5,20260530_093320
5e06aeff84a466044adc1db2aae029cb,Western Bulldogs,Collingwood Magpies,2026-05-30T09:35:58Z,sportsbet,SportsBet,,player_disposals_over,Roan Steele,Over,3.45,17.5,20260530_093320
5e06aeff84a466044adc1db2aae029cb,Western Bulldogs,Collingwood Magpies,2026-05-30T09:35:58Z,sportsbet,SportsBet,,player_disposals_over,Edward Allan,Over,4.6,17.5,20260530_093320
5e06aeff84a466044adc1db2aae029cb,Western Bulldogs,Collingwood Magpies,2026-05-30T09:35:58Z,sportsbet,SportsBet,,player_disposals_over,Billy Frampton,Over,5.2,17.5,20260530_093320
5e06aeff84a466044adc1db2aae029cb,Western Bulldogs,Collingwood Magpies,2026-05-30T09:35:58Z,sportsbet,SportsBet,,player_disposals_over,Harvey Harrison,Over,6.5,17.5,20260530_093320
5e06aeff84a466044adc1db2aae029cb,Western Bulldogs,Collingwood Magpies,2026-05-30T09:35:58Z,sportsbet,SportsBet,,player_disposals_over,Wil Parker,Over,6.5,17.5,20260530_093320
5e06aeff84a466044adc1db2aae029cb,Western Bulldogs,Collingwood Magpies,2026-05-30T09:35:58Z,sportsbet,SportsBet,,player_disposals_over,Daniel McStay,Over,9.5,17.5,20260530_093320
5e06aeff84a466044adc1db2aae029cb,Western Bulldogs,Collingwood Magpies,2026-05-30T09:35:58Z,sportsbet,SportsBet,,player_disposals_over,Tim Membrey,Over,9.5,17.5,20260530_093320
5e06aeff84a466044adc1db2aae029cb,Western Bulldogs,Collingwood Magpies,2026-05-30T09:35:58Z,sportsbet,SportsBet,,player_disposals_over,Adam Treloar,Over,1.35,18.5,20260530_093320
5e06aeff84a466044adc1db2aae029cb,Western Bulldogs,Collingwood Magpies,2026-05-30T09:35:58Z,sportsbet,SportsBet,,player_disposals_over,Connor Budarick,Over,1.3,18.5,20260530_093320
5e06aeff84a466044adc1db2aae029cb,Western Bulldogs,Collingwood Magpies,2026-05-30T09:35:58Z,sportsbet,SportsBet,,player_disposals_over,Ed Richards,Over,1.06,18.5,20260530_093320
5e06aeff84a466044adc1db2aae029cb,Western Bulldogs,Collingwood Magpies,2026-05-30T09:35:58Z,sportsbet,SportsBet,,player_disposals_over,Joel Freijah,Over,1.89,18.5,20260530_093320
5e06aeff84a466044adc1db2aae029cb,Western Bulldogs,Collingwood Magpies,2026-05-30T09:35:58Z,sportsbet,SportsBet,,player_disposals_over,Matthew Kennedy,Over,1.17,18.5,20260530_093320
5e06aeff84a466044adc1db2aae029cb,Western Bulldogs,Collingwood Magpies,2026-05-30T09:35:58Z,sportsbet,SportsBet,,player_disposals_over,Ryley Sanders,Over,1.05,18.5,20260530_093320
5e06aeff84a466044adc1db2aae029cb,Western Bulldogs,Collingwood Magpies,2026-05-30T09:35:58Z,sportsbet,SportsBet,,player_disposals_over,Lachlan Bramble,Over,2.27,18.5,20260530_093320
5e06aeff84a466044adc1db2aae029cb,Western Bulldogs,Collingwood Magpies,2026-05-30T09:35:58Z,sportsbet,SportsBet,,player_disposals_over,Nicholas Coffield,Over,3.32,18.5,20260530_093320
5e06aeff84a466044adc1db2aae029cb,Western Bulldogs,Collingwood Magpies,2026-05-30T09:35:58Z,sportsbet,SportsBet,,player_disposals_over,Timothy English,Over,3.32,18.5,20260530_093320
5e06aeff84a466044adc1db2aae029cb,Western Bulldogs,Collingwood Magpies,2026-05-30T09:35:58Z,sportsbet,SportsBet,,player_disposals_over,Buku Khamis,Over,4.65,18.5,20260530_093320
5e06aeff84a466044adc1db2aae029cb,Western Bulldogs,Collingwood Magpies,2026-05-30T09:35:58Z,sportsbet,SportsBet,,player_disposals_over,Lachie Jaques,Over,4.65,18.5,20260530_093320
5e06aeff84a466044adc1db2aae029cb,Western Bulldogs,Collingwood Magpies,2026-05-30T09:35:58Z,sportsbet,SportsBet,,player_disposals_over,Michael Sellwood,Over,5.4,18.5,20260530_093320
5e06aeff84a466044adc1db2aae029cb,Western Bulldogs,Collingwood Magpies,2026-05-30T09:35:58Z,sportsbet,SportsBet,,player_disposals_over,Rory Lobb,Over,5.7,18.5,20260530_093320
5e06aeff84a466044adc1db2aae029cb,Western Bulldogs,Collingwood Magpies,2026-05-30T09:35:58Z,sportsbet,SportsBet,,player_disposals_over,Arthur Jones,Over,6.5,18.5,20260530_093320
5e06aeff84a466044adc1db2aae029cb,Western Bulldogs,Collingwood Magpies,2026-05-30T09:35:58Z,sportsbet,SportsBet,,player_disposals_over,Rhylee West,Over,6.5,18.5,20260530_093320
5e06aeff84a466044adc1db2aae029cb,Western Bulldogs,Collingwood Magpies,2026-05-30T09:35:58Z,sportsbet,SportsBet,,player_disposals_over,Aaron Naughton,Over,9.5,18.5,20260530_093320
5e06aeff84a466044adc1db2aae029cb,Western Bulldogs,Collingwood Magpies,2026-05-30T09:35:58Z,sportsbet,SportsBet,,player_disposals_over,James O'Donnell,Over,9.5,18.5,20260530_093320
5e06aeff84a466044adc1db2aae029cb,Western Bulldogs,Collingwood Magpies,2026-05-30T09:35:58Z,sportsbet,SportsBet,,player_disposals_over,Cooper Hynes,Over,12.0,18.5,20260530_093320
5e06aeff84a466044adc1db2aae029cb,Western Bulldogs,Collingwood Magpies,2026-05-30T09:35:58Z,sportsbet,SportsBet,,player_disposals_over,Lachie McNeil,Over,12.0,18.5,20260530_093320
5e06aeff84a466044adc1db2aae029cb,Western Bulldogs,Collingwood Magpies,2026-05-30T09:35:58Z,sportsbet,SportsBet,,player_disposals_over,Will Lewis,Over,12.0,18.5,20260530_093320
5e06aeff84a466044adc1db2aae029cb,Western Bulldogs,Collingwood Magpies,2026-05-30T09:35:58Z,sportsbet,SportsBet,,player_disposals_over,Jordan Croft,Over,14.0,18.5,20260530_093320
5e06aeff84a466044adc1db2aae029cb,Western Bulldogs,Collingwood Magpies,2026-05-30T09:35:58Z,sportsbet,SportsBet,,player_disposals_over,Brayden Maynard,Over,1.54,18.5,20260530_093320
5e06aeff84a466044adc1db2aae029cb,Western Bulldogs,Collingwood Magpies,2026-05-30T09:35:58Z,sportsbet,SportsBet,,player_disposals_over,Dan Houston,Over,1.11,18.5,20260530_093320
5e06aeff84a466044adc1db2aae029cb,Western Bulldogs,Collingwood Magpies,2026-05-30T09:35:58Z,sportsbet,SportsBet,,player_disposals_over,Isaac Quaynor,Over,1.81,18.5,20260530_093320
5e06aeff84a466044adc1db2aae029cb,Western Bulldogs,Collingwood Magpies,2026-05-30T09:35:58Z,sportsbet,SportsBet,,player_disposals_over,Jack Crisp,Over,1.13,18.5,20260530_093320
5e06aeff84a466044adc1db2aae029cb,Western Bulldogs,Collingwood Magpies,2026-05-30T09:35:58Z,sportsbet,SportsBet,,player_disposals_over,Jordan De Goey,Over,1.22,18.5,20260530_093320
5e06aeff84a466044adc1db2aae029cb,Western Bulldogs,Collingwood Magpies,2026-05-30T09:35:58Z,sportsbet,SportsBet,,player_disposals_over,Josh Daicos,Over,1.04,18.5,20260530_093320
5e06aeff84a466044adc1db2aae029cb,Western Bulldogs,Collingwood Magpies,2026-05-30T09:35:58Z,sportsbet,SportsBet,,player_disposals_over,Patrick Lipinski,Over,1.61,18.5,20260530_093320
5e06aeff84a466044adc1db2aae029cb,Western Bulldogs,Collingwood Magpies,2026-05-30T09:35:58Z,sportsbet,SportsBet,,player_disposals_over,Scott Pendlebury,Over,1.2,18.5,20260530_093320
5e06aeff84a466044adc1db2aae029cb,Western Bulldogs,Collingwood Magpies,2026-05-30T09:35:58Z,sportsbet,SportsBet,,player_disposals_over,Darcy Cameron,Over,2.16,18.5,20260530_093320
5e06aeff84a466044adc1db2aae029cb,Western Bulldogs,Collingwood Magpies,2026-05-30T09:35:58Z,sportsbet,SportsBet,,player_disposals_over,Jeremy Howe,Over,2.16,18.5,20260530_093320
5e06aeff84a466044adc1db2aae029cb,Western Bulldogs,Collingwood Magpies,2026-05-30T09:35:58Z,sportsbet,SportsBet,,player_disposals_over,Steele Sidebottom,Over,2.61,18.5,20260530_093320
5e06aeff84a466044adc1db2aae029cb,Western Bulldogs,Collingwood Magpies,2026-05-30T09:35:58Z,sportsbet,SportsBet,,player_disposals_over,Ned Long,Over,3.14,18.5,20260530_093320
5e06aeff84a466044adc1db2aae029cb,Western Bulldogs,Collingwood Magpies,2026-05-30T09:35:58Z,sportsbet,SportsBet,,player_disposals_over,Angus Anderson,Over,4.6,18.5,20260530_093320
5e06aeff84a466044adc1db2aae029cb,Western Bulldogs,Collingwood Magpies,2026-05-30T09:35:58Z,sportsbet,SportsBet,,player_disposals_over,Beau McCreery,Over,4.65,18.5,20260530_093320
5e06aeff84a466044adc1db2aae029cb,Western Bulldogs,Collingwood Magpies,2026-05-30T09:35:58Z,sportsbet,SportsBet,,player_disposals_over,Lachlan Schultz,Over,4.65,18.5,20260530_093320
5e06aeff84a466044adc1db2aae029cb,Western Bulldogs,Collingwood Magpies,2026-05-30T09:35:58Z,sportsbet,SportsBet,,player_disposals_over,Roan Steele,Over,4.6,18.5,20260530_093320
5e06aeff84a466044adc1db2aae029cb,Western Bulldogs,Collingwood Magpies,2026-05-30T09:35:58Z,sportsbet,SportsBet,,player_disposals_over,Edward Allan,Over,5.9,18.5,20260530_093320
5e06aeff84a466044adc1db2aae029cb,Western Bulldogs,Collingwood Magpies,2026-05-30T09:35:58Z,sportsbet,SportsBet,,player_disposals_over,Billy Frampton,Over,6.0,18.5,20260530_093320
5e06aeff84a466044adc1db2aae029cb,Western Bulldogs,Collingwood Magpies,2026-05-30T09:35:58Z,sportsbet,SportsBet,,player_disposals_over,Harvey Harrison,Over,8.5,18.5,20260530_093320
5e06aeff84a466044adc1db2aae029cb,Western Bulldogs,Collingwood Magpies,2026-05-30T09:35:58Z,sportsbet,SportsBet,,player_disposals_over,Wil Parker,Over,8.5,18.5,20260530_093320
5e06aeff84a466044adc1db2aae029cb,Western Bulldogs,Collingwood Magpies,2026-05-30T09:35:58Z,sportsbet,SportsBet,,player_disposals_over,Daniel McStay,Over,11.0,18.5,20260530_093320
5e06aeff84a466044adc1db2aae029cb,Western Bulldogs,Collingwood Magpies,2026-05-30T09:35:58Z,sportsbet,SportsBet,,player_disposals_over,Tim Membrey,Over,11.0,18.5,20260530_093320
5e06aeff84a466044adc1db2aae029cb,Western Bulldogs,Collingwood Magpies,2026-05-30T09:35:58Z,sportsbet,SportsBet,,player_disposals_over,Adam Treloar,Over,1.49,19.5,20260530_093320
5e06aeff84a466044adc1db2aae029cb,Western Bulldogs,Collingwood Magpies,2026-05-30T09:35:58Z,sportsbet,SportsBet,,player_disposals_over,Connor Budarick,Over,1.44,19.5,20260530_093320
5e06aeff84a466044adc1db2aae029cb,Western Bulldogs,Collingwood Magpies,2026-05-30T09:35:58Z,sportsbet,SportsBet,,player_disposals_over,Ed Richards,Over,1.1,19.5,20260530_093320
5e06aeff84a466044adc1db2aae029cb,Western Bulldogs,Collingwood Magpies,2026-05-30T09:35:58Z,sportsbet,SportsBet,,player_disposals_over,Marcus Bontempelli,Over,1.03,19.5,20260530_093320
5e06aeff84a466044adc1db2aae029cb,Western Bulldogs,Collingwood Magpies,2026-05-30T09:35:58Z,sportsbet,SportsBet,,player_disposals_over,Matthew Kennedy,Over,1.25,19.5,20260530_093320
5e06aeff84a466044adc1db2aae029cb,Western Bulldogs,Collingwood Magpies,2026-05-30T09:35:58Z,sportsbet,SportsBet,,player_disposals_over,Ryley Sanders,Over,1.08,19.5,20260530_093320
5e06aeff84a466044adc1db2aae029cb,Western Bulldogs,Collingwood Magpies,2026-05-30T09:35:58Z,sportsbet,SportsBet,,player_disposals_over,Joel Freijah,Over,2.27,19.5,20260530_093320
5e06aeff84a466044adc1db2aae029cb,Western Bulldogs,Collingwood Magpies,2026-05-30T09:35:58Z,sportsbet,SportsBet,,player_disposals_over,Lachlan Bramble,Over,2.74,19.5,20260530_093320
5e06aeff84a466044adc1db2aae029cb,Western Bulldogs,Collingwood Magpies,2026-05-30T09:35:58Z,sportsbet,SportsBet,,player_disposals_over,Nicholas Coffield,Over,4.25,19.5,20260530_093320
5e06aeff84a466044adc1db2aae029cb,Western Bulldogs,Collingwood Magpies,2026-05-30T09:35:58Z,sportsbet,SportsBet,,player_disposals_over,Timothy English,Over,4.25,19.5,20260530_093320
5e06aeff84a466044adc1db2aae029cb,Western Bulldogs,Collingwood Magpies,2026-05-30T09:35:58Z,sportsbet,SportsBet,,player_disposals_over,Buku Khamis,Over,5.5,19.5,20260530_093320
5e06aeff84a466044adc1db2aae029cb,Western Bulldogs,Collingwood Magpies,2026-05-30T09:35:58Z,sportsbet,SportsBet,,player_disposals_over,Lachie Jaques,Over,6.0,19.5,20260530_093320
5e06aeff84a466044adc1db2aae029cb,Western Bulldogs,Collingwood Magpies,2026-05-30T09:35:58Z,sportsbet,SportsBet,,player_disposals_over,Michael Sellwood,Over,6.5,19.5,20260530_093320
5e06aeff84a466044adc1db2aae029cb,Western Bulldogs,Collingwood Magpies,2026-05-30T09:35:58Z,sportsbet,SportsBet,,player_disposals_over,Rory Lobb,Over,6.5,19.5,20260530_093320
5e06aeff84a466044adc1db2aae029cb,Western Bulldogs,Collingwood Magpies,2026-05-30T09:35:58Z,sportsbet,SportsBet,,player_disposals_over,Arthur Jones,Over,9.5,19.5,20260530_093320
5e06aeff84a466044adc1db2aae029cb,Western Bulldogs,Collingwood Magpies,2026-05-30T09:35:58Z,sportsbet,SportsBet,,player_disposals_over,Rhylee West,Over,9.5,19.5,20260530_093320
5e06aeff84a466044adc1db2aae029cb,Western Bulldogs,Collingwood Magpies,2026-05-30T09:35:58Z,sportsbet,SportsBet,,player_disposals_over,Aaron Naughton,Over,10.0,19.5,20260530_093320
5e06aeff84a466044adc1db2aae029cb,Western Bulldogs,Collingwood Magpies,2026-05-30T09:35:58Z,sportsbet,SportsBet,,player_disposals_over,James O'Donnell,Over,11.0,19.5,20260530_093320
5e06aeff84a466044adc1db2aae029cb,Western Bulldogs,Collingwood Magpies,2026-05-30T09:35:58Z,sportsbet,SportsBet,,player_disposals_over,Cooper Hynes,Over,13.0,19.5,20260530_093320
5e06aeff84a466044adc1db2aae029cb,Western Bulldogs,Collingwood Magpies,2026-05-30T09:35:58Z,sportsbet,SportsBet,,player_disposals_over,Lachie McNeil,Over,13.0,19.5,20260530_093320
5e06aeff84a466044adc1db2aae029cb,Western Bulldogs,Collingwood Magpies,2026-05-30T09:35:58Z,sportsbet,SportsBet,,player_disposals_over,Will Lewis,Over,14.0,19.5,20260530_093320
5e06aeff84a466044adc1db2aae029cb,Western Bulldogs,Collingwood Magpies,2026-05-30T09:35:58Z,sportsbet,SportsBet,,player_disposals_over,Brayden Maynard,Over,1.78,19.5,20260530_093320
5e06aeff84a466044adc1db2aae029cb,Western Bulldogs,Collingwood Magpies,2026-05-30T09:35:58Z,sportsbet,SportsBet,,player_disposals_over,Dan Houston,Over,1.17,19.5,20260530_093320
5e06aeff84a466044adc1db2aae029cb,Western Bulldogs,Collingwood Magpies,2026-05-30T09:35:58Z,sportsbet,SportsBet,,player_disposals_over,Jack Crisp,Over,1.2,19.5,20260530_093320
5e06aeff84a466044adc1db2aae029cb,Western Bulldogs,Collingwood Magpies,2026-05-30T09:35:58Z,sportsbet,SportsBet,,player_disposals_over,Jordan De Goey,Over,1.33,19.5,20260530_093320
5e06aeff84a466044adc1db2aae029cb,Western Bulldogs,Collingwood Magpies,2026-05-30T09:35:58Z,sportsbet,SportsBet,,player_disposals_over,Josh Daicos,Over,1.06,19.5,20260530_093320
5e06aeff84a466044adc1db2aae029cb,Western Bulldogs,Collingwood Magpies,2026-05-30T09:35:58Z,sportsbet,SportsBet,,player_disposals_over,Patrick Lipinski,Over,1.82,19.5,20260530_093320
5e06aeff84a466044adc1db2aae029cb,Western Bulldogs,Collingwood Magpies,2026-05-30T09:35:58Z,sportsbet,SportsBet,,player_disposals_over,Scott Pendlebury,Over,1.3,19.5,20260530_093320
5e06aeff84a466044adc1db2aae029cb,Western Bulldogs,Collingwood Magpies,2026-05-30T09:35:58Z,sportsbet,SportsBet,,player_disposals_over,Darcy Cameron,Over,2.58,19.5,20260530_093320
5e06aeff84a466044adc1db2aae029cb,Western Bulldogs,Collingwood Magpies,2026-05-30T09:35:58Z,sportsbet,SportsBet,,player_disposals_over,Isaac Quaynor,Over,2.11,19.5,20260530_093320
5e06aeff84a466044adc1db2aae029cb,Western Bulldogs,Collingwood Magpies,2026-05-30T09:35:58Z,sportsbet,SportsBet,,player_disposals_over,Jeremy Howe,Over,2.6,19.5,20260530_093320
5e06aeff84a466044adc1db2aae029cb,Western Bulldogs,Collingwood Magpies,2026-05-30T09:35:58Z,sportsbet,SportsBet,,player_disposals_over,Steele Sidebottom,Over,3.18,19.5,20260530_093320
5e06aeff84a466044adc1db2aae029cb,Western Bulldogs,Collingwood Magpies,2026-05-30T09:35:58Z,sportsbet,SportsBet,,player_disposals_over,Ned Long,Over,4.0,19.5,20260530_093320
5e06aeff84a466044adc1db2aae029cb,Western Bulldogs,Collingwood Magpies,2026-05-30T09:35:58Z,sportsbet,SportsBet,,player_disposals_over,Angus Anderson,Over,5.5,19.5,20260530_093320
5e06aeff84a466044adc1db2aae029cb,Western Bulldogs,Collingwood Magpies,2026-05-30T09:35:58Z,sportsbet,SportsBet,,player_disposals_over,Beau McCreery,Over,5.9,19.5,20260530_093320
5e06aeff84a466044adc1db2aae029cb,Western Bulldogs,Collingwood Magpies,2026-05-30T09:35:58Z,sportsbet,SportsBet,,player_disposals_over,Lachlan Schultz,Over,6.0,19.5,20260530_093320
5e06aeff84a466044adc1db2aae029cb,Western Bulldogs,Collingwood Magpies,2026-05-30T09:35:58Z,sportsbet,SportsBet,,player_disposals_over,Roan Steele,Over,6.0,19.5,20260530_093320
5e06aeff84a466044adc1db2aae029cb,Western Bulldogs,Collingwood Magpies,2026-05-30T09:35:58Z,sportsbet,SportsBet,,player_disposals_over,Edward Allan,Over,7.5,19.5,20260530_093320
5e06aeff84a466044adc1db2aae029cb,Western Bulldogs,Collingwood Magpies,2026-05-30T09:35:58Z,sportsbet,SportsBet,,player_disposals_over,Billy Frampton,Over,8.5,19.5,20260530_093320
5e06aeff84a466044adc1db2aae029cb,Western Bulldogs,Collingwood Magpies,2026-05-30T09:35:58Z,sportsbet,SportsBet,,player_disposals_over,Harvey Harrison,Over,10.0,19.5,20260530_093320
5e06aeff84a466044adc1db2aae029cb,Western Bulldogs,Collingwood Magpies,2026-05-30T09:35:58Z,sportsbet,SportsBet,,player_disposals_over,Wil Parker,Over,10.0,19.5,20260530_093320
5e06aeff84a466044adc1db2aae029cb,Western Bulldogs,Collingwood Magpies,2026-05-30T09:35:58Z,sportsbet,SportsBet,,player_disposals_over,Daniel McStay,Over,13.0,19.5,20260530_093320
5e06aeff84a466044adc1db2aae029cb,Western Bulldogs,Collingwood Magpies,2026-05-30T09:35:58Z,sportsbet,SportsBet,,player_disposals_over,Tim Membrey,Over,13.0,19.5,20260530_093320
5e06aeff84a466044adc1db2aae029cb,Western Bulldogs,Collingwood Magpies,2026-05-30T09:35:58Z,sportsbet,SportsBet,,player_disposals_over,Adam Treloar,Over,1.66,20.5,20260530_093320
5e06aeff84a466044adc1db2aae029cb,Western Bulldogs,Collingwood Magpies,2026-05-30T09:35:58Z,sportsbet,SportsBet,,player_disposals_over,Connor Budarick,Over,1.62,20.5,20260530_093320
5e06aeff84a466044adc1db2aae029cb,Western Bulldogs,Collingwood Magpies,2026-05-30T09:35:58Z,sportsbet,SportsBet,,player_disposals_over,Ed Richards,Over,1.14,20.5,20260530_093320
5e06aeff84a466044adc1db2aae029cb,Western Bulldogs,Collingwood Magpies,2026-05-30T09:35:58Z,sportsbet,SportsBet,,player_disposals_over,Marcus Bontempelli,Over,1.05,20.5,20260530_093320
5e06aeff84a466044adc1db2aae029cb,Western Bulldogs,Collingwood Magpies,2026-05-30T09:35:58Z,sportsbet,SportsBet,,player_disposals_over,Matthew Kennedy,Over,1.36,20.5,20260530_093320
5e06aeff84a466044adc1db2aae029cb,Western Bulldogs,Collingwood Magpies,2026-05-30T09:35:58Z,sportsbet,SportsBet,,player_disposals_over,Ryley Sanders,Over,1.13,20.5,20260530_093320
5e06aeff84a466044adc1db2aae029cb,Western Bulldogs,Collingwood Magpies,2026-05-30T09:35:58Z,sportsbet,SportsBet,,player_disposals_over,Joel Freijah,Over,2.78,20.5,20260530_093320
5e06aeff84a466044adc1db2aae029cb,Western Bulldogs,Collingwood Magpies,2026-05-30T09:35:58Z,sportsbet,SportsBet,,player_disposals_over,Lachlan Bramble,Over,3.32,20.5,20260530_093320
5e06aeff84a466044adc1db2aae029cb,Western Bulldogs,Collingwood Magpies,2026-05-30T09:35:58Z,sportsbet,SportsBet,,player_disposals_over,Nicholas Coffield,Over,5.2,20.5,20260530_093320
5e06aeff84a466044adc1db2aae029cb,Western Bulldogs,Collingwood Magpies,2026-05-30T09:35:58Z,sportsbet,SportsBet,,player_disposals_over,Timothy English,Over,5.2,20.5,20260530_093320
5e06aeff84a466044adc1db2aae029cb,Western Bulldogs,Collingwood Magpies,2026-05-30T09:35:58Z,sportsbet,SportsBet,,player_disposals_over,Buku Khamis,Over,6.5,20.5,20260530_093320
5e06aeff84a466044adc1db2aae029cb,Western Bulldogs,Collingwood Magpies,2026-05-30T09:35:58Z,sportsbet,SportsBet,,player_disposals_over,Lachie Jaques,Over,7.75,20.5,20260530_093320
5e06aeff84a466044adc1db2aae029cb,Western Bulldogs,Collingwood Magpies,2026-05-30T09:35:58Z,sportsbet,SportsBet,,player_disposals_over,Michael Sellwood,Over,8.5,20.5,20260530_093320
5e06aeff84a466044adc1db2aae029cb,Western Bulldogs,Collingwood Magpies,2026-05-30T09:35:58Z,sportsbet,SportsBet,,player_disposals_over,Rory Lobb,Over,8.5,20.5,20260530_093320
5e06aeff84a466044adc1db2aae029cb,Western Bulldogs,Collingwood Magpies,2026-05-30T09:35:58Z,sportsbet,SportsBet,,player_disposals_over,Arthur Jones,Over,10.0,20.5,20260530_093320
5e06aeff84a466044adc1db2aae029cb,Western Bulldogs,Collingwood Magpies,2026-05-30T09:35:58Z,sportsbet,SportsBet,,player_disposals_over,Rhylee West,Over,10.0,20.5,20260530_093320
5e06aeff84a466044adc1db2aae029cb,Western Bulldogs,Collingwood Magpies,2026-05-30T09:35:58Z,sportsbet,SportsBet,,player_disposals_over,Aaron Naughton,Over,13.0,20.5,20260530_093320
5e06aeff84a466044adc1db2aae029cb,Western Bulldogs,Collingwood Magpies,2026-05-30T09:35:58Z,sportsbet,SportsBet,,player_disposals_over,James O'Donnell,Over,13.0,20.5,20260530_093320
5e06aeff84a466044adc1db2aae029cb,Western Bulldogs,Collingwood Magpies,2026-05-30T09:35:58Z,sportsbet,SportsBet,,player_disposals_over,Cooper Hynes,Over,21.0,20.5,20260530_093320
5e06aeff84a466044adc1db2aae029cb,Western Bulldogs,Collingwood Magpies,2026-05-30T09:35:58Z,sportsbet,SportsBet,,player_disposals_over,Lachie McNeil,Over,21.0,20.5,20260530_093320
5e06aeff84a466044adc1db2aae029cb,Western Bulldogs,Collingwood Magpies,2026-05-30T09:35:58Z,sportsbet,SportsBet,,player_disposals_over,Dan Houston,Over,1.22,20.5,20260530_093320
5e06aeff84a466044adc1db2aae029cb,Western Bulldogs,Collingwood Magpies,2026-05-30T09:35:58Z,sportsbet,SportsBet,,player_disposals_over,Jack Crisp,Over,1.28,20.5,20260530_093320
5e06aeff84a466044adc1db2aae029cb,Western Bulldogs,Collingwood Magpies,2026-05-30T09:35:58Z,sportsbet,SportsBet,,player_disposals_over,Jordan De Goey,Over,1.45,20.5,20260530_093320
5e06aeff84a466044adc1db2aae029cb,Western Bulldogs,Collingwood Magpies,2026-05-30T09:35:58Z,sportsbet,SportsBet,,player_disposals_over,Josh Daicos,Over,1.11,20.5,20260530_093320
5e06aeff84a466044adc1db2aae029cb,Western Bulldogs,Collingwood Magpies,2026-05-30T09:35:58Z,sportsbet,SportsBet,,player_disposals_over,Scott Pendlebury,Over,1.42,20.5,20260530_093320
5e06aeff84a466044adc1db2aae029cb,Western Bulldogs,Collingwood Magpies,2026-05-30T09:35:58Z,sportsbet,SportsBet,,player_disposals_over,Brayden Maynard,Over,2.1,20.5,20260530_093320
5e06aeff84a466044adc1db2aae029cb,Western Bulldogs,Collingwood Magpies,2026-05-30T09:35:58Z,sportsbet,SportsBet,,player_disposals_over,Isaac Quaynor,Over,2.5,20.5,20260530_093320
5e06aeff84a466044adc1db2aae029cb,Western Bulldogs,Collingwood Magpies,2026-05-30T09:35:58Z,sportsbet,SportsBet,,player_disposals_over,Patrick Lipinski,Over,2.12,20.5,20260530_093320
5e06aeff84a466044adc1db2aae029cb,Western Bulldogs,Collingwood Magpies,2026-05-30T09:35:58Z,sportsbet,SportsBet,,player_disposals_over,Darcy Cameron,Over,3.14,20.5,20260530_093320
5e06aeff84a466044adc1db2aae029cb,Western Bulldogs,Collingwood Magpies,2026-05-30T09:35:58Z,sportsbet,SportsBet,,player_disposals_over,Jeremy Howe,Over,3.14,20.5,20260530_093320
5e06aeff84a466044adc1db2aae029cb,Western Bulldogs,Collingwood Magpies,2026-05-30T09:35:58Z,sportsbet,SportsBet,,player_disposals_over,Ned Long,Over,4.65,20.5,20260530_093320
5e06aeff84a466044adc1db2aae029cb,Western Bulldogs,Collingwood Magpies,2026-05-30T09:35:58Z,sportsbet,SportsBet,,player_disposals_over,Steele Sidebottom,Over,4.0,20.5,20260530_093320
5e06aeff84a466044adc1db2aae029cb,Western Bulldogs,Collingwood Magpies,2026-05-30T09:35:58Z,sportsbet,SportsBet,,player_disposals_over,Angus Anderson,Over,7.5,20.5,20260530_093320
5e06aeff84a466044adc1db2aae029cb,Western Bulldogs,Collingwood Magpies,2026-05-30T09:35:58Z,sportsbet,SportsBet,,player_disposals_over,Beau McCreery,Over,7.75,20.5,20260530_093320
5e06aeff84a466044adc1db2aae029cb,Western Bulldogs,Collingwood Magpies,2026-05-30T09:35:58Z,sportsbet,SportsBet,,player_disposals_over,Lachlan Schultz,Over,7.75,20.5,20260530_093320
5e06aeff84a466044adc1db2aae029cb,Western Bulldogs,Collingwood Magpies,2026-05-30T09:35:58Z,sportsbet,SportsBet,,player_disposals_over,Roan Steele,Over,7.75,20.5,20260530_093320
5e06aeff84a466044adc1db2aae029cb,Western Bulldogs,Collingwood Magpies,2026-05-30T09:35:58Z,sportsbet,SportsBet,,player_disposals_over,Edward Allan,Over,9.5,20.5,20260530_093320
5e06aeff84a466044adc1db2aae029cb,Western Bulldogs,Collingwood Magpies,2026-05-30T09:35:58Z,sportsbet,SportsBet,,player_disposals_over,Billy Frampton,Over,10.0,20.5,20260530_093320
5e06aeff84a466044adc1db2aae029cb,Western Bulldogs,Collingwood Magpies,2026-05-30T09:35:58Z,sportsbet,SportsBet,,player_disposals_over,Wil Parker,Over,12.0,20.5,20260530_093320
5e06aeff84a466044adc1db2aae029cb,Western Bulldogs,Collingwood Magpies,2026-05-30T09:35:58Z,sportsbet,SportsBet,,player_disposals_over,Harvey Harrison,Over,13.0,20.5,20260530_093320
5e06aeff84a466044adc1db2aae029cb,Western Bulldogs,Collingwood Magpies,2026-05-30T09:35:58Z,sportsbet,SportsBet,,player_disposals_over,Daniel McStay,Over,17.0,20.5,20260530_093320
5e06aeff84a466044adc1db2aae029cb,Western Bulldogs,Collingwood Magpies,2026-05-30T09:35:58Z,sportsbet,SportsBet,,player_disposals_over,Tim Membrey,Over,21.0,20.5,20260530_093320
5e06aeff84a466044adc1db2aae029cb,Western Bulldogs,Collingwood Magpies,2026-05-30T09:35:58Z,sportsbet,SportsBet,,player_disposals_over,Adam Treloar,Over,1.9,21.5,20260530_093320
5e06aeff84a466044adc1db2aae029cb,Western Bulldogs,Collingwood Magpies,2026-05-30T09:35:58Z,sportsbet,SportsBet,,player_disposals_over,Bailey Dale,Over,1.04,21.5,20260530_093320
5e06aeff84a466044adc1db2aae029cb,Western Bulldogs,Collingwood Magpies,2026-05-30T09:35:58Z,sportsbet,SportsBet,,player_disposals_over,Connor Budarick,Over,1.86,21.5,20260530_093320
5e06aeff84a466044adc1db2aae029cb,Western Bulldogs,Collingwood Magpies,2026-05-30T09:35:58Z,sportsbet,SportsBet,,player_disposals_over,Ed Richards,Over,1.2,21.5,20260530_093320
5e06aeff84a466044adc1db2aae029cb,Western Bulldogs,Collingwood Magpies,2026-05-30T09:35:58Z,sportsbet,SportsBet,,player_disposals_over,Marcus Bontempelli,Over,1.08,21.5,20260530_093320
5e06aeff84a466044adc1db2aae029cb,Western Bulldogs,Collingwood Magpies,2026-05-30T09:35:58Z,sportsbet,SportsBet,,player_disposals_over,Matthew Kennedy,Over,1.51,21.5,20260530_093320
5e06aeff84a466044adc1db2aae029cb,Western Bulldogs,Collingwood Magpies,2026-05-30T09:35:58Z,sportsbet,SportsBet,,player_disposals_over,Ryley Sanders,Over,1.17,21.5,20260530_093320
5e06aeff84a466044adc1db2aae029cb,Western Bulldogs,Collingwood Magpies,2026-05-30T09:35:58Z,sportsbet,SportsBet,,player_disposals_over,Joel Freijah,Over,3.32,21.5,20260530_093320
5e06aeff84a466044adc1db2aae029cb,Western Bulldogs,Collingwood Magpies,2026-05-30T09:35:58Z,sportsbet,SportsBet,,player_disposals_over,Lachlan Bramble,Over,4.0,21.5,20260530_093320
5e06aeff84a466044adc1db2aae029cb,Western Bulldogs,Collingwood Magpies,2026-05-30T09:35:58Z,sportsbet,SportsBet,,player_disposals_over,Nicholas Coffield,Over,6.0,21.5,20260530_093320
5e06aeff84a466044adc1db2aae029cb,Western Bulldogs,Collingwood Magpies,2026-05-30T09:35:58Z,sportsbet,SportsBet,,player_disposals_over,Timothy English,Over,6.0,21.5,20260530_093320
5e06aeff84a466044adc1db2aae029cb,Western Bulldogs,Collingwood Magpies,2026-05-30T09:35:58Z,sportsbet,SportsBet,,player_disposals_over,Buku Khamis,Over,8.5,21.5,20260530_093320
5e06aeff84a466044adc1db2aae029cb,Western Bulldogs,Collingwood Magpies,2026-05-30T09:35:58Z,sportsbet,SportsBet,,player_disposals_over,Lachie Jaques,Over,9.5,21.5,20260530_093320
5e06aeff84a466044adc1db2aae029cb,Western Bulldogs,Collingwood Magpies,2026-05-30T09:35:58Z,sportsbet,SportsBet,,player_disposals_over,Michael Sellwood,Over,10.0,21.5,20260530_093320
5e06aeff84a466044adc1db2aae029cb,Western Bulldogs,Collingwood Magpies,2026-05-30T09:35:58Z,sportsbet,SportsBet,,player_disposals_over,Rory Lobb,Over,10.0,21.5,20260530_093320
5e06aeff84a466044adc1db2aae029cb,Western Bulldogs,Collingwood Magpies,2026-05-30T09:35:58Z,sportsbet,SportsBet,,player_disposals_over,Arthur Jones,Over,12.0,21.5,20260530_093320
5e06aeff84a466044adc1db2aae029cb,Western Bulldogs,Collingwood Magpies,2026-05-30T09:35:58Z,sportsbet,SportsBet,,player_disposals_over,Rhylee West,Over,12.0,21.5,20260530_093320
5e06aeff84a466044adc1db2aae029cb,Western Bulldogs,Collingwood Magpies,2026-05-30T09:35:58Z,sportsbet,SportsBet,,player_disposals_over,Aaron Naughton,Over,15.0,21.5,20260530_093320
5e06aeff84a466044adc1db2aae029cb,Western Bulldogs,Collingwood Magpies,2026-05-30T09:35:58Z,sportsbet,SportsBet,,player_disposals_over,James O'Donnell,Over,21.0,21.5,20260530_093320
5e06aeff84a466044adc1db2aae029cb,Western Bulldogs,Collingwood Magpies,2026-05-30T09:35:58Z,sportsbet,SportsBet,,player_disposals_over,Dan Houston,Over,1.33,21.5,20260530_093320
5e06aeff84a466044adc1db2aae029cb,Western Bulldogs,Collingwood Magpies,2026-05-30T09:35:58Z,sportsbet,SportsBet,,player_disposals_over,Jack Crisp,Over,1.4,21.5,20260530_093320
5e06aeff84a466044adc1db2aae029cb,Western Bulldogs,Collingwood Magpies,2026-05-30T09:35:58Z,sportsbet,SportsBet,,player_disposals_over,Jordan De Goey,Over,1.61,21.5,20260530_093320
5e06aeff84a466044adc1db2aae029cb,Western Bulldogs,Collingwood Magpies,2026-05-30T09:35:58Z,sportsbet,SportsBet,,player_disposals_over,Josh Daicos,Over,1.17,21.5,20260530_093320
5e06aeff84a466044adc1db2aae029cb,Western Bulldogs,Collingwood Magpies,2026-05-30T09:35:58Z,sportsbet,SportsBet,,player_disposals_over,Scott Pendlebury,Over,1.58,21.5,20260530_093320
5e06aeff84a466044adc1db2aae029cb,Western Bulldogs,Collingwood Magpies,2026-05-30T09:35:58Z,sportsbet,SportsBet,,player_disposals_over,Brayden Maynard,Over,2.58,21.5,20260530_093320
5e06aeff84a466044adc1db2aae029cb,Western Bulldogs,Collingwood Magpies,2026-05-30T09:35:58Z,sportsbet,SportsBet,,player_disposals_over,Patrick Lipinski,Over,2.53,21.5,20260530_093320
5e06aeff84a466044adc1db2aae029cb,Western Bulldogs,Collingwood Magpies,2026-05-30T09:35:58Z,sportsbet,SportsBet,,player_disposals_over,Darcy Cameron,Over,3.92,21.5,20260530_093320
5e06aeff84a466044adc1db2aae029cb,Western Bulldogs,Collingwood Magpies,2026-05-30T09:35:58Z,sportsbet,SportsBet,,player_disposals_over,Isaac Quaynor,Over,3.03,21.5,20260530_093320
5e06aeff84a466044adc1db2aae029cb,Western Bulldogs,Collingwood Magpies,2026-05-30T09:35:58Z,sportsbet,SportsBet,,player_disposals_over,Jeremy Howe,Over,4.0,21.5,20260530_093320
5e06aeff84a466044adc1db2aae029cb,Western Bulldogs,Collingwood Magpies,2026-05-30T09:35:58Z,sportsbet,SportsBet,,player_disposals_over,Steele Sidebottom,Over,4.65,21.5,20260530_093320
5e06aeff84a466044adc1db2aae029cb,Western Bulldogs,Collingwood Magpies,2026-05-30T09:35:58Z,sportsbet,SportsBet,,player_disposals_over,Ned Long,Over,5.9,21.5,20260530_093320
5e06aeff84a466044adc1db2aae029cb,Western Bulldogs,Collingwood Magpies,2026-05-30T09:35:58Z,sportsbet,SportsBet,,player_disposals_over,Angus Anderson,Over,9.5,21.5,20260530_093320
5e06aeff84a466044adc1db2aae029cb,Western Bulldogs,Collingwood Magpies,2026-05-30T09:35:58Z,sportsbet,SportsBet,,player_disposals_over,Beau McCreery,Over,9.5,21.5,20260530_093320
5e06aeff84a466044adc1db2aae029cb,Western Bulldogs,Collingwood Magpies,2026-05-30T09:35:58Z,sportsbet,SportsBet,,player_disposals_over,Roan Steele,Over,9.5,21.5,20260530_093320
5e06aeff84a466044adc1db2aae029cb,Western Bulldogs,Collingwood Magpies,2026-05-30T09:35:58Z,sportsbet,SportsBet,,player_disposals_over,Lachlan Schultz,Over,10.0,21.5,20260530_093320
5e06aeff84a466044adc1db2aae029cb,Western Bulldogs,Collingwood Magpies,2026-05-30T09:35:58Z,sportsbet,SportsBet,,player_disposals_over,Billy Frampton,Over,12.0,21.5,20260530_093320
5e06aeff84a466044adc1db2aae029cb,Western Bulldogs,Collingwood Magpies,2026-05-30T09:35:58Z,sportsbet,SportsBet,,player_disposals_over,Edward Allan,Over,12.0,21.5,20260530_093320
5e06aeff84a466044adc1db2aae029cb,Western Bulldogs,Collingwood Magpies,2026-05-30T09:35:58Z,sportsbet,SportsBet,,player_disposals_over,Harvey Harrison,Over,15.0,21.5,20260530_093320
5e06aeff84a466044adc1db2aae029cb,Western Bulldogs,Collingwood Magpies,2026-05-30T09:35:58Z,sportsbet,SportsBet,,player_disposals_over,Wil Parker,Over,15.0,21.5,20260530_093320
5e06aeff84a466044adc1db2aae029cb,Western Bulldogs,Collingwood Magpies,2026-05-30T09:35:58Z,sportsbet,SportsBet,,player_disposals_over,Bailey Dale,Over,1.07,22.5,20260530_093320
5e06aeff84a466044adc1db2aae029cb,Western Bulldogs,Collingwood Magpies,2026-05-30T09:35:58Z,sportsbet,SportsBet,,player_disposals_over,Ed Richards,Over,1.28,22.5,20260530_093320
5e06aeff84a466044adc1db2aae029cb,Western Bulldogs,Collingwood Magpies,2026-05-30T09:35:58Z,sportsbet,SportsBet,,player_disposals_over,Marcus Bontempelli,Over,1.12,22.5,20260530_093320
5e06aeff84a466044adc1db2aae029cb,Western Bulldogs,Collingwood Magpies,2026-05-30T09:35:58Z,sportsbet,SportsBet,,player_disposals_over,Matthew Kennedy,Over,1.69,22.5,20260530_093320
5e06aeff84a466044adc1db2aae029cb,Western Bulldogs,Collingwood Magpies,2026-05-30T09:35:58Z,sportsbet,SportsBet,,player_disposals_over,Ryley Sanders,Over,1.28,22.5,20260530_093320
5e06aeff84a466044adc1db2aae029cb,Western Bulldogs,Collingwood Magpies,2026-05-30T09:35:58Z,sportsbet,SportsBet,,player_disposals_over,Adam Treloar,Over,2.21,22.5,20260530_093320
5e06aeff84a466044adc1db2aae029cb,Western Bulldogs,Collingwood Magpies,2026-05-30T09:35:58Z,sportsbet,SportsBet,,player_disposals_over,Connor Budarick,Over,2.2,22.5,20260530_093320
5e06aeff84a466044adc1db2aae029cb,Western Bulldogs,Collingwood Magpies,2026-05-30T09:35:58Z,sportsbet,SportsBet,,player_disposals_over,Joel Freijah,Over,4.25,22.5,20260530_093320
5e06aeff84a466044adc1db2aae029cb,Western Bulldogs,Collingwood Magpies,2026-05-30T09:35:58Z,sportsbet,SportsBet,,player_disposals_over,Lachlan Bramble,Over,5.0,22.5,20260530_093320
5e06aeff84a466044adc1db2aae029cb,Western Bulldogs,Collingwood Magpies,2026-05-30T09:35:58Z,sportsbet,SportsBet,,player_disposals_over,Timothy English,Over,7.75,22.5,20260530_093320
5e06aeff84a466044adc1db2aae029cb,Western Bulldogs,Collingwood Magpies,2026-05-30T09:35:58Z,sportsbet,SportsBet,,player_disposals_over,Nicholas Coffield,Over,8.0,22.5,20260530_093320
5e06aeff84a466044adc1db2aae029cb,Western Bulldogs,Collingwood Magpies,2026-05-30T09:35:58Z,sportsbet,SportsBet,,player_disposals_over,Buku Khamis,Over,10.0,22.5,20260530_093320
5e06aeff84a466044adc1db2aae029cb,Western Bulldogs,Collingwood Magpies,2026-05-30T09:35:58Z,sportsbet,SportsBet,,player_disposals_over,Lachie Jaques,Over,12.0,22.5,20260530_093320
5e06aeff84a466044adc1db2aae029cb,Western Bulldogs,Collingwood Magpies,2026-05-30T09:35:58Z,sportsbet,SportsBet,,player_disposals_over,Michael Sellwood,Over,12.0,22.5,20260530_093320
5e06aeff84a466044adc1db2aae029cb,Western Bulldogs,Collingwood Magpies,2026-05-30T09:35:58Z,sportsbet,SportsBet,,player_disposals_over,Rory Lobb,Over,12.0,22.5,20260530_093320
5e06aeff84a466044adc1db2aae029cb,Western Bulldogs,Collingwood Magpies,2026-05-30T09:35:58Z,sportsbet,SportsBet,,player_disposals_over,Arthur Jones,Over,15.0,22.5,20260530_093320
5e06aeff84a466044adc1db2aae029cb,Western Bulldogs,Collingwood Magpies,2026-05-30T09:35:58Z,sportsbet,SportsBet,,player_disposals_over,Rhylee West,Over,15.0,22.5,20260530_093320
5e06aeff84a466044adc1db2aae029cb,Western Bulldogs,Collingwood Magpies,2026-05-30T09:35:58Z,sportsbet,SportsBet,,player_disposals_over,Dan Houston,Over,1.46,22.5,20260530_093320
5e06aeff84a466044adc1db2aae029cb,Western Bulldogs,Collingwood Magpies,2026-05-30T09:35:58Z,sportsbet,SportsBet,,player_disposals_over,Jack Crisp,Over,1.57,22.5,20260530_093320
5e06aeff84a466044adc1db2aae029cb,Western Bulldogs,Collingwood Magpies,2026-05-30T09:35:58Z,sportsbet,SportsBet,,player_disposals_over,Jordan De Goey,Over,1.83,22.5,20260530_093320
5e06aeff84a466044adc1db2aae029cb,Western Bulldogs,Collingwood Magpies,2026-05-30T09:35:58Z,sportsbet,SportsBet,,player_disposals_over,Josh Daicos,Over,1.22,22.5,20260530_093320
5e06aeff84a466044adc1db2aae029cb,Western Bulldogs,Collingwood Magpies,2026-05-30T09:35:58Z,sportsbet,SportsBet,,player_disposals_over,Nick Daicos,Over,1.04,22.5,20260530_093320
5e06aeff84a466044adc1db2aae029cb,Western Bulldogs,Collingwood Magpies,2026-05-30T09:35:58Z,sportsbet,SportsBet,,player_disposals_over,Scott Pendlebury,Over,1.8,22.5,20260530_093320
5e06aeff84a466044adc1db2aae029cb,Western Bulldogs,Collingwood Magpies,2026-05-30T09:35:58Z,sportsbet,SportsBet,,player_disposals_over,Brayden Maynard,Over,3.25,22.5,20260530_093320
5e06aeff84a466044adc1db2aae029cb,Western Bulldogs,Collingwood Magpies,2026-05-30T09:35:58Z,sportsbet,SportsBet,,player_disposals_over,Isaac Quaynor,Over,3.7,22.5,20260530_093320
5e06aeff84a466044adc1db2aae029cb,Western Bulldogs,Collingwood Magpies,2026-05-30T09:35:58Z,sportsbet,SportsBet,,player_disposals_over,Patrick Lipinski,Over,3.04,22.5,20260530_093320
5e06aeff84a466044adc1db2aae029cb,Western Bulldogs,Collingwood Magpies,2026-05-30T09:35:58Z,sportsbet,SportsBet,,player_disposals_over,Darcy Cameron,Over,4.65,22.5,20260530_093320
5e06aeff84a466044adc1db2aae029cb,Western Bulldogs,Collingwood Magpies,2026-05-30T09:35:58Z,sportsbet,SportsBet,,player_disposals_over,Jeremy Howe,Over,4.65,22.5,20260530_093320
5e06aeff84a466044adc1db2aae029cb,Western Bulldogs,Collingwood Magpies,2026-05-30T09:35:58Z,sportsbet,SportsBet,,player_disposals_over,Steele Sidebottom,Over,5.9,22.5,20260530_093320
5e06aeff84a466044adc1db2aae029cb,Western Bulldogs,Collingwood Magpies,2026-05-30T09:35:58Z,sportsbet,SportsBet,,player_disposals_over,Ned Long,Over,7.5,22.5,20260530_093320
5e06aeff84a466044adc1db2aae029cb,Western Bulldogs,Collingwood Magpies,2026-05-30T09:35:58Z,sportsbet,SportsBet,,player_disposals_over,Angus Anderson,Over,12.0,22.5,20260530_093320
5e06aeff84a466044adc1db2aae029cb,Western Bulldogs,Collingwood Magpies,2026-05-30T09:35:58Z,sportsbet,SportsBet,,player_disposals_over,Beau McCreery,Over,12.0,22.5,20260530_093320
5e06aeff84a466044adc1db2aae029cb,Western Bulldogs,Collingwood Magpies,2026-05-30T09:35:58Z,sportsbet,SportsBet,,player_disposals_over,Lachlan Schultz,Over,12.0,22.5,20260530_093320
5e06aeff84a466044adc1db2aae029cb,Western Bulldogs,Collingwood Magpies,2026-05-30T09:35:58Z,sportsbet,SportsBet,,player_disposals_over,Roan Steele,Over,12.0,22.5,20260530_093320
5e06aeff84a466044adc1db2aae029cb,Western Bulldogs,Collingwood Magpies,2026-05-30T09:35:58Z,sportsbet,SportsBet,,player_disposals_over,Edward Allan,Over,13.0,22.5,20260530_093320
5e06aeff84a466044adc1db2aae029cb,Western Bulldogs,Collingwood Magpies,2026-05-30T09:35:58Z,sportsbet,SportsBet,,player_disposals_over,Billy Frampton,Over,14.0,22.5,20260530_093320
5e06aeff84a466044adc1db2aae029cb,Western Bulldogs,Collingwood Magpies,2026-05-30T09:35:58Z,sportsbet,SportsBet,,player_disposals_over,Bailey Dale,Over,1.11,23.5,20260530_093320
5e06aeff84a466044adc1db2aae029cb,Western Bulldogs,Collingwood Magpies,2026-05-30T09:35:58Z,sportsbet,SportsBet,,player_disposals_over,Ed Richards,Over,1.38,23.5,20260530_093320
5e06aeff84a466044adc1db2aae029cb,Western Bulldogs,Collingwood Magpies,2026-05-30T09:35:58Z,sportsbet,SportsBet,,player_disposals_over,Marcus Bontempelli,Over,1.17,23.5,20260530_093320
5e06aeff84a466044adc1db2aae029cb,Western Bulldogs,Collingwood Magpies,2026-05-30T09:35:58Z,sportsbet,SportsBet,,player_disposals_over,Matthew Kennedy,Over,1.91,23.5,20260530_093320
5e06aeff84a466044adc1db2aae029cb,Western Bulldogs,Collingwood Magpies,2026-05-30T09:35:58Z,sportsbet,SportsBet,,player_disposals_over,Ryley Sanders,Over,1.36,23.5,20260530_093320
5e06aeff84a466044adc1db2aae029cb,Western Bulldogs,Collingwood Magpies,2026-05-30T09:35:58Z,sportsbet,SportsBet,,player_disposals_over,Adam Treloar,Over,2.61,23.5,20260530_093320
5e06aeff84a466044adc1db2aae029cb,Western Bulldogs,Collingwood Magpies,2026-05-30T09:35:58Z,sportsbet,SportsBet,,player_disposals_over,Connor Budarick,Over,2.67,23.5,20260530_093320
5e06aeff84a466044adc1db2aae029cb,Western Bulldogs,Collingwood Magpies,2026-05-30T09:35:58Z,sportsbet,SportsBet,,player_disposals_over,Joel Freijah,Over,5.2,23.5,20260530_093320
5e06aeff84a466044adc1db2aae029cb,Western Bulldogs,Collingwood Magpies,2026-05-30T09:35:58Z,sportsbet,SportsBet,,player_disposals_over,Lachlan Bramble,Over,6.0,23.5,20260530_093320
5e06aeff84a466044adc1db2aae029cb,Western Bulldogs,Collingwood Magpies,2026-05-30T09:35:58Z,sportsbet,SportsBet,,player_disposals_over,Nicholas Coffield,Over,9.5,23.5,20260530_093320
5e06aeff84a466044adc1db2aae029cb,Western Bulldogs,Collingwood Magpies,2026-05-30T09:35:58Z,sportsbet,SportsBet,,player_disposals_over,Timothy English,Over,9.5,23.5,20260530_093320
5e06aeff84a466044adc1db2aae029cb,Western Bulldogs,Collingwood Magpies,2026-05-30T09:35:58Z,sportsbet,SportsBet,,player_disposals_over,Buku Khamis,Over,12.0,23.5,20260530_093320
5e06aeff84a466044adc1db2aae029cb,Western Bulldogs,Collingwood Magpies,2026-05-30T09:35:58Z,sportsbet,SportsBet,,player_disposals_over,Lachie Jaques,Over,13.0,23.5,20260530_093320
5e06aeff84a466044adc1db2aae029cb,Western Bulldogs,Collingwood Magpies,2026-05-30T09:35:58Z,sportsbet,SportsBet,,player_disposals_over,Michael Sellwood,Over,14.0,23.5,20260530_093320
5e06aeff84a466044adc1db2aae029cb,Western Bulldogs,Collingwood Magpies,2026-05-30T09:35:58Z,sportsbet,SportsBet,,player_disposals_over,Rory Lobb,Over,14.0,23.5,20260530_093320
5e06aeff84a466044adc1db2aae029cb,Western Bulldogs,Collingwood Magpies,2026-05-30T09:35:58Z,sportsbet,SportsBet,,player_disposals_over,Dan Houston,Over,1.63,23.5,20260530_093320
5e06aeff84a466044adc1db2aae029cb,Western Bulldogs,Collingwood Magpies,2026-05-30T09:35:58Z,sportsbet,SportsBet,,player_disposals_over,Jack Crisp,Over,1.77,23.5,20260530_093320
5e06aeff84a466044adc1db2aae029cb,Western Bulldogs,Collingwood Magpies,2026-05-30T09:35:58Z,sportsbet,SportsBet,,player_disposals_over,Josh Daicos,Over,1.31,23.5,20260530_093320
5e06aeff84a466044adc1db2aae029cb,Western Bulldogs,Collingwood Magpies,2026-05-30T09:35:58Z,sportsbet,SportsBet,,player_disposals_over,Nick Daicos,Over,1.06,23.5,20260530_093320
5e06aeff84a466044adc1db2aae029cb,Western Bulldogs,Collingwood Magpies,2026-05-30T09:35:58Z,sportsbet,SportsBet,,player_disposals_over,Jordan De Goey,Over,2.1,23.5,20260530_093320
5e06aeff84a466044adc1db2aae029cb,Western Bulldogs,Collingwood Magpies,2026-05-30T09:35:58Z,sportsbet,SportsBet,,player_disposals_over,Scott Pendlebury,Over,2.08,23.5,20260530_093320
5e06aeff84a466044adc1db2aae029cb,Western Bulldogs,Collingwood Magpies,2026-05-30T09:35:58Z,sportsbet,SportsBet,,player_disposals_over,Patrick Lipinski,Over,3.69,23.5,20260530_093320
5e06aeff84a466044adc1db2aae029cb,Western Bulldogs,Collingwood Magpies,2026-05-30T09:35:58Z,sportsbet,SportsBet,,player_disposals_over,Brayden Maynard,Over,4.0,23.5,20260530_093320
5e06aeff84a466044adc1db2aae029cb,Western Bulldogs,Collingwood Magpies,2026-05-30T09:35:58Z,sportsbet,SportsBet,,player_disposals_over,Isaac Quaynor,Over,4.6,23.5,20260530_093320
5e06aeff84a466044adc1db2aae029cb,Western Bulldogs,Collingwood Magpies,2026-05-30T09:35:58Z,sportsbet,SportsBet,,player_disposals_over,Darcy Cameron,Over,5.5,23.5,20260530_093320
5e06aeff84a466044adc1db2aae029cb,Western Bulldogs,Collingwood Magpies,2026-05-30T09:35:58Z,sportsbet,SportsBet,,player_disposals_over,Jeremy Howe,Over,5.9,23.5,20260530_093320
5e06aeff84a466044adc1db2aae029cb,Western Bulldogs,Collingwood Magpies,2026-05-30T09:35:58Z,sportsbet,SportsBet,,player_disposals_over,Steele Sidebottom,Over,7.0,23.5,20260530_093320
5e06aeff84a466044adc1db2aae029cb,Western Bulldogs,Collingwood Magpies,2026-05-30T09:35:58Z,sportsbet,SportsBet,,player_disposals_over,Ned Long,Over,9.5,23.5,20260530_093320
5e06aeff84a466044adc1db2aae029cb,Western Bulldogs,Collingwood Magpies,2026-05-30T09:35:58Z,sportsbet,SportsBet,,player_disposals_over,Angus Anderson,Over,13.0,23.5,20260530_093320
5e06aeff84a466044adc1db2aae029cb,Western Bulldogs,Collingwood Magpies,2026-05-30T09:35:58Z,sportsbet,SportsBet,,player_disposals_over,Beau McCreery,Over,14.0,23.5,20260530_093320
5e06aeff84a466044adc1db2aae029cb,Western Bulldogs,Collingwood Magpies,2026-05-30T09:35:58Z,sportsbet,SportsBet,,player_disposals_over,Roan Steele,Over,14.0,23.5,20260530_093320
5e06aeff84a466044adc1db2aae029cb,Western Bulldogs,Collingwood Magpies,2026-05-30T09:35:58Z,sportsbet,SportsBet,,player_disposals_over,Lachlan Schultz,Over,15.0,23.5,20260530_093320
5e06aeff84a466044adc1db2aae029cb,Western Bulldogs,Collingwood Magpies,2026-05-30T09:35:58Z,sportsbet,SportsBet,,player_disposals_over,Edward Allan,Over,21.0,23.5,20260530_093320
5e06aeff84a466044adc1db2aae029cb,Western Bulldogs,Collingwood Magpies,2026-05-30T09:35:58Z,sportsbet,SportsBet,,player_disposals_over,Bailey Dale,Over,1.14,24.5,20260530_093320
5e06aeff84a466044adc1db2aae029cb,Western Bulldogs,Collingwood Magpies,2026-05-30T09:35:58Z,sportsbet,SportsBet,,player_disposals_over,Ed Richards,Over,1.51,24.5,20260530_093320
5e06aeff84a466044adc1db2aae029cb,Western Bulldogs,Collingwood Magpies,2026-05-30T09:35:58Z,sportsbet,SportsBet,,player_disposals_over,Marcus Bontempelli,Over,1.22,24.5,20260530_093320
5e06aeff84a466044adc1db2aae029cb,Western Bulldogs,Collingwood Magpies,2026-05-30T09:35:58Z,sportsbet,SportsBet,,player_disposals_over,Ryley Sanders,Over,1.49,24.5,20260530_093320
5e06aeff84a466044adc1db2aae029cb,Western Bulldogs,Collingwood Magpies,2026-05-30T09:35:58Z,sportsbet,SportsBet,,player_disposals_over,Matthew Kennedy,Over,2.2,24.5,20260530_093320
5e06aeff84a466044adc1db2aae029cb,Western Bulldogs,Collingwood Magpies,2026-05-30T09:35:58Z,sportsbet,SportsBet,,player_disposals_over,Adam Treloar,Over,3.12,24.5,20260530_093320
5e06aeff84a466044adc1db2aae029cb,Western Bulldogs,Collingwood Magpies,2026-05-30T09:35:58Z,sportsbet,SportsBet,,player_disposals_over,Connor Budarick,Over,3.27,24.5,20260530_093320
5e06aeff84a466044adc1db2aae029cb,Western Bulldogs,Collingwood Magpies,2026-05-30T09:35:58Z,sportsbet,SportsBet,,player_disposals_over,Joel Freijah,Over,6.0,24.5,20260530_093320
5e06aeff84a466044adc1db2aae029cb,Western Bulldogs,Collingwood Magpies,2026-05-30T09:35:58Z,sportsbet,SportsBet,,player_disposals_over,Lachlan Bramble,Over,7.5,24.5,20260530_093320
5e06aeff84a466044adc1db2aae029cb,Western Bulldogs,Collingwood Magpies,2026-05-30T09:35:58Z,sportsbet,SportsBet,,player_disposals_over,Nicholas Coffield,Over,12.0,24.5,20260530_093320
5e06aeff84a466044adc1db2aae029cb,Western Bulldogs,Collingwood Magpies,2026-05-30T09:35:58Z,sportsbet,SportsBet,,player_disposals_over,Timothy English,Over,12.0,24.5,20260530_093320
5e06aeff84a466044adc1db2aae029cb,Western Bulldogs,Collingwood Magpies,2026-05-30T09:35:58Z,sportsbet,SportsBet,,player_disposals_over,Buku Khamis,Over,13.0,24.5,20260530_093320
5e06aeff84a466044adc1db2aae029cb,Western Bulldogs,Collingwood Magpies,2026-05-30T09:35:58Z,sportsbet,SportsBet,,player_disposals_over,Lachie Jaques,Over,21.0,24.5,20260530_093320
5e06aeff84a466044adc1db2aae029cb,Western Bulldogs,Collingwood Magpies,2026-05-30T09:35:58Z,sportsbet,SportsBet,,player_disposals_over,Rory Lobb,Over,21.0,24.5,20260530_093320
5e06aeff84a466044adc1db2aae029cb,Western Bulldogs,Collingwood Magpies,2026-05-30T09:35:58Z,sportsbet,SportsBet,,player_disposals_over,Michael Sellwood,Over,34.0,24.5,20260530_093320
5e06aeff84a466044adc1db2aae029cb,Western Bulldogs,Collingwood Magpies,2026-05-30T09:35:58Z,sportsbet,SportsBet,,player_disposals_over,Dan Houston,Over,1.83,24.5,20260530_093320
5e06aeff84a466044adc1db2aae029cb,Western Bulldogs,Collingwood Magpies,2026-05-30T09:35:58Z,sportsbet,SportsBet,,player_disposals_over,Josh Daicos,Over,1.44,24.5,20260530_093320
5e06aeff84a466044adc1db2aae029cb,Western Bulldogs,Collingwood Magpies,2026-05-30T09:35:58Z,sportsbet,SportsBet,,player_disposals_over,Nick Daicos,Over,1.1,24.5,20260530_093320
5e06aeff84a466044adc1db2aae029cb,Western Bulldogs,Collingwood Magpies,2026-05-30T09:35:58Z,sportsbet,SportsBet,,player_disposals_over,Jack Crisp,Over,2.05,24.5,20260530_093320
5e06aeff84a466044adc1db2aae029cb,Western Bulldogs,Collingwood Magpies,2026-05-30T09:35:58Z,sportsbet,SportsBet,,player_disposals_over,Jordan De Goey,Over,2.45,24.5,20260530_093320
5e06aeff84a466044adc1db2aae029cb,Western Bulldogs,Collingwood Magpies,2026-05-30T09:35:58Z,sportsbet,SportsBet,,player_disposals_over,Scott Pendlebury,Over,2.45,24.5,20260530_093320
5e06aeff84a466044adc1db2aae029cb,Western Bulldogs,Collingwood Magpies,2026-05-30T09:35:58Z,sportsbet,SportsBet,,player_disposals_over,Patrick Lipinski,Over,4.6,24.5,20260530_093320
5e06aeff84a466044adc1db2aae029cb,Western Bulldogs,Collingwood Magpies,2026-05-30T09:35:58Z,sportsbet,SportsBet,,player_disposals_over,Brayden Maynard,Over,5.2,24.5,20260530_093320
5e06aeff84a466044adc1db2aae029cb,Western Bulldogs,Collingwood Magpies,2026-05-30T09:35:58Z,sportsbet,SportsBet,,player_disposals_over,Isaac Quaynor,Over,5.4,24.5,20260530_093320
5e06aeff84a466044adc1db2aae029cb,Western Bulldogs,Collingwood Magpies,2026-05-30T09:35:58Z,sportsbet,SportsBet,,player_disposals_over,Darcy Cameron,Over,6.5,24.5,20260530_093320
5e06aeff84a466044adc1db2aae029cb,Western Bulldogs,Collingwood Magpies,2026-05-30T09:35:58Z,sportsbet,SportsBet,,player_disposals_over,Jeremy Howe,Over,7.0,24.5,20260530_093320
5e06aeff84a466044adc1db2aae029cb,Western Bulldogs,Collingwood Magpies,2026-05-30T09:35:58Z,sportsbet,SportsBet,,player_disposals_over,Steele Sidebottom,Over,9.5,24.5,20260530_093320
5e06aeff84a466044adc1db2aae029cb,Western Bulldogs,Collingwood Magpies,2026-05-30T09:35:58Z,sportsbet,SportsBet,,player_disposals_over,Ned Long,Over,11.0,24.5,20260530_093320
5e06aeff84a466044adc1db2aae029cb,Western Bulldogs,Collingwood Magpies,2026-05-30T09:35:58Z,sportsbet,SportsBet,,player_disposals_over,Angus Anderson,Over,21.0,24.5,20260530_093320
5e06aeff84a466044adc1db2aae029cb,Western Bulldogs,Collingwood Magpies,2026-05-30T09:35:58Z,sportsbet,SportsBet,,player_disposals_over,Beau McCreery,Over,34.0,24.5,20260530_093320
5e06aeff84a466044adc1db2aae029cb,Western Bulldogs,Collingwood Magpies,2026-05-30T09:35:58Z,sportsbet,SportsBet,,player_disposals_over,Lachlan Schultz,Over,34.0,24.5,20260530_093320
5e06aeff84a466044adc1db2aae029cb,Western Bulldogs,Collingwood Magpies,2026-05-30T09:35:58Z,sportsbet,SportsBet,,player_disposals_over,Roan Steele,Over,34.0,24.5,20260530_093320
5e06aeff84a466044adc1db2aae029cb,Western Bulldogs,Collingwood Magpies,2026-05-30T09:35:58Z,sportsbet,SportsBet,,player_disposals_over,Bailey Dale,Over,1.22,25.5,20260530_093320
5e06aeff84a466044adc1db2aae029cb,Western Bulldogs,Collingwood Magpies,2026-05-30T09:35:58Z,sportsbet,SportsBet,,player_disposals_over,Ed Richards,Over,1.69,25.5,20260530_093320
5e06aeff84a466044adc1db2aae029cb,Western Bulldogs,Collingwood Magpies,2026-05-30T09:35:58Z,sportsbet,SportsBet,,player_disposals_over,Marcus Bontempelli,Over,1.3,25.5,20260530_093320
5e06aeff84a466044adc1db2aae029cb,Western Bulldogs,Collingwood Magpies,2026-05-30T09:35:58Z,sportsbet,SportsBet,,player_disposals_over,Ryley Sanders,Over,1.67,25.5,20260530_093320
5e06aeff84a466044adc1db2aae029cb,Western Bulldogs,Collingwood Magpies,2026-05-30T09:35:58Z,sportsbet,SportsBet,,player_disposals_over,Matthew Kennedy,Over,2.58,25.5,20260530_093320
5e06aeff84a466044adc1db2aae029cb,Western Bulldogs,Collingwood Magpies,2026-05-30T09:35:58Z,sportsbet,SportsBet,,player_disposals_over,Adam Treloar,Over,3.7,25.5,20260530_093320
5e06aeff84a466044adc1db2aae029cb,Western Bulldogs,Collingwood Magpies,2026-05-30T09:35:58Z,sportsbet,SportsBet,,player_disposals_over,Connor Budarick,Over,4.0,25.5,20260530_093320
5e06aeff84a466044adc1db2aae029cb,Western Bulldogs,Collingwood Magpies,2026-05-30T09:35:58Z,sportsbet,SportsBet,,player_disposals_over,Joel Freijah,Over,7.75,25.5,20260530_093320
5e06aeff84a466044adc1db2aae029cb,Western Bulldogs,Collingwood Magpies,2026-05-30T09:35:58Z,sportsbet,SportsBet,,player_disposals_over,Lachlan Bramble,Over,9.5,25.5,20260530_093320
5e06aeff84a466044adc1db2aae029cb,Western Bulldogs,Collingwood Magpies,2026-05-30T09:35:58Z,sportsbet,SportsBet,,player_disposals_over,Nicholas Coffield,Over,13.0,25.5,20260530_093320
5e06aeff84a466044adc1db2aae029cb,Western Bulldogs,Collingwood Magpies,2026-05-30T09:35:58Z,sportsbet,SportsBet,,player_disposals_over,Timothy English,Over,13.0,25.5,20260530_093320
5e06aeff84a466044adc1db2aae029cb,Western Bulldogs,Collingwood Magpies,2026-05-30T09:35:58Z,sportsbet,SportsBet,,player_disposals_over,Buku Khamis,Over,21.0,25.5,20260530_093320
5e06aeff84a466044adc1db2aae029cb,Western Bulldogs,Collingwood Magpies,2026-05-30T09:35:58Z,sportsbet,SportsBet,,player_disposals_over,Lachie Jaques,Over,41.0,25.5,20260530_093320
5e06aeff84a466044adc1db2aae029cb,Western Bulldogs,Collingwood Magpies,2026-05-30T09:35:58Z,sportsbet,SportsBet,,player_disposals_over,Michael Sellwood,Over,41.0,25.5,20260530_093320
5e06aeff84a466044adc1db2aae029cb,Western Bulldogs,Collingwood Magpies,2026-05-30T09:35:58Z,sportsbet,SportsBet,,player_disposals_over,Rory Lobb,Over,41.0,25.5,20260530_093320
5e06aeff84a466044adc1db2aae029cb,Western Bulldogs,Collingwood Magpies,2026-05-30T09:35:58Z,sportsbet,SportsBet,,player_disposals_over,Josh Daicos,Over,1.6,25.5,20260530_093320
5e06aeff84a466044adc1db2aae029cb,Western Bulldogs,Collingwood Magpies,2026-05-30T09:35:58Z,sportsbet,SportsBet,,player_disposals_over,Nick Daicos,Over,1.14,25.5,20260530_093320
5e06aeff84a466044adc1db2aae029cb,Western Bulldogs,Collingwood Magpies,2026-05-30T09:35:58Z,sportsbet,SportsBet,,player_disposals_over,Dan Houston,Over,2.1,25.5,20260530_093320
5e06aeff84a466044adc1db2aae029cb,Western Bulldogs,Collingwood Magpies,2026-05-30T09:35:58Z,sportsbet,SportsBet,,player_disposals_over,Jack Crisp,Over,2.42,25.5,20260530_093320
5e06aeff84a466044adc1db2aae029cb,Western Bulldogs,Collingwood Magpies,2026-05-30T09:35:58Z,sportsbet,SportsBet,,player_disposals_over,Jordan De Goey,Over,2.92,25.5,20260530_093320
5e06aeff84a466044adc1db2aae029cb,Western Bulldogs,Collingwood Magpies,2026-05-30T09:35:58Z,sportsbet,SportsBet,,player_disposals_over,Scott Pendlebury,Over,2.94,25.5,20260530_093320
5e06aeff84a466044adc1db2aae029cb,Western Bulldogs,Collingwood Magpies,2026-05-30T09:35:58Z,sportsbet,SportsBet,,player_disposals_over,Patrick Lipinski,Over,5.2,25.5,20260530_093320
5e06aeff84a466044adc1db2aae029cb,Western Bulldogs,Collingwood Magpies,2026-05-30T09:35:58Z,sportsbet,SportsBet,,player_disposals_over,Brayden Maynard,Over,6.0,25.5,20260530_093320
5e06aeff84a466044adc1db2aae029cb,Western Bulldogs,Collingwood Magpies,2026-05-30T09:35:58Z,sportsbet,SportsBet,,player_disposals_over,Isaac Quaynor,Over,6.5,25.5,20260530_093320
5e06aeff84a466044adc1db2aae029cb,Western Bulldogs,Collingwood Magpies,2026-05-30T09:35:58Z,sportsbet,SportsBet,,player_disposals_over,Darcy Cameron,Over,8.5,25.5,20260530_093320
5e06aeff84a466044adc1db2aae029cb,Western Bulldogs,Collingwood Magpies,2026-05-30T09:35:58Z,sportsbet,SportsBet,,player_disposals_over,Jeremy Howe,Over,9.5,25.5,20260530_093320
5e06aeff84a466044adc1db2aae029cb,Western Bulldogs,Collingwood Magpies,2026-05-30T09:35:58Z,sportsbet,SportsBet,,player_disposals_over,Steele Sidebottom,Over,10.0,25.5,20260530_093320
5e06aeff84a466044adc1db2aae029cb,Western Bulldogs,Collingwood Magpies,2026-05-30T09:35:58Z,sportsbet,SportsBet,,player_disposals_over,Ned Long,Over,13.0,25.5,20260530_093320
5e06aeff84a466044adc1db2aae029cb,Western Bulldogs,Collingwood Magpies,2026-05-30T09:35:58Z,sportsbet,SportsBet,,player_disposals_over,Angus Anderson,Over,41.0,25.5,20260530_093320
5e06aeff84a466044adc1db2aae029cb,Western Bulldogs,Collingwood Magpies,2026-05-30T09:35:58Z,sportsbet,SportsBet,,player_disposals_over,Bailey Dale,Over,1.3,26.5,20260530_093320
5e06aeff84a466044adc1db2aae029cb,Western Bulldogs,Collingwood Magpies,2026-05-30T09:35:58Z,sportsbet,SportsBet,,player_disposals_over,Ed Richards,Over,1.9,26.5,20260530_093320
5e06aeff84a466044adc1db2aae029cb,Western Bulldogs,Collingwood Magpies,2026-05-30T09:35:58Z,sportsbet,SportsBet,,player_disposals_over,Marcus Bontempelli,Over,1.4,26.5,20260530_093320
5e06aeff84a466044adc1db2aae029cb,Western Bulldogs,Collingwood Magpies,2026-05-30T09:35:58Z,sportsbet,SportsBet,,player_disposals_over,Ryley Sanders,Over,1.89,26.5,20260530_093320
5e06aeff84a466044adc1db2aae029cb,Western Bulldogs,Collingwood Magpies,2026-05-30T09:35:58Z,sportsbet,SportsBet,,player_disposals_over,Matthew Kennedy,Over,3.07,26.5,20260530_093320
5e06aeff84a466044adc1db2aae029cb,Western Bulldogs,Collingwood Magpies,2026-05-30T09:35:58Z,sportsbet,SportsBet,,player_disposals_over,Adam Treloar,Over,4.6,26.5,20260530_093320
5e06aeff84a466044adc1db2aae029cb,Western Bulldogs,Collingwood Magpies,2026-05-30T09:35:58Z,sportsbet,SportsBet,,player_disposals_over,Connor Budarick,Over,5.0,26.5,20260530_093320
5e06aeff84a466044adc1db2aae029cb,Western Bulldogs,Collingwood Magpies,2026-05-30T09:35:58Z,sportsbet,SportsBet,,player_disposals_over,Joel Freijah,Over,9.5,26.5,20260530_093320
5e06aeff84a466044adc1db2aae029cb,Western Bulldogs,Collingwood Magpies,2026-05-30T09:35:58Z,sportsbet,SportsBet,,player_disposals_over,Lachlan Bramble,Over,10.0,26.5,20260530_093320
5e06aeff84a466044adc1db2aae029cb,Western Bulldogs,Collingwood Magpies,2026-05-30T09:35:58Z,sportsbet,SportsBet,,player_disposals_over,Nicholas Coffield,Over,17.0,26.5,20260530_093320
5e06aeff84a466044adc1db2aae029cb,Western Bulldogs,Collingwood Magpies,2026-05-30T09:35:58Z,sportsbet,SportsBet,,player_disposals_over,Timothy English,Over,17.0,26.5,20260530_093320
5e06aeff84a466044adc1db2aae029cb,Western Bulldogs,Collingwood Magpies,2026-05-30T09:35:58Z,sportsbet,SportsBet,,player_disposals_over,Buku Khamis,Over,34.0,26.5,20260530_093320
5e06aeff84a466044adc1db2aae029cb,Western Bulldogs,Collingwood Magpies,2026-05-30T09:35:58Z,sportsbet,SportsBet,,player_disposals_over,Josh Daicos,Over,1.8,26.5,20260530_093320
5e06aeff84a466044adc1db2aae029cb,Western Bulldogs,Collingwood Magpies,2026-05-30T09:35:58Z,sportsbet,SportsBet,,player_disposals_over,Nick Daicos,Over,1.2,26.5,20260530_093320
5e06aeff84a466044adc1db2aae029cb,Western Bulldogs,Collingwood Magpies,2026-05-30T09:35:58Z,sportsbet,SportsBet,,player_disposals_over,Dan Houston,Over,2.41,26.5,20260530_093320
5e06aeff84a466044adc1db2aae029cb,Western Bulldogs,Collingwood Magpies,2026-05-30T09:35:58Z,sportsbet,SportsBet,,player_disposals_over,Jack Crisp,Over,2.92,26.5,20260530_093320
5e06aeff84a466044adc1db2aae029cb,Western Bulldogs,Collingwood Magpies,2026-05-30T09:35:58Z,sportsbet,SportsBet,,player_disposals_over,Jordan De Goey,Over,3.45,26.5,20260530_093320
5e06aeff84a466044adc1db2aae029cb,Western Bulldogs,Collingwood Magpies,2026-05-30T09:35:58Z,sportsbet,SportsBet,,player_disposals_over,Scott Pendlebury,Over,3.45,26.5,20260530_093320
5e06aeff84a466044adc1db2aae029cb,Western Bulldogs,Collingwood Magpies,2026-05-30T09:35:58Z,sportsbet,SportsBet,,player_disposals_over,Patrick Lipinski,Over,6.0,26.5,20260530_093320
5e06aeff84a466044adc1db2aae029cb,Western Bulldogs,Collingwood Magpies,2026-05-30T09:35:58Z,sportsbet,SportsBet,,player_disposals_over,Brayden Maynard,Over,7.75,26.5,20260530_093320
5e06aeff84a466044adc1db2aae029cb,Western Bulldogs,Collingwood Magpies,2026-05-30T09:35:58Z,sportsbet,SportsBet,,player_disposals_over,Isaac Quaynor,Over,8.5,26.5,20260530_093320
5e06aeff84a466044adc1db2aae029cb,Western Bulldogs,Collingwood Magpies,2026-05-30T09:35:58Z,sportsbet,SportsBet,,player_disposals_over,Darcy Cameron,Over,10.0,26.5,20260530_093320
5e06aeff84a466044adc1db2aae029cb,Western Bulldogs,Collingwood Magpies,2026-05-30T09:35:58Z,sportsbet,SportsBet,,player_disposals_over,Jeremy Howe,Over,10.0,26.5,20260530_093320
5e06aeff84a466044adc1db2aae029cb,Western Bulldogs,Collingwood Magpies,2026-05-30T09:35:58Z,sportsbet,SportsBet,,player_disposals_over,Steele Sidebottom,Over,12.0,26.5,20260530_093320
5e06aeff84a466044adc1db2aae029cb,Western Bulldogs,Collingwood Magpies,2026-05-30T09:35:58Z,sportsbet,SportsBet,,player_disposals_over,Ned Long,Over,15.0,26.5,20260530_093320
5e06aeff84a466044adc1db2aae029cb,Western Bulldogs,Collingwood Magpies,2026-05-30T09:35:58Z,sportsbet,SportsBet,,player_disposals_over,Bailey Dale,Over,1.39,27.5,20260530_093320
5e06aeff84a466044adc1db2aae029cb,Western Bulldogs,Collingwood Magpies,2026-05-30T09:35:58Z,sportsbet,SportsBet,,player_disposals_over,Marcus Bontempelli,Over,1.54,27.5,20260530_093320
5e06aeff84a466044adc1db2aae029cb,Western Bulldogs,Collingwood Magpies,2026-05-30T09:35:58Z,sportsbet,SportsBet,,player_disposals_over,Ed Richards,Over,2.17,27.5,20260530_093320
5e06aeff84a466044adc1db2aae029cb,Western Bulldogs,Collingwood Magpies,2026-05-30T09:35:58Z,sportsbet,SportsBet,,player_disposals_over,Ryley Sanders,Over,2.16,27.5,20260530_093320
5e06aeff84a466044adc1db2aae029cb,Western Bulldogs,Collingwood Magpies,2026-05-30T09:35:58Z,sportsbet,SportsBet,,player_disposals_over,Matthew Kennedy,Over,3.7,27.5,20260530_093320
5e06aeff84a466044adc1db2aae029cb,Western Bulldogs,Collingwood Magpies,2026-05-30T09:35:58Z,sportsbet,SportsBet,,player_disposals_over,Adam Treloar,Over,5.4,27.5,20260530_093320
5e06aeff84a466044adc1db2aae029cb,Western Bulldogs,Collingwood Magpies,2026-05-30T09:35:58Z,sportsbet,SportsBet,,player_disposals_over,Connor Budarick,Over,6.0,27.5,20260530_093320
5e06aeff84a466044adc1db2aae029cb,Western Bulldogs,Collingwood Magpies,2026-05-30T09:35:58Z,sportsbet,SportsBet,,player_disposals_over,Joel Freijah,Over,12.0,27.5,20260530_093320
5e06aeff84a466044adc1db2aae029cb,Western Bulldogs,Collingwood Magpies,2026-05-30T09:35:58Z,sportsbet,SportsBet,,player_disposals_over,Lachlan Bramble,Over,12.0,27.5,20260530_093320
5e06aeff84a466044adc1db2aae029cb,Western Bulldogs,Collingwood Magpies,2026-05-30T09:35:58Z,sportsbet,SportsBet,,player_disposals_over,Timothy English,Over,34.0,27.5,20260530_093320
5e06aeff84a466044adc1db2aae029cb,Western Bulldogs,Collingwood Magpies,2026-05-30T09:35:58Z,sportsbet,SportsBet,,player_disposals_over,Nicholas Coffield,Over,41.0,27.5,20260530_093320
5e06aeff84a466044adc1db2aae029cb,Western Bulldogs,Collingwood Magpies,2026-05-30T09:35:58Z,sportsbet,SportsBet,,player_disposals_over,Nick Daicos,Over,1.25,27.5,20260530_093320
5e06aeff84a466044adc1db2aae029cb,Western Bulldogs,Collingwood Magpies,2026-05-30T09:35:58Z,sportsbet,SportsBet,,player_disposals_over,Dan Houston,Over,2.86,27.5,20260530_093320
5e06aeff84a466044adc1db2aae029cb,Western Bulldogs,Collingwood Magpies,2026-05-30T09:35:58Z,sportsbet,SportsBet,,player_disposals_over,Josh Daicos,Over,2.04,27.5,20260530_093320
5e06aeff84a466044adc1db2aae029cb,Western Bulldogs,Collingwood Magpies,2026-05-30T09:35:58Z,sportsbet,SportsBet,,player_disposals_over,Jack Crisp,Over,3.45,27.5,20260530_093320
5e06aeff84a466044adc1db2aae029cb,Western Bulldogs,Collingwood Magpies,2026-05-30T09:35:58Z,sportsbet,SportsBet,,player_disposals_over,Jordan De Goey,Over,4.25,27.5,20260530_093320
5e06aeff84a466044adc1db2aae029cb,Western Bulldogs,Collingwood Magpies,2026-05-30T09:35:58Z,sportsbet,SportsBet,,player_disposals_over,Scott Pendlebury,Over,4.25,27.5,20260530_093320
5e06aeff84a466044adc1db2aae029cb,Western Bulldogs,Collingwood Magpies,2026-05-30T09:35:58Z,sportsbet,SportsBet,,player_disposals_over,Patrick Lipinski,Over,7.75,27.5,20260530_093320
5e06aeff84a466044adc1db2aae029cb,Western Bulldogs,Collingwood Magpies,2026-05-30T09:35:58Z,sportsbet,SportsBet,,player_disposals_over,Brayden Maynard,Over,9.5,27.5,20260530_093320
5e06aeff84a466044adc1db2aae029cb,Western Bulldogs,Collingwood Magpies,2026-05-30T09:35:58Z,sportsbet,SportsBet,,player_disposals_over,Isaac Quaynor,Over,9.5,27.5,20260530_093320
5e06aeff84a466044adc1db2aae029cb,Western Bulldogs,Collingwood Magpies,2026-05-30T09:35:58Z,sportsbet,SportsBet,,player_disposals_over,Darcy Cameron,Over,12.0,27.5,20260530_093320
5e06aeff84a466044adc1db2aae029cb,Western Bulldogs,Collingwood Magpies,2026-05-30T09:35:58Z,sportsbet,SportsBet,,player_disposals_over,Jeremy Howe,Over,12.0,27.5,20260530_093320
5e06aeff84a466044adc1db2aae029cb,Western Bulldogs,Collingwood Magpies,2026-05-30T09:35:58Z,sportsbet,SportsBet,,player_disposals_over,Steele Sidebottom,Over,14.0,27.5,20260530_093320
5e06aeff84a466044adc1db2aae029cb,Western Bulldogs,Collingwood Magpies,2026-05-30T09:35:58Z,sportsbet,SportsBet,,player_disposals_over,Ned Long,Over,34.0,27.5,20260530_093320
5e06aeff84a466044adc1db2aae029cb,Western Bulldogs,Collingwood Magpies,2026-05-30T09:35:58Z,sportsbet,SportsBet,,player_disposals_over,Bailey Dale,Over,1.53,28.5,20260530_093320
5e06aeff84a466044adc1db2aae029cb,Western Bulldogs,Collingwood Magpies,2026-05-30T09:35:58Z,sportsbet,SportsBet,,player_disposals_over,Marcus Bontempelli,Over,1.71,28.5,20260530_093320
5e06aeff84a466044adc1db2aae029cb,Western Bulldogs,Collingwood Magpies,2026-05-30T09:35:58Z,sportsbet,SportsBet,,player_disposals_over,Ed Richards,Over,2.5,28.5,20260530_093320
5e06aeff84a466044adc1db2aae029cb,Western Bulldogs,Collingwood Magpies,2026-05-30T09:35:58Z,sportsbet,SportsBet,,player_disposals_over,Ryley Sanders,Over,2.5,28.5,20260530_093320
5e06aeff84a466044adc1db2aae029cb,Western Bulldogs,Collingwood Magpies,2026-05-30T09:35:58Z,sportsbet,SportsBet,,player_disposals_over,Matthew Kennedy,Over,4.5,28.5,20260530_093320
5e06aeff84a466044adc1db2aae029cb,Western Bulldogs,Collingwood Magpies,2026-05-30T09:35:58Z,sportsbet,SportsBet,,player_disposals_over,Adam Treloar,Over,6.0,28.5,20260530_093320
5e06aeff84a466044adc1db2aae029cb,Western Bulldogs,Collingwood Magpies,2026-05-30T09:35:58Z,sportsbet,SportsBet,,player_disposals_over,Connor Budarick,Over,7.5,28.5,20260530_093320
5e06aeff84a466044adc1db2aae029cb,Western Bulldogs,Collingwood Magpies,2026-05-30T09:35:58Z,sportsbet,SportsBet,,player_disposals_over,Joel Freijah,Over,13.0,28.5,20260530_093320
5e06aeff84a466044adc1db2aae029cb,Western Bulldogs,Collingwood Magpies,2026-05-30T09:35:58Z,sportsbet,SportsBet,,player_disposals_over,Lachlan Bramble,Over,14.0,28.5,20260530_093320
5e06aeff84a466044adc1db2aae029cb,Western Bulldogs,Collingwood Magpies,2026-05-30T09:35:58Z,sportsbet,SportsBet,,player_disposals_over,Nick Daicos,Over,1.34,28.5,20260530_093320
5e06aeff84a466044adc1db2aae029cb,Western Bulldogs,Collingwood Magpies,2026-05-30T09:35:58Z,sportsbet,SportsBet,,player_disposals_over,Josh Daicos,Over,2.39,28.5,20260530_093320
5e06aeff84a466044adc1db2aae029cb,Western Bulldogs,Collingwood Magpies,2026-05-30T09:35:58Z,sportsbet,SportsBet,,player_disposals_over,Dan Houston,Over,3.32,28.5,20260530_093320
5e06aeff84a466044adc1db2aae029cb,Western Bulldogs,Collingwood Magpies,2026-05-30T09:35:58Z,sportsbet,SportsBet,,player_disposals_over,Jack Crisp,Over,4.25,28.5,20260530_093320
5e06aeff84a466044adc1db2aae029cb,Western Bulldogs,Collingwood Magpies,2026-05-30T09:35:58Z,sportsbet,SportsBet,,player_disposals_over,Jordan De Goey,Over,5.2,28.5,20260530_093320
5e06aeff84a466044adc1db2aae029cb,Western Bulldogs,Collingwood Magpies,2026-05-30T09:35:58Z,sportsbet,SportsBet,,player_disposals_over,Scott Pendlebury,Over,5.2,28.5,20260530_093320
5e06aeff84a466044adc1db2aae029cb,Western Bulldogs,Collingwood Magpies,2026-05-30T09:35:58Z,sportsbet,SportsBet,,player_disposals_over,Patrick Lipinski,Over,9.5,28.5,20260530_093320
5e06aeff84a466044adc1db2aae029cb,Western Bulldogs,Collingwood Magpies,2026-05-30T09:35:58Z,sportsbet,SportsBet,,player_disposals_over,Brayden Maynard,Over,12.0,28.5,20260530_093320
5e06aeff84a466044adc1db2aae029cb,Western Bulldogs,Collingwood Magpies,2026-05-30T09:35:58Z,sportsbet,SportsBet,,player_disposals_over,Isaac Quaynor,Over,12.0,28.5,20260530_093320
5e06aeff84a466044adc1db2aae029cb,Western Bulldogs,Collingwood Magpies,2026-05-30T09:35:58Z,sportsbet,SportsBet,,player_disposals_over,Darcy Cameron,Over,14.0,28.5,20260530_093320
5e06aeff84a466044adc1db2aae029cb,Western Bulldogs,Collingwood Magpies,2026-05-30T09:35:58Z,sportsbet,SportsBet,,player_disposals_over,Jeremy Howe,Over,14.0,28.5,20260530_093320
5e06aeff84a466044adc1db2aae029cb,Western Bulldogs,Collingwood Magpies,2026-05-30T09:35:58Z,sportsbet,SportsBet,,player_disposals_over,Steele Sidebottom,Over,34.0,28.5,20260530_093320
5e06aeff84a466044adc1db2aae029cb,Western Bulldogs,Collingwood Magpies,2026-05-30T09:35:58Z,sportsbet,SportsBet,,player_disposals_over,Bailey Dale,Over,1.7,29.5,20260530_093320
5e06aeff84a466044adc1db2aae029cb,Western Bulldogs,Collingwood Magpies,2026-05-30T09:35:58Z,sportsbet,SportsBet,,player_disposals_over,Marcus Bontempelli,Over,1.91,29.5,20260530_093320
5e06aeff84a466044adc1db2aae029cb,Western Bulldogs,Collingwood Magpies,2026-05-30T09:35:58Z,sportsbet,SportsBet,,player_disposals_over,Ed Richards,Over,2.96,29.5,20260530_093320
5e06aeff84a466044adc1db2aae029cb,Western Bulldogs,Collingwood Magpies,2026-05-30T09:35:58Z,sportsbet,SportsBet,,player_disposals_over,Ryley Sanders,Over,2.97,29.5,20260530_093320
5e06aeff84a466044adc1db2aae029cb,Western Bulldogs,Collingwood Magpies,2026-05-30T09:35:58Z,sportsbet,SportsBet,,player_disposals_over,Matthew Kennedy,Over,5.2,29.5,20260530_093320
5e06aeff84a466044adc1db2aae029cb,Western Bulldogs,Collingwood Magpies,2026-05-30T09:35:58Z,sportsbet,SportsBet,,player_disposals_over,Adam Treloar,Over,8.0,29.5,20260530_093320
5e06aeff84a466044adc1db2aae029cb,Western Bulldogs,Collingwood Magpies,2026-05-30T09:35:58Z,sportsbet,SportsBet,,player_disposals_over,Connor Budarick,Over,9.5,29.5,20260530_093320
5e06aeff84a466044adc1db2aae029cb,Western Bulldogs,Collingwood Magpies,2026-05-30T09:35:58Z,sportsbet,SportsBet,,player_disposals_over,Joel Freijah,Over,21.0,29.5,20260530_093320
5e06aeff84a466044adc1db2aae029cb,Western Bulldogs,Collingwood Magpies,2026-05-30T09:35:58Z,sportsbet,SportsBet,,player_disposals_over,Lachlan Bramble,Over,21.0,29.5,20260530_093320
5e06aeff84a466044adc1db2aae029cb,Western Bulldogs,Collingwood Magpies,2026-05-30T09:35:58Z,sportsbet,SportsBet,,player_disposals_over,Nick Daicos,Over,1.46,29.5,20260530_093320
5e06aeff84a466044adc1db2aae029cb,Western Bulldogs,Collingwood Magpies,2026-05-30T09:35:58Z,sportsbet,SportsBet,,player_disposals_over,Josh Daicos,Over,2.81,29.5,20260530_093320
5e06aeff84a466044adc1db2aae029cb,Western Bulldogs,Collingwood Magpies,2026-05-30T09:35:58Z,sportsbet,SportsBet,,player_disposals_over,Dan Houston,Over,4.0,29.5,20260530_093320
5e06aeff84a466044adc1db2aae029cb,Western Bulldogs,Collingwood Magpies,2026-05-30T09:35:58Z,sportsbet,SportsBet,,player_disposals_over,Jack Crisp,Over,5.2,29.5,20260530_093320
5e06aeff84a466044adc1db2aae029cb,Western Bulldogs,Collingwood Magpies,2026-05-30T09:35:58Z,sportsbet,SportsBet,,player_disposals_over,Jordan De Goey,Over,6.0,29.5,20260530_093320
5e06aeff84a466044adc1db2aae029cb,Western Bulldogs,Collingwood Magpies,2026-05-30T09:35:58Z,sportsbet,SportsBet,,player_disposals_over,Scott Pendlebury,Over,6.0,29.5,20260530_093320
5e06aeff84a466044adc1db2aae029cb,Western Bulldogs,Collingwood Magpies,2026-05-30T09:35:58Z,sportsbet,SportsBet,,player_disposals_over,Patrick Lipinski,Over,11.0,29.5,20260530_093320
5e06aeff84a466044adc1db2aae029cb,Western Bulldogs,Collingwood Magpies,2026-05-30T09:35:58Z,sportsbet,SportsBet,,player_disposals_over,Brayden Maynard,Over,13.0,29.5,20260530_093320
5e06aeff84a466044adc1db2aae029cb,Western Bulldogs,Collingwood Magpies,2026-05-30T09:35:58Z,sportsbet,SportsBet,,player_disposals_over,Isaac Quaynor,Over,13.0,29.5,20260530_093320
5e06aeff84a466044adc1db2aae029cb,Western Bulldogs,Collingwood Magpies,2026-05-30T09:35:58Z,sportsbet,SportsBet,,player_disposals_over,Darcy Cameron,Over,21.0,29.5,20260530_093320
5e06aeff84a466044adc1db2aae029cb,Western Bulldogs,Collingwood Magpies,2026-05-30T09:35:58Z,sportsbet,SportsBet,,player_disposals_over,Jeremy Howe,Over,34.0,29.5,20260530_093320
5e06aeff84a466044adc1db2aae029cb,Western Bulldogs,Collingwood Magpies,2026-05-30T09:35:58Z,sportsbet,SportsBet,,player_disposals_over,Steele Sidebottom,Over,41.0,29.5,20260530_093320
5e06aeff84a466044adc1db2aae029cb,Western Bulldogs,Collingwood Magpies,2026-05-30T09:35:58Z,sportsbet,SportsBet,,player_disposals_over,Bailey Dale,Over,1.91,30.5,20260530_093320
5e06aeff84a466044adc1db2aae029cb,Western Bulldogs,Collingwood Magpies,2026-05-30T09:35:58Z,sportsbet,SportsBet,,player_disposals_over,Marcus Bontempelli,Over,2.17,30.5,20260530_093320
5e06aeff84a466044adc1db2aae029cb,Western Bulldogs,Collingwood Magpies,2026-05-30T09:35:58Z,sportsbet,SportsBet,,player_disposals_over,Ed Richards,Over,3.45,30.5,20260530_093320
5e06aeff84a466044adc1db2aae029cb,Western Bulldogs,Collingwood Magpies,2026-05-30T09:35:58Z,sportsbet,SportsBet,,player_disposals_over,Ryley Sanders,Over,3.45,30.5,20260530_093320
5e06aeff84a466044adc1db2aae029cb,Western Bulldogs,Collingwood Magpies,2026-05-30T09:35:58Z,sportsbet,SportsBet,,player_disposals_over,Matthew Kennedy,Over,6.0,30.5,20260530_093320
5e06aeff84a466044adc1db2aae029cb,Western Bulldogs,Collingwood Magpies,2026-05-30T09:35:58Z,sportsbet,SportsBet,,player_disposals_over,Adam Treloar,Over,9.5,30.5,20260530_093320
5e06aeff84a466044adc1db2aae029cb,Western Bulldogs,Collingwood Magpies,2026-05-30T09:35:58Z,sportsbet,SportsBet,,player_disposals_over,Connor Budarick,Over,11.0,30.5,20260530_093320
5e06aeff84a466044adc1db2aae029cb,Western Bulldogs,Collingwood Magpies,2026-05-30T09:35:58Z,sportsbet,SportsBet,,player_disposals_over,Joel Freijah,Over,34.0,30.5,20260530_093320
5e06aeff84a466044adc1db2aae029cb,Western Bulldogs,Collingwood Magpies,2026-05-30T09:35:58Z,sportsbet,SportsBet,,player_disposals_over,Lachlan Bramble,Over,41.0,30.5,20260530_093320
5e06aeff84a466044adc1db2aae029cb,Western Bulldogs,Collingwood Magpies,2026-05-30T09:35:58Z,sportsbet,SportsBet,,player_disposals_over,Nick Daicos,Over,1.62,30.5,20260530_093320
5e06aeff84a466044adc1db2aae029cb,Western Bulldogs,Collingwood Magpies,2026-05-30T09:35:58Z,sportsbet,SportsBet,,player_disposals_over,Josh Daicos,Over,3.32,30.5,20260530_093320
5e06aeff84a466044adc1db2aae029cb,Western Bulldogs,Collingwood Magpies,2026-05-30T09:35:58Z,sportsbet,SportsBet,,player_disposals_over,Dan Houston,Over,4.65,30.5,20260530_093320
5e06aeff84a466044adc1db2aae029cb,Western Bulldogs,Collingwood Magpies,2026-05-30T09:35:58Z,sportsbet,SportsBet,,player_disposals_over,Jack Crisp,Over,6.0,30.5,20260530_093320
5e06aeff84a466044adc1db2aae029cb,Western Bulldogs,Collingwood Magpies,2026-05-30T09:35:58Z,sportsbet,SportsBet,,player_disposals_over,Jordan De Goey,Over,7.0,30.5,20260530_093320
5e06aeff84a466044adc1db2aae029cb,Western Bulldogs,Collingwood Magpies,2026-05-30T09:35:58Z,sportsbet,SportsBet,,player_disposals_over,Scott Pendlebury,Over,7.75,30.5,20260530_093320
5e06aeff84a466044adc1db2aae029cb,Western Bulldogs,Collingwood Magpies,2026-05-30T09:35:58Z,sportsbet,SportsBet,,player_disposals_over,Patrick Lipinski,Over,12.0,30.5,20260530_093320
5e06aeff84a466044adc1db2aae029cb,Western Bulldogs,Collingwood Magpies,2026-05-30T09:35:58Z,sportsbet,SportsBet,,player_disposals_over,Isaac Quaynor,Over,15.0,30.5,20260530_093320
5e06aeff84a466044adc1db2aae029cb,Western Bulldogs,Collingwood Magpies,2026-05-30T09:35:58Z,sportsbet,SportsBet,,player_disposals_over,Brayden Maynard,Over,21.0,30.5,20260530_093320
5e06aeff84a466044adc1db2aae029cb,Western Bulldogs,Collingwood Magpies,2026-05-30T09:35:58Z,sportsbet,SportsBet,,player_disposals_over,Darcy Cameron,Over,41.0,30.5,20260530_093320
5e06aeff84a466044adc1db2aae029cb,Western Bulldogs,Collingwood Magpies,2026-05-30T09:35:58Z,sportsbet,SportsBet,,player_disposals_over,Jeremy Howe,Over,41.0,30.5,20260530_093320
5e06aeff84a466044adc1db2aae029cb,Western Bulldogs,Collingwood Magpies,2026-05-30T09:35:58Z,sportsbet,SportsBet,,player_disposals_over,Bailey Dale,Over,2.17,31.5,20260530_093320
5e06aeff84a466044adc1db2aae029cb,Western Bulldogs,Collingwood Magpies,2026-05-30T09:35:58Z,sportsbet,SportsBet,,player_disposals_over,Marcus Bontempelli,Over,2.47,31.5,20260530_093320
5e06aeff84a466044adc1db2aae029cb,Western Bulldogs,Collingwood Magpies,2026-05-30T09:35:58Z,sportsbet,SportsBet,,player_disposals_over,Ed Richards,Over,4.25,31.5,20260530_093320
5e06aeff84a466044adc1db2aae029cb,Western Bulldogs,Collingwood Magpies,2026-05-30T09:35:58Z,sportsbet,SportsBet,,player_disposals_over,Ryley Sanders,Over,4.25,31.5,20260530_093320
5e06aeff84a466044adc1db2aae029cb,Western Bulldogs,Collingwood Magpies,2026-05-30T09:35:58Z,sportsbet,SportsBet,,player_disposals_over,Matthew Kennedy,Over,7.5,31.5,20260530_093320
5e06aeff84a466044adc1db2aae029cb,Western Bulldogs,Collingwood Magpies,2026-05-30T09:35:58Z,sportsbet,SportsBet,,player_disposals_over,Adam Treloar,Over,11.0,31.5,20260530_093320
5e06aeff84a466044adc1db2aae029cb,Western Bulldogs,Collingwood Magpies,2026-05-30T09:35:58Z,sportsbet,SportsBet,,player_disposals_over,Connor Budarick,Over,13.0,31.5,20260530_093320
5e06aeff84a466044adc1db2aae029cb,Western Bulldogs,Collingwood Magpies,2026-05-30T09:35:58Z,sportsbet,SportsBet,,player_disposals_over,Nick Daicos,Over,1.8,31.5,20260530_093320
5e06aeff84a466044adc1db2aae029cb,Western Bulldogs,Collingwood Magpies,2026-05-30T09:35:58Z,sportsbet,SportsBet,,player_disposals_over,Josh Daicos,Over,4.0,31.5,20260530_093320
5e06aeff84a466044adc1db2aae029cb,Western Bulldogs,Collingwood Magpies,2026-05-30T09:35:58Z,sportsbet,SportsBet,,player_disposals_over,Dan Houston,Over,5.4,31.5,20260530_093320
5e06aeff84a466044adc1db2aae029cb,Western Bulldogs,Collingwood Magpies,2026-05-30T09:35:58Z,sportsbet,SportsBet,,player_disposals_over,Jack Crisp,Over,8.0,31.5,20260530_093320
5e06aeff84a466044adc1db2aae029cb,Western Bulldogs,Collingwood Magpies,2026-05-30T09:35:58Z,sportsbet,SportsBet,,player_disposals_over,Jordan De Goey,Over,8.5,31.5,20260530_093320
5e06aeff84a466044adc1db2aae029cb,Western Bulldogs,Collingwood Magpies,2026-05-30T09:35:58Z,sportsbet,SportsBet,,player_disposals_over,Scott Pendlebury,Over,9.5,31.5,20260530_093320
5e06aeff84a466044adc1db2aae029cb,Western Bulldogs,Collingwood Magpies,2026-05-30T09:35:58Z,sportsbet,SportsBet,,player_disposals_over,Patrick Lipinski,Over,14.0,31.5,20260530_093320
5e06aeff84a466044adc1db2aae029cb,Western Bulldogs,Collingwood Magpies,2026-05-30T09:35:58Z,sportsbet,SportsBet,,player_disposals_over,Isaac Quaynor,Over,34.0,31.5,20260530_093320
5e06aeff84a466044adc1db2aae029cb,Western Bulldogs,Collingwood Magpies,2026-05-30T09:35:58Z,sportsbet,SportsBet,,player_disposals_over,Brayden Maynard,Over,41.0,31.5,20260530_093320
5e06aeff84a466044adc1db2aae029cb,Western Bulldogs,Collingwood Magpies,2026-05-30T09:35:58Z,sportsbet,SportsBet,,player_disposals_over,Darcy Cameron,Over,51.0,31.5,20260530_093320
5e06aeff84a466044adc1db2aae029cb,Western Bulldogs,Collingwood Magpies,2026-05-30T09:35:58Z,sportsbet,SportsBet,,player_disposals_over,Bailey Dale,Over,2.5,32.5,20260530_093320
5e06aeff84a466044adc1db2aae029cb,Western Bulldogs,Collingwood Magpies,2026-05-30T09:35:58Z,sportsbet,SportsBet,,player_disposals_over,Marcus Bontempelli,Over,2.85,32.5,20260530_093320
5e06aeff84a466044adc1db2aae029cb,Western Bulldogs,Collingwood Magpies,2026-05-30T09:35:58Z,sportsbet,SportsBet,,player_disposals_over,Ed Richards,Over,4.8,32.5,20260530_093320
5e06aeff84a466044adc1db2aae029cb,Western Bulldogs,Collingwood Magpies,2026-05-30T09:35:58Z,sportsbet,SportsBet,,player_disposals_over,Ryley Sanders,Over,5.2,32.5,20260530_093320
5e06aeff84a466044adc1db2aae029cb,Western Bulldogs,Collingwood Magpies,2026-05-30T09:35:58Z,sportsbet,SportsBet,,player_disposals_over,Matthew Kennedy,Over,9.5,32.5,20260530_093320
5e06aeff84a466044adc1db2aae029cb,Western Bulldogs,Collingwood Magpies,2026-05-30T09:35:58Z,sportsbet,SportsBet,,player_disposals_over,Adam Treloar,Over,12.0,32.5,20260530_093320
5e06aeff84a466044adc1db2aae029cb,Western Bulldogs,Collingwood Magpies,2026-05-30T09:35:58Z,sportsbet,SportsBet,,player_disposals_over,Connor Budarick,Over,15.0,32.5,20260530_093320
5e06aeff84a466044adc1db2aae029cb,Western Bulldogs,Collingwood Magpies,2026-05-30T09:35:58Z,sportsbet,SportsBet,,player_disposals_over,Nick Daicos,Over,2.02,32.5,20260530_093320
5e06aeff84a466044adc1db2aae029cb,Western Bulldogs,Collingwood Magpies,2026-05-30T09:35:58Z,sportsbet,SportsBet,,player_disposals_over,Josh Daicos,Over,4.65,32.5,20260530_093320
5e06aeff84a466044adc1db2aae029cb,Western Bulldogs,Collingwood Magpies,2026-05-30T09:35:58Z,sportsbet,SportsBet,,player_disposals_over,Dan Houston,Over,6.0,32.5,20260530_093320
5e06aeff84a466044adc1db2aae029cb,Western Bulldogs,Collingwood Magpies,2026-05-30T09:35:58Z,sportsbet,SportsBet,,player_disposals_over,Jack Crisp,Over,9.5,32.5,20260530_093320
5e06aeff84a466044adc1db2aae029cb,Western Bulldogs,Collingwood Magpies,2026-05-30T09:35:58Z,sportsbet,SportsBet,,player_disposals_over,Jordan De Goey,Over,10.0,32.5,20260530_093320
5e06aeff84a466044adc1db2aae029cb,Western Bulldogs,Collingwood Magpies,2026-05-30T09:35:58Z,sportsbet,SportsBet,,player_disposals_over,Scott Pendlebury,Over,11.0,32.5,20260530_093320
5e06aeff84a466044adc1db2aae029cb,Western Bulldogs,Collingwood Magpies,2026-05-30T09:35:58Z,sportsbet,SportsBet,,player_disposals_over,Patrick Lipinski,Over,21.0,32.5,20260530_093320
5e06aeff84a466044adc1db2aae029cb,Western Bulldogs,Collingwood Magpies,2026-05-30T09:35:58Z,sportsbet,SportsBet,,player_disposals_over,Isaac Quaynor,Over,51.0,32.5,20260530_093320
5e06aeff84a466044adc1db2aae029cb,Western Bulldogs,Collingwood Magpies,2026-05-30T09:35:58Z,sportsbet,SportsBet,,player_disposals_over,Bailey Dale,Over,2.95,33.5,20260530_093320
5e06aeff84a466044adc1db2aae029cb,Western Bulldogs,Collingwood Magpies,2026-05-30T09:35:58Z,sportsbet,SportsBet,,player_disposals_over,Marcus Bontempelli,Over,3.33,33.5,20260530_093320
5e06aeff84a466044adc1db2aae029cb,Western Bulldogs,Collingwood Magpies,2026-05-30T09:35:58Z,sportsbet,SportsBet,,player_disposals_over,Ed Richards,Over,5.7,33.5,20260530_093320
5e06aeff84a466044adc1db2aae029cb,Western Bulldogs,Collingwood Magpies,2026-05-30T09:35:58Z,sportsbet,SportsBet,,player_disposals_over,Ryley Sanders,Over,6.0,33.5,20260530_093320
5e06aeff84a466044adc1db2aae029cb,Western Bulldogs,Collingwood Magpies,2026-05-30T09:35:58Z,sportsbet,SportsBet,,player_disposals_over,Matthew Kennedy,Over,10.0,33.5,20260530_093320
5e06aeff84a466044adc1db2aae029cb,Western Bulldogs,Collingwood Magpies,2026-05-30T09:35:58Z,sportsbet,SportsBet,,player_disposals_over,Adam Treloar,Over,14.0,33.5,20260530_093320
5e06aeff84a466044adc1db2aae029cb,Western Bulldogs,Collingwood Magpies,2026-05-30T09:35:58Z,sportsbet,SportsBet,,player_disposals_over,Connor Budarick,Over,34.0,33.5,20260530_093320
5e06aeff84a466044adc1db2aae029cb,Western Bulldogs,Collingwood Magpies,2026-05-30T09:35:58Z,sportsbet,SportsBet,,player_disposals_over,Nick Daicos,Over,2.31,33.5,20260530_093320
5e06aeff84a466044adc1db2aae029cb,Western Bulldogs,Collingwood Magpies,2026-05-30T09:35:58Z,sportsbet,SportsBet,,player_disposals_over,Josh Daicos,Over,5.4,33.5,20260530_093320
5e06aeff84a466044adc1db2aae029cb,Western Bulldogs,Collingwood Magpies,2026-05-30T09:35:58Z,sportsbet,SportsBet,,player_disposals_over,Dan Houston,Over,8.0,33.5,20260530_093320
5e06aeff84a466044adc1db2aae029cb,Western Bulldogs,Collingwood Magpies,2026-05-30T09:35:58Z,sportsbet,SportsBet,,player_disposals_over,Jack Crisp,Over,11.0,33.5,20260530_093320
5e06aeff84a466044adc1db2aae029cb,Western Bulldogs,Collingwood Magpies,2026-05-30T09:35:58Z,sportsbet,SportsBet,,player_disposals_over,Jordan De Goey,Over,12.0,33.5,20260530_093320
5e06aeff84a466044adc1db2aae029cb,Western Bulldogs,Collingwood Magpies,2026-05-30T09:35:58Z,sportsbet,SportsBet,,player_disposals_over,Scott Pendlebury,Over,13.0,33.5,20260530_093320
5e06aeff84a466044adc1db2aae029cb,Western Bulldogs,Collingwood Magpies,2026-05-30T09:35:58Z,sportsbet,SportsBet,,player_disposals_over,Patrick Lipinski,Over,41.0,33.5,20260530_093320
5e06aeff84a466044adc1db2aae029cb,Western Bulldogs,Collingwood Magpies,2026-05-30T09:35:58Z,sportsbet,SportsBet,,player_disposals_over,Bailey Dale,Over,3.45,34.5,20260530_093320
5e06aeff84a466044adc1db2aae029cb,Western Bulldogs,Collingwood Magpies,2026-05-30T09:35:58Z,sportsbet,SportsBet,,player_disposals_over,Marcus Bontempelli,Over,4.0,34.5,20260530_093320
5e06aeff84a466044adc1db2aae029cb,Western Bulldogs,Collingwood Magpies,2026-05-30T09:35:58Z,sportsbet,SportsBet,,player_disposals_over,Ed Richards,Over,6.5,34.5,20260530_093320
5e06aeff84a466044adc1db2aae029cb,Western Bulldogs,Collingwood Magpies,2026-05-30T09:35:58Z,sportsbet,SportsBet,,player_disposals_over,Ryley Sanders,Over,7.0,34.5,20260530_093320
5e06aeff84a466044adc1db2aae029cb,Western Bulldogs,Collingwood Magpies,2026-05-30T09:35:58Z,sportsbet,SportsBet,,player_disposals_over,Matthew Kennedy,Over,12.0,34.5,20260530_093320
5e06aeff84a466044adc1db2aae029cb,Western Bulldogs,Collingwood Magpies,2026-05-30T09:35:58Z,sportsbet,SportsBet,,player_disposals_over,Adam Treloar,Over,34.0,34.5,20260530_093320
5e06aeff84a466044adc1db2aae029cb,Western Bulldogs,Collingwood Magpies,2026-05-30T09:35:58Z,sportsbet,SportsBet,,player_disposals_over,Connor Budarick,Over,51.0,34.5,20260530_093320
5e06aeff84a466044adc1db2aae029cb,Western Bulldogs,Collingwood Magpies,2026-05-30T09:35:58Z,sportsbet,SportsBet,,player_disposals_over,Nick Daicos,Over,2.7,34.5,20260530_093320
5e06aeff84a466044adc1db2aae029cb,Western Bulldogs,Collingwood Magpies,2026-05-30T09:35:58Z,sportsbet,SportsBet,,player_disposals_over,Josh Daicos,Over,6.5,34.5,20260530_093320
5e06aeff84a466044adc1db2aae029cb,Western Bulldogs,Collingwood Magpies,2026-05-30T09:35:58Z,sportsbet,SportsBet,,player_disposals_over,Dan Houston,Over,9.5,34.5,20260530_093320
5e06aeff84a466044adc1db2aae029cb,Western Bulldogs,Collingwood Magpies,2026-05-30T09:35:58Z,sportsbet,SportsBet,,player_disposals_over,Jack Crisp,Over,13.0,34.5,20260530_093320
5e06aeff84a466044adc1db2aae029cb,Western Bulldogs,Collingwood Magpies,2026-05-30T09:35:58Z,sportsbet,SportsBet,,player_disposals_over,Jordan De Goey,Over,13.0,34.5,20260530_093320
5e06aeff84a466044adc1db2aae029cb,Western Bulldogs,Collingwood Magpies,2026-05-30T09:35:58Z,sportsbet,SportsBet,,player_disposals_over,Scott Pendlebury,Over,15.0,34.5,20260530_093320
5e06aeff84a466044adc1db2aae029cb,Western Bulldogs,Collingwood Magpies,2026-05-30T09:35:58Z,sportsbet,SportsBet,,player_disposals_over,Patrick Lipinski,Over,67.0,34.5,20260530_093320
5e06aeff84a466044adc1db2aae029cb,Western Bulldogs,Collingwood Magpies,2026-05-30T09:35:58Z,sportsbet,SportsBet,,player_disposals_over,Bailey Dale,Over,4.0,35.5,20260530_093320
5e06aeff84a466044adc1db2aae029cb,Western Bulldogs,Collingwood Magpies,2026-05-30T09:35:58Z,sportsbet,SportsBet,,player_disposals_over,Marcus Bontempelli,Over,4.6,35.5,20260530_093320
5e06aeff84a466044adc1db2aae029cb,Western Bulldogs,Collingwood Magpies,2026-05-30T09:35:58Z,sportsbet,SportsBet,,player_disposals_over,Ed Richards,Over,8.0,35.5,20260530_093320
5e06aeff84a466044adc1db2aae029cb,Western Bulldogs,Collingwood Magpies,2026-05-30T09:35:58Z,sportsbet,SportsBet,,player_disposals_over,Ryley Sanders,Over,8.5,35.5,20260530_093320
5e06aeff84a466044adc1db2aae029cb,Western Bulldogs,Collingwood Magpies,2026-05-30T09:35:58Z,sportsbet,SportsBet,,player_disposals_over,Matthew Kennedy,Over,13.0,35.5,20260530_093320
5e06aeff84a466044adc1db2aae029cb,Western Bulldogs,Collingwood Magpies,2026-05-30T09:35:58Z,sportsbet,SportsBet,,player_disposals_over,Adam Treloar,Over,41.0,35.5,20260530_093320
5e06aeff84a466044adc1db2aae029cb,Western Bulldogs,Collingwood Magpies,2026-05-30T09:35:58Z,sportsbet,SportsBet,,player_disposals_over,Nick Daicos,Over,3.14,35.5,20260530_093320
5e06aeff84a466044adc1db2aae029cb,Western Bulldogs,Collingwood Magpies,2026-05-30T09:35:58Z,sportsbet,SportsBet,,player_disposals_over,Josh Daicos,Over,8.0,35.5,20260530_093320
5e06aeff84a466044adc1db2aae029cb,Western Bulldogs,Collingwood Magpies,2026-05-30T09:35:58Z,sportsbet,SportsBet,,player_disposals_over,Dan Houston,Over,10.0,35.5,20260530_093320
5e06aeff84a466044adc1db2aae029cb,Western Bulldogs,Collingwood Magpies,2026-05-30T09:35:58Z,sportsbet,SportsBet,,player_disposals_over,Jack Crisp,Over,15.0,35.5,20260530_093320
5e06aeff84a466044adc1db2aae029cb,Western Bulldogs,Collingwood Magpies,2026-05-30T09:35:58Z,sportsbet,SportsBet,,player_disposals_over,Jordan De Goey,Over,15.0,35.5,20260530_093320
5e06aeff84a466044adc1db2aae029cb,Western Bulldogs,Collingwood Magpies,2026-05-30T09:35:58Z,sportsbet,SportsBet,,player_disposals_over,Scott Pendlebury,Over,34.0,35.5,20260530_093320
5e06aeff84a466044adc1db2aae029cb,Western Bulldogs,Collingwood Magpies,2026-05-30T09:35:58Z,sportsbet,SportsBet,,player_disposals_over,Bailey Dale,Over,4.65,36.5,20260530_093320
5e06aeff84a466044adc1db2aae029cb,Western Bulldogs,Collingwood Magpies,2026-05-30T09:35:58Z,sportsbet,SportsBet,,player_disposals_over,Marcus Bontempelli,Over,5.2,36.5,20260530_093320
5e06aeff84a466044adc1db2aae029cb,Western Bulldogs,Collingwood Magpies,2026-05-30T09:35:58Z,sportsbet,SportsBet,,player_disposals_over,Ed Richards,Over,9.5,36.5,20260530_093320
5e06aeff84a466044adc1db2aae029cb,Western Bulldogs,Collingwood Magpies,2026-05-30T09:35:58Z,sportsbet,SportsBet,,player_disposals_over,Ryley Sanders,Over,9.5,36.5,20260530_093320
5e06aeff84a466044adc1db2aae029cb,Western Bulldogs,Collingwood Magpies,2026-05-30T09:35:58Z,sportsbet,SportsBet,,player_disposals_over,Matthew Kennedy,Over,15.0,36.5,20260530_093320
5e06aeff84a466044adc1db2aae029cb,Western Bulldogs,Collingwood Magpies,2026-05-30T09:35:58Z,sportsbet,SportsBet,,player_disposals_over,Adam Treloar,Over,67.0,36.5,20260530_093320
5e06aeff84a466044adc1db2aae029cb,Western Bulldogs,Collingwood Magpies,2026-05-30T09:35:58Z,sportsbet,SportsBet,,player_disposals_over,Nick Daicos,Over,3.7,36.5,20260530_093320
5e06aeff84a466044adc1db2aae029cb,Western Bulldogs,Collingwood Magpies,2026-05-30T09:35:58Z,sportsbet,SportsBet,,player_disposals_over,Josh Daicos,Over,9.5,36.5,20260530_093320
5e06aeff84a466044adc1db2aae029cb,Western Bulldogs,Collingwood Magpies,2026-05-30T09:35:58Z,sportsbet,SportsBet,,player_disposals_over,Dan Houston,Over,12.0,36.5,20260530_093320
5e06aeff84a466044adc1db2aae029cb,Western Bulldogs,Collingwood Magpies,2026-05-30T09:35:58Z,sportsbet,SportsBet,,player_disposals_over,Jack Crisp,Over,34.0,36.5,20260530_093320
5e06aeff84a466044adc1db2aae029cb,Western Bulldogs,Collingwood Magpies,2026-05-30T09:35:58Z,sportsbet,SportsBet,,player_disposals_over,Jordan De Goey,Over,34.0,36.5,20260530_093320
5e06aeff84a466044adc1db2aae029cb,Western Bulldogs,Collingwood Magpies,2026-05-30T09:35:58Z,sportsbet,SportsBet,,player_disposals_over,Scott Pendlebury,Over,41.0,36.5,20260530_093320
5e06aeff84a466044adc1db2aae029cb,Western Bulldogs,Collingwood Magpies,2026-05-30T09:35:58Z,sportsbet,SportsBet,,player_disposals_over,Bailey Dale,Over,5.4,37.5,20260530_093320
5e06aeff84a466044adc1db2aae029cb,Western Bulldogs,Collingwood Magpies,2026-05-30T09:35:58Z,sportsbet,SportsBet,,player_disposals_over,Marcus Bontempelli,Over,6.0,37.5,20260530_093320
5e06aeff84a466044adc1db2aae029cb,Western Bulldogs,Collingwood Magpies,2026-05-30T09:35:58Z,sportsbet,SportsBet,,player_disposals_over,Ed Richards,Over,11.0,37.5,20260530_093320
5e06aeff84a466044adc1db2aae029cb,Western Bulldogs,Collingwood Magpies,2026-05-30T09:35:58Z,sportsbet,SportsBet,,player_disposals_over,Ryley Sanders,Over,12.0,37.5,20260530_093320
5e06aeff84a466044adc1db2aae029cb,Western Bulldogs,Collingwood Magpies,2026-05-30T09:35:58Z,sportsbet,SportsBet,,player_disposals_over,Matthew Kennedy,Over,34.0,37.5,20260530_093320
5e06aeff84a466044adc1db2aae029cb,Western Bulldogs,Collingwood Magpies,2026-05-30T09:35:58Z,sportsbet,SportsBet,,player_disposals_over,Nick Daicos,Over,4.25,37.5,20260530_093320
5e06aeff84a466044adc1db2aae029cb,Western Bulldogs,Collingwood Magpies,2026-05-30T09:35:58Z,sportsbet,SportsBet,,player_disposals_over,Josh Daicos,Over,11.0,37.5,20260530_093320
5e06aeff84a466044adc1db2aae029cb,Western Bulldogs,Collingwood Magpies,2026-05-30T09:35:58Z,sportsbet,SportsBet,,player_disposals_over,Dan Houston,Over,14.0,37.5,20260530_093320
5e06aeff84a466044adc1db2aae029cb,Western Bulldogs,Collingwood Magpies,2026-05-30T09:35:58Z,sportsbet,SportsBet,,player_disposals_over,Jack Crisp,Over,41.0,37.5,20260530_093320
5e06aeff84a466044adc1db2aae029cb,Western Bulldogs,Collingwood Magpies,2026-05-30T09:35:58Z,sportsbet,SportsBet,,player_disposals_over,Jordan De Goey,Over,41.0,37.5,20260530_093320
5e06aeff84a466044adc1db2aae029cb,Western Bulldogs,Collingwood Magpies,2026-05-30T09:35:58Z,sportsbet,SportsBet,,player_disposals_over,Scott Pendlebury,Over,67.0,37.5,20260530_093320
5e06aeff84a466044adc1db2aae029cb,Western Bulldogs,Collingwood Magpies,2026-05-30T09:35:58Z,sportsbet,SportsBet,,player_disposals_over,Bailey Dale,Over,6.0,38.5,20260530_093320
5e06aeff84a466044adc1db2aae029cb,Western Bulldogs,Collingwood Magpies,2026-05-30T09:35:58Z,sportsbet,SportsBet,,player_disposals_over,Marcus Bontempelli,Over,7.0,38.5,20260530_093320
5e06aeff84a466044adc1db2aae029cb,Western Bulldogs,Collingwood Magpies,2026-05-30T09:35:58Z,sportsbet,SportsBet,,player_disposals_over,Ed Richards,Over,12.0,38.5,20260530_093320
5e06aeff84a466044adc1db2aae029cb,Western Bulldogs,Collingwood Magpies,2026-05-30T09:35:58Z,sportsbet,SportsBet,,player_disposals_over,Ryley Sanders,Over,13.0,38.5,20260530_093320
5e06aeff84a466044adc1db2aae029cb,Western Bulldogs,Collingwood Magpies,2026-05-30T09:35:58Z,sportsbet,SportsBet,,player_disposals_over,Matthew Kennedy,Over,41.0,38.5,20260530_093320
5e06aeff84a466044adc1db2aae029cb,Western Bulldogs,Collingwood Magpies,2026-05-30T09:35:58Z,sportsbet,SportsBet,,player_disposals_over,Nick Daicos,Over,5.2,38.5,20260530_093320
5e06aeff84a466044adc1db2aae029cb,Western Bulldogs,Collingwood Magpies,2026-05-30T09:35:58Z,sportsbet,SportsBet,,player_disposals_over,Josh Daicos,Over,12.0,38.5,20260530_093320
5e06aeff84a466044adc1db2aae029cb,Western Bulldogs,Collingwood Magpies,2026-05-30T09:35:58Z,sportsbet,SportsBet,,player_disposals_over,Dan Houston,Over,21.0,38.5,20260530_093320
5e06aeff84a466044adc1db2aae029cb,Western Bulldogs,Collingwood Magpies,2026-05-30T09:35:58Z,sportsbet,SportsBet,,player_disposals_over,Jordan De Goey,Over,67.0,38.5,20260530_093320
5e06aeff84a466044adc1db2aae029cb,Western Bulldogs,Collingwood Magpies,2026-05-30T09:35:58Z,sportsbet,SportsBet,,player_disposals_over,Bailey Dale,Over,7.75,39.5,20260530_093320
5e06aeff84a466044adc1db2aae029cb,Western Bulldogs,Collingwood Magpies,2026-05-30T09:35:58Z,sportsbet,SportsBet,,player_disposals_over,Marcus Bontempelli,Over,8.5,39.5,20260530_093320
5e06aeff84a466044adc1db2aae029cb,Western Bulldogs,Collingwood Magpies,2026-05-30T09:35:58Z,sportsbet,SportsBet,,player_disposals_over,Ed Richards,Over,14.0,39.5,20260530_093320
5e06aeff84a466044adc1db2aae029cb,Western Bulldogs,Collingwood Magpies,2026-05-30T09:35:58Z,sportsbet,SportsBet,,player_disposals_over,Ryley Sanders,Over,15.0,39.5,20260530_093320
5e06aeff84a466044adc1db2aae029cb,Western Bulldogs,Collingwood Magpies,2026-05-30T09:35:58Z,sportsbet,SportsBet,,player_disposals_over,Matthew Kennedy,Over,67.0,39.5,20260530_093320
5e06aeff84a466044adc1db2aae029cb,Western Bulldogs,Collingwood Magpies,2026-05-30T09:35:58Z,sportsbet,SportsBet,,player_disposals_over,Nick Daicos,Over,6.0,39.5,20260530_093320
5e06aeff84a466044adc1db2aae029cb,Western Bulldogs,Collingwood Magpies,2026-05-30T09:35:58Z,sportsbet,SportsBet,,player_disposals_over,Josh Daicos,Over,14.0,39.5,20260530_093320
5e06aeff84a466044adc1db2aae029cb,Western Bulldogs,Collingwood Magpies,2026-05-30T09:35:58Z,sportsbet,SportsBet,,player_disposals_over,Dan Houston,Over,34.0,39.5,20260530_093320
5e06aeff84a466044adc1db2aae029cb,Western Bulldogs,Collingwood Magpies,2026-05-30T09:35:58Z,betr_au,Betr,,player_disposals_over,Aaron Naughton,Over,3.3,14.5,20260530_093320
5e06aeff84a466044adc1db2aae029cb,Western Bulldogs,Collingwood Magpies,2026-05-30T09:35:58Z,betr_au,Betr,,player_disposals_over,Aaron Naughton,Over,10.0,19.5,20260530_093320
5e06aeff84a466044adc1db2aae029cb,Western Bulldogs,Collingwood Magpies,2026-05-30T09:35:58Z,betr_au,Betr,,player_disposals_over,Adam Treloar,Over,1.06,14.5,20260530_093320
5e06aeff84a466044adc1db2aae029cb,Western Bulldogs,Collingwood Magpies,2026-05-30T09:35:58Z,betr_au,Betr,,player_disposals_over,Adam Treloar,Over,1.4,19.5,20260530_093320
5e06aeff84a466044adc1db2aae029cb,Western Bulldogs,Collingwood Magpies,2026-05-30T09:35:58Z,betr_au,Betr,,player_disposals_over,Adam Treloar,Over,2.6,24.5,20260530_093320
5e06aeff84a466044adc1db2aae029cb,Western Bulldogs,Collingwood Magpies,2026-05-30T09:35:58Z,betr_au,Betr,,player_disposals_over,Adam Treloar,Over,6.5,29.5,20260530_093320
5e06aeff84a466044adc1db2aae029cb,Western Bulldogs,Collingwood Magpies,2026-05-30T09:35:58Z,betr_au,Betr,,player_disposals_over,Adam Treloar,Over,15.0,34.5,20260530_093320
5e06aeff84a466044adc1db2aae029cb,Western Bulldogs,Collingwood Magpies,2026-05-30T09:35:58Z,betr_au,Betr,,player_disposals_over,Adam Treloar,Over,41.0,39.5,20260530_093320
5e06aeff84a466044adc1db2aae029cb,Western Bulldogs,Collingwood Magpies,2026-05-30T09:35:58Z,betr_au,Betr,,player_disposals_over,Angus Anderson,Over,1.8,14.5,20260530_093320
5e06aeff84a466044adc1db2aae029cb,Western Bulldogs,Collingwood Magpies,2026-05-30T09:35:58Z,betr_au,Betr,,player_disposals_over,Angus Anderson,Over,5.0,19.5,20260530_093320
5e06aeff84a466044adc1db2aae029cb,Western Bulldogs,Collingwood Magpies,2026-05-30T09:35:58Z,betr_au,Betr,,player_disposals_over,Angus Anderson,Over,15.0,24.5,20260530_093320
5e06aeff84a466044adc1db2aae029cb,Western Bulldogs,Collingwood Magpies,2026-05-30T09:35:58Z,betr_au,Betr,,player_disposals_over,Arthur Jones,Over,2.3,14.5,20260530_093320
5e06aeff84a466044adc1db2aae029cb,Western Bulldogs,Collingwood Magpies,2026-05-30T09:35:58Z,betr_au,Betr,,player_disposals_over,Arthur Jones,Over,7.5,19.5,20260530_093320
5e06aeff84a466044adc1db2aae029cb,Western Bulldogs,Collingwood Magpies,2026-05-30T09:35:58Z,betr_au,Betr,,player_disposals_over,Arthur Jones,Over,26.0,24.5,20260530_093320
5e06aeff84a466044adc1db2aae029cb,Western Bulldogs,Collingwood Magpies,2026-05-30T09:35:58Z,betr_au,Betr,,player_disposals_over,Bailey Dale,Over,1.17,24.5,20260530_093320
5e06aeff84a466044adc1db2aae029cb,Western Bulldogs,Collingwood Magpies,2026-05-30T09:35:58Z,betr_au,Betr,,player_disposals_over,Bailey Dale,Over,1.75,29.5,20260530_093320
5e06aeff84a466044adc1db2aae029cb,Western Bulldogs,Collingwood Magpies,2026-05-30T09:35:58Z,betr_au,Betr,,player_disposals_over,Bailey Dale,Over,3.3,34.5,20260530_093320
5e06aeff84a466044adc1db2aae029cb,Western Bulldogs,Collingwood Magpies,2026-05-30T09:35:58Z,betr_au,Betr,,player_disposals_over,Bailey Dale,Over,7.5,39.5,20260530_093320
5e06aeff84a466044adc1db2aae029cb,Western Bulldogs,Collingwood Magpies,2026-05-30T09:35:58Z,betr_au,Betr,,player_disposals_over,Beau McCreery,Over,1.65,14.5,20260530_093320
5e06aeff84a466044adc1db2aae029cb,Western Bulldogs,Collingwood Magpies,2026-05-30T09:35:58Z,betr_au,Betr,,player_disposals_over,Beau McCreery,Over,4.25,19.5,20260530_093320
5e06aeff84a466044adc1db2aae029cb,Western Bulldogs,Collingwood Magpies,2026-05-30T09:35:58Z,betr_au,Betr,,player_disposals_over,Beau McCreery,Over,12.0,24.5,20260530_093320
5e06aeff84a466044adc1db2aae029cb,Western Bulldogs,Collingwood Magpies,2026-05-30T09:35:58Z,betr_au,Betr,,player_disposals_over,Beau McCreery,Over,34.0,29.5,20260530_093320
5e06aeff84a466044adc1db2aae029cb,Western Bulldogs,Collingwood Magpies,2026-05-30T09:35:58Z,betr_au,Betr,,player_disposals_over,Billy Frampton,Over,2.8,14.5,20260530_093320
5e06aeff84a466044adc1db2aae029cb,Western Bulldogs,Collingwood Magpies,2026-05-30T09:35:58Z,betr_au,Betr,,player_disposals_over,Billy Frampton,Over,9.0,19.5,20260530_093320
5e06aeff84a466044adc1db2aae029cb,Western Bulldogs,Collingwood Magpies,2026-05-30T09:35:58Z,betr_au,Betr,,player_disposals_over,Brayden Maynard,Over,1.18,14.5,20260530_093320
5e06aeff84a466044adc1db2aae029cb,Western Bulldogs,Collingwood Magpies,2026-05-30T09:35:58Z,betr_au,Betr,,player_disposals_over,Brayden Maynard,Over,2.15,19.5,20260530_093320
5e06aeff84a466044adc1db2aae029cb,Western Bulldogs,Collingwood Magpies,2026-05-30T09:35:58Z,betr_au,Betr,,player_disposals_over,Brayden Maynard,Over,5.5,24.5,20260530_093320
5e06aeff84a466044adc1db2aae029cb,Western Bulldogs,Collingwood Magpies,2026-05-30T09:35:58Z,betr_au,Betr,,player_disposals_over,Brayden Maynard,Over,19.0,29.5,20260530_093320
5e06aeff84a466044adc1db2aae029cb,Western Bulldogs,Collingwood Magpies,2026-05-30T09:35:58Z,betr_au,Betr,,player_disposals_over,Brayden Maynard,Over,46.0,34.5,20260530_093320
5e06aeff84a466044adc1db2aae029cb,Western Bulldogs,Collingwood Magpies,2026-05-30T09:35:58Z,betr_au,Betr,,player_disposals_over,Buku Khamis,Over,2.05,14.5,20260530_093320
5e06aeff84a466044adc1db2aae029cb,Western Bulldogs,Collingwood Magpies,2026-05-30T09:35:58Z,betr_au,Betr,,player_disposals_over,Buku Khamis,Over,5.5,19.5,20260530_093320
5e06aeff84a466044adc1db2aae029cb,Western Bulldogs,Collingwood Magpies,2026-05-30T09:35:58Z,betr_au,Betr,,player_disposals_over,Buku Khamis,Over,15.0,24.5,20260530_093320
5e06aeff84a466044adc1db2aae029cb,Western Bulldogs,Collingwood Magpies,2026-05-30T09:35:58Z,betr_au,Betr,,player_disposals_over,Connor Budarick,Over,1.06,14.5,20260530_093320
5e06aeff84a466044adc1db2aae029cb,Western Bulldogs,Collingwood Magpies,2026-05-30T09:35:58Z,betr_au,Betr,,player_disposals_over,Connor Budarick,Over,1.5,19.5,20260530_093320
5e06aeff84a466044adc1db2aae029cb,Western Bulldogs,Collingwood Magpies,2026-05-30T09:35:58Z,betr_au,Betr,,player_disposals_over,Connor Budarick,Over,3.1,24.5,20260530_093320
5e06aeff84a466044adc1db2aae029cb,Western Bulldogs,Collingwood Magpies,2026-05-30T09:35:58Z,betr_au,Betr,,player_disposals_over,Connor Budarick,Over,8.0,29.5,20260530_093320
5e06aeff84a466044adc1db2aae029cb,Western Bulldogs,Collingwood Magpies,2026-05-30T09:35:58Z,betr_au,Betr,,player_disposals_over,Connor Budarick,Over,21.0,34.5,20260530_093320
5e06aeff84a466044adc1db2aae029cb,Western Bulldogs,Collingwood Magpies,2026-05-30T09:35:58Z,betr_au,Betr,,player_disposals_over,Cooper Hynes,Over,4.0,14.5,20260530_093320
5e06aeff84a466044adc1db2aae029cb,Western Bulldogs,Collingwood Magpies,2026-05-30T09:35:58Z,betr_au,Betr,,player_disposals_over,Cooper Hynes,Over,13.0,19.5,20260530_093320
5e06aeff84a466044adc1db2aae029cb,Western Bulldogs,Collingwood Magpies,2026-05-30T09:35:58Z,betr_au,Betr,,player_disposals_over,Dan Houston,Over,1.17,19.5,20260530_093320
5e06aeff84a466044adc1db2aae029cb,Western Bulldogs,Collingwood Magpies,2026-05-30T09:35:58Z,betr_au,Betr,,player_disposals_over,Dan Houston,Over,1.85,24.5,20260530_093320
5e06aeff84a466044adc1db2aae029cb,Western Bulldogs,Collingwood Magpies,2026-05-30T09:35:58Z,betr_au,Betr,,player_disposals_over,Dan Houston,Over,3.75,29.5,20260530_093320
5e06aeff84a466044adc1db2aae029cb,Western Bulldogs,Collingwood Magpies,2026-05-30T09:35:58Z,betr_au,Betr,,player_disposals_over,Dan Houston,Over,10.0,34.5,20260530_093320
5e06aeff84a466044adc1db2aae029cb,Western Bulldogs,Collingwood Magpies,2026-05-30T09:35:58Z,betr_au,Betr,,player_disposals_over,Dan Houston,Over,36.0,39.5,20260530_093320
5e06aeff84a466044adc1db2aae029cb,Western Bulldogs,Collingwood Magpies,2026-05-30T09:35:58Z,betr_au,Betr,,player_disposals_over,Daniel McStay,Over,4.0,14.5,20260530_093320
5e06aeff84a466044adc1db2aae029cb,Western Bulldogs,Collingwood Magpies,2026-05-30T09:35:58Z,betr_au,Betr,,player_disposals_over,Daniel McStay,Over,13.0,19.5,20260530_093320
5e06aeff84a466044adc1db2aae029cb,Western Bulldogs,Collingwood Magpies,2026-05-30T09:35:58Z,betr_au,Betr,,player_disposals_over,Darcy Cameron,Over,1.2,14.5,20260530_093320
5e06aeff84a466044adc1db2aae029cb,Western Bulldogs,Collingwood Magpies,2026-05-30T09:35:58Z,betr_au,Betr,,player_disposals_over,Darcy Cameron,Over,2.2,19.5,20260530_093320
5e06aeff84a466044adc1db2aae029cb,Western Bulldogs,Collingwood Magpies,2026-05-30T09:35:58Z,betr_au,Betr,,player_disposals_over,Darcy Cameron,Over,5.5,24.5,20260530_093320
5e06aeff84a466044adc1db2aae029cb,Western Bulldogs,Collingwood Magpies,2026-05-30T09:35:58Z,betr_au,Betr,,player_disposals_over,Darcy Cameron,Over,15.0,29.5,20260530_093320
5e06aeff84a466044adc1db2aae029cb,Western Bulldogs,Collingwood Magpies,2026-05-30T09:35:58Z,betr_au,Betr,,player_disposals_over,Darcy Cameron,Over,46.0,34.5,20260530_093320
5e06aeff84a466044adc1db2aae029cb,Western Bulldogs,Collingwood Magpies,2026-05-30T09:35:58Z,betr_au,Betr,,player_disposals_over,Ed Richards,Over,1.12,19.5,20260530_093320
5e06aeff84a466044adc1db2aae029cb,Western Bulldogs,Collingwood Magpies,2026-05-30T09:35:58Z,betr_au,Betr,,player_disposals_over,Ed Richards,Over,1.65,24.5,20260530_093320
5e06aeff84a466044adc1db2aae029cb,Western Bulldogs,Collingwood Magpies,2026-05-30T09:35:58Z,betr_au,Betr,,player_disposals_over,Ed Richards,Over,3.3,29.5,20260530_093320
5e06aeff84a466044adc1db2aae029cb,Western Bulldogs,Collingwood Magpies,2026-05-30T09:35:58Z,betr_au,Betr,,player_disposals_over,Ed Richards,Over,8.0,34.5,20260530_093320
5e06aeff84a466044adc1db2aae029cb,Western Bulldogs,Collingwood Magpies,2026-05-30T09:35:58Z,betr_au,Betr,,player_disposals_over,Ed Richards,Over,26.0,39.5,20260530_093320
5e06aeff84a466044adc1db2aae029cb,Western Bulldogs,Collingwood Magpies,2026-05-30T09:35:58Z,betr_au,Betr,,player_disposals_over,Edward Allan,Over,1.95,14.5,20260530_093320
5e06aeff84a466044adc1db2aae029cb,Western Bulldogs,Collingwood Magpies,2026-05-30T09:35:58Z,betr_au,Betr,,player_disposals_over,Edward Allan,Over,6.0,19.5,20260530_093320
5e06aeff84a466044adc1db2aae029cb,Western Bulldogs,Collingwood Magpies,2026-05-30T09:35:58Z,betr_au,Betr,,player_disposals_over,Edward Allan,Over,15.0,24.5,20260530_093320
5e06aeff84a466044adc1db2aae029cb,Western Bulldogs,Collingwood Magpies,2026-05-30T09:35:58Z,betr_au,Betr,,player_disposals_over,Harvey Harrison,Over,3.1,14.5,20260530_093320
5e06aeff84a466044adc1db2aae029cb,Western Bulldogs,Collingwood Magpies,2026-05-30T09:35:58Z,betr_au,Betr,,player_disposals_over,Harvey Harrison,Over,9.0,19.5,20260530_093320
5e06aeff84a466044adc1db2aae029cb,Western Bulldogs,Collingwood Magpies,2026-05-30T09:35:58Z,betr_au,Betr,,player_disposals_over,Isaac Quaynor,Over,1.15,14.5,20260530_093320
5e06aeff84a466044adc1db2aae029cb,Western Bulldogs,Collingwood Magpies,2026-05-30T09:35:58Z,betr_au,Betr,,player_disposals_over,Isaac Quaynor,Over,1.9,19.5,20260530_093320
5e06aeff84a466044adc1db2aae029cb,Western Bulldogs,Collingwood Magpies,2026-05-30T09:35:58Z,betr_au,Betr,,player_disposals_over,Isaac Quaynor,Over,4.8,24.5,20260530_093320
5e06aeff84a466044adc1db2aae029cb,Western Bulldogs,Collingwood Magpies,2026-05-30T09:35:58Z,betr_au,Betr,,player_disposals_over,Isaac Quaynor,Over,13.0,29.5,20260530_093320
5e06aeff84a466044adc1db2aae029cb,Western Bulldogs,Collingwood Magpies,2026-05-30T09:35:58Z,betr_au,Betr,,player_disposals_over,Isaac Quaynor,Over,46.0,34.5,20260530_093320
5e06aeff84a466044adc1db2aae029cb,Western Bulldogs,Collingwood Magpies,2026-05-30T09:35:58Z,betr_au,Betr,,player_disposals_over,Jack Crisp,Over,1.25,19.5,20260530_093320
5e06aeff84a466044adc1db2aae029cb,Western Bulldogs,Collingwood Magpies,2026-05-30T09:35:58Z,betr_au,Betr,,player_disposals_over,Jack Crisp,Over,2.1,24.5,20260530_093320
5e06aeff84a466044adc1db2aae029cb,Western Bulldogs,Collingwood Magpies,2026-05-30T09:35:58Z,betr_au,Betr,,player_disposals_over,Jack Crisp,Over,5.0,29.5,20260530_093320
5e06aeff84a466044adc1db2aae029cb,Western Bulldogs,Collingwood Magpies,2026-05-30T09:35:58Z,betr_au,Betr,,player_disposals_over,Jack Crisp,Over,13.0,34.5,20260530_093320
5e06aeff84a466044adc1db2aae029cb,Western Bulldogs,Collingwood Magpies,2026-05-30T09:35:58Z,betr_au,Betr,,player_disposals_over,Jack Crisp,Over,41.0,39.5,20260530_093320
5e06aeff84a466044adc1db2aae029cb,Western Bulldogs,Collingwood Magpies,2026-05-30T09:35:58Z,betr_au,Betr,,player_disposals_over,James O'Donnell,Over,3.1,14.5,20260530_093320
5e06aeff84a466044adc1db2aae029cb,Western Bulldogs,Collingwood Magpies,2026-05-30T09:35:58Z,betr_au,Betr,,player_disposals_over,James O'Donnell,Over,10.0,19.5,20260530_093320
5e06aeff84a466044adc1db2aae029cb,Western Bulldogs,Collingwood Magpies,2026-05-30T09:35:58Z,betr_au,Betr,,player_disposals_over,Jeremy Howe,Over,1.25,14.5,20260530_093320
5e06aeff84a466044adc1db2aae029cb,Western Bulldogs,Collingwood Magpies,2026-05-30T09:35:58Z,betr_au,Betr,,player_disposals_over,Jeremy Howe,Over,2.5,19.5,20260530_093320
5e06aeff84a466044adc1db2aae029cb,Western Bulldogs,Collingwood Magpies,2026-05-30T09:35:58Z,betr_au,Betr,,player_disposals_over,Jeremy Howe,Over,6.5,24.5,20260530_093320
5e06aeff84a466044adc1db2aae029cb,Western Bulldogs,Collingwood Magpies,2026-05-30T09:35:58Z,betr_au,Betr,,player_disposals_over,Jeremy Howe,Over,17.0,29.5,20260530_093320
5e06aeff84a466044adc1db2aae029cb,Western Bulldogs,Collingwood Magpies,2026-05-30T09:35:58Z,betr_au,Betr,,player_disposals_over,Jeremy Howe,Over,41.0,34.5,20260530_093320
5e06aeff84a466044adc1db2aae029cb,Western Bulldogs,Collingwood Magpies,2026-05-30T09:35:58Z,betr_au,Betr,,player_disposals_over,Joel Freijah,Over,1.17,14.5,20260530_093320
5e06aeff84a466044adc1db2aae029cb,Western Bulldogs,Collingwood Magpies,2026-05-30T09:35:58Z,betr_au,Betr,,player_disposals_over,Joel Freijah,Over,2.0,19.5,20260530_093320
5e06aeff84a466044adc1db2aae029cb,Western Bulldogs,Collingwood Magpies,2026-05-30T09:35:58Z,betr_au,Betr,,player_disposals_over,Joel Freijah,Over,5.0,24.5,20260530_093320
5e06aeff84a466044adc1db2aae029cb,Western Bulldogs,Collingwood Magpies,2026-05-30T09:35:58Z,betr_au,Betr,,player_disposals_over,Joel Freijah,Over,15.0,29.5,20260530_093320
5e06aeff84a466044adc1db2aae029cb,Western Bulldogs,Collingwood Magpies,2026-05-30T09:35:58Z,betr_au,Betr,,player_disposals_over,Joel Freijah,Over,36.0,34.5,20260530_093320
5e06aeff84a466044adc1db2aae029cb,Western Bulldogs,Collingwood Magpies,2026-05-30T09:35:58Z,betr_au,Betr,,player_disposals_over,Jordan Croft,Over,5.5,14.5,20260530_093320
5e06aeff84a466044adc1db2aae029cb,Western Bulldogs,Collingwood Magpies,2026-05-30T09:35:58Z,betr_au,Betr,,player_disposals_over,Jordan De Goey,Over,1.3,19.5,20260530_093320
5e06aeff84a466044adc1db2aae029cb,Western Bulldogs,Collingwood Magpies,2026-05-30T09:35:58Z,betr_au,Betr,,player_disposals_over,Jordan De Goey,Over,2.4,24.5,20260530_093320
5e06aeff84a466044adc1db2aae029cb,Western Bulldogs,Collingwood Magpies,2026-05-30T09:35:58Z,betr_au,Betr,,player_disposals_over,Jordan De Goey,Over,5.5,29.5,20260530_093320
5e06aeff84a466044adc1db2aae029cb,Western Bulldogs,Collingwood Magpies,2026-05-30T09:35:58Z,betr_au,Betr,,player_disposals_over,Jordan De Goey,Over,15.0,34.5,20260530_093320
5e06aeff84a466044adc1db2aae029cb,Western Bulldogs,Collingwood Magpies,2026-05-30T09:35:58Z,betr_au,Betr,,player_disposals_over,Jordan De Goey,Over,36.0,39.5,20260530_093320
5e06aeff84a466044adc1db2aae029cb,Western Bulldogs,Collingwood Magpies,2026-05-30T09:35:58Z,betr_au,Betr,,player_disposals_over,Josh Daicos,Over,1.12,19.5,20260530_093320
5e06aeff84a466044adc1db2aae029cb,Western Bulldogs,Collingwood Magpies,2026-05-30T09:35:58Z,betr_au,Betr,,player_disposals_over,Josh Daicos,Over,1.65,24.5,20260530_093320
5e06aeff84a466044adc1db2aae029cb,Western Bulldogs,Collingwood Magpies,2026-05-30T09:35:58Z,betr_au,Betr,,player_disposals_over,Josh Daicos,Over,3.3,29.5,20260530_093320
5e06aeff84a466044adc1db2aae029cb,Western Bulldogs,Collingwood Magpies,2026-05-30T09:35:58Z,betr_au,Betr,,player_disposals_over,Josh Daicos,Over,7.5,34.5,20260530_093320
5e06aeff84a466044adc1db2aae029cb,Western Bulldogs,Collingwood Magpies,2026-05-30T09:35:58Z,betr_au,Betr,,player_disposals_over,Josh Daicos,Over,23.0,39.5,20260530_093320
5e06aeff84a466044adc1db2aae029cb,Western Bulldogs,Collingwood Magpies,2026-05-30T09:35:58Z,betr_au,Betr,,player_disposals_over,Lachie Jaques,Over,1.5,14.5,20260530_093320
5e06aeff84a466044adc1db2aae029cb,Western Bulldogs,Collingwood Magpies,2026-05-30T09:35:58Z,betr_au,Betr,,player_disposals_over,Lachie Jaques,Over,3.3,19.5,20260530_093320
5e06aeff84a466044adc1db2aae029cb,Western Bulldogs,Collingwood Magpies,2026-05-30T09:35:58Z,betr_au,Betr,,player_disposals_over,Lachie Jaques,Over,10.0,24.5,20260530_093320
5e06aeff84a466044adc1db2aae029cb,Western Bulldogs,Collingwood Magpies,2026-05-30T09:35:58Z,betr_au,Betr,,player_disposals_over,Lachie Jaques,Over,31.0,29.5,20260530_093320
5e06aeff84a466044adc1db2aae029cb,Western Bulldogs,Collingwood Magpies,2026-05-30T09:35:58Z,betr_au,Betr,,player_disposals_over,Lachlan Schultz,Over,1.65,14.5,20260530_093320
5e06aeff84a466044adc1db2aae029cb,Western Bulldogs,Collingwood Magpies,2026-05-30T09:35:58Z,betr_au,Betr,,player_disposals_over,Lachlan Schultz,Over,4.5,19.5,20260530_093320
5e06aeff84a466044adc1db2aae029cb,Western Bulldogs,Collingwood Magpies,2026-05-30T09:35:58Z,betr_au,Betr,,player_disposals_over,Lachlan Schultz,Over,12.0,24.5,20260530_093320
5e06aeff84a466044adc1db2aae029cb,Western Bulldogs,Collingwood Magpies,2026-05-30T09:35:58Z,betr_au,Betr,,player_disposals_over,Lachlan Schultz,Over,46.0,29.5,20260530_093320
5e06aeff84a466044adc1db2aae029cb,Western Bulldogs,Collingwood Magpies,2026-05-30T09:35:58Z,betr_au,Betr,,player_disposals_over,Lachlan Bramble,Over,1.4,14.5,20260530_093320
5e06aeff84a466044adc1db2aae029cb,Western Bulldogs,Collingwood Magpies,2026-05-30T09:35:58Z,betr_au,Betr,,player_disposals_over,Lachlan Bramble,Over,3.0,19.5,20260530_093320
5e06aeff84a466044adc1db2aae029cb,Western Bulldogs,Collingwood Magpies,2026-05-30T09:35:58Z,betr_au,Betr,,player_disposals_over,Lachlan Bramble,Over,9.5,24.5,20260530_093320
5e06aeff84a466044adc1db2aae029cb,Western Bulldogs,Collingwood Magpies,2026-05-30T09:35:58Z,betr_au,Betr,,player_disposals_over,Lachlan Bramble,Over,41.0,29.5,20260530_093320
5e06aeff84a466044adc1db2aae029cb,Western Bulldogs,Collingwood Magpies,2026-05-30T09:35:58Z,betr_au,Betr,,player_disposals_over,Lachie McNeil,Over,3.6,14.5,20260530_093320
5e06aeff84a466044adc1db2aae029cb,Western Bulldogs,Collingwood Magpies,2026-05-30T09:35:58Z,betr_au,Betr,,player_disposals_over,Lachie McNeil,Over,11.0,19.5,20260530_093320
5e06aeff84a466044adc1db2aae029cb,Western Bulldogs,Collingwood Magpies,2026-05-30T09:35:58Z,betr_au,Betr,,player_disposals_over,Marcus Bontempelli,Over,1.3,24.5,20260530_093320
5e06aeff84a466044adc1db2aae029cb,Western Bulldogs,Collingwood Magpies,2026-05-30T09:35:58Z,betr_au,Betr,,player_disposals_over,Marcus Bontempelli,Over,2.1,29.5,20260530_093320
5e06aeff84a466044adc1db2aae029cb,Western Bulldogs,Collingwood Magpies,2026-05-30T09:35:58Z,betr_au,Betr,,player_disposals_over,Marcus Bontempelli,Over,4.25,34.5,20260530_093320
5e06aeff84a466044adc1db2aae029cb,Western Bulldogs,Collingwood Magpies,2026-05-30T09:35:58Z,betr_au,Betr,,player_disposals_over,Marcus Bontempelli,Over,10.0,39.5,20260530_093320
5e06aeff84a466044adc1db2aae029cb,Western Bulldogs,Collingwood Magpies,2026-05-30T09:35:58Z,betr_au,Betr,,player_disposals_over,Matthew Kennedy,Over,1.25,19.5,20260530_093320
5e06aeff84a466044adc1db2aae029cb,Western Bulldogs,Collingwood Magpies,2026-05-30T09:35:58Z,betr_au,Betr,,player_disposals_over,Matthew Kennedy,Over,2.1,24.5,20260530_093320
5e06aeff84a466044adc1db2aae029cb,Western Bulldogs,Collingwood Magpies,2026-05-30T09:35:58Z,betr_au,Betr,,player_disposals_over,Matthew Kennedy,Over,5.0,29.5,20260530_093320
5e06aeff84a466044adc1db2aae029cb,Western Bulldogs,Collingwood Magpies,2026-05-30T09:35:58Z,betr_au,Betr,,player_disposals_over,Matthew Kennedy,Over,13.0,34.5,20260530_093320
5e06aeff84a466044adc1db2aae029cb,Western Bulldogs,Collingwood Magpies,2026-05-30T09:35:58Z,betr_au,Betr,,player_disposals_over,Matthew Kennedy,Over,56.0,39.5,20260530_093320
5e06aeff84a466044adc1db2aae029cb,Western Bulldogs,Collingwood Magpies,2026-05-30T09:35:58Z,betr_au,Betr,,player_disposals_over,Michael Sellwood,Over,1.9,14.5,20260530_093320
5e06aeff84a466044adc1db2aae029cb,Western Bulldogs,Collingwood Magpies,2026-05-30T09:35:58Z,betr_au,Betr,,player_disposals_over,Michael Sellwood,Over,6.0,19.5,20260530_093320
5e06aeff84a466044adc1db2aae029cb,Western Bulldogs,Collingwood Magpies,2026-05-30T09:35:58Z,betr_au,Betr,,player_disposals_over,Michael Sellwood,Over,17.0,24.5,20260530_093320
5e06aeff84a466044adc1db2aae029cb,Western Bulldogs,Collingwood Magpies,2026-05-30T09:35:58Z,betr_au,Betr,,player_disposals_over,Ned Long,Over,1.55,14.5,20260530_093320
5e06aeff84a466044adc1db2aae029cb,Western Bulldogs,Collingwood Magpies,2026-05-30T09:35:58Z,betr_au,Betr,,player_disposals_over,Ned Long,Over,4.0,19.5,20260530_093320
5e06aeff84a466044adc1db2aae029cb,Western Bulldogs,Collingwood Magpies,2026-05-30T09:35:58Z,betr_au,Betr,,player_disposals_over,Ned Long,Over,12.0,24.5,20260530_093320
5e06aeff84a466044adc1db2aae029cb,Western Bulldogs,Collingwood Magpies,2026-05-30T09:35:58Z,betr_au,Betr,,player_disposals_over,Nicholas Coffield,Over,1.45,14.5,20260530_093320
5e06aeff84a466044adc1db2aae029cb,Western Bulldogs,Collingwood Magpies,2026-05-30T09:35:58Z,betr_au,Betr,,player_disposals_over,Nicholas Coffield,Over,3.5,19.5,20260530_093320
5e06aeff84a466044adc1db2aae029cb,Western Bulldogs,Collingwood Magpies,2026-05-30T09:35:58Z,betr_au,Betr,,player_disposals_over,Nicholas Coffield,Over,10.0,24.5,20260530_093320
5e06aeff84a466044adc1db2aae029cb,Western Bulldogs,Collingwood Magpies,2026-05-30T09:35:58Z,betr_au,Betr,,player_disposals_over,Nicholas Coffield,Over,29.0,29.5,20260530_093320
5e06aeff84a466044adc1db2aae029cb,Western Bulldogs,Collingwood Magpies,2026-05-30T09:35:58Z,betr_au,Betr,,player_disposals_over,Nick Daicos,Over,1.08,24.5,20260530_093320
5e06aeff84a466044adc1db2aae029cb,Western Bulldogs,Collingwood Magpies,2026-05-30T09:35:58Z,betr_au,Betr,,player_disposals_over,Nick Daicos,Over,1.4,29.5,20260530_093320
5e06aeff84a466044adc1db2aae029cb,Western Bulldogs,Collingwood Magpies,2026-05-30T09:35:58Z,betr_au,Betr,,player_disposals_over,Nick Daicos,Over,2.4,34.5,20260530_093320
5e06aeff84a466044adc1db2aae029cb,Western Bulldogs,Collingwood Magpies,2026-05-30T09:35:58Z,betr_au,Betr,,player_disposals_over,Nick Daicos,Over,4.5,39.5,20260530_093320
5e06aeff84a466044adc1db2aae029cb,Western Bulldogs,Collingwood Magpies,2026-05-30T09:35:58Z,betr_au,Betr,,player_disposals_over,Patrick Lipinski,Over,1.12,14.5,20260530_093320
5e06aeff84a466044adc1db2aae029cb,Western Bulldogs,Collingwood Magpies,2026-05-30T09:35:58Z,betr_au,Betr,,player_disposals_over,Patrick Lipinski,Over,1.85,19.5,20260530_093320
5e06aeff84a466044adc1db2aae029cb,Western Bulldogs,Collingwood Magpies,2026-05-30T09:35:58Z,betr_au,Betr,,player_disposals_over,Patrick Lipinski,Over,4.25,24.5,20260530_093320
5e06aeff84a466044adc1db2aae029cb,Western Bulldogs,Collingwood Magpies,2026-05-30T09:35:58Z,betr_au,Betr,,player_disposals_over,Patrick Lipinski,Over,13.0,29.5,20260530_093320
5e06aeff84a466044adc1db2aae029cb,Western Bulldogs,Collingwood Magpies,2026-05-30T09:35:58Z,betr_au,Betr,,player_disposals_over,Patrick Lipinski,Over,67.0,34.5,20260530_093320
5e06aeff84a466044adc1db2aae029cb,Western Bulldogs,Collingwood Magpies,2026-05-30T09:35:58Z,betr_au,Betr,,player_disposals_over,Rhylee West,Over,2.25,14.5,20260530_093320
5e06aeff84a466044adc1db2aae029cb,Western Bulldogs,Collingwood Magpies,2026-05-30T09:35:58Z,betr_au,Betr,,player_disposals_over,Rhylee West,Over,8.0,19.5,20260530_093320
5e06aeff84a466044adc1db2aae029cb,Western Bulldogs,Collingwood Magpies,2026-05-30T09:35:58Z,betr_au,Betr,,player_disposals_over,Rhylee West,Over,26.0,24.5,20260530_093320
5e06aeff84a466044adc1db2aae029cb,Western Bulldogs,Collingwood Magpies,2026-05-30T09:35:58Z,betr_au,Betr,,player_disposals_over,Roan Steele,Over,1.65,14.5,20260530_093320
5e06aeff84a466044adc1db2aae029cb,Western Bulldogs,Collingwood Magpies,2026-05-30T09:35:58Z,betr_au,Betr,,player_disposals_over,Roan Steele,Over,4.25,19.5,20260530_093320
5e06aeff84a466044adc1db2aae029cb,Western Bulldogs,Collingwood Magpies,2026-05-30T09:35:58Z,betr_au,Betr,,player_disposals_over,Roan Steele,Over,11.0,24.5,20260530_093320
5e06aeff84a466044adc1db2aae029cb,Western Bulldogs,Collingwood Magpies,2026-05-30T09:35:58Z,betr_au,Betr,,player_disposals_over,Roan Steele,Over,31.0,29.5,20260530_093320
5e06aeff84a466044adc1db2aae029cb,Western Bulldogs,Collingwood Magpies,2026-05-30T09:35:58Z,betr_au,Betr,,player_disposals_over,Rory Lobb,Over,2.25,14.5,20260530_093320
5e06aeff84a466044adc1db2aae029cb,Western Bulldogs,Collingwood Magpies,2026-05-30T09:35:58Z,betr_au,Betr,,player_disposals_over,Rory Lobb,Over,7.0,19.5,20260530_093320
5e06aeff84a466044adc1db2aae029cb,Western Bulldogs,Collingwood Magpies,2026-05-30T09:35:58Z,betr_au,Betr,,player_disposals_over,Rory Lobb,Over,18.0,24.5,20260530_093320
5e06aeff84a466044adc1db2aae029cb,Western Bulldogs,Collingwood Magpies,2026-05-30T09:35:58Z,betr_au,Betr,,player_disposals_over,Ryley Sanders,Over,1.08,19.5,20260530_093320
5e06aeff84a466044adc1db2aae029cb,Western Bulldogs,Collingwood Magpies,2026-05-30T09:35:58Z,betr_au,Betr,,player_disposals_over,Ryley Sanders,Over,1.5,24.5,20260530_093320
5e06aeff84a466044adc1db2aae029cb,Western Bulldogs,Collingwood Magpies,2026-05-30T09:35:58Z,betr_au,Betr,,player_disposals_over,Ryley Sanders,Over,2.75,29.5,20260530_093320
5e06aeff84a466044adc1db2aae029cb,Western Bulldogs,Collingwood Magpies,2026-05-30T09:35:58Z,betr_au,Betr,,player_disposals_over,Ryley Sanders,Over,6.5,34.5,20260530_093320
5e06aeff84a466044adc1db2aae029cb,Western Bulldogs,Collingwood Magpies,2026-05-30T09:35:58Z,betr_au,Betr,,player_disposals_over,Ryley Sanders,Over,15.0,39.5,20260530_093320
5e06aeff84a466044adc1db2aae029cb,Western Bulldogs,Collingwood Magpies,2026-05-30T09:35:58Z,betr_au,Betr,,player_disposals_over,Scott Pendlebury,Over,1.25,19.5,20260530_093320
5e06aeff84a466044adc1db2aae029cb,Western Bulldogs,Collingwood Magpies,2026-05-30T09:35:58Z,betr_au,Betr,,player_disposals_over,Scott Pendlebury,Over,2.1,24.5,20260530_093320
5e06aeff84a466044adc1db2aae029cb,Western Bulldogs,Collingwood Magpies,2026-05-30T09:35:58Z,betr_au,Betr,,player_disposals_over,Scott Pendlebury,Over,5.0,29.5,20260530_093320
5e06aeff84a466044adc1db2aae029cb,Western Bulldogs,Collingwood Magpies,2026-05-30T09:35:58Z,betr_au,Betr,,player_disposals_over,Scott Pendlebury,Over,12.0,34.5,20260530_093320
5e06aeff84a466044adc1db2aae029cb,Western Bulldogs,Collingwood Magpies,2026-05-30T09:35:58Z,betr_au,Betr,,player_disposals_over,Scott Pendlebury,Over,34.0,39.5,20260530_093320
5e06aeff84a466044adc1db2aae029cb,Western Bulldogs,Collingwood Magpies,2026-05-30T09:35:58Z,betr_au,Betr,,player_disposals_over,Steele Sidebottom,Over,1.4,14.5,20260530_093320
5e06aeff84a466044adc1db2aae029cb,Western Bulldogs,Collingwood Magpies,2026-05-30T09:35:58Z,betr_au,Betr,,player_disposals_over,Steele Sidebottom,Over,2.9,19.5,20260530_093320
5e06aeff84a466044adc1db2aae029cb,Western Bulldogs,Collingwood Magpies,2026-05-30T09:35:58Z,betr_au,Betr,,player_disposals_over,Steele Sidebottom,Over,9.0,24.5,20260530_093320
5e06aeff84a466044adc1db2aae029cb,Western Bulldogs,Collingwood Magpies,2026-05-30T09:35:58Z,betr_au,Betr,,player_disposals_over,Steele Sidebottom,Over,41.0,29.5,20260530_093320
5e06aeff84a466044adc1db2aae029cb,Western Bulldogs,Collingwood Magpies,2026-05-30T09:35:58Z,betr_au,Betr,,player_disposals_over,Timothy English,Over,1.4,14.5,20260530_093320
5e06aeff84a466044adc1db2aae029cb,Western Bulldogs,Collingwood Magpies,2026-05-30T09:35:58Z,betr_au,Betr,,player_disposals_over,Timothy English,Over,3.1,19.5,20260530_093320
5e06aeff84a466044adc1db2aae029cb,Western Bulldogs,Collingwood Magpies,2026-05-30T09:35:58Z,betr_au,Betr,,player_disposals_over,Timothy English,Over,8.5,24.5,20260530_093320
5e06aeff84a466044adc1db2aae029cb,Western Bulldogs,Collingwood Magpies,2026-05-30T09:35:58Z,betr_au,Betr,,player_disposals_over,Timothy English,Over,26.0,29.5,20260530_093320
5e06aeff84a466044adc1db2aae029cb,Western Bulldogs,Collingwood Magpies,2026-05-30T09:35:58Z,betr_au,Betr,,player_disposals_over,Tim Membrey,Over,4.5,14.5,20260530_093320
5e06aeff84a466044adc1db2aae029cb,Western Bulldogs,Collingwood Magpies,2026-05-30T09:35:58Z,betr_au,Betr,,player_disposals_over,Tim Membrey,Over,13.0,19.5,20260530_093320
5e06aeff84a466044adc1db2aae029cb,Western Bulldogs,Collingwood Magpies,2026-05-30T09:35:58Z,betr_au,Betr,,player_disposals_over,Wil Parker,Over,2.8,14.5,20260530_093320
5e06aeff84a466044adc1db2aae029cb,Western Bulldogs,Collingwood Magpies,2026-05-30T09:35:58Z,betr_au,Betr,,player_disposals_over,Wil Parker,Over,8.5,19.5,20260530_093320
5e06aeff84a466044adc1db2aae029cb,Western Bulldogs,Collingwood Magpies,2026-05-30T09:35:58Z,betr_au,Betr,,player_disposals_over,Will Lewis,Over,4.25,14.5,20260530_093320
5e06aeff84a466044adc1db2aae029cb,Western Bulldogs,Collingwood Magpies,2026-05-30T09:35:58Z,betr_au,Betr,,player_disposals_over,Will Lewis,Over,13.0,19.5,20260530_093320
5e06aeff84a466044adc1db2aae029cb,Western Bulldogs,Collingwood Magpies,2026-05-30T09:35:58Z,pointsbetau,PointsBet (AU),,player_disposals,Adam Treloar,Over,1.8,21.5,20260530_093320
5e06aeff84a466044adc1db2aae029cb,Western Bulldogs,Collingwood Magpies,2026-05-30T09:35:58Z,pointsbetau,PointsBet (AU),,player_disposals,Adam Treloar,Under,1.95,21.5,20260530_093320
5e06aeff84a466044adc1db2aae029cb,Western Bulldogs,Collingwood Magpies,2026-05-30T09:35:58Z,pointsbetau,PointsBet (AU),,player_disposals,Bailey Dale,Over,1.87,30.5,20260530_093320
5e06aeff84a466044adc1db2aae029cb,Western Bulldogs,Collingwood Magpies,2026-05-30T09:35:58Z,pointsbetau,PointsBet (AU),,player_disposals,Bailey Dale,Under,1.87,30.5,20260530_093320
5e06aeff84a466044adc1db2aae029cb,Western Bulldogs,Collingwood Magpies,2026-05-30T09:35:58Z,pointsbetau,PointsBet (AU),,player_disposals,Brayden Maynard,Over,1.87,18.5,20260530_093320
5e06aeff84a466044adc1db2aae029cb,Western Bulldogs,Collingwood Magpies,2026-05-30T09:35:58Z,pointsbetau,PointsBet (AU),,player_disposals,Brayden Maynard,Under,1.87,18.5,20260530_093320
5e06aeff84a466044adc1db2aae029cb,Western Bulldogs,Collingwood Magpies,2026-05-30T09:35:58Z,pointsbetau,PointsBet (AU),,player_disposals,Connor Budarick,Over,1.87,21.5,20260530_093320
5e06aeff84a466044adc1db2aae029cb,Western Bulldogs,Collingwood Magpies,2026-05-30T09:35:58Z,pointsbetau,PointsBet (AU),,player_disposals,Connor Budarick,Under,1.87,21.5,20260530_093320
5e06aeff84a466044adc1db2aae029cb,Western Bulldogs,Collingwood Magpies,2026-05-30T09:35:58Z,pointsbetau,PointsBet (AU),,player_disposals,Dan Houston,Over,1.87,24.5,20260530_093320
5e06aeff84a466044adc1db2aae029cb,Western Bulldogs,Collingwood Magpies,2026-05-30T09:35:58Z,pointsbetau,PointsBet (AU),,player_disposals,Dan Houston,Under,1.87,24.5,20260530_093320
5e06aeff84a466044adc1db2aae029cb,Western Bulldogs,Collingwood Magpies,2026-05-30T09:35:58Z,pointsbetau,PointsBet (AU),,player_disposals,Darcy Cameron,Over,1.83,18.5,20260530_093320
5e06aeff84a466044adc1db2aae029cb,Western Bulldogs,Collingwood Magpies,2026-05-30T09:35:58Z,pointsbetau,PointsBet (AU),,player_disposals,Darcy Cameron,Under,1.9,18.5,20260530_093320
5e06aeff84a466044adc1db2aae029cb,Western Bulldogs,Collingwood Magpies,2026-05-30T09:35:58Z,pointsbetau,PointsBet (AU),,player_disposals,Ed Richards,Over,1.87,25.5,20260530_093320
5e06aeff84a466044adc1db2aae029cb,Western Bulldogs,Collingwood Magpies,2026-05-30T09:35:58Z,pointsbetau,PointsBet (AU),,player_disposals,Ed Richards,Under,1.87,25.5,20260530_093320
5e06aeff84a466044adc1db2aae029cb,Western Bulldogs,Collingwood Magpies,2026-05-30T09:35:58Z,pointsbetau,PointsBet (AU),,player_disposals,Isaac Quaynor,Over,1.87,18.5,20260530_093320
5e06aeff84a466044adc1db2aae029cb,Western Bulldogs,Collingwood Magpies,2026-05-30T09:35:58Z,pointsbetau,PointsBet (AU),,player_disposals,Isaac Quaynor,Under,1.87,18.5,20260530_093320
5e06aeff84a466044adc1db2aae029cb,Western Bulldogs,Collingwood Magpies,2026-05-30T09:35:58Z,pointsbetau,PointsBet (AU),,player_disposals,Jack Crisp,Over,1.87,23.5,20260530_093320
5e06aeff84a466044adc1db2aae029cb,Western Bulldogs,Collingwood Magpies,2026-05-30T09:35:58Z,pointsbetau,PointsBet (AU),,player_disposals,Jack Crisp,Under,1.87,23.5,20260530_093320
5e06aeff84a466044adc1db2aae029cb,Western Bulldogs,Collingwood Magpies,2026-05-30T09:35:58Z,pointsbetau,PointsBet (AU),,player_disposals,Jeremy Howe,Over,1.87,17.5,20260530_093320
5e06aeff84a466044adc1db2aae029cb,Western Bulldogs,Collingwood Magpies,2026-05-30T09:35:58Z,pointsbetau,PointsBet (AU),,player_disposals,Jeremy Howe,Under,1.87,17.5,20260530_093320
5e06aeff84a466044adc1db2aae029cb,Western Bulldogs,Collingwood Magpies,2026-05-30T09:35:58Z,pointsbetau,PointsBet (AU),,player_disposals,Joel Freijah,Over,1.87,18.5,20260530_093320
5e06aeff84a466044adc1db2aae029cb,Western Bulldogs,Collingwood Magpies,2026-05-30T09:35:58Z,pointsbetau,PointsBet (AU),,player_disposals,Joel Freijah,Under,1.87,18.5,20260530_093320
5e06aeff84a466044adc1db2aae029cb,Western Bulldogs,Collingwood Magpies,2026-05-30T09:35:58Z,pointsbetau,PointsBet (AU),,player_disposals,Jordan De Goey,Over,1.87,22.5,20260530_093320
5e06aeff84a466044adc1db2aae029cb,Western Bulldogs,Collingwood Magpies,2026-05-30T09:35:58Z,pointsbetau,PointsBet (AU),,player_disposals,Jordan De Goey,Under,1.87,22.5,20260530_093320
5e06aeff84a466044adc1db2aae029cb,Western Bulldogs,Collingwood Magpies,2026-05-30T09:35:58Z,pointsbetau,PointsBet (AU),,player_disposals,Josh Daicos,Over,1.87,25.5,20260530_093320
5e06aeff84a466044adc1db2aae029cb,Western Bulldogs,Collingwood Magpies,2026-05-30T09:35:58Z,pointsbetau,PointsBet (AU),,player_disposals,Josh Daicos,Under,1.87,25.5,20260530_093320
5e06aeff84a466044adc1db2aae029cb,Western Bulldogs,Collingwood Magpies,2026-05-30T09:35:58Z,pointsbetau,PointsBet (AU),,player_disposals,Lachlan Bramble,Over,1.87,16.5,20260530_093320
5e06aeff84a466044adc1db2aae029cb,Western Bulldogs,Collingwood Magpies,2026-05-30T09:35:58Z,pointsbetau,PointsBet (AU),,player_disposals,Lachlan Bramble,Under,1.87,16.5,20260530_093320
5e06aeff84a466044adc1db2aae029cb,Western Bulldogs,Collingwood Magpies,2026-05-30T09:35:58Z,pointsbetau,PointsBet (AU),,player_disposals,Marcus Bontempelli,Over,1.87,28.5,20260530_093320
5e06aeff84a466044adc1db2aae029cb,Western Bulldogs,Collingwood Magpies,2026-05-30T09:35:58Z,pointsbetau,PointsBet (AU),,player_disposals,Marcus Bontempelli,Under,1.87,28.5,20260530_093320
5e06aeff84a466044adc1db2aae029cb,Western Bulldogs,Collingwood Magpies,2026-05-30T09:35:58Z,pointsbetau,PointsBet (AU),,player_disposals,Matthew Kennedy,Over,1.87,23.5,20260530_093320
5e06aeff84a466044adc1db2aae029cb,Western Bulldogs,Collingwood Magpies,2026-05-30T09:35:58Z,pointsbetau,PointsBet (AU),,player_disposals,Matthew Kennedy,Under,1.87,23.5,20260530_093320
5e06aeff84a466044adc1db2aae029cb,Western Bulldogs,Collingwood Magpies,2026-05-30T09:35:58Z,pointsbetau,PointsBet (AU),,player_disposals,Nick Daicos,Over,1.87,32.5,20260530_093320
5e06aeff84a466044adc1db2aae029cb,Western Bulldogs,Collingwood Magpies,2026-05-30T09:35:58Z,pointsbetau,PointsBet (AU),,player_disposals,Nick Daicos,Under,1.87,32.5,20260530_093320
5e06aeff84a466044adc1db2aae029cb,Western Bulldogs,Collingwood Magpies,2026-05-30T09:35:58Z,pointsbetau,PointsBet (AU),,player_disposals,Patrick Lipinski,Over,1.95,19.5,20260530_093320
5e06aeff84a466044adc1db2aae029cb,Western Bulldogs,Collingwood Magpies,2026-05-30T09:35:58Z,pointsbetau,PointsBet (AU),,player_disposals,Patrick Lipinski,Under,1.8,19.5,20260530_093320
5e06aeff84a466044adc1db2aae029cb,Western Bulldogs,Collingwood Magpies,2026-05-30T09:35:58Z,pointsbetau,PointsBet (AU),,player_disposals,Ryley Sanders,Over,1.87,26.5,20260530_093320
5e06aeff84a466044adc1db2aae029cb,Western Bulldogs,Collingwood Magpies,2026-05-30T09:35:58Z,pointsbetau,PointsBet (AU),,player_disposals,Ryley Sanders,Under,1.87,26.5,20260530_093320
5e06aeff84a466044adc1db2aae029cb,Western Bulldogs,Collingwood Magpies,2026-05-30T09:35:58Z,pointsbetau,PointsBet (AU),,player_disposals,Steele Sidebottom,Over,1.87,16.5,20260530_093320
5e06aeff84a466044adc1db2aae029cb,Western Bulldogs,Collingwood Magpies,2026-05-30T09:35:58Z,pointsbetau,PointsBet (AU),,player_disposals,Steele Sidebottom,Under,1.87,16.5,20260530_093320
5e06aeff84a466044adc1db2aae029cb,Western Bulldogs,Collingwood Magpies,2026-05-30T09:35:58Z,pointsbetau,PointsBet (AU),,player_disposals_over,Connor Budarick,Over,1.05,14.5,20260530_093320
5e06aeff84a466044adc1db2aae029cb,Western Bulldogs,Collingwood Magpies,2026-05-30T09:35:58Z,pointsbetau,PointsBet (AU),,player_disposals_over,Connor Budarick,Over,1.09,15.5,20260530_093320
5e06aeff84a466044adc1db2aae029cb,Western Bulldogs,Collingwood Magpies,2026-05-30T09:35:58Z,pointsbetau,PointsBet (AU),,player_disposals_over,Connor Budarick,Over,1.14,16.5,20260530_093320
5e06aeff84a466044adc1db2aae029cb,Western Bulldogs,Collingwood Magpies,2026-05-30T09:35:58Z,pointsbetau,PointsBet (AU),,player_disposals_over,Connor Budarick,Over,1.22,17.5,20260530_093320
5e06aeff84a466044adc1db2aae029cb,Western Bulldogs,Collingwood Magpies,2026-05-30T09:35:58Z,pointsbetau,PointsBet (AU),,player_disposals_over,Connor Budarick,Over,1.31,18.5,20260530_093320
5e06aeff84a466044adc1db2aae029cb,Western Bulldogs,Collingwood Magpies,2026-05-30T09:35:58Z,pointsbetau,PointsBet (AU),,player_disposals_over,Connor Budarick,Over,1.48,19.5,20260530_093320
5e06aeff84a466044adc1db2aae029cb,Western Bulldogs,Collingwood Magpies,2026-05-30T09:35:58Z,pointsbetau,PointsBet (AU),,player_disposals_over,Connor Budarick,Over,1.65,20.5,20260530_093320
5e06aeff84a466044adc1db2aae029cb,Western Bulldogs,Collingwood Magpies,2026-05-30T09:35:58Z,pointsbetau,PointsBet (AU),,player_disposals_over,Connor Budarick,Over,1.83,21.5,20260530_093320
5e06aeff84a466044adc1db2aae029cb,Western Bulldogs,Collingwood Magpies,2026-05-30T09:35:58Z,pointsbetau,PointsBet (AU),,player_disposals_over,Connor Budarick,Over,2.1,22.5,20260530_093320
5e06aeff84a466044adc1db2aae029cb,Western Bulldogs,Collingwood Magpies,2026-05-30T09:35:58Z,pointsbetau,PointsBet (AU),,player_disposals_over,Connor Budarick,Over,2.4,23.5,20260530_093320
5e06aeff84a466044adc1db2aae029cb,Western Bulldogs,Collingwood Magpies,2026-05-30T09:35:58Z,pointsbetau,PointsBet (AU),,player_disposals_over,Connor Budarick,Over,2.75,24.5,20260530_093320
5e06aeff84a466044adc1db2aae029cb,Western Bulldogs,Collingwood Magpies,2026-05-30T09:35:58Z,pointsbetau,PointsBet (AU),,player_disposals_over,Connor Budarick,Over,3.25,25.5,20260530_093320
5e06aeff84a466044adc1db2aae029cb,Western Bulldogs,Collingwood Magpies,2026-05-30T09:35:58Z,pointsbetau,PointsBet (AU),,player_disposals_over,Connor Budarick,Over,3.9,26.5,20260530_093320
5e06aeff84a466044adc1db2aae029cb,Western Bulldogs,Collingwood Magpies,2026-05-30T09:35:58Z,pointsbetau,PointsBet (AU),,player_disposals_over,Connor Budarick,Over,4.5,27.5,20260530_093320
5e06aeff84a466044adc1db2aae029cb,Western Bulldogs,Collingwood Magpies,2026-05-30T09:35:58Z,pointsbetau,PointsBet (AU),,player_disposals_over,Connor Budarick,Over,5.25,28.5,20260530_093320
5e06aeff84a466044adc1db2aae029cb,Western Bulldogs,Collingwood Magpies,2026-05-30T09:35:58Z,pointsbetau,PointsBet (AU),,player_disposals_over,Connor Budarick,Over,6.5,29.5,20260530_093320
5e06aeff84a466044adc1db2aae029cb,Western Bulldogs,Collingwood Magpies,2026-05-30T09:35:58Z,pointsbetau,PointsBet (AU),,player_disposals_over,Connor Budarick,Over,8.0,30.5,20260530_093320
5e06aeff84a466044adc1db2aae029cb,Western Bulldogs,Collingwood Magpies,2026-05-30T09:35:58Z,pointsbetau,PointsBet (AU),,player_disposals_over,Connor Budarick,Over,10.0,31.5,20260530_093320
5e06aeff84a466044adc1db2aae029cb,Western Bulldogs,Collingwood Magpies,2026-05-30T09:35:58Z,pointsbetau,PointsBet (AU),,player_disposals_over,Connor Budarick,Over,11.0,32.5,20260530_093320
5e06aeff84a466044adc1db2aae029cb,Western Bulldogs,Collingwood Magpies,2026-05-30T09:35:58Z,pointsbetau,PointsBet (AU),,player_disposals_over,Connor Budarick,Over,13.0,33.5,20260530_093320
5e06aeff84a466044adc1db2aae029cb,Western Bulldogs,Collingwood Magpies,2026-05-30T09:35:58Z,pointsbetau,PointsBet (AU),,player_disposals_over,Connor Budarick,Over,16.0,34.5,20260530_093320
5e06aeff84a466044adc1db2aae029cb,Western Bulldogs,Collingwood Magpies,2026-05-30T09:35:58Z,pointsbetau,PointsBet (AU),,player_disposals_over,Connor Budarick,Over,20.0,35.5,20260530_093320
5e06aeff84a466044adc1db2aae029cb,Western Bulldogs,Collingwood Magpies,2026-05-30T09:35:58Z,pointsbetau,PointsBet (AU),,player_disposals_over,Lachlan Bramble,Over,1.05,10.5,20260530_093320
5e06aeff84a466044adc1db2aae029cb,Western Bulldogs,Collingwood Magpies,2026-05-30T09:35:58Z,pointsbetau,PointsBet (AU),,player_disposals_over,Lachlan Bramble,Over,1.09,11.5,20260530_093320
5e06aeff84a466044adc1db2aae029cb,Western Bulldogs,Collingwood Magpies,2026-05-30T09:35:58Z,pointsbetau,PointsBet (AU),,player_disposals_over,Lachlan Bramble,Over,1.16,12.5,20260530_093320
5e06aeff84a466044adc1db2aae029cb,Western Bulldogs,Collingwood Magpies,2026-05-30T09:35:58Z,pointsbetau,PointsBet (AU),,player_disposals_over,Lachlan Bramble,Over,1.27,13.5,20260530_093320
5e06aeff84a466044adc1db2aae029cb,Western Bulldogs,Collingwood Magpies,2026-05-30T09:35:58Z,pointsbetau,PointsBet (AU),,player_disposals_over,Lachlan Bramble,Over,1.42,14.5,20260530_093320
5e06aeff84a466044adc1db2aae029cb,Western Bulldogs,Collingwood Magpies,2026-05-30T09:35:58Z,pointsbetau,PointsBet (AU),,player_disposals_over,Lachlan Bramble,Over,1.63,15.5,20260530_093320
5e06aeff84a466044adc1db2aae029cb,Western Bulldogs,Collingwood Magpies,2026-05-30T09:35:58Z,pointsbetau,PointsBet (AU),,player_disposals_over,Lachlan Bramble,Over,1.83,16.5,20260530_093320
5e06aeff84a466044adc1db2aae029cb,Western Bulldogs,Collingwood Magpies,2026-05-30T09:35:58Z,pointsbetau,PointsBet (AU),,player_disposals_over,Lachlan Bramble,Over,2.2,17.5,20260530_093320
5e06aeff84a466044adc1db2aae029cb,Western Bulldogs,Collingwood Magpies,2026-05-30T09:35:58Z,pointsbetau,PointsBet (AU),,player_disposals_over,Lachlan Bramble,Over,2.55,18.5,20260530_093320
5e06aeff84a466044adc1db2aae029cb,Western Bulldogs,Collingwood Magpies,2026-05-30T09:35:58Z,pointsbetau,PointsBet (AU),,player_disposals_over,Lachlan Bramble,Over,2.9,19.5,20260530_093320
5e06aeff84a466044adc1db2aae029cb,Western Bulldogs,Collingwood Magpies,2026-05-30T09:35:58Z,pointsbetau,PointsBet (AU),,player_disposals_over,Lachlan Bramble,Over,3.6,20.5,20260530_093320
5e06aeff84a466044adc1db2aae029cb,Western Bulldogs,Collingwood Magpies,2026-05-30T09:35:58Z,pointsbetau,PointsBet (AU),,player_disposals_over,Lachlan Bramble,Over,4.2,21.5,20260530_093320
5e06aeff84a466044adc1db2aae029cb,Western Bulldogs,Collingwood Magpies,2026-05-30T09:35:58Z,pointsbetau,PointsBet (AU),,player_disposals_over,Lachlan Bramble,Over,5.0,22.5,20260530_093320
5e06aeff84a466044adc1db2aae029cb,Western Bulldogs,Collingwood Magpies,2026-05-30T09:35:58Z,pointsbetau,PointsBet (AU),,player_disposals_over,Lachlan Bramble,Over,6.0,23.5,20260530_093320
5e06aeff84a466044adc1db2aae029cb,Western Bulldogs,Collingwood Magpies,2026-05-30T09:35:58Z,pointsbetau,PointsBet (AU),,player_disposals_over,Lachlan Bramble,Over,7.5,24.5,20260530_093320
5e06aeff84a466044adc1db2aae029cb,Western Bulldogs,Collingwood Magpies,2026-05-30T09:35:58Z,pointsbetau,PointsBet (AU),,player_disposals_over,Lachlan Bramble,Over,9.5,25.5,20260530_093320
5e06aeff84a466044adc1db2aae029cb,Western Bulldogs,Collingwood Magpies,2026-05-30T09:35:58Z,pointsbetau,PointsBet (AU),,player_disposals_over,Lachlan Bramble,Over,10.5,26.5,20260530_093320
5e06aeff84a466044adc1db2aae029cb,Western Bulldogs,Collingwood Magpies,2026-05-30T09:35:58Z,pointsbetau,PointsBet (AU),,player_disposals_over,Lachlan Bramble,Over,12.0,27.5,20260530_093320
5e06aeff84a466044adc1db2aae029cb,Western Bulldogs,Collingwood Magpies,2026-05-30T09:35:58Z,pointsbetau,PointsBet (AU),,player_disposals_over,Lachlan Bramble,Over,16.0,28.5,20260530_093320
5e06aeff84a466044adc1db2aae029cb,Western Bulldogs,Collingwood Magpies,2026-05-30T09:35:58Z,pointsbetau,PointsBet (AU),,player_disposals_over,Lachlan Bramble,Over,19.0,29.5,20260530_093320
5e06aeff84a466044adc1db2aae029cb,Western Bulldogs,Collingwood Magpies,2026-05-30T09:35:58Z,pointsbetau,PointsBet (AU),,player_disposals_over,Matthew Kennedy,Over,1.04,15.5,20260530_093320
5e06aeff84a466044adc1db2aae029cb,Western Bulldogs,Collingwood Magpies,2026-05-30T09:35:58Z,pointsbetau,PointsBet (AU),,player_disposals_over,Matthew Kennedy,Over,1.07,16.5,20260530_093320
5e06aeff84a466044adc1db2aae029cb,Western Bulldogs,Collingwood Magpies,2026-05-30T09:35:58Z,pointsbetau,PointsBet (AU),,player_disposals_over,Matthew Kennedy,Over,1.1,17.5,20260530_093320
5e06aeff84a466044adc1db2aae029cb,Western Bulldogs,Collingwood Magpies,2026-05-30T09:35:58Z,pointsbetau,PointsBet (AU),,player_disposals_over,Matthew Kennedy,Over,1.16,18.5,20260530_093320
5e06aeff84a466044adc1db2aae029cb,Western Bulldogs,Collingwood Magpies,2026-05-30T09:35:58Z,pointsbetau,PointsBet (AU),,player_disposals_over,Matthew Kennedy,Over,1.24,19.5,20260530_093320
5e06aeff84a466044adc1db2aae029cb,Western Bulldogs,Collingwood Magpies,2026-05-30T09:35:58Z,pointsbetau,PointsBet (AU),,player_disposals_over,Matthew Kennedy,Over,1.33,20.5,20260530_093320
5e06aeff84a466044adc1db2aae029cb,Western Bulldogs,Collingwood Magpies,2026-05-30T09:35:58Z,pointsbetau,PointsBet (AU),,player_disposals_over,Matthew Kennedy,Over,1.44,21.5,20260530_093320
5e06aeff84a466044adc1db2aae029cb,Western Bulldogs,Collingwood Magpies,2026-05-30T09:35:58Z,pointsbetau,PointsBet (AU),,player_disposals_over,Matthew Kennedy,Over,1.63,22.5,20260530_093320
5e06aeff84a466044adc1db2aae029cb,Western Bulldogs,Collingwood Magpies,2026-05-30T09:35:58Z,pointsbetau,PointsBet (AU),,player_disposals_over,Matthew Kennedy,Over,1.83,23.5,20260530_093320
5e06aeff84a466044adc1db2aae029cb,Western Bulldogs,Collingwood Magpies,2026-05-30T09:35:58Z,pointsbetau,PointsBet (AU),,player_disposals_over,Matthew Kennedy,Over,2.05,24.5,20260530_093320
5e06aeff84a466044adc1db2aae029cb,Western Bulldogs,Collingwood Magpies,2026-05-30T09:35:58Z,pointsbetau,PointsBet (AU),,player_disposals_over,Matthew Kennedy,Over,2.35,25.5,20260530_093320
5e06aeff84a466044adc1db2aae029cb,Western Bulldogs,Collingwood Magpies,2026-05-30T09:35:58Z,pointsbetau,PointsBet (AU),,player_disposals_over,Matthew Kennedy,Over,2.7,26.5,20260530_093320
5e06aeff84a466044adc1db2aae029cb,Western Bulldogs,Collingwood Magpies,2026-05-30T09:35:58Z,pointsbetau,PointsBet (AU),,player_disposals_over,Matthew Kennedy,Over,3.1,27.5,20260530_093320
5e06aeff84a466044adc1db2aae029cb,Western Bulldogs,Collingwood Magpies,2026-05-30T09:35:58Z,pointsbetau,PointsBet (AU),,player_disposals_over,Matthew Kennedy,Over,3.7,28.5,20260530_093320
5e06aeff84a466044adc1db2aae029cb,Western Bulldogs,Collingwood Magpies,2026-05-30T09:35:58Z,pointsbetau,PointsBet (AU),,player_disposals_over,Matthew Kennedy,Over,4.2,29.5,20260530_093320
5e06aeff84a466044adc1db2aae029cb,Western Bulldogs,Collingwood Magpies,2026-05-30T09:35:58Z,pointsbetau,PointsBet (AU),,player_disposals_over,Matthew Kennedy,Over,5.0,30.5,20260530_093320
5e06aeff84a466044adc1db2aae029cb,Western Bulldogs,Collingwood Magpies,2026-05-30T09:35:58Z,pointsbetau,PointsBet (AU),,player_disposals_over,Matthew Kennedy,Over,6.0,31.5,20260530_093320
5e06aeff84a466044adc1db2aae029cb,Western Bulldogs,Collingwood Magpies,2026-05-30T09:35:58Z,pointsbetau,PointsBet (AU),,player_disposals_over,Matthew Kennedy,Over,7.0,32.5,20260530_093320
5e06aeff84a466044adc1db2aae029cb,Western Bulldogs,Collingwood Magpies,2026-05-30T09:35:58Z,pointsbetau,PointsBet (AU),,player_disposals_over,Matthew Kennedy,Over,9.0,33.5,20260530_093320
5e06aeff84a466044adc1db2aae029cb,Western Bulldogs,Collingwood Magpies,2026-05-30T09:35:58Z,pointsbetau,PointsBet (AU),,player_disposals_over,Matthew Kennedy,Over,10.5,34.5,20260530_093320
5e06aeff84a466044adc1db2aae029cb,Western Bulldogs,Collingwood Magpies,2026-05-30T09:35:58Z,pointsbetau,PointsBet (AU),,player_disposals_over,Matthew Kennedy,Over,12.0,35.5,20260530_093320
5e06aeff84a466044adc1db2aae029cb,Western Bulldogs,Collingwood Magpies,2026-05-30T09:35:58Z,pointsbetau,PointsBet (AU),,player_disposals_over,Matthew Kennedy,Over,16.0,36.5,20260530_093320
5e06aeff84a466044adc1db2aae029cb,Western Bulldogs,Collingwood Magpies,2026-05-30T09:35:58Z,pointsbetau,PointsBet (AU),,player_disposals_over,Matthew Kennedy,Over,17.0,37.5,20260530_093320
5e06aeff84a466044adc1db2aae029cb,Western Bulldogs,Collingwood Magpies,2026-05-30T09:35:58Z,pointsbetau,PointsBet (AU),,player_disposals_over,Aaron Naughton,Over,1.21,9.5,20260530_093320
5e06aeff84a466044adc1db2aae029cb,Western Bulldogs,Collingwood Magpies,2026-05-30T09:35:58Z,pointsbetau,PointsBet (AU),,player_disposals_over,Aaron Naughton,Over,1.36,10.5,20260530_093320
5e06aeff84a466044adc1db2aae029cb,Western Bulldogs,Collingwood Magpies,2026-05-30T09:35:58Z,pointsbetau,PointsBet (AU),,player_disposals_over,Aaron Naughton,Over,1.59,11.5,20260530_093320
5e06aeff84a466044adc1db2aae029cb,Western Bulldogs,Collingwood Magpies,2026-05-30T09:35:58Z,pointsbetau,PointsBet (AU),,player_disposals_over,Aaron Naughton,Over,1.83,12.5,20260530_093320
5e06aeff84a466044adc1db2aae029cb,Western Bulldogs,Collingwood Magpies,2026-05-30T09:35:58Z,pointsbetau,PointsBet (AU),,player_disposals_over,Aaron Naughton,Over,2.2,13.5,20260530_093320
5e06aeff84a466044adc1db2aae029cb,Western Bulldogs,Collingwood Magpies,2026-05-30T09:35:58Z,pointsbetau,PointsBet (AU),,player_disposals_over,Aaron Naughton,Over,2.55,14.5,20260530_093320
5e06aeff84a466044adc1db2aae029cb,Western Bulldogs,Collingwood Magpies,2026-05-30T09:35:58Z,pointsbetau,PointsBet (AU),,player_disposals_over,Aaron Naughton,Over,3.1,15.5,20260530_093320
5e06aeff84a466044adc1db2aae029cb,Western Bulldogs,Collingwood Magpies,2026-05-30T09:35:58Z,pointsbetau,PointsBet (AU),,player_disposals_over,Aaron Naughton,Over,3.7,16.5,20260530_093320
5e06aeff84a466044adc1db2aae029cb,Western Bulldogs,Collingwood Magpies,2026-05-30T09:35:58Z,pointsbetau,PointsBet (AU),,player_disposals_over,Aaron Naughton,Over,4.5,17.5,20260530_093320
5e06aeff84a466044adc1db2aae029cb,Western Bulldogs,Collingwood Magpies,2026-05-30T09:35:58Z,pointsbetau,PointsBet (AU),,player_disposals_over,Aaron Naughton,Over,5.75,18.5,20260530_093320
5e06aeff84a466044adc1db2aae029cb,Western Bulldogs,Collingwood Magpies,2026-05-30T09:35:58Z,pointsbetau,PointsBet (AU),,player_disposals_over,Aaron Naughton,Over,7.0,19.5,20260530_093320
5e06aeff84a466044adc1db2aae029cb,Western Bulldogs,Collingwood Magpies,2026-05-30T09:35:58Z,pointsbetau,PointsBet (AU),,player_disposals_over,Aaron Naughton,Over,9.5,20.5,20260530_093320
5e06aeff84a466044adc1db2aae029cb,Western Bulldogs,Collingwood Magpies,2026-05-30T09:35:58Z,pointsbetau,PointsBet (AU),,player_disposals_over,Aaron Naughton,Over,11.0,21.5,20260530_093320
5e06aeff84a466044adc1db2aae029cb,Western Bulldogs,Collingwood Magpies,2026-05-30T09:35:58Z,pointsbetau,PointsBet (AU),,player_disposals_over,Aaron Naughton,Over,13.0,22.5,20260530_093320
5e06aeff84a466044adc1db2aae029cb,Western Bulldogs,Collingwood Magpies,2026-05-30T09:35:58Z,pointsbetau,PointsBet (AU),,player_disposals_over,Aaron Naughton,Over,17.0,23.5,20260530_093320
5e06aeff84a466044adc1db2aae029cb,Western Bulldogs,Collingwood Magpies,2026-05-30T09:35:58Z,pointsbetau,PointsBet (AU),,player_disposals_over,Nicholas Coffield,Over,1.05,10.5,20260530_093320
5e06aeff84a466044adc1db2aae029cb,Western Bulldogs,Collingwood Magpies,2026-05-30T09:35:58Z,pointsbetau,PointsBet (AU),,player_disposals_over,Nicholas Coffield,Over,1.09,11.5,20260530_093320
5e06aeff84a466044adc1db2aae029cb,Western Bulldogs,Collingwood Magpies,2026-05-30T09:35:58Z,pointsbetau,PointsBet (AU),,player_disposals_over,Nicholas Coffield,Over,1.16,12.5,20260530_093320
5e06aeff84a466044adc1db2aae029cb,Western Bulldogs,Collingwood Magpies,2026-05-30T09:35:58Z,pointsbetau,PointsBet (AU),,player_disposals_over,Nicholas Coffield,Over,1.27,13.5,20260530_093320
5e06aeff84a466044adc1db2aae029cb,Western Bulldogs,Collingwood Magpies,2026-05-30T09:35:58Z,pointsbetau,PointsBet (AU),,player_disposals_over,Nicholas Coffield,Over,1.42,14.5,20260530_093320
5e06aeff84a466044adc1db2aae029cb,Western Bulldogs,Collingwood Magpies,2026-05-30T09:35:58Z,pointsbetau,PointsBet (AU),,player_disposals_over,Nicholas Coffield,Over,1.59,15.5,20260530_093320
5e06aeff84a466044adc1db2aae029cb,Western Bulldogs,Collingwood Magpies,2026-05-30T09:35:58Z,pointsbetau,PointsBet (AU),,player_disposals_over,Nicholas Coffield,Over,1.83,16.5,20260530_093320
5e06aeff84a466044adc1db2aae029cb,Western Bulldogs,Collingwood Magpies,2026-05-30T09:35:58Z,pointsbetau,PointsBet (AU),,player_disposals_over,Nicholas Coffield,Over,2.15,17.5,20260530_093320
5e06aeff84a466044adc1db2aae029cb,Western Bulldogs,Collingwood Magpies,2026-05-30T09:35:58Z,pointsbetau,PointsBet (AU),,player_disposals_over,Nicholas Coffield,Over,2.5,18.5,20260530_093320
5e06aeff84a466044adc1db2aae029cb,Western Bulldogs,Collingwood Magpies,2026-05-30T09:35:58Z,pointsbetau,PointsBet (AU),,player_disposals_over,Nicholas Coffield,Over,2.9,19.5,20260530_093320
5e06aeff84a466044adc1db2aae029cb,Western Bulldogs,Collingwood Magpies,2026-05-30T09:35:58Z,pointsbetau,PointsBet (AU),,player_disposals_over,Nicholas Coffield,Over,3.6,20.5,20260530_093320
5e06aeff84a466044adc1db2aae029cb,Western Bulldogs,Collingwood Magpies,2026-05-30T09:35:58Z,pointsbetau,PointsBet (AU),,player_disposals_over,Nicholas Coffield,Over,4.2,21.5,20260530_093320
5e06aeff84a466044adc1db2aae029cb,Western Bulldogs,Collingwood Magpies,2026-05-30T09:35:58Z,pointsbetau,PointsBet (AU),,player_disposals_over,Nicholas Coffield,Over,4.75,22.5,20260530_093320
5e06aeff84a466044adc1db2aae029cb,Western Bulldogs,Collingwood Magpies,2026-05-30T09:35:58Z,pointsbetau,PointsBet (AU),,player_disposals_over,Nicholas Coffield,Over,5.75,23.5,20260530_093320
5e06aeff84a466044adc1db2aae029cb,Western Bulldogs,Collingwood Magpies,2026-05-30T09:35:58Z,pointsbetau,PointsBet (AU),,player_disposals_over,Nicholas Coffield,Over,7.0,24.5,20260530_093320
5e06aeff84a466044adc1db2aae029cb,Western Bulldogs,Collingwood Magpies,2026-05-30T09:35:58Z,pointsbetau,PointsBet (AU),,player_disposals_over,Nicholas Coffield,Over,9.0,25.5,20260530_093320
5e06aeff84a466044adc1db2aae029cb,Western Bulldogs,Collingwood Magpies,2026-05-30T09:35:58Z,pointsbetau,PointsBet (AU),,player_disposals_over,Nicholas Coffield,Over,10.5,26.5,20260530_093320
5e06aeff84a466044adc1db2aae029cb,Western Bulldogs,Collingwood Magpies,2026-05-30T09:35:58Z,pointsbetau,PointsBet (AU),,player_disposals_over,Nicholas Coffield,Over,12.0,27.5,20260530_093320
5e06aeff84a466044adc1db2aae029cb,Western Bulldogs,Collingwood Magpies,2026-05-30T09:35:58Z,pointsbetau,PointsBet (AU),,player_disposals_over,Nicholas Coffield,Over,16.0,28.5,20260530_093320
5e06aeff84a466044adc1db2aae029cb,Western Bulldogs,Collingwood Magpies,2026-05-30T09:35:58Z,pointsbetau,PointsBet (AU),,player_disposals_over,Nicholas Coffield,Over,20.0,29.5,20260530_093320
5e06aeff84a466044adc1db2aae029cb,Western Bulldogs,Collingwood Magpies,2026-05-30T09:35:58Z,pointsbetau,PointsBet (AU),,player_disposals_over,Rhylee West,Over,1.13,9.5,20260530_093320
5e06aeff84a466044adc1db2aae029cb,Western Bulldogs,Collingwood Magpies,2026-05-30T09:35:58Z,pointsbetau,PointsBet (AU),,player_disposals_over,Rhylee West,Over,1.24,10.5,20260530_093320
5e06aeff84a466044adc1db2aae029cb,Western Bulldogs,Collingwood Magpies,2026-05-30T09:35:58Z,pointsbetau,PointsBet (AU),,player_disposals_over,Rhylee West,Over,1.36,11.5,20260530_093320
5e06aeff84a466044adc1db2aae029cb,Western Bulldogs,Collingwood Magpies,2026-05-30T09:35:58Z,pointsbetau,PointsBet (AU),,player_disposals_over,Rhylee West,Over,1.59,12.5,20260530_093320
5e06aeff84a466044adc1db2aae029cb,Western Bulldogs,Collingwood Magpies,2026-05-30T09:35:58Z,pointsbetau,PointsBet (AU),,player_disposals_over,Rhylee West,Over,1.83,13.5,20260530_093320
5e06aeff84a466044adc1db2aae029cb,Western Bulldogs,Collingwood Magpies,2026-05-30T09:35:58Z,pointsbetau,PointsBet (AU),,player_disposals_over,Rhylee West,Over,2.2,14.5,20260530_093320
5e06aeff84a466044adc1db2aae029cb,Western Bulldogs,Collingwood Magpies,2026-05-30T09:35:58Z,pointsbetau,PointsBet (AU),,player_disposals_over,Rhylee West,Over,2.55,15.5,20260530_093320
5e06aeff84a466044adc1db2aae029cb,Western Bulldogs,Collingwood Magpies,2026-05-30T09:35:58Z,pointsbetau,PointsBet (AU),,player_disposals_over,Rhylee West,Over,3.0,16.5,20260530_093320
5e06aeff84a466044adc1db2aae029cb,Western Bulldogs,Collingwood Magpies,2026-05-30T09:35:58Z,pointsbetau,PointsBet (AU),,player_disposals_over,Rhylee West,Over,3.7,17.5,20260530_093320
5e06aeff84a466044adc1db2aae029cb,Western Bulldogs,Collingwood Magpies,2026-05-30T09:35:58Z,pointsbetau,PointsBet (AU),,player_disposals_over,Rhylee West,Over,4.4,18.5,20260530_093320
5e06aeff84a466044adc1db2aae029cb,Western Bulldogs,Collingwood Magpies,2026-05-30T09:35:58Z,pointsbetau,PointsBet (AU),,player_disposals_over,Rhylee West,Over,5.25,19.5,20260530_093320
5e06aeff84a466044adc1db2aae029cb,Western Bulldogs,Collingwood Magpies,2026-05-30T09:35:58Z,pointsbetau,PointsBet (AU),,player_disposals_over,Rhylee West,Over,6.5,20.5,20260530_093320
5e06aeff84a466044adc1db2aae029cb,Western Bulldogs,Collingwood Magpies,2026-05-30T09:35:58Z,pointsbetau,PointsBet (AU),,player_disposals_over,Rhylee West,Over,8.5,21.5,20260530_093320
5e06aeff84a466044adc1db2aae029cb,Western Bulldogs,Collingwood Magpies,2026-05-30T09:35:58Z,pointsbetau,PointsBet (AU),,player_disposals_over,Rhylee West,Over,10.0,22.5,20260530_093320
5e06aeff84a466044adc1db2aae029cb,Western Bulldogs,Collingwood Magpies,2026-05-30T09:35:58Z,pointsbetau,PointsBet (AU),,player_disposals_over,Rhylee West,Over,12.0,23.5,20260530_093320
5e06aeff84a466044adc1db2aae029cb,Western Bulldogs,Collingwood Magpies,2026-05-30T09:35:58Z,pointsbetau,PointsBet (AU),,player_disposals_over,Rhylee West,Over,16.0,24.5,20260530_093320
5e06aeff84a466044adc1db2aae029cb,Western Bulldogs,Collingwood Magpies,2026-05-30T09:35:58Z,pointsbetau,PointsBet (AU),,player_disposals_over,Rhylee West,Over,19.0,25.5,20260530_093320
5e06aeff84a466044adc1db2aae029cb,Western Bulldogs,Collingwood Magpies,2026-05-30T09:35:58Z,pointsbetau,PointsBet (AU),,player_disposals_over,Ed Richards,Over,1.05,17.5,20260530_093320
5e06aeff84a466044adc1db2aae029cb,Western Bulldogs,Collingwood Magpies,2026-05-30T09:35:58Z,pointsbetau,PointsBet (AU),,player_disposals_over,Ed Richards,Over,1.09,18.5,20260530_093320
5e06aeff84a466044adc1db2aae029cb,Western Bulldogs,Collingwood Magpies,2026-05-30T09:35:58Z,pointsbetau,PointsBet (AU),,player_disposals_over,Ed Richards,Over,1.13,19.5,20260530_093320
5e06aeff84a466044adc1db2aae029cb,Western Bulldogs,Collingwood Magpies,2026-05-30T09:35:58Z,pointsbetau,PointsBet (AU),,player_disposals_over,Ed Richards,Over,1.18,20.5,20260530_093320
5e06aeff84a466044adc1db2aae029cb,Western Bulldogs,Collingwood Magpies,2026-05-30T09:35:58Z,pointsbetau,PointsBet (AU),,player_disposals_over,Ed Richards,Over,1.25,21.5,20260530_093320
5e06aeff84a466044adc1db2aae029cb,Western Bulldogs,Collingwood Magpies,2026-05-30T09:35:58Z,pointsbetau,PointsBet (AU),,player_disposals_over,Ed Richards,Over,1.36,22.5,20260530_093320
5e06aeff84a466044adc1db2aae029cb,Western Bulldogs,Collingwood Magpies,2026-05-30T09:35:58Z,pointsbetau,PointsBet (AU),,player_disposals_over,Ed Richards,Over,1.5,23.5,20260530_093320
5e06aeff84a466044adc1db2aae029cb,Western Bulldogs,Collingwood Magpies,2026-05-30T09:35:58Z,pointsbetau,PointsBet (AU),,player_disposals_over,Ed Richards,Over,1.65,24.5,20260530_093320
5e06aeff84a466044adc1db2aae029cb,Western Bulldogs,Collingwood Magpies,2026-05-30T09:35:58Z,pointsbetau,PointsBet (AU),,player_disposals_over,Ed Richards,Over,1.83,25.5,20260530_093320
5e06aeff84a466044adc1db2aae029cb,Western Bulldogs,Collingwood Magpies,2026-05-30T09:35:58Z,pointsbetau,PointsBet (AU),,player_disposals_over,Ed Richards,Over,2.15,26.5,20260530_093320
5e06aeff84a466044adc1db2aae029cb,Western Bulldogs,Collingwood Magpies,2026-05-30T09:35:58Z,pointsbetau,PointsBet (AU),,player_disposals_over,Ed Richards,Over,2.4,27.5,20260530_093320
5e06aeff84a466044adc1db2aae029cb,Western Bulldogs,Collingwood Magpies,2026-05-30T09:35:58Z,pointsbetau,PointsBet (AU),,player_disposals_over,Ed Richards,Over,2.75,28.5,20260530_093320
5e06aeff84a466044adc1db2aae029cb,Western Bulldogs,Collingwood Magpies,2026-05-30T09:35:58Z,pointsbetau,PointsBet (AU),,player_disposals_over,Ed Richards,Over,3.25,29.5,20260530_093320
5e06aeff84a466044adc1db2aae029cb,Western Bulldogs,Collingwood Magpies,2026-05-30T09:35:58Z,pointsbetau,PointsBet (AU),,player_disposals_over,Ed Richards,Over,3.7,30.5,20260530_093320
5e06aeff84a466044adc1db2aae029cb,Western Bulldogs,Collingwood Magpies,2026-05-30T09:35:58Z,pointsbetau,PointsBet (AU),,player_disposals_over,Ed Richards,Over,4.4,31.5,20260530_093320
5e06aeff84a466044adc1db2aae029cb,Western Bulldogs,Collingwood Magpies,2026-05-30T09:35:58Z,pointsbetau,PointsBet (AU),,player_disposals_over,Ed Richards,Over,5.0,32.5,20260530_093320
5e06aeff84a466044adc1db2aae029cb,Western Bulldogs,Collingwood Magpies,2026-05-30T09:35:58Z,pointsbetau,PointsBet (AU),,player_disposals_over,Ed Richards,Over,6.0,33.5,20260530_093320
5e06aeff84a466044adc1db2aae029cb,Western Bulldogs,Collingwood Magpies,2026-05-30T09:35:58Z,pointsbetau,PointsBet (AU),,player_disposals_over,Ed Richards,Over,7.5,34.5,20260530_093320
5e06aeff84a466044adc1db2aae029cb,Western Bulldogs,Collingwood Magpies,2026-05-30T09:35:58Z,pointsbetau,PointsBet (AU),,player_disposals_over,Ed Richards,Over,9.0,35.5,20260530_093320
5e06aeff84a466044adc1db2aae029cb,Western Bulldogs,Collingwood Magpies,2026-05-30T09:35:58Z,pointsbetau,PointsBet (AU),,player_disposals_over,Ed Richards,Over,10.0,36.5,20260530_093320
5e06aeff84a466044adc1db2aae029cb,Western Bulldogs,Collingwood Magpies,2026-05-30T09:35:58Z,pointsbetau,PointsBet (AU),,player_disposals_over,Ed Richards,Over,12.0,37.5,20260530_093320
5e06aeff84a466044adc1db2aae029cb,Western Bulldogs,Collingwood Magpies,2026-05-30T09:35:58Z,pointsbetau,PointsBet (AU),,player_disposals_over,Ed Richards,Over,15.0,38.5,20260530_093320
5e06aeff84a466044adc1db2aae029cb,Western Bulldogs,Collingwood Magpies,2026-05-30T09:35:58Z,pointsbetau,PointsBet (AU),,player_disposals_over,Ed Richards,Over,17.0,39.5,20260530_093320
5e06aeff84a466044adc1db2aae029cb,Western Bulldogs,Collingwood Magpies,2026-05-30T09:35:58Z,pointsbetau,PointsBet (AU),,player_disposals_over,Lachie McNeil,Over,1.36,9.5,20260530_093320
5e06aeff84a466044adc1db2aae029cb,Western Bulldogs,Collingwood Magpies,2026-05-30T09:35:58Z,pointsbetau,PointsBet (AU),,player_disposals_over,Lachie McNeil,Over,1.56,10.5,20260530_093320
5e06aeff84a466044adc1db2aae029cb,Western Bulldogs,Collingwood Magpies,2026-05-30T09:35:58Z,pointsbetau,PointsBet (AU),,player_disposals_over,Lachie McNeil,Over,1.83,11.5,20260530_093320
5e06aeff84a466044adc1db2aae029cb,Western Bulldogs,Collingwood Magpies,2026-05-30T09:35:58Z,pointsbetau,PointsBet (AU),,player_disposals_over,Lachie McNeil,Over,2.2,12.5,20260530_093320
5e06aeff84a466044adc1db2aae029cb,Western Bulldogs,Collingwood Magpies,2026-05-30T09:35:58Z,pointsbetau,PointsBet (AU),,player_disposals_over,Lachie McNeil,Over,2.6,13.5,20260530_093320
5e06aeff84a466044adc1db2aae029cb,Western Bulldogs,Collingwood Magpies,2026-05-30T09:35:58Z,pointsbetau,PointsBet (AU),,player_disposals_over,Lachie McNeil,Over,3.1,14.5,20260530_093320
5e06aeff84a466044adc1db2aae029cb,Western Bulldogs,Collingwood Magpies,2026-05-30T09:35:58Z,pointsbetau,PointsBet (AU),,player_disposals_over,Lachie McNeil,Over,3.9,15.5,20260530_093320
5e06aeff84a466044adc1db2aae029cb,Western Bulldogs,Collingwood Magpies,2026-05-30T09:35:58Z,pointsbetau,PointsBet (AU),,player_disposals_over,Lachie McNeil,Over,4.5,16.5,20260530_093320
5e06aeff84a466044adc1db2aae029cb,Western Bulldogs,Collingwood Magpies,2026-05-30T09:35:58Z,pointsbetau,PointsBet (AU),,player_disposals_over,Lachie McNeil,Over,5.75,17.5,20260530_093320
5e06aeff84a466044adc1db2aae029cb,Western Bulldogs,Collingwood Magpies,2026-05-30T09:35:58Z,pointsbetau,PointsBet (AU),,player_disposals_over,Lachie McNeil,Over,7.5,18.5,20260530_093320
5e06aeff84a466044adc1db2aae029cb,Western Bulldogs,Collingwood Magpies,2026-05-30T09:35:58Z,pointsbetau,PointsBet (AU),,player_disposals_over,Lachie McNeil,Over,9.5,19.5,20260530_093320
5e06aeff84a466044adc1db2aae029cb,Western Bulldogs,Collingwood Magpies,2026-05-30T09:35:58Z,pointsbetau,PointsBet (AU),,player_disposals_over,Lachie McNeil,Over,11.0,20.5,20260530_093320
5e06aeff84a466044adc1db2aae029cb,Western Bulldogs,Collingwood Magpies,2026-05-30T09:35:58Z,pointsbetau,PointsBet (AU),,player_disposals_over,Lachie McNeil,Over,15.0,21.5,20260530_093320
5e06aeff84a466044adc1db2aae029cb,Western Bulldogs,Collingwood Magpies,2026-05-30T09:35:58Z,pointsbetau,PointsBet (AU),,player_disposals_over,Lachie McNeil,Over,19.0,22.5,20260530_093320
5e06aeff84a466044adc1db2aae029cb,Western Bulldogs,Collingwood Magpies,2026-05-30T09:35:58Z,pointsbetau,PointsBet (AU),,player_disposals_over,Ryley Sanders,Over,1.06,18.5,20260530_093320
5e06aeff84a466044adc1db2aae029cb,Western Bulldogs,Collingwood Magpies,2026-05-30T09:35:58Z,pointsbetau,PointsBet (AU),,player_disposals_over,Ryley Sanders,Over,1.09,19.5,20260530_093320
5e06aeff84a466044adc1db2aae029cb,Western Bulldogs,Collingwood Magpies,2026-05-30T09:35:58Z,pointsbetau,PointsBet (AU),,player_disposals_over,Ryley Sanders,Over,1.13,20.5,20260530_093320
5e06aeff84a466044adc1db2aae029cb,Western Bulldogs,Collingwood Magpies,2026-05-30T09:35:58Z,pointsbetau,PointsBet (AU),,player_disposals_over,Ryley Sanders,Over,1.19,21.5,20260530_093320
5e06aeff84a466044adc1db2aae029cb,Western Bulldogs,Collingwood Magpies,2026-05-30T09:35:58Z,pointsbetau,PointsBet (AU),,player_disposals_over,Ryley Sanders,Over,1.27,22.5,20260530_093320
5e06aeff84a466044adc1db2aae029cb,Western Bulldogs,Collingwood Magpies,2026-05-30T09:35:58Z,pointsbetau,PointsBet (AU),,player_disposals_over,Ryley Sanders,Over,1.36,23.5,20260530_093320
5e06aeff84a466044adc1db2aae029cb,Western Bulldogs,Collingwood Magpies,2026-05-30T09:35:58Z,pointsbetau,PointsBet (AU),,player_disposals_over,Ryley Sanders,Over,1.5,24.5,20260530_093320
5e06aeff84a466044adc1db2aae029cb,Western Bulldogs,Collingwood Magpies,2026-05-30T09:35:58Z,pointsbetau,PointsBet (AU),,player_disposals_over,Ryley Sanders,Over,1.67,25.5,20260530_093320
5e06aeff84a466044adc1db2aae029cb,Western Bulldogs,Collingwood Magpies,2026-05-30T09:35:58Z,pointsbetau,PointsBet (AU),,player_disposals_over,Ryley Sanders,Over,1.83,26.5,20260530_093320
5e06aeff84a466044adc1db2aae029cb,Western Bulldogs,Collingwood Magpies,2026-05-30T09:35:58Z,pointsbetau,PointsBet (AU),,player_disposals_over,Ryley Sanders,Over,2.1,27.5,20260530_093320
5e06aeff84a466044adc1db2aae029cb,Western Bulldogs,Collingwood Magpies,2026-05-30T09:35:58Z,pointsbetau,PointsBet (AU),,player_disposals_over,Ryley Sanders,Over,2.4,28.5,20260530_093320
5e06aeff84a466044adc1db2aae029cb,Western Bulldogs,Collingwood Magpies,2026-05-30T09:35:58Z,pointsbetau,PointsBet (AU),,player_disposals_over,Ryley Sanders,Over,2.7,29.5,20260530_093320
5e06aeff84a466044adc1db2aae029cb,Western Bulldogs,Collingwood Magpies,2026-05-30T09:35:58Z,pointsbetau,PointsBet (AU),,player_disposals_over,Ryley Sanders,Over,3.1,30.5,20260530_093320
5e06aeff84a466044adc1db2aae029cb,Western Bulldogs,Collingwood Magpies,2026-05-30T09:35:58Z,pointsbetau,PointsBet (AU),,player_disposals_over,Ryley Sanders,Over,3.7,31.5,20260530_093320
5e06aeff84a466044adc1db2aae029cb,Western Bulldogs,Collingwood Magpies,2026-05-30T09:35:58Z,pointsbetau,PointsBet (AU),,player_disposals_over,Ryley Sanders,Over,4.4,32.5,20260530_093320
5e06aeff84a466044adc1db2aae029cb,Western Bulldogs,Collingwood Magpies,2026-05-30T09:35:58Z,pointsbetau,PointsBet (AU),,player_disposals_over,Ryley Sanders,Over,5.0,33.5,20260530_093320
5e06aeff84a466044adc1db2aae029cb,Western Bulldogs,Collingwood Magpies,2026-05-30T09:35:58Z,pointsbetau,PointsBet (AU),,player_disposals_over,Ryley Sanders,Over,5.75,34.5,20260530_093320
5e06aeff84a466044adc1db2aae029cb,Western Bulldogs,Collingwood Magpies,2026-05-30T09:35:58Z,pointsbetau,PointsBet (AU),,player_disposals_over,Ryley Sanders,Over,7.0,35.5,20260530_093320
5e06aeff84a466044adc1db2aae029cb,Western Bulldogs,Collingwood Magpies,2026-05-30T09:35:58Z,pointsbetau,PointsBet (AU),,player_disposals_over,Ryley Sanders,Over,9.0,36.5,20260530_093320
5e06aeff84a466044adc1db2aae029cb,Western Bulldogs,Collingwood Magpies,2026-05-30T09:35:58Z,pointsbetau,PointsBet (AU),,player_disposals_over,Ryley Sanders,Over,10.5,37.5,20260530_093320
5e06aeff84a466044adc1db2aae029cb,Western Bulldogs,Collingwood Magpies,2026-05-30T09:35:58Z,pointsbetau,PointsBet (AU),,player_disposals_over,Ryley Sanders,Over,12.0,38.5,20260530_093320
5e06aeff84a466044adc1db2aae029cb,Western Bulldogs,Collingwood Magpies,2026-05-30T09:35:58Z,pointsbetau,PointsBet (AU),,player_disposals_over,Ryley Sanders,Over,13.0,39.5,20260530_093320
5e06aeff84a466044adc1db2aae029cb,Western Bulldogs,Collingwood Magpies,2026-05-30T09:35:58Z,pointsbetau,PointsBet (AU),,player_disposals_over,Arthur Jones,Over,1.13,9.5,20260530_093320
5e06aeff84a466044adc1db2aae029cb,Western Bulldogs,Collingwood Magpies,2026-05-30T09:35:58Z,pointsbetau,PointsBet (AU),,player_disposals_over,Arthur Jones,Over,1.24,10.5,20260530_093320
5e06aeff84a466044adc1db2aae029cb,Western Bulldogs,Collingwood Magpies,2026-05-30T09:35:58Z,pointsbetau,PointsBet (AU),,player_disposals_over,Arthur Jones,Over,1.4,11.5,20260530_093320
5e06aeff84a466044adc1db2aae029cb,Western Bulldogs,Collingwood Magpies,2026-05-30T09:35:58Z,pointsbetau,PointsBet (AU),,player_disposals_over,Arthur Jones,Over,1.63,12.5,20260530_093320
5e06aeff84a466044adc1db2aae029cb,Western Bulldogs,Collingwood Magpies,2026-05-30T09:35:58Z,pointsbetau,PointsBet (AU),,player_disposals_over,Arthur Jones,Over,1.83,13.5,20260530_093320
5e06aeff84a466044adc1db2aae029cb,Western Bulldogs,Collingwood Magpies,2026-05-30T09:35:58Z,pointsbetau,PointsBet (AU),,player_disposals_over,Arthur Jones,Over,2.2,14.5,20260530_093320
5e06aeff84a466044adc1db2aae029cb,Western Bulldogs,Collingwood Magpies,2026-05-30T09:35:58Z,pointsbetau,PointsBet (AU),,player_disposals_over,Arthur Jones,Over,2.6,15.5,20260530_093320
5e06aeff84a466044adc1db2aae029cb,Western Bulldogs,Collingwood Magpies,2026-05-30T09:35:58Z,pointsbetau,PointsBet (AU),,player_disposals_over,Arthur Jones,Over,3.1,16.5,20260530_093320
5e06aeff84a466044adc1db2aae029cb,Western Bulldogs,Collingwood Magpies,2026-05-30T09:35:58Z,pointsbetau,PointsBet (AU),,player_disposals_over,Arthur Jones,Over,3.9,17.5,20260530_093320
5e06aeff84a466044adc1db2aae029cb,Western Bulldogs,Collingwood Magpies,2026-05-30T09:35:58Z,pointsbetau,PointsBet (AU),,player_disposals_over,Arthur Jones,Over,4.5,18.5,20260530_093320
5e06aeff84a466044adc1db2aae029cb,Western Bulldogs,Collingwood Magpies,2026-05-30T09:35:58Z,pointsbetau,PointsBet (AU),,player_disposals_over,Arthur Jones,Over,5.75,19.5,20260530_093320
5e06aeff84a466044adc1db2aae029cb,Western Bulldogs,Collingwood Magpies,2026-05-30T09:35:58Z,pointsbetau,PointsBet (AU),,player_disposals_over,Arthur Jones,Over,6.5,20.5,20260530_093320
5e06aeff84a466044adc1db2aae029cb,Western Bulldogs,Collingwood Magpies,2026-05-30T09:35:58Z,pointsbetau,PointsBet (AU),,player_disposals_over,Arthur Jones,Over,9.0,21.5,20260530_093320
5e06aeff84a466044adc1db2aae029cb,Western Bulldogs,Collingwood Magpies,2026-05-30T09:35:58Z,pointsbetau,PointsBet (AU),,player_disposals_over,Arthur Jones,Over,10.5,22.5,20260530_093320
5e06aeff84a466044adc1db2aae029cb,Western Bulldogs,Collingwood Magpies,2026-05-30T09:35:58Z,pointsbetau,PointsBet (AU),,player_disposals_over,Arthur Jones,Over,13.0,23.5,20260530_093320
5e06aeff84a466044adc1db2aae029cb,Western Bulldogs,Collingwood Magpies,2026-05-30T09:35:58Z,pointsbetau,PointsBet (AU),,player_disposals_over,Arthur Jones,Over,16.0,24.5,20260530_093320
5e06aeff84a466044adc1db2aae029cb,Western Bulldogs,Collingwood Magpies,2026-05-30T09:35:58Z,pointsbetau,PointsBet (AU),,player_disposals_over,Joel Freijah,Over,1.07,12.5,20260530_093320
5e06aeff84a466044adc1db2aae029cb,Western Bulldogs,Collingwood Magpies,2026-05-30T09:35:58Z,pointsbetau,PointsBet (AU),,player_disposals_over,Joel Freijah,Over,1.11,13.5,20260530_093320
5e06aeff84a466044adc1db2aae029cb,Western Bulldogs,Collingwood Magpies,2026-05-30T09:35:58Z,pointsbetau,PointsBet (AU),,player_disposals_over,Joel Freijah,Over,1.19,14.5,20260530_093320
5e06aeff84a466044adc1db2aae029cb,Western Bulldogs,Collingwood Magpies,2026-05-30T09:35:58Z,pointsbetau,PointsBet (AU),,player_disposals_over,Joel Freijah,Over,1.29,15.5,20260530_093320
5e06aeff84a466044adc1db2aae029cb,Western Bulldogs,Collingwood Magpies,2026-05-30T09:35:58Z,pointsbetau,PointsBet (AU),,player_disposals_over,Joel Freijah,Over,1.44,16.5,20260530_093320
5e06aeff84a466044adc1db2aae029cb,Western Bulldogs,Collingwood Magpies,2026-05-30T09:35:58Z,pointsbetau,PointsBet (AU),,player_disposals_over,Joel Freijah,Over,1.65,17.5,20260530_093320
5e06aeff84a466044adc1db2aae029cb,Western Bulldogs,Collingwood Magpies,2026-05-30T09:35:58Z,pointsbetau,PointsBet (AU),,player_disposals_over,Joel Freijah,Over,1.83,18.5,20260530_093320
5e06aeff84a466044adc1db2aae029cb,Western Bulldogs,Collingwood Magpies,2026-05-30T09:35:58Z,pointsbetau,PointsBet (AU),,player_disposals_over,Joel Freijah,Over,2.2,19.5,20260530_093320
5e06aeff84a466044adc1db2aae029cb,Western Bulldogs,Collingwood Magpies,2026-05-30T09:35:58Z,pointsbetau,PointsBet (AU),,player_disposals_over,Joel Freijah,Over,2.5,20.5,20260530_093320
5e06aeff84a466044adc1db2aae029cb,Western Bulldogs,Collingwood Magpies,2026-05-30T09:35:58Z,pointsbetau,PointsBet (AU),,player_disposals_over,Joel Freijah,Over,2.85,21.5,20260530_093320
5e06aeff84a466044adc1db2aae029cb,Western Bulldogs,Collingwood Magpies,2026-05-30T09:35:58Z,pointsbetau,PointsBet (AU),,player_disposals_over,Joel Freijah,Over,3.4,22.5,20260530_093320
5e06aeff84a466044adc1db2aae029cb,Western Bulldogs,Collingwood Magpies,2026-05-30T09:35:58Z,pointsbetau,PointsBet (AU),,player_disposals_over,Joel Freijah,Over,4.2,23.5,20260530_093320
5e06aeff84a466044adc1db2aae029cb,Western Bulldogs,Collingwood Magpies,2026-05-30T09:35:58Z,pointsbetau,PointsBet (AU),,player_disposals_over,Joel Freijah,Over,4.75,24.5,20260530_093320
5e06aeff84a466044adc1db2aae029cb,Western Bulldogs,Collingwood Magpies,2026-05-30T09:35:58Z,pointsbetau,PointsBet (AU),,player_disposals_over,Joel Freijah,Over,5.75,25.5,20260530_093320
5e06aeff84a466044adc1db2aae029cb,Western Bulldogs,Collingwood Magpies,2026-05-30T09:35:58Z,pointsbetau,PointsBet (AU),,player_disposals_over,Joel Freijah,Over,7.0,26.5,20260530_093320
5e06aeff84a466044adc1db2aae029cb,Western Bulldogs,Collingwood Magpies,2026-05-30T09:35:58Z,pointsbetau,PointsBet (AU),,player_disposals_over,Joel Freijah,Over,9.0,27.5,20260530_093320
5e06aeff84a466044adc1db2aae029cb,Western Bulldogs,Collingwood Magpies,2026-05-30T09:35:58Z,pointsbetau,PointsBet (AU),,player_disposals_over,Joel Freijah,Over,10.5,28.5,20260530_093320
5e06aeff84a466044adc1db2aae029cb,Western Bulldogs,Collingwood Magpies,2026-05-30T09:35:58Z,pointsbetau,PointsBet (AU),,player_disposals_over,Joel Freijah,Over,12.0,29.5,20260530_093320
5e06aeff84a466044adc1db2aae029cb,Western Bulldogs,Collingwood Magpies,2026-05-30T09:35:58Z,pointsbetau,PointsBet (AU),,player_disposals_over,Joel Freijah,Over,16.0,30.5,20260530_093320
5e06aeff84a466044adc1db2aae029cb,Western Bulldogs,Collingwood Magpies,2026-05-30T09:35:58Z,pointsbetau,PointsBet (AU),,player_disposals_over,Joel Freijah,Over,19.0,31.5,20260530_093320
5e06aeff84a466044adc1db2aae029cb,Western Bulldogs,Collingwood Magpies,2026-05-30T09:35:58Z,pointsbetau,PointsBet (AU),,player_disposals_over,Cooper Hynes,Over,1.53,9.5,20260530_093320
5e06aeff84a466044adc1db2aae029cb,Western Bulldogs,Collingwood Magpies,2026-05-30T09:35:58Z,pointsbetau,PointsBet (AU),,player_disposals_over,Cooper Hynes,Over,1.83,10.5,20260530_093320
5e06aeff84a466044adc1db2aae029cb,Western Bulldogs,Collingwood Magpies,2026-05-30T09:35:58Z,pointsbetau,PointsBet (AU),,player_disposals_over,Cooper Hynes,Over,2.2,11.5,20260530_093320
5e06aeff84a466044adc1db2aae029cb,Western Bulldogs,Collingwood Magpies,2026-05-30T09:35:58Z,pointsbetau,PointsBet (AU),,player_disposals_over,Cooper Hynes,Over,2.7,12.5,20260530_093320
5e06aeff84a466044adc1db2aae029cb,Western Bulldogs,Collingwood Magpies,2026-05-30T09:35:58Z,pointsbetau,PointsBet (AU),,player_disposals_over,Cooper Hynes,Over,3.4,13.5,20260530_093320
5e06aeff84a466044adc1db2aae029cb,Western Bulldogs,Collingwood Magpies,2026-05-30T09:35:58Z,pointsbetau,PointsBet (AU),,player_disposals_over,Cooper Hynes,Over,4.2,14.5,20260530_093320
5e06aeff84a466044adc1db2aae029cb,Western Bulldogs,Collingwood Magpies,2026-05-30T09:35:58Z,pointsbetau,PointsBet (AU),,player_disposals_over,Cooper Hynes,Over,5.0,15.5,20260530_093320
5e06aeff84a466044adc1db2aae029cb,Western Bulldogs,Collingwood Magpies,2026-05-30T09:35:58Z,pointsbetau,PointsBet (AU),,player_disposals_over,Cooper Hynes,Over,6.5,16.5,20260530_093320
5e06aeff84a466044adc1db2aae029cb,Western Bulldogs,Collingwood Magpies,2026-05-30T09:35:58Z,pointsbetau,PointsBet (AU),,player_disposals_over,Cooper Hynes,Over,9.0,17.5,20260530_093320
5e06aeff84a466044adc1db2aae029cb,Western Bulldogs,Collingwood Magpies,2026-05-30T09:35:58Z,pointsbetau,PointsBet (AU),,player_disposals_over,Cooper Hynes,Over,10.5,18.5,20260530_093320
5e06aeff84a466044adc1db2aae029cb,Western Bulldogs,Collingwood Magpies,2026-05-30T09:35:58Z,pointsbetau,PointsBet (AU),,player_disposals_over,Cooper Hynes,Over,12.0,19.5,20260530_093320
5e06aeff84a466044adc1db2aae029cb,Western Bulldogs,Collingwood Magpies,2026-05-30T09:35:58Z,pointsbetau,PointsBet (AU),,player_disposals_over,Cooper Hynes,Over,17.0,20.5,20260530_093320
5e06aeff84a466044adc1db2aae029cb,Western Bulldogs,Collingwood Magpies,2026-05-30T09:35:58Z,pointsbetau,PointsBet (AU),,player_disposals_over,Marcus Bontempelli,Over,1.05,19.5,20260530_093320
5e06aeff84a466044adc1db2aae029cb,Western Bulldogs,Collingwood Magpies,2026-05-30T09:35:58Z,pointsbetau,PointsBet (AU),,player_disposals_over,Marcus Bontempelli,Over,1.07,20.5,20260530_093320
5e06aeff84a466044adc1db2aae029cb,Western Bulldogs,Collingwood Magpies,2026-05-30T09:35:58Z,pointsbetau,PointsBet (AU),,player_disposals_over,Marcus Bontempelli,Over,1.1,21.5,20260530_093320
5e06aeff84a466044adc1db2aae029cb,Western Bulldogs,Collingwood Magpies,2026-05-30T09:35:58Z,pointsbetau,PointsBet (AU),,player_disposals_over,Marcus Bontempelli,Over,1.15,22.5,20260530_093320
5e06aeff84a466044adc1db2aae029cb,Western Bulldogs,Collingwood Magpies,2026-05-30T09:35:58Z,pointsbetau,PointsBet (AU),,player_disposals_over,Marcus Bontempelli,Over,1.21,23.5,20260530_093320
5e06aeff84a466044adc1db2aae029cb,Western Bulldogs,Collingwood Magpies,2026-05-30T09:35:58Z,pointsbetau,PointsBet (AU),,player_disposals_over,Marcus Bontempelli,Over,1.29,24.5,20260530_093320
5e06aeff84a466044adc1db2aae029cb,Western Bulldogs,Collingwood Magpies,2026-05-30T09:35:58Z,pointsbetau,PointsBet (AU),,player_disposals_over,Marcus Bontempelli,Over,1.36,25.5,20260530_093320
5e06aeff84a466044adc1db2aae029cb,Western Bulldogs,Collingwood Magpies,2026-05-30T09:35:58Z,pointsbetau,PointsBet (AU),,player_disposals_over,Marcus Bontempelli,Over,1.5,26.5,20260530_093320
5e06aeff84a466044adc1db2aae029cb,Western Bulldogs,Collingwood Magpies,2026-05-30T09:35:58Z,pointsbetau,PointsBet (AU),,player_disposals_over,Marcus Bontempelli,Over,1.67,27.5,20260530_093320
5e06aeff84a466044adc1db2aae029cb,Western Bulldogs,Collingwood Magpies,2026-05-30T09:35:58Z,pointsbetau,PointsBet (AU),,player_disposals_over,Marcus Bontempelli,Over,1.83,28.5,20260530_093320
5e06aeff84a466044adc1db2aae029cb,Western Bulldogs,Collingwood Magpies,2026-05-30T09:35:58Z,pointsbetau,PointsBet (AU),,player_disposals_over,Marcus Bontempelli,Over,2.1,29.5,20260530_093320
5e06aeff84a466044adc1db2aae029cb,Western Bulldogs,Collingwood Magpies,2026-05-30T09:35:58Z,pointsbetau,PointsBet (AU),,player_disposals_over,Marcus Bontempelli,Over,2.4,30.5,20260530_093320
5e06aeff84a466044adc1db2aae029cb,Western Bulldogs,Collingwood Magpies,2026-05-30T09:35:58Z,pointsbetau,PointsBet (AU),,player_disposals_over,Marcus Bontempelli,Over,2.7,31.5,20260530_093320
5e06aeff84a466044adc1db2aae029cb,Western Bulldogs,Collingwood Magpies,2026-05-30T09:35:58Z,pointsbetau,PointsBet (AU),,player_disposals_over,Marcus Bontempelli,Over,3.1,32.5,20260530_093320
5e06aeff84a466044adc1db2aae029cb,Western Bulldogs,Collingwood Magpies,2026-05-30T09:35:58Z,pointsbetau,PointsBet (AU),,player_disposals_over,Marcus Bontempelli,Over,3.7,33.5,20260530_093320
5e06aeff84a466044adc1db2aae029cb,Western Bulldogs,Collingwood Magpies,2026-05-30T09:35:58Z,pointsbetau,PointsBet (AU),,player_disposals_over,Marcus Bontempelli,Over,4.2,34.5,20260530_093320
5e06aeff84a466044adc1db2aae029cb,Western Bulldogs,Collingwood Magpies,2026-05-30T09:35:58Z,pointsbetau,PointsBet (AU),,player_disposals_over,Marcus Bontempelli,Over,5.0,35.5,20260530_093320
5e06aeff84a466044adc1db2aae029cb,Western Bulldogs,Collingwood Magpies,2026-05-30T09:35:58Z,pointsbetau,PointsBet (AU),,player_disposals_over,Marcus Bontempelli,Over,5.75,36.5,20260530_093320
5e06aeff84a466044adc1db2aae029cb,Western Bulldogs,Collingwood Magpies,2026-05-30T09:35:58Z,pointsbetau,PointsBet (AU),,player_disposals_over,Marcus Bontempelli,Over,7.0,37.5,20260530_093320
5e06aeff84a466044adc1db2aae029cb,Western Bulldogs,Collingwood Magpies,2026-05-30T09:35:58Z,pointsbetau,PointsBet (AU),,player_disposals_over,Marcus Bontempelli,Over,9.0,38.5,20260530_093320
5e06aeff84a466044adc1db2aae029cb,Western Bulldogs,Collingwood Magpies,2026-05-30T09:35:58Z,pointsbetau,PointsBet (AU),,player_disposals_over,Marcus Bontempelli,Over,10.0,39.5,20260530_093320
5e06aeff84a466044adc1db2aae029cb,Western Bulldogs,Collingwood Magpies,2026-05-30T09:35:58Z,pointsbetau,PointsBet (AU),,player_disposals_over,Rory Lobb,Over,1.13,9.5,20260530_093320
5e06aeff84a466044adc1db2aae029cb,Western Bulldogs,Collingwood Magpies,2026-05-30T09:35:58Z,pointsbetau,PointsBet (AU),,player_disposals_over,Rory Lobb,Over,1.24,10.5,20260530_093320
5e06aeff84a466044adc1db2aae029cb,Western Bulldogs,Collingwood Magpies,2026-05-30T09:35:58Z,pointsbetau,PointsBet (AU),,player_disposals_over,Rory Lobb,Over,1.4,11.5,20260530_093320
5e06aeff84a466044adc1db2aae029cb,Western Bulldogs,Collingwood Magpies,2026-05-30T09:35:58Z,pointsbetau,PointsBet (AU),,player_disposals_over,Rory Lobb,Over,1.59,12.5,20260530_093320
5e06aeff84a466044adc1db2aae029cb,Western Bulldogs,Collingwood Magpies,2026-05-30T09:35:58Z,pointsbetau,PointsBet (AU),,player_disposals_over,Rory Lobb,Over,1.83,13.5,20260530_093320
5e06aeff84a466044adc1db2aae029cb,Western Bulldogs,Collingwood Magpies,2026-05-30T09:35:58Z,pointsbetau,PointsBet (AU),,player_disposals_over,Rory Lobb,Over,2.2,14.5,20260530_093320
5e06aeff84a466044adc1db2aae029cb,Western Bulldogs,Collingwood Magpies,2026-05-30T09:35:58Z,pointsbetau,PointsBet (AU),,player_disposals_over,Rory Lobb,Over,2.55,15.5,20260530_093320
5e06aeff84a466044adc1db2aae029cb,Western Bulldogs,Collingwood Magpies,2026-05-30T09:35:58Z,pointsbetau,PointsBet (AU),,player_disposals_over,Rory Lobb,Over,3.0,16.5,20260530_093320
5e06aeff84a466044adc1db2aae029cb,Western Bulldogs,Collingwood Magpies,2026-05-30T09:35:58Z,pointsbetau,PointsBet (AU),,player_disposals_over,Rory Lobb,Over,3.7,17.5,20260530_093320
5e06aeff84a466044adc1db2aae029cb,Western Bulldogs,Collingwood Magpies,2026-05-30T09:35:58Z,pointsbetau,PointsBet (AU),,player_disposals_over,Rory Lobb,Over,4.4,18.5,20260530_093320
5e06aeff84a466044adc1db2aae029cb,Western Bulldogs,Collingwood Magpies,2026-05-30T09:35:58Z,pointsbetau,PointsBet (AU),,player_disposals_over,Rory Lobb,Over,5.25,19.5,20260530_093320
5e06aeff84a466044adc1db2aae029cb,Western Bulldogs,Collingwood Magpies,2026-05-30T09:35:58Z,pointsbetau,PointsBet (AU),,player_disposals_over,Rory Lobb,Over,6.5,20.5,20260530_093320
5e06aeff84a466044adc1db2aae029cb,Western Bulldogs,Collingwood Magpies,2026-05-30T09:35:58Z,pointsbetau,PointsBet (AU),,player_disposals_over,Rory Lobb,Over,9.0,21.5,20260530_093320
5e06aeff84a466044adc1db2aae029cb,Western Bulldogs,Collingwood Magpies,2026-05-30T09:35:58Z,pointsbetau,PointsBet (AU),,player_disposals_over,Rory Lobb,Over,10.5,22.5,20260530_093320
5e06aeff84a466044adc1db2aae029cb,Western Bulldogs,Collingwood Magpies,2026-05-30T09:35:58Z,pointsbetau,PointsBet (AU),,player_disposals_over,Rory Lobb,Over,12.0,23.5,20260530_093320
5e06aeff84a466044adc1db2aae029cb,Western Bulldogs,Collingwood Magpies,2026-05-30T09:35:58Z,pointsbetau,PointsBet (AU),,player_disposals_over,Rory Lobb,Over,17.0,24.5,20260530_093320
5e06aeff84a466044adc1db2aae029cb,Western Bulldogs,Collingwood Magpies,2026-05-30T09:35:58Z,pointsbetau,PointsBet (AU),,player_disposals_over,Bailey Dale,Over,1.06,21.5,20260530_093320
5e06aeff84a466044adc1db2aae029cb,Western Bulldogs,Collingwood Magpies,2026-05-30T09:35:58Z,pointsbetau,PointsBet (AU),,player_disposals_over,Bailey Dale,Over,1.08,22.5,20260530_093320
5e06aeff84a466044adc1db2aae029cb,Western Bulldogs,Collingwood Magpies,2026-05-30T09:35:58Z,pointsbetau,PointsBet (AU),,player_disposals_over,Bailey Dale,Over,1.11,23.5,20260530_093320
5e06aeff84a466044adc1db2aae029cb,Western Bulldogs,Collingwood Magpies,2026-05-30T09:35:58Z,pointsbetau,PointsBet (AU),,player_disposals_over,Bailey Dale,Over,1.16,24.5,20260530_093320
5e06aeff84a466044adc1db2aae029cb,Western Bulldogs,Collingwood Magpies,2026-05-30T09:35:58Z,pointsbetau,PointsBet (AU),,player_disposals_over,Bailey Dale,Over,1.22,25.5,20260530_093320
5e06aeff84a466044adc1db2aae029cb,Western Bulldogs,Collingwood Magpies,2026-05-30T09:35:58Z,pointsbetau,PointsBet (AU),,player_disposals_over,Bailey Dale,Over,1.29,26.5,20260530_093320
5e06aeff84a466044adc1db2aae029cb,Western Bulldogs,Collingwood Magpies,2026-05-30T09:35:58Z,pointsbetau,PointsBet (AU),,player_disposals_over,Bailey Dale,Over,1.36,27.5,20260530_093320
5e06aeff84a466044adc1db2aae029cb,Western Bulldogs,Collingwood Magpies,2026-05-30T09:35:58Z,pointsbetau,PointsBet (AU),,player_disposals_over,Bailey Dale,Over,1.5,28.5,20260530_093320
5e06aeff84a466044adc1db2aae029cb,Western Bulldogs,Collingwood Magpies,2026-05-30T09:35:58Z,pointsbetau,PointsBet (AU),,player_disposals_over,Bailey Dale,Over,1.67,29.5,20260530_093320
5e06aeff84a466044adc1db2aae029cb,Western Bulldogs,Collingwood Magpies,2026-05-30T09:35:58Z,pointsbetau,PointsBet (AU),,player_disposals_over,Bailey Dale,Over,1.83,30.5,20260530_093320
5e06aeff84a466044adc1db2aae029cb,Western Bulldogs,Collingwood Magpies,2026-05-30T09:35:58Z,pointsbetau,PointsBet (AU),,player_disposals_over,Bailey Dale,Over,2.05,31.5,20260530_093320
5e06aeff84a466044adc1db2aae029cb,Western Bulldogs,Collingwood Magpies,2026-05-30T09:35:58Z,pointsbetau,PointsBet (AU),,player_disposals_over,Bailey Dale,Over,2.35,32.5,20260530_093320
5e06aeff84a466044adc1db2aae029cb,Western Bulldogs,Collingwood Magpies,2026-05-30T09:35:58Z,pointsbetau,PointsBet (AU),,player_disposals_over,Bailey Dale,Over,2.6,33.5,20260530_093320
5e06aeff84a466044adc1db2aae029cb,Western Bulldogs,Collingwood Magpies,2026-05-30T09:35:58Z,pointsbetau,PointsBet (AU),,player_disposals_over,Bailey Dale,Over,3.0,34.5,20260530_093320
5e06aeff84a466044adc1db2aae029cb,Western Bulldogs,Collingwood Magpies,2026-05-30T09:35:58Z,pointsbetau,PointsBet (AU),,player_disposals_over,Bailey Dale,Over,3.6,35.5,20260530_093320
5e06aeff84a466044adc1db2aae029cb,Western Bulldogs,Collingwood Magpies,2026-05-30T09:35:58Z,pointsbetau,PointsBet (AU),,player_disposals_over,Bailey Dale,Over,4.2,36.5,20260530_093320
5e06aeff84a466044adc1db2aae029cb,Western Bulldogs,Collingwood Magpies,2026-05-30T09:35:58Z,pointsbetau,PointsBet (AU),,player_disposals_over,Bailey Dale,Over,4.75,37.5,20260530_093320
5e06aeff84a466044adc1db2aae029cb,Western Bulldogs,Collingwood Magpies,2026-05-30T09:35:58Z,pointsbetau,PointsBet (AU),,player_disposals_over,Bailey Dale,Over,5.75,38.5,20260530_093320
5e06aeff84a466044adc1db2aae029cb,Western Bulldogs,Collingwood Magpies,2026-05-30T09:35:58Z,pointsbetau,PointsBet (AU),,player_disposals_over,Bailey Dale,Over,6.5,39.5,20260530_093320
5e06aeff84a466044adc1db2aae029cb,Western Bulldogs,Collingwood Magpies,2026-05-30T09:35:58Z,pointsbetau,PointsBet (AU),,player_disposals_over,Buku Khamis,Over,1.06,9.5,20260530_093320
5e06aeff84a466044adc1db2aae029cb,Western Bulldogs,Collingwood Magpies,2026-05-30T09:35:58Z,pointsbetau,PointsBet (AU),,player_disposals_over,Buku Khamis,Over,1.14,10.5,20260530_093320
5e06aeff84a466044adc1db2aae029cb,Western Bulldogs,Collingwood Magpies,2026-05-30T09:35:58Z,pointsbetau,PointsBet (AU),,player_disposals_over,Buku Khamis,Over,1.25,11.5,20260530_093320
5e06aeff84a466044adc1db2aae029cb,Western Bulldogs,Collingwood Magpies,2026-05-30T09:35:58Z,pointsbetau,PointsBet (AU),,player_disposals_over,Buku Khamis,Over,1.4,12.5,20260530_093320
5e06aeff84a466044adc1db2aae029cb,Western Bulldogs,Collingwood Magpies,2026-05-30T09:35:58Z,pointsbetau,PointsBet (AU),,player_disposals_over,Buku Khamis,Over,1.59,13.5,20260530_093320
5e06aeff84a466044adc1db2aae029cb,Western Bulldogs,Collingwood Magpies,2026-05-30T09:35:58Z,pointsbetau,PointsBet (AU),,player_disposals_over,Buku Khamis,Over,1.83,14.5,20260530_093320
5e06aeff84a466044adc1db2aae029cb,Western Bulldogs,Collingwood Magpies,2026-05-30T09:35:58Z,pointsbetau,PointsBet (AU),,player_disposals_over,Buku Khamis,Over,2.2,15.5,20260530_093320
5e06aeff84a466044adc1db2aae029cb,Western Bulldogs,Collingwood Magpies,2026-05-30T09:35:58Z,pointsbetau,PointsBet (AU),,player_disposals_over,Buku Khamis,Over,2.55,16.5,20260530_093320
5e06aeff84a466044adc1db2aae029cb,Western Bulldogs,Collingwood Magpies,2026-05-30T09:35:58Z,pointsbetau,PointsBet (AU),,player_disposals_over,Buku Khamis,Over,2.9,17.5,20260530_093320
5e06aeff84a466044adc1db2aae029cb,Western Bulldogs,Collingwood Magpies,2026-05-30T09:35:58Z,pointsbetau,PointsBet (AU),,player_disposals_over,Buku Khamis,Over,3.6,18.5,20260530_093320
5e06aeff84a466044adc1db2aae029cb,Western Bulldogs,Collingwood Magpies,2026-05-30T09:35:58Z,pointsbetau,PointsBet (AU),,player_disposals_over,Buku Khamis,Over,4.4,19.5,20260530_093320
5e06aeff84a466044adc1db2aae029cb,Western Bulldogs,Collingwood Magpies,2026-05-30T09:35:58Z,pointsbetau,PointsBet (AU),,player_disposals_over,Buku Khamis,Over,5.25,20.5,20260530_093320
5e06aeff84a466044adc1db2aae029cb,Western Bulldogs,Collingwood Magpies,2026-05-30T09:35:58Z,pointsbetau,PointsBet (AU),,player_disposals_over,Buku Khamis,Over,6.5,21.5,20260530_093320
5e06aeff84a466044adc1db2aae029cb,Western Bulldogs,Collingwood Magpies,2026-05-30T09:35:58Z,pointsbetau,PointsBet (AU),,player_disposals_over,Buku Khamis,Over,8.5,22.5,20260530_093320
5e06aeff84a466044adc1db2aae029cb,Western Bulldogs,Collingwood Magpies,2026-05-30T09:35:58Z,pointsbetau,PointsBet (AU),,player_disposals_over,Buku Khamis,Over,10.0,23.5,20260530_093320
5e06aeff84a466044adc1db2aae029cb,Western Bulldogs,Collingwood Magpies,2026-05-30T09:35:58Z,pointsbetau,PointsBet (AU),,player_disposals_over,Buku Khamis,Over,12.0,24.5,20260530_093320
5e06aeff84a466044adc1db2aae029cb,Western Bulldogs,Collingwood Magpies,2026-05-30T09:35:58Z,pointsbetau,PointsBet (AU),,player_disposals_over,Buku Khamis,Over,15.0,25.5,20260530_093320
5e06aeff84a466044adc1db2aae029cb,Western Bulldogs,Collingwood Magpies,2026-05-30T09:35:58Z,pointsbetau,PointsBet (AU),,player_disposals_over,Buku Khamis,Over,19.0,26.5,20260530_093320
5e06aeff84a466044adc1db2aae029cb,Western Bulldogs,Collingwood Magpies,2026-05-30T09:35:58Z,pointsbetau,PointsBet (AU),,player_disposals_over,Michael Sellwood,Over,1.07,9.5,20260530_093320
5e06aeff84a466044adc1db2aae029cb,Western Bulldogs,Collingwood Magpies,2026-05-30T09:35:58Z,pointsbetau,PointsBet (AU),,player_disposals_over,Michael Sellwood,Over,1.14,10.5,20260530_093320
5e06aeff84a466044adc1db2aae029cb,Western Bulldogs,Collingwood Magpies,2026-05-30T09:35:58Z,pointsbetau,PointsBet (AU),,player_disposals_over,Michael Sellwood,Over,1.25,11.5,20260530_093320
5e06aeff84a466044adc1db2aae029cb,Western Bulldogs,Collingwood Magpies,2026-05-30T09:35:58Z,pointsbetau,PointsBet (AU),,player_disposals_over,Michael Sellwood,Over,1.4,12.5,20260530_093320
5e06aeff84a466044adc1db2aae029cb,Western Bulldogs,Collingwood Magpies,2026-05-30T09:35:58Z,pointsbetau,PointsBet (AU),,player_disposals_over,Michael Sellwood,Over,1.59,13.5,20260530_093320
5e06aeff84a466044adc1db2aae029cb,Western Bulldogs,Collingwood Magpies,2026-05-30T09:35:58Z,pointsbetau,PointsBet (AU),,player_disposals_over,Michael Sellwood,Over,1.83,14.5,20260530_093320
5e06aeff84a466044adc1db2aae029cb,Western Bulldogs,Collingwood Magpies,2026-05-30T09:35:58Z,pointsbetau,PointsBet (AU),,player_disposals_over,Michael Sellwood,Over,2.2,15.5,20260530_093320
5e06aeff84a466044adc1db2aae029cb,Western Bulldogs,Collingwood Magpies,2026-05-30T09:35:58Z,pointsbetau,PointsBet (AU),,player_disposals_over,Michael Sellwood,Over,2.55,16.5,20260530_093320
5e06aeff84a466044adc1db2aae029cb,Western Bulldogs,Collingwood Magpies,2026-05-30T09:35:58Z,pointsbetau,PointsBet (AU),,player_disposals_over,Michael Sellwood,Over,2.9,17.5,20260530_093320
5e06aeff84a466044adc1db2aae029cb,Western Bulldogs,Collingwood Magpies,2026-05-30T09:35:58Z,pointsbetau,PointsBet (AU),,player_disposals_over,Michael Sellwood,Over,3.6,18.5,20260530_093320
5e06aeff84a466044adc1db2aae029cb,Western Bulldogs,Collingwood Magpies,2026-05-30T09:35:58Z,pointsbetau,PointsBet (AU),,player_disposals_over,Michael Sellwood,Over,4.4,19.5,20260530_093320
5e06aeff84a466044adc1db2aae029cb,Western Bulldogs,Collingwood Magpies,2026-05-30T09:35:58Z,pointsbetau,PointsBet (AU),,player_disposals_over,Michael Sellwood,Over,5.25,20.5,20260530_093320
5e06aeff84a466044adc1db2aae029cb,Western Bulldogs,Collingwood Magpies,2026-05-30T09:35:58Z,pointsbetau,PointsBet (AU),,player_disposals_over,Michael Sellwood,Over,6.5,21.5,20260530_093320
5e06aeff84a466044adc1db2aae029cb,Western Bulldogs,Collingwood Magpies,2026-05-30T09:35:58Z,pointsbetau,PointsBet (AU),,player_disposals_over,Michael Sellwood,Over,8.5,22.5,20260530_093320
5e06aeff84a466044adc1db2aae029cb,Western Bulldogs,Collingwood Magpies,2026-05-30T09:35:58Z,pointsbetau,PointsBet (AU),,player_disposals_over,Michael Sellwood,Over,10.0,23.5,20260530_093320
5e06aeff84a466044adc1db2aae029cb,Western Bulldogs,Collingwood Magpies,2026-05-30T09:35:58Z,pointsbetau,PointsBet (AU),,player_disposals_over,Michael Sellwood,Over,12.0,24.5,20260530_093320
5e06aeff84a466044adc1db2aae029cb,Western Bulldogs,Collingwood Magpies,2026-05-30T09:35:58Z,pointsbetau,PointsBet (AU),,player_disposals_over,Michael Sellwood,Over,15.0,25.5,20260530_093320
5e06aeff84a466044adc1db2aae029cb,Western Bulldogs,Collingwood Magpies,2026-05-30T09:35:58Z,pointsbetau,PointsBet (AU),,player_disposals_over,Michael Sellwood,Over,19.0,26.5,20260530_093320
5e06aeff84a466044adc1db2aae029cb,Western Bulldogs,Collingwood Magpies,2026-05-30T09:35:58Z,pointsbetau,PointsBet (AU),,player_disposals_over,Will Lewis,Over,1.56,9.5,20260530_093320
5e06aeff84a466044adc1db2aae029cb,Western Bulldogs,Collingwood Magpies,2026-05-30T09:35:58Z,pointsbetau,PointsBet (AU),,player_disposals_over,Will Lewis,Over,1.83,10.5,20260530_093320
5e06aeff84a466044adc1db2aae029cb,Western Bulldogs,Collingwood Magpies,2026-05-30T09:35:58Z,pointsbetau,PointsBet (AU),,player_disposals_over,Will Lewis,Over,2.3,11.5,20260530_093320
5e06aeff84a466044adc1db2aae029cb,Western Bulldogs,Collingwood Magpies,2026-05-30T09:35:58Z,pointsbetau,PointsBet (AU),,player_disposals_over,Will Lewis,Over,2.7,12.5,20260530_093320
5e06aeff84a466044adc1db2aae029cb,Western Bulldogs,Collingwood Magpies,2026-05-30T09:35:58Z,pointsbetau,PointsBet (AU),,player_disposals_over,Will Lewis,Over,3.4,13.5,20260530_093320
5e06aeff84a466044adc1db2aae029cb,Western Bulldogs,Collingwood Magpies,2026-05-30T09:35:58Z,pointsbetau,PointsBet (AU),,player_disposals_over,Will Lewis,Over,4.2,14.5,20260530_093320
5e06aeff84a466044adc1db2aae029cb,Western Bulldogs,Collingwood Magpies,2026-05-30T09:35:58Z,pointsbetau,PointsBet (AU),,player_disposals_over,Will Lewis,Over,5.0,15.5,20260530_093320
5e06aeff84a466044adc1db2aae029cb,Western Bulldogs,Collingwood Magpies,2026-05-30T09:35:58Z,pointsbetau,PointsBet (AU),,player_disposals_over,Will Lewis,Over,6.5,16.5,20260530_093320
5e06aeff84a466044adc1db2aae029cb,Western Bulldogs,Collingwood Magpies,2026-05-30T09:35:58Z,pointsbetau,PointsBet (AU),,player_disposals_over,Will Lewis,Over,9.0,17.5,20260530_093320
5e06aeff84a466044adc1db2aae029cb,Western Bulldogs,Collingwood Magpies,2026-05-30T09:35:58Z,pointsbetau,PointsBet (AU),,player_disposals_over,Will Lewis,Over,10.5,18.5,20260530_093320
5e06aeff84a466044adc1db2aae029cb,Western Bulldogs,Collingwood Magpies,2026-05-30T09:35:58Z,pointsbetau,PointsBet (AU),,player_disposals_over,Will Lewis,Over,13.0,19.5,20260530_093320
5e06aeff84a466044adc1db2aae029cb,Western Bulldogs,Collingwood Magpies,2026-05-30T09:35:58Z,pointsbetau,PointsBet (AU),,player_disposals_over,Will Lewis,Over,17.0,20.5,20260530_093320
5e06aeff84a466044adc1db2aae029cb,Western Bulldogs,Collingwood Magpies,2026-05-30T09:35:58Z,pointsbetau,PointsBet (AU),,player_disposals_over,Lachlan Schultz,Over,1.08,10.5,20260530_093320
5e06aeff84a466044adc1db2aae029cb,Western Bulldogs,Collingwood Magpies,2026-05-30T09:35:58Z,pointsbetau,PointsBet (AU),,player_disposals_over,Lachlan Schultz,Over,1.15,11.5,20260530_093320
5e06aeff84a466044adc1db2aae029cb,Western Bulldogs,Collingwood Magpies,2026-05-30T09:35:58Z,pointsbetau,PointsBet (AU),,player_disposals_over,Lachlan Schultz,Over,1.27,12.5,20260530_093320
5e06aeff84a466044adc1db2aae029cb,Western Bulldogs,Collingwood Magpies,2026-05-30T09:35:58Z,pointsbetau,PointsBet (AU),,player_disposals_over,Lachlan Schultz,Over,1.4,13.5,20260530_093320
5e06aeff84a466044adc1db2aae029cb,Western Bulldogs,Collingwood Magpies,2026-05-30T09:35:58Z,pointsbetau,PointsBet (AU),,player_disposals_over,Lachlan Schultz,Over,1.63,14.5,20260530_093320
5e06aeff84a466044adc1db2aae029cb,Western Bulldogs,Collingwood Magpies,2026-05-30T09:35:58Z,pointsbetau,PointsBet (AU),,player_disposals_over,Lachlan Schultz,Over,1.83,15.5,20260530_093320
5e06aeff84a466044adc1db2aae029cb,Western Bulldogs,Collingwood Magpies,2026-05-30T09:35:58Z,pointsbetau,PointsBet (AU),,player_disposals_over,Lachlan Schultz,Over,2.15,16.5,20260530_093320
5e06aeff84a466044adc1db2aae029cb,Western Bulldogs,Collingwood Magpies,2026-05-30T09:35:58Z,pointsbetau,PointsBet (AU),,player_disposals_over,Lachlan Schultz,Over,2.55,17.5,20260530_093320
5e06aeff84a466044adc1db2aae029cb,Western Bulldogs,Collingwood Magpies,2026-05-30T09:35:58Z,pointsbetau,PointsBet (AU),,player_disposals_over,Lachlan Schultz,Over,2.9,18.5,20260530_093320
5e06aeff84a466044adc1db2aae029cb,Western Bulldogs,Collingwood Magpies,2026-05-30T09:35:58Z,pointsbetau,PointsBet (AU),,player_disposals_over,Lachlan Schultz,Over,3.6,19.5,20260530_093320
5e06aeff84a466044adc1db2aae029cb,Western Bulldogs,Collingwood Magpies,2026-05-30T09:35:58Z,pointsbetau,PointsBet (AU),,player_disposals_over,Lachlan Schultz,Over,4.2,20.5,20260530_093320
5e06aeff84a466044adc1db2aae029cb,Western Bulldogs,Collingwood Magpies,2026-05-30T09:35:58Z,pointsbetau,PointsBet (AU),,player_disposals_over,Lachlan Schultz,Over,5.0,21.5,20260530_093320
5e06aeff84a466044adc1db2aae029cb,Western Bulldogs,Collingwood Magpies,2026-05-30T09:35:58Z,pointsbetau,PointsBet (AU),,player_disposals_over,Lachlan Schultz,Over,6.0,22.5,20260530_093320
5e06aeff84a466044adc1db2aae029cb,Western Bulldogs,Collingwood Magpies,2026-05-30T09:35:58Z,pointsbetau,PointsBet (AU),,player_disposals_over,Lachlan Schultz,Over,8.0,23.5,20260530_093320
5e06aeff84a466044adc1db2aae029cb,Western Bulldogs,Collingwood Magpies,2026-05-30T09:35:58Z,pointsbetau,PointsBet (AU),,player_disposals_over,Lachlan Schultz,Over,10.0,24.5,20260530_093320
5e06aeff84a466044adc1db2aae029cb,Western Bulldogs,Collingwood Magpies,2026-05-30T09:35:58Z,pointsbetau,PointsBet (AU),,player_disposals_over,Lachlan Schultz,Over,12.0,25.5,20260530_093320
5e06aeff84a466044adc1db2aae029cb,Western Bulldogs,Collingwood Magpies,2026-05-30T09:35:58Z,pointsbetau,PointsBet (AU),,player_disposals_over,Lachlan Schultz,Over,15.0,26.5,20260530_093320
5e06aeff84a466044adc1db2aae029cb,Western Bulldogs,Collingwood Magpies,2026-05-30T09:35:58Z,pointsbetau,PointsBet (AU),,player_disposals_over,Lachlan Schultz,Over,17.0,27.5,20260530_093320
5e06aeff84a466044adc1db2aae029cb,Western Bulldogs,Collingwood Magpies,2026-05-30T09:35:58Z,pointsbetau,PointsBet (AU),,player_disposals_over,Patrick Lipinski,Over,1.04,12.5,20260530_093320
5e06aeff84a466044adc1db2aae029cb,Western Bulldogs,Collingwood Magpies,2026-05-30T09:35:58Z,pointsbetau,PointsBet (AU),,player_disposals_over,Patrick Lipinski,Over,1.08,13.5,20260530_093320
5e06aeff84a466044adc1db2aae029cb,Western Bulldogs,Collingwood Magpies,2026-05-30T09:35:58Z,pointsbetau,PointsBet (AU),,player_disposals_over,Patrick Lipinski,Over,1.14,14.5,20260530_093320
5e06aeff84a466044adc1db2aae029cb,Western Bulldogs,Collingwood Magpies,2026-05-30T09:35:58Z,pointsbetau,PointsBet (AU),,player_disposals_over,Patrick Lipinski,Over,1.22,15.5,20260530_093320
5e06aeff84a466044adc1db2aae029cb,Western Bulldogs,Collingwood Magpies,2026-05-30T09:35:58Z,pointsbetau,PointsBet (AU),,player_disposals_over,Patrick Lipinski,Over,1.33,16.5,20260530_093320
5e06aeff84a466044adc1db2aae029cb,Western Bulldogs,Collingwood Magpies,2026-05-30T09:35:58Z,pointsbetau,PointsBet (AU),,player_disposals_over,Patrick Lipinski,Over,1.5,17.5,20260530_093320
5e06aeff84a466044adc1db2aae029cb,Western Bulldogs,Collingwood Magpies,2026-05-30T09:35:58Z,pointsbetau,PointsBet (AU),,player_disposals_over,Patrick Lipinski,Over,1.67,18.5,20260530_093320
5e06aeff84a466044adc1db2aae029cb,Western Bulldogs,Collingwood Magpies,2026-05-30T09:35:58Z,pointsbetau,PointsBet (AU),,player_disposals_over,Patrick Lipinski,Over,1.9,19.5,20260530_093320
5e06aeff84a466044adc1db2aae029cb,Western Bulldogs,Collingwood Magpies,2026-05-30T09:35:58Z,pointsbetau,PointsBet (AU),,player_disposals_over,Patrick Lipinski,Over,2.2,20.5,20260530_093320
5e06aeff84a466044adc1db2aae029cb,Western Bulldogs,Collingwood Magpies,2026-05-30T09:35:58Z,pointsbetau,PointsBet (AU),,player_disposals_over,Patrick Lipinski,Over,2.55,21.5,20260530_093320
5e06aeff84a466044adc1db2aae029cb,Western Bulldogs,Collingwood Magpies,2026-05-30T09:35:58Z,pointsbetau,PointsBet (AU),,player_disposals_over,Patrick Lipinski,Over,3.0,22.5,20260530_093320
5e06aeff84a466044adc1db2aae029cb,Western Bulldogs,Collingwood Magpies,2026-05-30T09:35:58Z,pointsbetau,PointsBet (AU),,player_disposals_over,Patrick Lipinski,Over,3.6,23.5,20260530_093320
5e06aeff84a466044adc1db2aae029cb,Western Bulldogs,Collingwood Magpies,2026-05-30T09:35:58Z,pointsbetau,PointsBet (AU),,player_disposals_over,Patrick Lipinski,Over,4.2,24.5,20260530_093320
5e06aeff84a466044adc1db2aae029cb,Western Bulldogs,Collingwood Magpies,2026-05-30T09:35:58Z,pointsbetau,PointsBet (AU),,player_disposals_over,Patrick Lipinski,Over,4.75,25.5,20260530_093320
5e06aeff84a466044adc1db2aae029cb,Western Bulldogs,Collingwood Magpies,2026-05-30T09:35:58Z,pointsbetau,PointsBet (AU),,player_disposals_over,Patrick Lipinski,Over,5.75,26.5,20260530_093320
5e06aeff84a466044adc1db2aae029cb,Western Bulldogs,Collingwood Magpies,2026-05-30T09:35:58Z,pointsbetau,PointsBet (AU),,player_disposals_over,Patrick Lipinski,Over,7.0,27.5,20260530_093320
5e06aeff84a466044adc1db2aae029cb,Western Bulldogs,Collingwood Magpies,2026-05-30T09:35:58Z,pointsbetau,PointsBet (AU),,player_disposals_over,Patrick Lipinski,Over,9.0,28.5,20260530_093320
5e06aeff84a466044adc1db2aae029cb,Western Bulldogs,Collingwood Magpies,2026-05-30T09:35:58Z,pointsbetau,PointsBet (AU),,player_disposals_over,Patrick Lipinski,Over,10.5,29.5,20260530_093320
5e06aeff84a466044adc1db2aae029cb,Western Bulldogs,Collingwood Magpies,2026-05-30T09:35:58Z,pointsbetau,PointsBet (AU),,player_disposals_over,Patrick Lipinski,Over,12.0,30.5,20260530_093320
5e06aeff84a466044adc1db2aae029cb,Western Bulldogs,Collingwood Magpies,2026-05-30T09:35:58Z,pointsbetau,PointsBet (AU),,player_disposals_over,Patrick Lipinski,Over,15.0,31.5,20260530_093320
5e06aeff84a466044adc1db2aae029cb,Western Bulldogs,Collingwood Magpies,2026-05-30T09:35:58Z,pointsbetau,PointsBet (AU),,player_disposals_over,Patrick Lipinski,Over,17.0,32.5,20260530_093320
5e06aeff84a466044adc1db2aae029cb,Western Bulldogs,Collingwood Magpies,2026-05-30T09:35:58Z,pointsbetau,PointsBet (AU),,player_disposals_over,Beau McCreery,Over,1.08,10.5,20260530_093320
5e06aeff84a466044adc1db2aae029cb,Western Bulldogs,Collingwood Magpies,2026-05-30T09:35:58Z,pointsbetau,PointsBet (AU),,player_disposals_over,Beau McCreery,Over,1.15,11.5,20260530_093320
5e06aeff84a466044adc1db2aae029cb,Western Bulldogs,Collingwood Magpies,2026-05-30T09:35:58Z,pointsbetau,PointsBet (AU),,player_disposals_over,Beau McCreery,Over,1.25,12.5,20260530_093320
5e06aeff84a466044adc1db2aae029cb,Western Bulldogs,Collingwood Magpies,2026-05-30T09:35:58Z,pointsbetau,PointsBet (AU),,player_disposals_over,Beau McCreery,Over,1.4,13.5,20260530_093320
5e06aeff84a466044adc1db2aae029cb,Western Bulldogs,Collingwood Magpies,2026-05-30T09:35:58Z,pointsbetau,PointsBet (AU),,player_disposals_over,Beau McCreery,Over,1.59,14.5,20260530_093320
5e06aeff84a466044adc1db2aae029cb,Western Bulldogs,Collingwood Magpies,2026-05-30T09:35:58Z,pointsbetau,PointsBet (AU),,player_disposals_over,Beau McCreery,Over,1.83,15.5,20260530_093320
5e06aeff84a466044adc1db2aae029cb,Western Bulldogs,Collingwood Magpies,2026-05-30T09:35:58Z,pointsbetau,PointsBet (AU),,player_disposals_over,Beau McCreery,Over,2.15,16.5,20260530_093320
5e06aeff84a466044adc1db2aae029cb,Western Bulldogs,Collingwood Magpies,2026-05-30T09:35:58Z,pointsbetau,PointsBet (AU),,player_disposals_over,Beau McCreery,Over,2.5,17.5,20260530_093320
5e06aeff84a466044adc1db2aae029cb,Western Bulldogs,Collingwood Magpies,2026-05-30T09:35:58Z,pointsbetau,PointsBet (AU),,player_disposals_over,Beau McCreery,Over,2.9,18.5,20260530_093320
5e06aeff84a466044adc1db2aae029cb,Western Bulldogs,Collingwood Magpies,2026-05-30T09:35:58Z,pointsbetau,PointsBet (AU),,player_disposals_over,Beau McCreery,Over,3.6,19.5,20260530_093320
5e06aeff84a466044adc1db2aae029cb,Western Bulldogs,Collingwood Magpies,2026-05-30T09:35:58Z,pointsbetau,PointsBet (AU),,player_disposals_over,Beau McCreery,Over,4.2,20.5,20260530_093320
5e06aeff84a466044adc1db2aae029cb,Western Bulldogs,Collingwood Magpies,2026-05-30T09:35:58Z,pointsbetau,PointsBet (AU),,player_disposals_over,Beau McCreery,Over,5.0,21.5,20260530_093320
5e06aeff84a466044adc1db2aae029cb,Western Bulldogs,Collingwood Magpies,2026-05-30T09:35:58Z,pointsbetau,PointsBet (AU),,player_disposals_over,Beau McCreery,Over,6.0,22.5,20260530_093320
5e06aeff84a466044adc1db2aae029cb,Western Bulldogs,Collingwood Magpies,2026-05-30T09:35:58Z,pointsbetau,PointsBet (AU),,player_disposals_over,Beau McCreery,Over,7.5,23.5,20260530_093320
5e06aeff84a466044adc1db2aae029cb,Western Bulldogs,Collingwood Magpies,2026-05-30T09:35:58Z,pointsbetau,PointsBet (AU),,player_disposals_over,Beau McCreery,Over,9.5,24.5,20260530_093320
5e06aeff84a466044adc1db2aae029cb,Western Bulldogs,Collingwood Magpies,2026-05-30T09:35:58Z,pointsbetau,PointsBet (AU),,player_disposals_over,Beau McCreery,Over,11.0,25.5,20260530_093320
5e06aeff84a466044adc1db2aae029cb,Western Bulldogs,Collingwood Magpies,2026-05-30T09:35:58Z,pointsbetau,PointsBet (AU),,player_disposals_over,Beau McCreery,Over,13.0,26.5,20260530_093320
5e06aeff84a466044adc1db2aae029cb,Western Bulldogs,Collingwood Magpies,2026-05-30T09:35:58Z,pointsbetau,PointsBet (AU),,player_disposals_over,Beau McCreery,Over,16.0,27.5,20260530_093320
5e06aeff84a466044adc1db2aae029cb,Western Bulldogs,Collingwood Magpies,2026-05-30T09:35:58Z,pointsbetau,PointsBet (AU),,player_disposals_over,Beau McCreery,Over,20.0,28.5,20260530_093320
5e06aeff84a466044adc1db2aae029cb,Western Bulldogs,Collingwood Magpies,2026-05-30T09:35:58Z,pointsbetau,PointsBet (AU),,player_disposals_over,Josh Daicos,Over,1.06,17.5,20260530_093320
5e06aeff84a466044adc1db2aae029cb,Western Bulldogs,Collingwood Magpies,2026-05-30T09:35:58Z,pointsbetau,PointsBet (AU),,player_disposals_over,Josh Daicos,Over,1.08,18.5,20260530_093320
5e06aeff84a466044adc1db2aae029cb,Western Bulldogs,Collingwood Magpies,2026-05-30T09:35:58Z,pointsbetau,PointsBet (AU),,player_disposals_over,Josh Daicos,Over,1.13,19.5,20260530_093320
5e06aeff84a466044adc1db2aae029cb,Western Bulldogs,Collingwood Magpies,2026-05-30T09:35:58Z,pointsbetau,PointsBet (AU),,player_disposals_over,Josh Daicos,Over,1.19,20.5,20260530_093320
5e06aeff84a466044adc1db2aae029cb,Western Bulldogs,Collingwood Magpies,2026-05-30T09:35:58Z,pointsbetau,PointsBet (AU),,player_disposals_over,Josh Daicos,Over,1.27,21.5,20260530_093320
5e06aeff84a466044adc1db2aae029cb,Western Bulldogs,Collingwood Magpies,2026-05-30T09:35:58Z,pointsbetau,PointsBet (AU),,player_disposals_over,Josh Daicos,Over,1.36,22.5,20260530_093320
5e06aeff84a466044adc1db2aae029cb,Western Bulldogs,Collingwood Magpies,2026-05-30T09:35:58Z,pointsbetau,PointsBet (AU),,player_disposals_over,Josh Daicos,Over,1.5,23.5,20260530_093320
5e06aeff84a466044adc1db2aae029cb,Western Bulldogs,Collingwood Magpies,2026-05-30T09:35:58Z,pointsbetau,PointsBet (AU),,player_disposals_over,Josh Daicos,Over,1.65,24.5,20260530_093320
5e06aeff84a466044adc1db2aae029cb,Western Bulldogs,Collingwood Magpies,2026-05-30T09:35:58Z,pointsbetau,PointsBet (AU),,player_disposals_over,Josh Daicos,Over,1.83,25.5,20260530_093320
5e06aeff84a466044adc1db2aae029cb,Western Bulldogs,Collingwood Magpies,2026-05-30T09:35:58Z,pointsbetau,PointsBet (AU),,player_disposals_over,Josh Daicos,Over,2.1,26.5,20260530_093320
5e06aeff84a466044adc1db2aae029cb,Western Bulldogs,Collingwood Magpies,2026-05-30T09:35:58Z,pointsbetau,PointsBet (AU),,player_disposals_over,Josh Daicos,Over,2.4,27.5,20260530_093320
5e06aeff84a466044adc1db2aae029cb,Western Bulldogs,Collingwood Magpies,2026-05-30T09:35:58Z,pointsbetau,PointsBet (AU),,player_disposals_over,Josh Daicos,Over,2.7,28.5,20260530_093320
5e06aeff84a466044adc1db2aae029cb,Western Bulldogs,Collingwood Magpies,2026-05-30T09:35:58Z,pointsbetau,PointsBet (AU),,player_disposals_over,Josh Daicos,Over,3.1,29.5,20260530_093320
5e06aeff84a466044adc1db2aae029cb,Western Bulldogs,Collingwood Magpies,2026-05-30T09:35:58Z,pointsbetau,PointsBet (AU),,player_disposals_over,Josh Daicos,Over,3.7,30.5,20260530_093320
5e06aeff84a466044adc1db2aae029cb,Western Bulldogs,Collingwood Magpies,2026-05-30T09:35:58Z,pointsbetau,PointsBet (AU),,player_disposals_over,Josh Daicos,Over,4.4,31.5,20260530_093320
5e06aeff84a466044adc1db2aae029cb,Western Bulldogs,Collingwood Magpies,2026-05-30T09:35:58Z,pointsbetau,PointsBet (AU),,player_disposals_over,Josh Daicos,Over,5.0,32.5,20260530_093320
5e06aeff84a466044adc1db2aae029cb,Western Bulldogs,Collingwood Magpies,2026-05-30T09:35:58Z,pointsbetau,PointsBet (AU),,player_disposals_over,Josh Daicos,Over,5.75,33.5,20260530_093320
5e06aeff84a466044adc1db2aae029cb,Western Bulldogs,Collingwood Magpies,2026-05-30T09:35:58Z,pointsbetau,PointsBet (AU),,player_disposals_over,Josh Daicos,Over,7.0,34.5,20260530_093320
5e06aeff84a466044adc1db2aae029cb,Western Bulldogs,Collingwood Magpies,2026-05-30T09:35:58Z,pointsbetau,PointsBet (AU),,player_disposals_over,Josh Daicos,Over,9.0,35.5,20260530_093320
5e06aeff84a466044adc1db2aae029cb,Western Bulldogs,Collingwood Magpies,2026-05-30T09:35:58Z,pointsbetau,PointsBet (AU),,player_disposals_over,Josh Daicos,Over,10.0,36.5,20260530_093320
5e06aeff84a466044adc1db2aae029cb,Western Bulldogs,Collingwood Magpies,2026-05-30T09:35:58Z,pointsbetau,PointsBet (AU),,player_disposals_over,Josh Daicos,Over,12.0,37.5,20260530_093320
5e06aeff84a466044adc1db2aae029cb,Western Bulldogs,Collingwood Magpies,2026-05-30T09:35:58Z,pointsbetau,PointsBet (AU),,player_disposals_over,Josh Daicos,Over,15.0,38.5,20260530_093320
5e06aeff84a466044adc1db2aae029cb,Western Bulldogs,Collingwood Magpies,2026-05-30T09:35:58Z,pointsbetau,PointsBet (AU),,player_disposals_over,Josh Daicos,Over,17.0,39.5,20260530_093320
5e06aeff84a466044adc1db2aae029cb,Western Bulldogs,Collingwood Magpies,2026-05-30T09:35:58Z,pointsbetau,PointsBet (AU),,player_disposals_over,Isaac Quaynor,Over,1.06,12.5,20260530_093320
5e06aeff84a466044adc1db2aae029cb,Western Bulldogs,Collingwood Magpies,2026-05-30T09:35:58Z,pointsbetau,PointsBet (AU),,player_disposals_over,Isaac Quaynor,Over,1.11,13.5,20260530_093320
5e06aeff84a466044adc1db2aae029cb,Western Bulldogs,Collingwood Magpies,2026-05-30T09:35:58Z,pointsbetau,PointsBet (AU),,player_disposals_over,Isaac Quaynor,Over,1.18,14.5,20260530_093320
5e06aeff84a466044adc1db2aae029cb,Western Bulldogs,Collingwood Magpies,2026-05-30T09:35:58Z,pointsbetau,PointsBet (AU),,player_disposals_over,Isaac Quaynor,Over,1.29,15.5,20260530_093320
5e06aeff84a466044adc1db2aae029cb,Western Bulldogs,Collingwood Magpies,2026-05-30T09:35:58Z,pointsbetau,PointsBet (AU),,player_disposals_over,Isaac Quaynor,Over,1.42,16.5,20260530_093320
5e06aeff84a466044adc1db2aae029cb,Western Bulldogs,Collingwood Magpies,2026-05-30T09:35:58Z,pointsbetau,PointsBet (AU),,player_disposals_over,Isaac Quaynor,Over,1.63,17.5,20260530_093320
5e06aeff84a466044adc1db2aae029cb,Western Bulldogs,Collingwood Magpies,2026-05-30T09:35:58Z,pointsbetau,PointsBet (AU),,player_disposals_over,Isaac Quaynor,Over,1.83,18.5,20260530_093320
5e06aeff84a466044adc1db2aae029cb,Western Bulldogs,Collingwood Magpies,2026-05-30T09:35:58Z,pointsbetau,PointsBet (AU),,player_disposals_over,Isaac Quaynor,Over,2.1,19.5,20260530_093320
5e06aeff84a466044adc1db2aae029cb,Western Bulldogs,Collingwood Magpies,2026-05-30T09:35:58Z,pointsbetau,PointsBet (AU),,player_disposals_over,Isaac Quaynor,Over,2.4,20.5,20260530_093320
5e06aeff84a466044adc1db2aae029cb,Western Bulldogs,Collingwood Magpies,2026-05-30T09:35:58Z,pointsbetau,PointsBet (AU),,player_disposals_over,Isaac Quaynor,Over,2.85,21.5,20260530_093320
5e06aeff84a466044adc1db2aae029cb,Western Bulldogs,Collingwood Magpies,2026-05-30T09:35:58Z,pointsbetau,PointsBet (AU),,player_disposals_over,Isaac Quaynor,Over,3.4,22.5,20260530_093320
5e06aeff84a466044adc1db2aae029cb,Western Bulldogs,Collingwood Magpies,2026-05-30T09:35:58Z,pointsbetau,PointsBet (AU),,player_disposals_over,Isaac Quaynor,Over,4.0,23.5,20260530_093320
5e06aeff84a466044adc1db2aae029cb,Western Bulldogs,Collingwood Magpies,2026-05-30T09:35:58Z,pointsbetau,PointsBet (AU),,player_disposals_over,Isaac Quaynor,Over,4.75,24.5,20260530_093320
5e06aeff84a466044adc1db2aae029cb,Western Bulldogs,Collingwood Magpies,2026-05-30T09:35:58Z,pointsbetau,PointsBet (AU),,player_disposals_over,Isaac Quaynor,Over,5.75,25.5,20260530_093320
5e06aeff84a466044adc1db2aae029cb,Western Bulldogs,Collingwood Magpies,2026-05-30T09:35:58Z,pointsbetau,PointsBet (AU),,player_disposals_over,Isaac Quaynor,Over,7.0,26.5,20260530_093320
5e06aeff84a466044adc1db2aae029cb,Western Bulldogs,Collingwood Magpies,2026-05-30T09:35:58Z,pointsbetau,PointsBet (AU),,player_disposals_over,Isaac Quaynor,Over,9.0,27.5,20260530_093320
5e06aeff84a466044adc1db2aae029cb,Western Bulldogs,Collingwood Magpies,2026-05-30T09:35:58Z,pointsbetau,PointsBet (AU),,player_disposals_over,Isaac Quaynor,Over,10.5,28.5,20260530_093320
5e06aeff84a466044adc1db2aae029cb,Western Bulldogs,Collingwood Magpies,2026-05-30T09:35:58Z,pointsbetau,PointsBet (AU),,player_disposals_over,Isaac Quaynor,Over,12.0,29.5,20260530_093320
5e06aeff84a466044adc1db2aae029cb,Western Bulldogs,Collingwood Magpies,2026-05-30T09:35:58Z,pointsbetau,PointsBet (AU),,player_disposals_over,Isaac Quaynor,Over,15.0,30.5,20260530_093320
5e06aeff84a466044adc1db2aae029cb,Western Bulldogs,Collingwood Magpies,2026-05-30T09:35:58Z,pointsbetau,PointsBet (AU),,player_disposals_over,Isaac Quaynor,Over,17.0,31.5,20260530_093320
5e06aeff84a466044adc1db2aae029cb,Western Bulldogs,Collingwood Magpies,2026-05-30T09:35:58Z,pointsbetau,PointsBet (AU),,player_disposals_over,Ned Long,Over,1.08,10.5,20260530_093320
5e06aeff84a466044adc1db2aae029cb,Western Bulldogs,Collingwood Magpies,2026-05-30T09:35:58Z,pointsbetau,PointsBet (AU),,player_disposals_over,Ned Long,Over,1.15,11.5,20260530_093320
5e06aeff84a466044adc1db2aae029cb,Western Bulldogs,Collingwood Magpies,2026-05-30T09:35:58Z,pointsbetau,PointsBet (AU),,player_disposals_over,Ned Long,Over,1.25,12.5,20260530_093320
5e06aeff84a466044adc1db2aae029cb,Western Bulldogs,Collingwood Magpies,2026-05-30T09:35:58Z,pointsbetau,PointsBet (AU),,player_disposals_over,Ned Long,Over,1.4,13.5,20260530_093320
5e06aeff84a466044adc1db2aae029cb,Western Bulldogs,Collingwood Magpies,2026-05-30T09:35:58Z,pointsbetau,PointsBet (AU),,player_disposals_over,Ned Long,Over,1.63,14.5,20260530_093320
5e06aeff84a466044adc1db2aae029cb,Western Bulldogs,Collingwood Magpies,2026-05-30T09:35:58Z,pointsbetau,PointsBet (AU),,player_disposals_over,Ned Long,Over,1.83,15.5,20260530_093320
5e06aeff84a466044adc1db2aae029cb,Western Bulldogs,Collingwood Magpies,2026-05-30T09:35:58Z,pointsbetau,PointsBet (AU),,player_disposals_over,Ned Long,Over,2.2,16.5,20260530_093320
5e06aeff84a466044adc1db2aae029cb,Western Bulldogs,Collingwood Magpies,2026-05-30T09:35:58Z,pointsbetau,PointsBet (AU),,player_disposals_over,Ned Long,Over,2.5,17.5,20260530_093320
5e06aeff84a466044adc1db2aae029cb,Western Bulldogs,Collingwood Magpies,2026-05-30T09:35:58Z,pointsbetau,PointsBet (AU),,player_disposals_over,Ned Long,Over,2.9,18.5,20260530_093320
5e06aeff84a466044adc1db2aae029cb,Western Bulldogs,Collingwood Magpies,2026-05-30T09:35:58Z,pointsbetau,PointsBet (AU),,player_disposals_over,Ned Long,Over,3.4,19.5,20260530_093320
5e06aeff84a466044adc1db2aae029cb,Western Bulldogs,Collingwood Magpies,2026-05-30T09:35:58Z,pointsbetau,PointsBet (AU),,player_disposals_over,Ned Long,Over,4.2,20.5,20260530_093320
5e06aeff84a466044adc1db2aae029cb,Western Bulldogs,Collingwood Magpies,2026-05-30T09:35:58Z,pointsbetau,PointsBet (AU),,player_disposals_over,Ned Long,Over,4.75,21.5,20260530_093320
5e06aeff84a466044adc1db2aae029cb,Western Bulldogs,Collingwood Magpies,2026-05-30T09:35:58Z,pointsbetau,PointsBet (AU),,player_disposals_over,Ned Long,Over,5.75,22.5,20260530_093320
5e06aeff84a466044adc1db2aae029cb,Western Bulldogs,Collingwood Magpies,2026-05-30T09:35:58Z,pointsbetau,PointsBet (AU),,player_disposals_over,Ned Long,Over,7.0,23.5,20260530_093320
5e06aeff84a466044adc1db2aae029cb,Western Bulldogs,Collingwood Magpies,2026-05-30T09:35:58Z,pointsbetau,PointsBet (AU),,player_disposals_over,Ned Long,Over,9.5,24.5,20260530_093320
5e06aeff84a466044adc1db2aae029cb,Western Bulldogs,Collingwood Magpies,2026-05-30T09:35:58Z,pointsbetau,PointsBet (AU),,player_disposals_over,Ned Long,Over,10.5,25.5,20260530_093320
5e06aeff84a466044adc1db2aae029cb,Western Bulldogs,Collingwood Magpies,2026-05-30T09:35:58Z,pointsbetau,PointsBet (AU),,player_disposals_over,Ned Long,Over,12.0,26.5,20260530_093320
5e06aeff84a466044adc1db2aae029cb,Western Bulldogs,Collingwood Magpies,2026-05-30T09:35:58Z,pointsbetau,PointsBet (AU),,player_disposals_over,Ned Long,Over,16.0,27.5,20260530_093320
5e06aeff84a466044adc1db2aae029cb,Western Bulldogs,Collingwood Magpies,2026-05-30T09:35:58Z,pointsbetau,PointsBet (AU),,player_disposals_over,Edward Allan,Over,1.06,9.5,20260530_093320
5e06aeff84a466044adc1db2aae029cb,Western Bulldogs,Collingwood Magpies,2026-05-30T09:35:58Z,pointsbetau,PointsBet (AU),,player_disposals_over,Edward Allan,Over,1.13,10.5,20260530_093320
5e06aeff84a466044adc1db2aae029cb,Western Bulldogs,Collingwood Magpies,2026-05-30T09:35:58Z,pointsbetau,PointsBet (AU),,player_disposals_over,Edward Allan,Over,1.24,11.5,20260530_093320
5e06aeff84a466044adc1db2aae029cb,Western Bulldogs,Collingwood Magpies,2026-05-30T09:35:58Z,pointsbetau,PointsBet (AU),,player_disposals_over,Edward Allan,Over,1.36,12.5,20260530_093320
5e06aeff84a466044adc1db2aae029cb,Western Bulldogs,Collingwood Magpies,2026-05-30T09:35:58Z,pointsbetau,PointsBet (AU),,player_disposals_over,Edward Allan,Over,1.59,13.5,20260530_093320
5e06aeff84a466044adc1db2aae029cb,Western Bulldogs,Collingwood Magpies,2026-05-30T09:35:58Z,pointsbetau,PointsBet (AU),,player_disposals_over,Edward Allan,Over,1.8,14.5,20260530_093320
5e06aeff84a466044adc1db2aae029cb,Western Bulldogs,Collingwood Magpies,2026-05-30T09:35:58Z,pointsbetau,PointsBet (AU),,player_disposals_over,Edward Allan,Over,2.15,15.5,20260530_093320
5e06aeff84a466044adc1db2aae029cb,Western Bulldogs,Collingwood Magpies,2026-05-30T09:35:58Z,pointsbetau,PointsBet (AU),,player_disposals_over,Edward Allan,Over,2.55,16.5,20260530_093320
5e06aeff84a466044adc1db2aae029cb,Western Bulldogs,Collingwood Magpies,2026-05-30T09:35:58Z,pointsbetau,PointsBet (AU),,player_disposals_over,Edward Allan,Over,2.9,17.5,20260530_093320
5e06aeff84a466044adc1db2aae029cb,Western Bulldogs,Collingwood Magpies,2026-05-30T09:35:58Z,pointsbetau,PointsBet (AU),,player_disposals_over,Edward Allan,Over,3.6,18.5,20260530_093320
5e06aeff84a466044adc1db2aae029cb,Western Bulldogs,Collingwood Magpies,2026-05-30T09:35:58Z,pointsbetau,PointsBet (AU),,player_disposals_over,Edward Allan,Over,4.2,19.5,20260530_093320
5e06aeff84a466044adc1db2aae029cb,Western Bulldogs,Collingwood Magpies,2026-05-30T09:35:58Z,pointsbetau,PointsBet (AU),,player_disposals_over,Edward Allan,Over,5.0,20.5,20260530_093320
5e06aeff84a466044adc1db2aae029cb,Western Bulldogs,Collingwood Magpies,2026-05-30T09:35:58Z,pointsbetau,PointsBet (AU),,player_disposals_over,Edward Allan,Over,6.0,21.5,20260530_093320
5e06aeff84a466044adc1db2aae029cb,Western Bulldogs,Collingwood Magpies,2026-05-30T09:35:58Z,pointsbetau,PointsBet (AU),,player_disposals_over,Edward Allan,Over,8.0,22.5,20260530_093320
5e06aeff84a466044adc1db2aae029cb,Western Bulldogs,Collingwood Magpies,2026-05-30T09:35:58Z,pointsbetau,PointsBet (AU),,player_disposals_over,Edward Allan,Over,10.0,23.5,20260530_093320
5e06aeff84a466044adc1db2aae029cb,Western Bulldogs,Collingwood Magpies,2026-05-30T09:35:58Z,pointsbetau,PointsBet (AU),,player_disposals_over,Edward Allan,Over,11.0,24.5,20260530_093320
5e06aeff84a466044adc1db2aae029cb,Western Bulldogs,Collingwood Magpies,2026-05-30T09:35:58Z,pointsbetau,PointsBet (AU),,player_disposals_over,Edward Allan,Over,15.0,25.5,20260530_093320
5e06aeff84a466044adc1db2aae029cb,Western Bulldogs,Collingwood Magpies,2026-05-30T09:35:58Z,pointsbetau,PointsBet (AU),,player_disposals_over,Edward Allan,Over,17.0,26.5,20260530_093320
5e06aeff84a466044adc1db2aae029cb,Western Bulldogs,Collingwood Magpies,2026-05-30T09:35:58Z,pointsbetau,PointsBet (AU),,player_disposals_over,Nick Daicos,Over,1.04,22.5,20260530_093320
5e06aeff84a466044adc1db2aae029cb,Western Bulldogs,Collingwood Magpies,2026-05-30T09:35:58Z,pointsbetau,PointsBet (AU),,player_disposals_over,Nick Daicos,Over,1.06,23.5,20260530_093320
5e06aeff84a466044adc1db2aae029cb,Western Bulldogs,Collingwood Magpies,2026-05-30T09:35:58Z,pointsbetau,PointsBet (AU),,player_disposals_over,Nick Daicos,Over,1.09,24.5,20260530_093320
5e06aeff84a466044adc1db2aae029cb,Western Bulldogs,Collingwood Magpies,2026-05-30T09:35:58Z,pointsbetau,PointsBet (AU),,player_disposals_over,Nick Daicos,Over,1.13,25.5,20260530_093320
5e06aeff84a466044adc1db2aae029cb,Western Bulldogs,Collingwood Magpies,2026-05-30T09:35:58Z,pointsbetau,PointsBet (AU),,player_disposals_over,Nick Daicos,Over,1.16,26.5,20260530_093320
5e06aeff84a466044adc1db2aae029cb,Western Bulldogs,Collingwood Magpies,2026-05-30T09:35:58Z,pointsbetau,PointsBet (AU),,player_disposals_over,Nick Daicos,Over,1.24,27.5,20260530_093320
5e06aeff84a466044adc1db2aae029cb,Western Bulldogs,Collingwood Magpies,2026-05-30T09:35:58Z,pointsbetau,PointsBet (AU),,player_disposals_over,Nick Daicos,Over,1.31,28.5,20260530_093320
5e06aeff84a466044adc1db2aae029cb,Western Bulldogs,Collingwood Magpies,2026-05-30T09:35:58Z,pointsbetau,PointsBet (AU),,player_disposals_over,Nick Daicos,Over,1.4,29.5,20260530_093320
5e06aeff84a466044adc1db2aae029cb,Western Bulldogs,Collingwood Magpies,2026-05-30T09:35:58Z,pointsbetau,PointsBet (AU),,player_disposals_over,Nick Daicos,Over,1.53,30.5,20260530_093320
5e06aeff84a466044adc1db2aae029cb,Western Bulldogs,Collingwood Magpies,2026-05-30T09:35:58Z,pointsbetau,PointsBet (AU),,player_disposals_over,Nick Daicos,Over,1.67,31.5,20260530_093320
5e06aeff84a466044adc1db2aae029cb,Western Bulldogs,Collingwood Magpies,2026-05-30T09:35:58Z,pointsbetau,PointsBet (AU),,player_disposals_over,Nick Daicos,Over,1.83,32.5,20260530_093320
5e06aeff84a466044adc1db2aae029cb,Western Bulldogs,Collingwood Magpies,2026-05-30T09:35:58Z,pointsbetau,PointsBet (AU),,player_disposals_over,Nick Daicos,Over,2.05,33.5,20260530_093320
5e06aeff84a466044adc1db2aae029cb,Western Bulldogs,Collingwood Magpies,2026-05-30T09:35:58Z,pointsbetau,PointsBet (AU),,player_disposals_over,Nick Daicos,Over,2.35,34.5,20260530_093320
5e06aeff84a466044adc1db2aae029cb,Western Bulldogs,Collingwood Magpies,2026-05-30T09:35:58Z,pointsbetau,PointsBet (AU),,player_disposals_over,Nick Daicos,Over,2.6,35.5,20260530_093320
5e06aeff84a466044adc1db2aae029cb,Western Bulldogs,Collingwood Magpies,2026-05-30T09:35:58Z,pointsbetau,PointsBet (AU),,player_disposals_over,Nick Daicos,Over,2.9,36.5,20260530_093320
5e06aeff84a466044adc1db2aae029cb,Western Bulldogs,Collingwood Magpies,2026-05-30T09:35:58Z,pointsbetau,PointsBet (AU),,player_disposals_over,Nick Daicos,Over,3.4,37.5,20260530_093320
5e06aeff84a466044adc1db2aae029cb,Western Bulldogs,Collingwood Magpies,2026-05-30T09:35:58Z,pointsbetau,PointsBet (AU),,player_disposals_over,Nick Daicos,Over,4.0,38.5,20260530_093320
5e06aeff84a466044adc1db2aae029cb,Western Bulldogs,Collingwood Magpies,2026-05-30T09:35:58Z,pointsbetau,PointsBet (AU),,player_disposals_over,Nick Daicos,Over,4.5,39.5,20260530_093320
5e06aeff84a466044adc1db2aae029cb,Western Bulldogs,Collingwood Magpies,2026-05-30T09:35:58Z,pointsbetau,PointsBet (AU),,player_disposals_over,Scott Pendlebury,Over,1.04,15.5,20260530_093320
5e06aeff84a466044adc1db2aae029cb,Western Bulldogs,Collingwood Magpies,2026-05-30T09:35:58Z,pointsbetau,PointsBet (AU),,player_disposals_over,Scott Pendlebury,Over,1.07,16.5,20260530_093320
5e06aeff84a466044adc1db2aae029cb,Western Bulldogs,Collingwood Magpies,2026-05-30T09:35:58Z,pointsbetau,PointsBet (AU),,player_disposals_over,Scott Pendlebury,Over,1.11,17.5,20260530_093320
5e06aeff84a466044adc1db2aae029cb,Western Bulldogs,Collingwood Magpies,2026-05-30T09:35:58Z,pointsbetau,PointsBet (AU),,player_disposals_over,Scott Pendlebury,Over,1.16,18.5,20260530_093320
5e06aeff84a466044adc1db2aae029cb,Western Bulldogs,Collingwood Magpies,2026-05-30T09:35:58Z,pointsbetau,PointsBet (AU),,player_disposals_over,Scott Pendlebury,Over,1.24,19.5,20260530_093320
5e06aeff84a466044adc1db2aae029cb,Western Bulldogs,Collingwood Magpies,2026-05-30T09:35:58Z,pointsbetau,PointsBet (AU),,player_disposals_over,Scott Pendlebury,Over,1.33,20.5,20260530_093320
5e06aeff84a466044adc1db2aae029cb,Western Bulldogs,Collingwood Magpies,2026-05-30T09:35:58Z,pointsbetau,PointsBet (AU),,player_disposals_over,Scott Pendlebury,Over,1.48,21.5,20260530_093320
5e06aeff84a466044adc1db2aae029cb,Western Bulldogs,Collingwood Magpies,2026-05-30T09:35:58Z,pointsbetau,PointsBet (AU),,player_disposals_over,Scott Pendlebury,Over,1.65,22.5,20260530_093320
5e06aeff84a466044adc1db2aae029cb,Western Bulldogs,Collingwood Magpies,2026-05-30T09:35:58Z,pointsbetau,PointsBet (AU),,player_disposals_over,Scott Pendlebury,Over,1.83,23.5,20260530_093320
5e06aeff84a466044adc1db2aae029cb,Western Bulldogs,Collingwood Magpies,2026-05-30T09:35:58Z,pointsbetau,PointsBet (AU),,player_disposals_over,Scott Pendlebury,Over,2.1,24.5,20260530_093320
5e06aeff84a466044adc1db2aae029cb,Western Bulldogs,Collingwood Magpies,2026-05-30T09:35:58Z,pointsbetau,PointsBet (AU),,player_disposals_over,Scott Pendlebury,Over,2.4,25.5,20260530_093320
5e06aeff84a466044adc1db2aae029cb,Western Bulldogs,Collingwood Magpies,2026-05-30T09:35:58Z,pointsbetau,PointsBet (AU),,player_disposals_over,Scott Pendlebury,Over,2.7,26.5,20260530_093320
5e06aeff84a466044adc1db2aae029cb,Western Bulldogs,Collingwood Magpies,2026-05-30T09:35:58Z,pointsbetau,PointsBet (AU),,player_disposals_over,Scott Pendlebury,Over,3.25,27.5,20260530_093320
5e06aeff84a466044adc1db2aae029cb,Western Bulldogs,Collingwood Magpies,2026-05-30T09:35:58Z,pointsbetau,PointsBet (AU),,player_disposals_over,Scott Pendlebury,Over,3.7,28.5,20260530_093320
5e06aeff84a466044adc1db2aae029cb,Western Bulldogs,Collingwood Magpies,2026-05-30T09:35:58Z,pointsbetau,PointsBet (AU),,player_disposals_over,Scott Pendlebury,Over,4.4,29.5,20260530_093320
5e06aeff84a466044adc1db2aae029cb,Western Bulldogs,Collingwood Magpies,2026-05-30T09:35:58Z,pointsbetau,PointsBet (AU),,player_disposals_over,Scott Pendlebury,Over,5.0,30.5,20260530_093320
5e06aeff84a466044adc1db2aae029cb,Western Bulldogs,Collingwood Magpies,2026-05-30T09:35:58Z,pointsbetau,PointsBet (AU),,player_disposals_over,Scott Pendlebury,Over,6.0,31.5,20260530_093320
5e06aeff84a466044adc1db2aae029cb,Western Bulldogs,Collingwood Magpies,2026-05-30T09:35:58Z,pointsbetau,PointsBet (AU),,player_disposals_over,Scott Pendlebury,Over,7.5,32.5,20260530_093320
5e06aeff84a466044adc1db2aae029cb,Western Bulldogs,Collingwood Magpies,2026-05-30T09:35:58Z,pointsbetau,PointsBet (AU),,player_disposals_over,Scott Pendlebury,Over,9.5,33.5,20260530_093320
5e06aeff84a466044adc1db2aae029cb,Western Bulldogs,Collingwood Magpies,2026-05-30T09:35:58Z,pointsbetau,PointsBet (AU),,player_disposals_over,Scott Pendlebury,Over,10.5,34.5,20260530_093320
5e06aeff84a466044adc1db2aae029cb,Western Bulldogs,Collingwood Magpies,2026-05-30T09:35:58Z,pointsbetau,PointsBet (AU),,player_disposals_over,Scott Pendlebury,Over,12.0,35.5,20260530_093320
5e06aeff84a466044adc1db2aae029cb,Western Bulldogs,Collingwood Magpies,2026-05-30T09:35:58Z,pointsbetau,PointsBet (AU),,player_disposals_over,Scott Pendlebury,Over,16.0,36.5,20260530_093320
5e06aeff84a466044adc1db2aae029cb,Western Bulldogs,Collingwood Magpies,2026-05-30T09:35:58Z,pointsbetau,PointsBet (AU),,player_disposals_over,Scott Pendlebury,Over,19.0,37.5,20260530_093320
5e06aeff84a466044adc1db2aae029cb,Western Bulldogs,Collingwood Magpies,2026-05-30T09:35:58Z,pointsbetau,PointsBet (AU),,player_disposals_over,Steele Sidebottom,Over,1.04,10.5,20260530_093320
5e06aeff84a466044adc1db2aae029cb,Western Bulldogs,Collingwood Magpies,2026-05-30T09:35:58Z,pointsbetau,PointsBet (AU),,player_disposals_over,Steele Sidebottom,Over,1.09,11.5,20260530_093320
5e06aeff84a466044adc1db2aae029cb,Western Bulldogs,Collingwood Magpies,2026-05-30T09:35:58Z,pointsbetau,PointsBet (AU),,player_disposals_over,Steele Sidebottom,Over,1.16,12.5,20260530_093320
5e06aeff84a466044adc1db2aae029cb,Western Bulldogs,Collingwood Magpies,2026-05-30T09:35:58Z,pointsbetau,PointsBet (AU),,player_disposals_over,Steele Sidebottom,Over,1.27,13.5,20260530_093320
5e06aeff84a466044adc1db2aae029cb,Western Bulldogs,Collingwood Magpies,2026-05-30T09:35:58Z,pointsbetau,PointsBet (AU),,player_disposals_over,Steele Sidebottom,Over,1.42,14.5,20260530_093320
5e06aeff84a466044adc1db2aae029cb,Western Bulldogs,Collingwood Magpies,2026-05-30T09:35:58Z,pointsbetau,PointsBet (AU),,player_disposals_over,Steele Sidebottom,Over,1.63,15.5,20260530_093320
5e06aeff84a466044adc1db2aae029cb,Western Bulldogs,Collingwood Magpies,2026-05-30T09:35:58Z,pointsbetau,PointsBet (AU),,player_disposals_over,Steele Sidebottom,Over,1.83,16.5,20260530_093320
5e06aeff84a466044adc1db2aae029cb,Western Bulldogs,Collingwood Magpies,2026-05-30T09:35:58Z,pointsbetau,PointsBet (AU),,player_disposals_over,Steele Sidebottom,Over,2.15,17.5,20260530_093320
5e06aeff84a466044adc1db2aae029cb,Western Bulldogs,Collingwood Magpies,2026-05-30T09:35:58Z,pointsbetau,PointsBet (AU),,player_disposals_over,Steele Sidebottom,Over,2.5,18.5,20260530_093320
5e06aeff84a466044adc1db2aae029cb,Western Bulldogs,Collingwood Magpies,2026-05-30T09:35:58Z,pointsbetau,PointsBet (AU),,player_disposals_over,Steele Sidebottom,Over,2.85,19.5,20260530_093320
5e06aeff84a466044adc1db2aae029cb,Western Bulldogs,Collingwood Magpies,2026-05-30T09:35:58Z,pointsbetau,PointsBet (AU),,player_disposals_over,Steele Sidebottom,Over,3.4,20.5,20260530_093320
5e06aeff84a466044adc1db2aae029cb,Western Bulldogs,Collingwood Magpies,2026-05-30T09:35:58Z,pointsbetau,PointsBet (AU),,player_disposals_over,Steele Sidebottom,Over,4.2,21.5,20260530_093320
5e06aeff84a466044adc1db2aae029cb,Western Bulldogs,Collingwood Magpies,2026-05-30T09:35:58Z,pointsbetau,PointsBet (AU),,player_disposals_over,Steele Sidebottom,Over,4.75,22.5,20260530_093320
5e06aeff84a466044adc1db2aae029cb,Western Bulldogs,Collingwood Magpies,2026-05-30T09:35:58Z,pointsbetau,PointsBet (AU),,player_disposals_over,Steele Sidebottom,Over,5.75,23.5,20260530_093320
5e06aeff84a466044adc1db2aae029cb,Western Bulldogs,Collingwood Magpies,2026-05-30T09:35:58Z,pointsbetau,PointsBet (AU),,player_disposals_over,Steele Sidebottom,Over,7.0,24.5,20260530_093320
5e06aeff84a466044adc1db2aae029cb,Western Bulldogs,Collingwood Magpies,2026-05-30T09:35:58Z,pointsbetau,PointsBet (AU),,player_disposals_over,Steele Sidebottom,Over,9.0,25.5,20260530_093320
5e06aeff84a466044adc1db2aae029cb,Western Bulldogs,Collingwood Magpies,2026-05-30T09:35:58Z,pointsbetau,PointsBet (AU),,player_disposals_over,Steele Sidebottom,Over,10.5,26.5,20260530_093320
5e06aeff84a466044adc1db2aae029cb,Western Bulldogs,Collingwood Magpies,2026-05-30T09:35:58Z,pointsbetau,PointsBet (AU),,player_disposals_over,Steele Sidebottom,Over,12.0,27.5,20260530_093320
5e06aeff84a466044adc1db2aae029cb,Western Bulldogs,Collingwood Magpies,2026-05-30T09:35:58Z,pointsbetau,PointsBet (AU),,player_disposals_over,Steele Sidebottom,Over,16.0,28.5,20260530_093320
5e06aeff84a466044adc1db2aae029cb,Western Bulldogs,Collingwood Magpies,2026-05-30T09:35:58Z,pointsbetau,PointsBet (AU),,player_disposals_over,Steele Sidebottom,Over,19.0,29.5,20260530_093320
5e06aeff84a466044adc1db2aae029cb,Western Bulldogs,Collingwood Magpies,2026-05-30T09:35:58Z,pointsbetau,PointsBet (AU),,player_disposals_over,Jeremy Howe,Over,1.05,11.5,20260530_093320
5e06aeff84a466044adc1db2aae029cb,Western Bulldogs,Collingwood Magpies,2026-05-30T09:35:58Z,pointsbetau,PointsBet (AU),,player_disposals_over,Jeremy Howe,Over,1.09,12.5,20260530_093320
5e06aeff84a466044adc1db2aae029cb,Western Bulldogs,Collingwood Magpies,2026-05-30T09:35:58Z,pointsbetau,PointsBet (AU),,player_disposals_over,Jeremy Howe,Over,1.16,13.5,20260530_093320
5e06aeff84a466044adc1db2aae029cb,Western Bulldogs,Collingwood Magpies,2026-05-30T09:35:58Z,pointsbetau,PointsBet (AU),,player_disposals_over,Jeremy Howe,Over,1.27,14.5,20260530_093320
5e06aeff84a466044adc1db2aae029cb,Western Bulldogs,Collingwood Magpies,2026-05-30T09:35:58Z,pointsbetau,PointsBet (AU),,player_disposals_over,Jeremy Howe,Over,1.4,15.5,20260530_093320
5e06aeff84a466044adc1db2aae029cb,Western Bulldogs,Collingwood Magpies,2026-05-30T09:35:58Z,pointsbetau,PointsBet (AU),,player_disposals_over,Jeremy Howe,Over,1.63,16.5,20260530_093320
5e06aeff84a466044adc1db2aae029cb,Western Bulldogs,Collingwood Magpies,2026-05-30T09:35:58Z,pointsbetau,PointsBet (AU),,player_disposals_over,Jeremy Howe,Over,1.83,17.5,20260530_093320
5e06aeff84a466044adc1db2aae029cb,Western Bulldogs,Collingwood Magpies,2026-05-30T09:35:58Z,pointsbetau,PointsBet (AU),,player_disposals_over,Jeremy Howe,Over,2.15,18.5,20260530_093320
5e06aeff84a466044adc1db2aae029cb,Western Bulldogs,Collingwood Magpies,2026-05-30T09:35:58Z,pointsbetau,PointsBet (AU),,player_disposals_over,Jeremy Howe,Over,2.5,19.5,20260530_093320
5e06aeff84a466044adc1db2aae029cb,Western Bulldogs,Collingwood Magpies,2026-05-30T09:35:58Z,pointsbetau,PointsBet (AU),,player_disposals_over,Jeremy Howe,Over,2.85,20.5,20260530_093320
5e06aeff84a466044adc1db2aae029cb,Western Bulldogs,Collingwood Magpies,2026-05-30T09:35:58Z,pointsbetau,PointsBet (AU),,player_disposals_over,Jeremy Howe,Over,3.4,21.5,20260530_093320
5e06aeff84a466044adc1db2aae029cb,Western Bulldogs,Collingwood Magpies,2026-05-30T09:35:58Z,pointsbetau,PointsBet (AU),,player_disposals_over,Jeremy Howe,Over,4.0,22.5,20260530_093320
5e06aeff84a466044adc1db2aae029cb,Western Bulldogs,Collingwood Magpies,2026-05-30T09:35:58Z,pointsbetau,PointsBet (AU),,player_disposals_over,Jeremy Howe,Over,4.75,23.5,20260530_093320
5e06aeff84a466044adc1db2aae029cb,Western Bulldogs,Collingwood Magpies,2026-05-30T09:35:58Z,pointsbetau,PointsBet (AU),,player_disposals_over,Jeremy Howe,Over,5.75,24.5,20260530_093320
5e06aeff84a466044adc1db2aae029cb,Western Bulldogs,Collingwood Magpies,2026-05-30T09:35:58Z,pointsbetau,PointsBet (AU),,player_disposals_over,Jeremy Howe,Over,7.0,25.5,20260530_093320
5e06aeff84a466044adc1db2aae029cb,Western Bulldogs,Collingwood Magpies,2026-05-30T09:35:58Z,pointsbetau,PointsBet (AU),,player_disposals_over,Jeremy Howe,Over,9.0,26.5,20260530_093320
5e06aeff84a466044adc1db2aae029cb,Western Bulldogs,Collingwood Magpies,2026-05-30T09:35:58Z,pointsbetau,PointsBet (AU),,player_disposals_over,Jeremy Howe,Over,10.5,27.5,20260530_093320
5e06aeff84a466044adc1db2aae029cb,Western Bulldogs,Collingwood Magpies,2026-05-30T09:35:58Z,pointsbetau,PointsBet (AU),,player_disposals_over,Jeremy Howe,Over,12.0,28.5,20260530_093320
5e06aeff84a466044adc1db2aae029cb,Western Bulldogs,Collingwood Magpies,2026-05-30T09:35:58Z,pointsbetau,PointsBet (AU),,player_disposals_over,Jeremy Howe,Over,16.0,29.5,20260530_093320
5e06aeff84a466044adc1db2aae029cb,Western Bulldogs,Collingwood Magpies,2026-05-30T09:35:58Z,pointsbetau,PointsBet (AU),,player_disposals_over,Jeremy Howe,Over,20.0,30.5,20260530_093320
5e06aeff84a466044adc1db2aae029cb,Western Bulldogs,Collingwood Magpies,2026-05-30T09:35:58Z,pointsbetau,PointsBet (AU),,player_disposals_over,Jack Crisp,Over,1.07,16.5,20260530_093320
5e06aeff84a466044adc1db2aae029cb,Western Bulldogs,Collingwood Magpies,2026-05-30T09:35:58Z,pointsbetau,PointsBet (AU),,player_disposals_over,Jack Crisp,Over,1.1,17.5,20260530_093320
5e06aeff84a466044adc1db2aae029cb,Western Bulldogs,Collingwood Magpies,2026-05-30T09:35:58Z,pointsbetau,PointsBet (AU),,player_disposals_over,Jack Crisp,Over,1.16,18.5,20260530_093320
5e06aeff84a466044adc1db2aae029cb,Western Bulldogs,Collingwood Magpies,2026-05-30T09:35:58Z,pointsbetau,PointsBet (AU),,player_disposals_over,Jack Crisp,Over,1.24,19.5,20260530_093320
5e06aeff84a466044adc1db2aae029cb,Western Bulldogs,Collingwood Magpies,2026-05-30T09:35:58Z,pointsbetau,PointsBet (AU),,player_disposals_over,Jack Crisp,Over,1.33,20.5,20260530_093320
5e06aeff84a466044adc1db2aae029cb,Western Bulldogs,Collingwood Magpies,2026-05-30T09:35:58Z,pointsbetau,PointsBet (AU),,player_disposals_over,Jack Crisp,Over,1.48,21.5,20260530_093320
5e06aeff84a466044adc1db2aae029cb,Western Bulldogs,Collingwood Magpies,2026-05-30T09:35:58Z,pointsbetau,PointsBet (AU),,player_disposals_over,Jack Crisp,Over,1.63,22.5,20260530_093320
5e06aeff84a466044adc1db2aae029cb,Western Bulldogs,Collingwood Magpies,2026-05-30T09:35:58Z,pointsbetau,PointsBet (AU),,player_disposals_over,Jack Crisp,Over,1.83,23.5,20260530_093320
5e06aeff84a466044adc1db2aae029cb,Western Bulldogs,Collingwood Magpies,2026-05-30T09:35:58Z,pointsbetau,PointsBet (AU),,player_disposals_over,Jack Crisp,Over,2.1,24.5,20260530_093320
5e06aeff84a466044adc1db2aae029cb,Western Bulldogs,Collingwood Magpies,2026-05-30T09:35:58Z,pointsbetau,PointsBet (AU),,player_disposals_over,Jack Crisp,Over,2.4,25.5,20260530_093320
5e06aeff84a466044adc1db2aae029cb,Western Bulldogs,Collingwood Magpies,2026-05-30T09:35:58Z,pointsbetau,PointsBet (AU),,player_disposals_over,Jack Crisp,Over,2.7,26.5,20260530_093320
5e06aeff84a466044adc1db2aae029cb,Western Bulldogs,Collingwood Magpies,2026-05-30T09:35:58Z,pointsbetau,PointsBet (AU),,player_disposals_over,Jack Crisp,Over,3.25,27.5,20260530_093320
5e06aeff84a466044adc1db2aae029cb,Western Bulldogs,Collingwood Magpies,2026-05-30T09:35:58Z,pointsbetau,PointsBet (AU),,player_disposals_over,Jack Crisp,Over,3.7,28.5,20260530_093320
5e06aeff84a466044adc1db2aae029cb,Western Bulldogs,Collingwood Magpies,2026-05-30T09:35:58Z,pointsbetau,PointsBet (AU),,player_disposals_over,Jack Crisp,Over,4.4,29.5,20260530_093320
5e06aeff84a466044adc1db2aae029cb,Western Bulldogs,Collingwood Magpies,2026-05-30T09:35:58Z,pointsbetau,PointsBet (AU),,player_disposals_over,Jack Crisp,Over,5.0,30.5,20260530_093320
5e06aeff84a466044adc1db2aae029cb,Western Bulldogs,Collingwood Magpies,2026-05-30T09:35:58Z,pointsbetau,PointsBet (AU),,player_disposals_over,Jack Crisp,Over,5.75,31.5,20260530_093320
5e06aeff84a466044adc1db2aae029cb,Western Bulldogs,Collingwood Magpies,2026-05-30T09:35:58Z,pointsbetau,PointsBet (AU),,player_disposals_over,Jack Crisp,Over,7.0,32.5,20260530_093320
5e06aeff84a466044adc1db2aae029cb,Western Bulldogs,Collingwood Magpies,2026-05-30T09:35:58Z,pointsbetau,PointsBet (AU),,player_disposals_over,Jack Crisp,Over,9.0,33.5,20260530_093320
5e06aeff84a466044adc1db2aae029cb,Western Bulldogs,Collingwood Magpies,2026-05-30T09:35:58Z,pointsbetau,PointsBet (AU),,player_disposals_over,Jack Crisp,Over,10.0,34.5,20260530_093320
5e06aeff84a466044adc1db2aae029cb,Western Bulldogs,Collingwood Magpies,2026-05-30T09:35:58Z,pointsbetau,PointsBet (AU),,player_disposals_over,Jack Crisp,Over,12.0,35.5,20260530_093320
5e06aeff84a466044adc1db2aae029cb,Western Bulldogs,Collingwood Magpies,2026-05-30T09:35:58Z,pointsbetau,PointsBet (AU),,player_disposals_over,Jack Crisp,Over,15.0,36.5,20260530_093320
5e06aeff84a466044adc1db2aae029cb,Western Bulldogs,Collingwood Magpies,2026-05-30T09:35:58Z,pointsbetau,PointsBet (AU),,player_disposals_over,Jack Crisp,Over,19.0,37.5,20260530_093320
5e06aeff84a466044adc1db2aae029cb,Western Bulldogs,Collingwood Magpies,2026-05-30T09:35:58Z,pointsbetau,PointsBet (AU),,player_disposals_over,Daniel McStay,Over,1.53,9.5,20260530_093320
5e06aeff84a466044adc1db2aae029cb,Western Bulldogs,Collingwood Magpies,2026-05-30T09:35:58Z,pointsbetau,PointsBet (AU),,player_disposals_over,Daniel McStay,Over,1.77,10.5,20260530_093320
5e06aeff84a466044adc1db2aae029cb,Western Bulldogs,Collingwood Magpies,2026-05-30T09:35:58Z,pointsbetau,PointsBet (AU),,player_disposals_over,Daniel McStay,Over,2.2,11.5,20260530_093320
5e06aeff84a466044adc1db2aae029cb,Western Bulldogs,Collingwood Magpies,2026-05-30T09:35:58Z,pointsbetau,PointsBet (AU),,player_disposals_over,Daniel McStay,Over,2.6,12.5,20260530_093320
5e06aeff84a466044adc1db2aae029cb,Western Bulldogs,Collingwood Magpies,2026-05-30T09:35:58Z,pointsbetau,PointsBet (AU),,player_disposals_over,Daniel McStay,Over,3.25,13.5,20260530_093320
5e06aeff84a466044adc1db2aae029cb,Western Bulldogs,Collingwood Magpies,2026-05-30T09:35:58Z,pointsbetau,PointsBet (AU),,player_disposals_over,Daniel McStay,Over,4.0,14.5,20260530_093320
5e06aeff84a466044adc1db2aae029cb,Western Bulldogs,Collingwood Magpies,2026-05-30T09:35:58Z,pointsbetau,PointsBet (AU),,player_disposals_over,Daniel McStay,Over,5.0,15.5,20260530_093320
5e06aeff84a466044adc1db2aae029cb,Western Bulldogs,Collingwood Magpies,2026-05-30T09:35:58Z,pointsbetau,PointsBet (AU),,player_disposals_over,Daniel McStay,Over,6.0,16.5,20260530_093320
5e06aeff84a466044adc1db2aae029cb,Western Bulldogs,Collingwood Magpies,2026-05-30T09:35:58Z,pointsbetau,PointsBet (AU),,player_disposals_over,Daniel McStay,Over,8.5,17.5,20260530_093320
5e06aeff84a466044adc1db2aae029cb,Western Bulldogs,Collingwood Magpies,2026-05-30T09:35:58Z,pointsbetau,PointsBet (AU),,player_disposals_over,Daniel McStay,Over,10.5,18.5,20260530_093320
5e06aeff84a466044adc1db2aae029cb,Western Bulldogs,Collingwood Magpies,2026-05-30T09:35:58Z,pointsbetau,PointsBet (AU),,player_disposals_over,Daniel McStay,Over,13.0,19.5,20260530_093320
5e06aeff84a466044adc1db2aae029cb,Western Bulldogs,Collingwood Magpies,2026-05-30T09:35:58Z,pointsbetau,PointsBet (AU),,player_disposals_over,Daniel McStay,Over,17.0,20.5,20260530_093320
5e06aeff84a466044adc1db2aae029cb,Western Bulldogs,Collingwood Magpies,2026-05-30T09:35:58Z,pointsbetau,PointsBet (AU),,player_disposals_over,Darcy Cameron,Over,1.06,12.5,20260530_093320
5e06aeff84a466044adc1db2aae029cb,Western Bulldogs,Collingwood Magpies,2026-05-30T09:35:58Z,pointsbetau,PointsBet (AU),,player_disposals_over,Darcy Cameron,Over,1.11,13.5,20260530_093320
5e06aeff84a466044adc1db2aae029cb,Western Bulldogs,Collingwood Magpies,2026-05-30T09:35:58Z,pointsbetau,PointsBet (AU),,player_disposals_over,Darcy Cameron,Over,1.19,14.5,20260530_093320
5e06aeff84a466044adc1db2aae029cb,Western Bulldogs,Collingwood Magpies,2026-05-30T09:35:58Z,pointsbetau,PointsBet (AU),,player_disposals_over,Darcy Cameron,Over,1.29,15.5,20260530_093320
5e06aeff84a466044adc1db2aae029cb,Western Bulldogs,Collingwood Magpies,2026-05-30T09:35:58Z,pointsbetau,PointsBet (AU),,player_disposals_over,Darcy Cameron,Over,1.42,16.5,20260530_093320
5e06aeff84a466044adc1db2aae029cb,Western Bulldogs,Collingwood Magpies,2026-05-30T09:35:58Z,pointsbetau,PointsBet (AU),,player_disposals_over,Darcy Cameron,Over,1.63,17.5,20260530_093320
5e06aeff84a466044adc1db2aae029cb,Western Bulldogs,Collingwood Magpies,2026-05-30T09:35:58Z,pointsbetau,PointsBet (AU),,player_disposals_over,Darcy Cameron,Over,1.8,18.5,20260530_093320
5e06aeff84a466044adc1db2aae029cb,Western Bulldogs,Collingwood Magpies,2026-05-30T09:35:58Z,pointsbetau,PointsBet (AU),,player_disposals_over,Darcy Cameron,Over,2.1,19.5,20260530_093320
5e06aeff84a466044adc1db2aae029cb,Western Bulldogs,Collingwood Magpies,2026-05-30T09:35:58Z,pointsbetau,PointsBet (AU),,player_disposals_over,Darcy Cameron,Over,2.4,20.5,20260530_093320
5e06aeff84a466044adc1db2aae029cb,Western Bulldogs,Collingwood Magpies,2026-05-30T09:35:58Z,pointsbetau,PointsBet (AU),,player_disposals_over,Darcy Cameron,Over,2.75,21.5,20260530_093320
5e06aeff84a466044adc1db2aae029cb,Western Bulldogs,Collingwood Magpies,2026-05-30T09:35:58Z,pointsbetau,PointsBet (AU),,player_disposals_over,Darcy Cameron,Over,3.3,22.5,20260530_093320
5e06aeff84a466044adc1db2aae029cb,Western Bulldogs,Collingwood Magpies,2026-05-30T09:35:58Z,pointsbetau,PointsBet (AU),,player_disposals_over,Darcy Cameron,Over,3.9,23.5,20260530_093320
5e06aeff84a466044adc1db2aae029cb,Western Bulldogs,Collingwood Magpies,2026-05-30T09:35:58Z,pointsbetau,PointsBet (AU),,player_disposals_over,Darcy Cameron,Over,4.5,24.5,20260530_093320
5e06aeff84a466044adc1db2aae029cb,Western Bulldogs,Collingwood Magpies,2026-05-30T09:35:58Z,pointsbetau,PointsBet (AU),,player_disposals_over,Darcy Cameron,Over,5.75,25.5,20260530_093320
5e06aeff84a466044adc1db2aae029cb,Western Bulldogs,Collingwood Magpies,2026-05-30T09:35:58Z,pointsbetau,PointsBet (AU),,player_disposals_over,Darcy Cameron,Over,6.5,26.5,20260530_093320
5e06aeff84a466044adc1db2aae029cb,Western Bulldogs,Collingwood Magpies,2026-05-30T09:35:58Z,pointsbetau,PointsBet (AU),,player_disposals_over,Darcy Cameron,Over,8.5,27.5,20260530_093320
5e06aeff84a466044adc1db2aae029cb,Western Bulldogs,Collingwood Magpies,2026-05-30T09:35:58Z,pointsbetau,PointsBet (AU),,player_disposals_over,Darcy Cameron,Over,10.0,28.5,20260530_093320
5e06aeff84a466044adc1db2aae029cb,Western Bulldogs,Collingwood Magpies,2026-05-30T09:35:58Z,pointsbetau,PointsBet (AU),,player_disposals_over,Darcy Cameron,Over,12.0,29.5,20260530_093320
5e06aeff84a466044adc1db2aae029cb,Western Bulldogs,Collingwood Magpies,2026-05-30T09:35:58Z,pointsbetau,PointsBet (AU),,player_disposals_over,Darcy Cameron,Over,15.0,30.5,20260530_093320
5e06aeff84a466044adc1db2aae029cb,Western Bulldogs,Collingwood Magpies,2026-05-30T09:35:58Z,pointsbetau,PointsBet (AU),,player_disposals_over,Darcy Cameron,Over,19.0,31.5,20260530_093320
5e06aeff84a466044adc1db2aae029cb,Western Bulldogs,Collingwood Magpies,2026-05-30T09:35:58Z,pointsbetau,PointsBet (AU),,player_disposals_over,Billy Frampton,Over,1.21,9.5,20260530_093320
5e06aeff84a466044adc1db2aae029cb,Western Bulldogs,Collingwood Magpies,2026-05-30T09:35:58Z,pointsbetau,PointsBet (AU),,player_disposals_over,Billy Frampton,Over,1.36,10.5,20260530_093320
5e06aeff84a466044adc1db2aae029cb,Western Bulldogs,Collingwood Magpies,2026-05-30T09:35:58Z,pointsbetau,PointsBet (AU),,player_disposals_over,Billy Frampton,Over,1.56,11.5,20260530_093320
5e06aeff84a466044adc1db2aae029cb,Western Bulldogs,Collingwood Magpies,2026-05-30T09:35:58Z,pointsbetau,PointsBet (AU),,player_disposals_over,Billy Frampton,Over,1.83,12.5,20260530_093320
5e06aeff84a466044adc1db2aae029cb,Western Bulldogs,Collingwood Magpies,2026-05-30T09:35:58Z,pointsbetau,PointsBet (AU),,player_disposals_over,Billy Frampton,Over,2.2,13.5,20260530_093320
5e06aeff84a466044adc1db2aae029cb,Western Bulldogs,Collingwood Magpies,2026-05-30T09:35:58Z,pointsbetau,PointsBet (AU),,player_disposals_over,Billy Frampton,Over,2.6,14.5,20260530_093320
5e06aeff84a466044adc1db2aae029cb,Western Bulldogs,Collingwood Magpies,2026-05-30T09:35:58Z,pointsbetau,PointsBet (AU),,player_disposals_over,Billy Frampton,Over,3.1,15.5,20260530_093320
5e06aeff84a466044adc1db2aae029cb,Western Bulldogs,Collingwood Magpies,2026-05-30T09:35:58Z,pointsbetau,PointsBet (AU),,player_disposals_over,Billy Frampton,Over,3.7,16.5,20260530_093320
5e06aeff84a466044adc1db2aae029cb,Western Bulldogs,Collingwood Magpies,2026-05-30T09:35:58Z,pointsbetau,PointsBet (AU),,player_disposals_over,Billy Frampton,Over,4.5,17.5,20260530_093320
5e06aeff84a466044adc1db2aae029cb,Western Bulldogs,Collingwood Magpies,2026-05-30T09:35:58Z,pointsbetau,PointsBet (AU),,player_disposals_over,Billy Frampton,Over,5.75,18.5,20260530_093320
5e06aeff84a466044adc1db2aae029cb,Western Bulldogs,Collingwood Magpies,2026-05-30T09:35:58Z,pointsbetau,PointsBet (AU),,player_disposals_over,Billy Frampton,Over,7.0,19.5,20260530_093320
5e06aeff84a466044adc1db2aae029cb,Western Bulldogs,Collingwood Magpies,2026-05-30T09:35:58Z,pointsbetau,PointsBet (AU),,player_disposals_over,Billy Frampton,Over,9.0,20.5,20260530_093320
5e06aeff84a466044adc1db2aae029cb,Western Bulldogs,Collingwood Magpies,2026-05-30T09:35:58Z,pointsbetau,PointsBet (AU),,player_disposals_over,Billy Frampton,Over,10.5,21.5,20260530_093320
5e06aeff84a466044adc1db2aae029cb,Western Bulldogs,Collingwood Magpies,2026-05-30T09:35:58Z,pointsbetau,PointsBet (AU),,player_disposals_over,Billy Frampton,Over,15.0,22.5,20260530_093320
5e06aeff84a466044adc1db2aae029cb,Western Bulldogs,Collingwood Magpies,2026-05-30T09:35:58Z,pointsbetau,PointsBet (AU),,player_disposals_over,Billy Frampton,Over,17.0,23.5,20260530_093320
5e06aeff84a466044adc1db2aae029cb,Western Bulldogs,Collingwood Magpies,2026-05-30T09:35:58Z,pointsbetau,PointsBet (AU),,player_disposals_over,Brayden Maynard,Over,1.06,12.5,20260530_093320
5e06aeff84a466044adc1db2aae029cb,Western Bulldogs,Collingwood Magpies,2026-05-30T09:35:58Z,pointsbetau,PointsBet (AU),,player_disposals_over,Brayden Maynard,Over,1.1,13.5,20260530_093320
5e06aeff84a466044adc1db2aae029cb,Western Bulldogs,Collingwood Magpies,2026-05-30T09:35:58Z,pointsbetau,PointsBet (AU),,player_disposals_over,Brayden Maynard,Over,1.18,14.5,20260530_093320
5e06aeff84a466044adc1db2aae029cb,Western Bulldogs,Collingwood Magpies,2026-05-30T09:35:58Z,pointsbetau,PointsBet (AU),,player_disposals_over,Brayden Maynard,Over,1.27,15.5,20260530_093320
5e06aeff84a466044adc1db2aae029cb,Western Bulldogs,Collingwood Magpies,2026-05-30T09:35:58Z,pointsbetau,PointsBet (AU),,player_disposals_over,Brayden Maynard,Over,1.42,16.5,20260530_093320
5e06aeff84a466044adc1db2aae029cb,Western Bulldogs,Collingwood Magpies,2026-05-30T09:35:58Z,pointsbetau,PointsBet (AU),,player_disposals_over,Brayden Maynard,Over,1.59,17.5,20260530_093320
5e06aeff84a466044adc1db2aae029cb,Western Bulldogs,Collingwood Magpies,2026-05-30T09:35:58Z,pointsbetau,PointsBet (AU),,player_disposals_over,Brayden Maynard,Over,1.83,18.5,20260530_093320
5e06aeff84a466044adc1db2aae029cb,Western Bulldogs,Collingwood Magpies,2026-05-30T09:35:58Z,pointsbetau,PointsBet (AU),,player_disposals_over,Brayden Maynard,Over,2.15,19.5,20260530_093320
5e06aeff84a466044adc1db2aae029cb,Western Bulldogs,Collingwood Magpies,2026-05-30T09:35:58Z,pointsbetau,PointsBet (AU),,player_disposals_over,Brayden Maynard,Over,2.4,20.5,20260530_093320
5e06aeff84a466044adc1db2aae029cb,Western Bulldogs,Collingwood Magpies,2026-05-30T09:35:58Z,pointsbetau,PointsBet (AU),,player_disposals_over,Brayden Maynard,Over,2.75,21.5,20260530_093320
5e06aeff84a466044adc1db2aae029cb,Western Bulldogs,Collingwood Magpies,2026-05-30T09:35:58Z,pointsbetau,PointsBet (AU),,player_disposals_over,Brayden Maynard,Over,3.4,22.5,20260530_093320
5e06aeff84a466044adc1db2aae029cb,Western Bulldogs,Collingwood Magpies,2026-05-30T09:35:58Z,pointsbetau,PointsBet (AU),,player_disposals_over,Brayden Maynard,Over,4.0,23.5,20260530_093320
5e06aeff84a466044adc1db2aae029cb,Western Bulldogs,Collingwood Magpies,2026-05-30T09:35:58Z,pointsbetau,PointsBet (AU),,player_disposals_over,Brayden Maynard,Over,4.5,24.5,20260530_093320
5e06aeff84a466044adc1db2aae029cb,Western Bulldogs,Collingwood Magpies,2026-05-30T09:35:58Z,pointsbetau,PointsBet (AU),,player_disposals_over,Brayden Maynard,Over,5.25,25.5,20260530_093320
5e06aeff84a466044adc1db2aae029cb,Western Bulldogs,Collingwood Magpies,2026-05-30T09:35:58Z,pointsbetau,PointsBet (AU),,player_disposals_over,Brayden Maynard,Over,6.5,26.5,20260530_093320
5e06aeff84a466044adc1db2aae029cb,Western Bulldogs,Collingwood Magpies,2026-05-30T09:35:58Z,pointsbetau,PointsBet (AU),,player_disposals_over,Brayden Maynard,Over,8.5,27.5,20260530_093320
5e06aeff84a466044adc1db2aae029cb,Western Bulldogs,Collingwood Magpies,2026-05-30T09:35:58Z,pointsbetau,PointsBet (AU),,player_disposals_over,Brayden Maynard,Over,10.0,28.5,20260530_093320
5e06aeff84a466044adc1db2aae029cb,Western Bulldogs,Collingwood Magpies,2026-05-30T09:35:58Z,pointsbetau,PointsBet (AU),,player_disposals_over,Brayden Maynard,Over,12.0,29.5,20260530_093320
5e06aeff84a466044adc1db2aae029cb,Western Bulldogs,Collingwood Magpies,2026-05-30T09:35:58Z,pointsbetau,PointsBet (AU),,player_disposals_over,Brayden Maynard,Over,15.0,30.5,20260530_093320
5e06aeff84a466044adc1db2aae029cb,Western Bulldogs,Collingwood Magpies,2026-05-30T09:35:58Z,pointsbetau,PointsBet (AU),,player_disposals_over,Brayden Maynard,Over,17.0,31.5,20260530_093320
5e06aeff84a466044adc1db2aae029cb,Western Bulldogs,Collingwood Magpies,2026-05-30T09:35:58Z,pointsbetau,PointsBet (AU),,player_disposals_over,Jordan De Goey,Over,1.06,15.5,20260530_093320
5e06aeff84a466044adc1db2aae029cb,Western Bulldogs,Collingwood Magpies,2026-05-30T09:35:58Z,pointsbetau,PointsBet (AU),,player_disposals_over,Jordan De Goey,Over,1.09,16.5,20260530_093320
5e06aeff84a466044adc1db2aae029cb,Western Bulldogs,Collingwood Magpies,2026-05-30T09:35:58Z,pointsbetau,PointsBet (AU),,player_disposals_over,Jordan De Goey,Over,1.16,17.5,20260530_093320
5e06aeff84a466044adc1db2aae029cb,Western Bulldogs,Collingwood Magpies,2026-05-30T09:35:58Z,pointsbetau,PointsBet (AU),,player_disposals_over,Jordan De Goey,Over,1.24,18.5,20260530_093320
5e06aeff84a466044adc1db2aae029cb,Western Bulldogs,Collingwood Magpies,2026-05-30T09:35:58Z,pointsbetau,PointsBet (AU),,player_disposals_over,Jordan De Goey,Over,1.33,19.5,20260530_093320
5e06aeff84a466044adc1db2aae029cb,Western Bulldogs,Collingwood Magpies,2026-05-30T09:35:58Z,pointsbetau,PointsBet (AU),,player_disposals_over,Jordan De Goey,Over,1.48,20.5,20260530_093320
5e06aeff84a466044adc1db2aae029cb,Western Bulldogs,Collingwood Magpies,2026-05-30T09:35:58Z,pointsbetau,PointsBet (AU),,player_disposals_over,Jordan De Goey,Over,1.65,21.5,20260530_093320
5e06aeff84a466044adc1db2aae029cb,Western Bulldogs,Collingwood Magpies,2026-05-30T09:35:58Z,pointsbetau,PointsBet (AU),,player_disposals_over,Jordan De Goey,Over,1.83,22.5,20260530_093320
5e06aeff84a466044adc1db2aae029cb,Western Bulldogs,Collingwood Magpies,2026-05-30T09:35:58Z,pointsbetau,PointsBet (AU),,player_disposals_over,Jordan De Goey,Over,2.15,23.5,20260530_093320
5e06aeff84a466044adc1db2aae029cb,Western Bulldogs,Collingwood Magpies,2026-05-30T09:35:58Z,pointsbetau,PointsBet (AU),,player_disposals_over,Jordan De Goey,Over,2.4,24.5,20260530_093320
5e06aeff84a466044adc1db2aae029cb,Western Bulldogs,Collingwood Magpies,2026-05-30T09:35:58Z,pointsbetau,PointsBet (AU),,player_disposals_over,Jordan De Goey,Over,2.75,25.5,20260530_093320
5e06aeff84a466044adc1db2aae029cb,Western Bulldogs,Collingwood Magpies,2026-05-30T09:35:58Z,pointsbetau,PointsBet (AU),,player_disposals_over,Jordan De Goey,Over,3.25,26.5,20260530_093320
5e06aeff84a466044adc1db2aae029cb,Western Bulldogs,Collingwood Magpies,2026-05-30T09:35:58Z,pointsbetau,PointsBet (AU),,player_disposals_over,Jordan De Goey,Over,3.9,27.5,20260530_093320
5e06aeff84a466044adc1db2aae029cb,Western Bulldogs,Collingwood Magpies,2026-05-30T09:35:58Z,pointsbetau,PointsBet (AU),,player_disposals_over,Jordan De Goey,Over,4.4,28.5,20260530_093320
5e06aeff84a466044adc1db2aae029cb,Western Bulldogs,Collingwood Magpies,2026-05-30T09:35:58Z,pointsbetau,PointsBet (AU),,player_disposals_over,Jordan De Goey,Over,5.25,29.5,20260530_093320
5e06aeff84a466044adc1db2aae029cb,Western Bulldogs,Collingwood Magpies,2026-05-30T09:35:58Z,pointsbetau,PointsBet (AU),,player_disposals_over,Jordan De Goey,Over,6.0,30.5,20260530_093320
5e06aeff84a466044adc1db2aae029cb,Western Bulldogs,Collingwood Magpies,2026-05-30T09:35:58Z,pointsbetau,PointsBet (AU),,player_disposals_over,Jordan De Goey,Over,7.5,31.5,20260530_093320
5e06aeff84a466044adc1db2aae029cb,Western Bulldogs,Collingwood Magpies,2026-05-30T09:35:58Z,pointsbetau,PointsBet (AU),,player_disposals_over,Jordan De Goey,Over,9.5,32.5,20260530_093320
5e06aeff84a466044adc1db2aae029cb,Western Bulldogs,Collingwood Magpies,2026-05-30T09:35:58Z,pointsbetau,PointsBet (AU),,player_disposals_over,Jordan De Goey,Over,10.5,33.5,20260530_093320
5e06aeff84a466044adc1db2aae029cb,Western Bulldogs,Collingwood Magpies,2026-05-30T09:35:58Z,pointsbetau,PointsBet (AU),,player_disposals_over,Jordan De Goey,Over,12.0,34.5,20260530_093320
5e06aeff84a466044adc1db2aae029cb,Western Bulldogs,Collingwood Magpies,2026-05-30T09:35:58Z,pointsbetau,PointsBet (AU),,player_disposals_over,Jordan De Goey,Over,16.0,35.5,20260530_093320
5e06aeff84a466044adc1db2aae029cb,Western Bulldogs,Collingwood Magpies,2026-05-30T09:35:58Z,pointsbetau,PointsBet (AU),,player_disposals_over,Jordan De Goey,Over,19.0,36.5,20260530_093320
5e06aeff84a466044adc1db2aae029cb,Western Bulldogs,Collingwood Magpies,2026-05-30T09:35:58Z,pointsbetau,PointsBet (AU),,player_disposals_over,Dan Houston,Over,1.05,16.5,20260530_093320
5e06aeff84a466044adc1db2aae029cb,Western Bulldogs,Collingwood Magpies,2026-05-30T09:35:58Z,pointsbetau,PointsBet (AU),,player_disposals_over,Dan Houston,Over,1.08,17.5,20260530_093320
5e06aeff84a466044adc1db2aae029cb,Western Bulldogs,Collingwood Magpies,2026-05-30T09:35:58Z,pointsbetau,PointsBet (AU),,player_disposals_over,Dan Houston,Over,1.11,18.5,20260530_093320
5e06aeff84a466044adc1db2aae029cb,Western Bulldogs,Collingwood Magpies,2026-05-30T09:35:58Z,pointsbetau,PointsBet (AU),,player_disposals_over,Dan Houston,Over,1.18,19.5,20260530_093320
5e06aeff84a466044adc1db2aae029cb,Western Bulldogs,Collingwood Magpies,2026-05-30T09:35:58Z,pointsbetau,PointsBet (AU),,player_disposals_over,Dan Houston,Over,1.25,20.5,20260530_093320
5e06aeff84a466044adc1db2aae029cb,Western Bulldogs,Collingwood Magpies,2026-05-30T09:35:58Z,pointsbetau,PointsBet (AU),,player_disposals_over,Dan Houston,Over,1.33,21.5,20260530_093320
5e06aeff84a466044adc1db2aae029cb,Western Bulldogs,Collingwood Magpies,2026-05-30T09:35:58Z,pointsbetau,PointsBet (AU),,player_disposals_over,Dan Houston,Over,1.48,22.5,20260530_093320
5e06aeff84a466044adc1db2aae029cb,Western Bulldogs,Collingwood Magpies,2026-05-30T09:35:58Z,pointsbetau,PointsBet (AU),,player_disposals_over,Dan Houston,Over,1.67,23.5,20260530_093320
5e06aeff84a466044adc1db2aae029cb,Western Bulldogs,Collingwood Magpies,2026-05-30T09:35:58Z,pointsbetau,PointsBet (AU),,player_disposals_over,Dan Houston,Over,1.83,24.5,20260530_093320
5e06aeff84a466044adc1db2aae029cb,Western Bulldogs,Collingwood Magpies,2026-05-30T09:35:58Z,pointsbetau,PointsBet (AU),,player_disposals_over,Dan Houston,Over,2.15,25.5,20260530_093320
5e06aeff84a466044adc1db2aae029cb,Western Bulldogs,Collingwood Magpies,2026-05-30T09:35:58Z,pointsbetau,PointsBet (AU),,player_disposals_over,Dan Houston,Over,2.4,26.5,20260530_093320
5e06aeff84a466044adc1db2aae029cb,Western Bulldogs,Collingwood Magpies,2026-05-30T09:35:58Z,pointsbetau,PointsBet (AU),,player_disposals_over,Dan Houston,Over,2.7,27.5,20260530_093320
5e06aeff84a466044adc1db2aae029cb,Western Bulldogs,Collingwood Magpies,2026-05-30T09:35:58Z,pointsbetau,PointsBet (AU),,player_disposals_over,Dan Houston,Over,3.25,28.5,20260530_093320
5e06aeff84a466044adc1db2aae029cb,Western Bulldogs,Collingwood Magpies,2026-05-30T09:35:58Z,pointsbetau,PointsBet (AU),,player_disposals_over,Dan Houston,Over,3.7,29.5,20260530_093320
5e06aeff84a466044adc1db2aae029cb,Western Bulldogs,Collingwood Magpies,2026-05-30T09:35:58Z,pointsbetau,PointsBet (AU),,player_disposals_over,Dan Houston,Over,4.4,30.5,20260530_093320
5e06aeff84a466044adc1db2aae029cb,Western Bulldogs,Collingwood Magpies,2026-05-30T09:35:58Z,pointsbetau,PointsBet (AU),,player_disposals_over,Dan Houston,Over,5.25,31.5,20260530_093320
5e06aeff84a466044adc1db2aae029cb,Western Bulldogs,Collingwood Magpies,2026-05-30T09:35:58Z,pointsbetau,PointsBet (AU),,player_disposals_over,Dan Houston,Over,6.0,32.5,20260530_093320
5e06aeff84a466044adc1db2aae029cb,Western Bulldogs,Collingwood Magpies,2026-05-30T09:35:58Z,pointsbetau,PointsBet (AU),,player_disposals_over,Dan Houston,Over,7.5,33.5,20260530_093320
5e06aeff84a466044adc1db2aae029cb,Western Bulldogs,Collingwood Magpies,2026-05-30T09:35:58Z,pointsbetau,PointsBet (AU),,player_disposals_over,Dan Houston,Over,9.5,34.5,20260530_093320
5e06aeff84a466044adc1db2aae029cb,Western Bulldogs,Collingwood Magpies,2026-05-30T09:35:58Z,pointsbetau,PointsBet (AU),,player_disposals_over,Dan Houston,Over,10.5,35.5,20260530_093320
5e06aeff84a466044adc1db2aae029cb,Western Bulldogs,Collingwood Magpies,2026-05-30T09:35:58Z,pointsbetau,PointsBet (AU),,player_disposals_over,Dan Houston,Over,12.0,36.5,20260530_093320
5e06aeff84a466044adc1db2aae029cb,Western Bulldogs,Collingwood Magpies,2026-05-30T09:35:58Z,pointsbetau,PointsBet (AU),,player_disposals_over,Dan Houston,Over,16.0,37.5,20260530_093320
5e06aeff84a466044adc1db2aae029cb,Western Bulldogs,Collingwood Magpies,2026-05-30T09:35:58Z,pointsbetau,PointsBet (AU),,player_disposals_over,Dan Houston,Over,17.0,38.5,20260530_093320
5e06aeff84a466044adc1db2aae029cb,Western Bulldogs,Collingwood Magpies,2026-05-30T09:35:58Z,pointsbetau,PointsBet (AU),,player_disposals_over,Roan Steele,Over,1.08,10.5,20260530_093320
5e06aeff84a466044adc1db2aae029cb,Western Bulldogs,Collingwood Magpies,2026-05-30T09:35:58Z,pointsbetau,PointsBet (AU),,player_disposals_over,Roan Steele,Over,1.15,11.5,20260530_093320
5e06aeff84a466044adc1db2aae029cb,Western Bulldogs,Collingwood Magpies,2026-05-30T09:35:58Z,pointsbetau,PointsBet (AU),,player_disposals_over,Roan Steele,Over,1.25,12.5,20260530_093320
5e06aeff84a466044adc1db2aae029cb,Western Bulldogs,Collingwood Magpies,2026-05-30T09:35:58Z,pointsbetau,PointsBet (AU),,player_disposals_over,Roan Steele,Over,1.4,13.5,20260530_093320
5e06aeff84a466044adc1db2aae029cb,Western Bulldogs,Collingwood Magpies,2026-05-30T09:35:58Z,pointsbetau,PointsBet (AU),,player_disposals_over,Roan Steele,Over,1.59,14.5,20260530_093320
5e06aeff84a466044adc1db2aae029cb,Western Bulldogs,Collingwood Magpies,2026-05-30T09:35:58Z,pointsbetau,PointsBet (AU),,player_disposals_over,Roan Steele,Over,1.83,15.5,20260530_093320
5e06aeff84a466044adc1db2aae029cb,Western Bulldogs,Collingwood Magpies,2026-05-30T09:35:58Z,pointsbetau,PointsBet (AU),,player_disposals_over,Roan Steele,Over,2.2,16.5,20260530_093320
5e06aeff84a466044adc1db2aae029cb,Western Bulldogs,Collingwood Magpies,2026-05-30T09:35:58Z,pointsbetau,PointsBet (AU),,player_disposals_over,Roan Steele,Over,2.55,17.5,20260530_093320
5e06aeff84a466044adc1db2aae029cb,Western Bulldogs,Collingwood Magpies,2026-05-30T09:35:58Z,pointsbetau,PointsBet (AU),,player_disposals_over,Roan Steele,Over,2.9,18.5,20260530_093320
5e06aeff84a466044adc1db2aae029cb,Western Bulldogs,Collingwood Magpies,2026-05-30T09:35:58Z,pointsbetau,PointsBet (AU),,player_disposals_over,Roan Steele,Over,3.6,19.5,20260530_093320
5e06aeff84a466044adc1db2aae029cb,Western Bulldogs,Collingwood Magpies,2026-05-30T09:35:58Z,pointsbetau,PointsBet (AU),,player_disposals_over,Roan Steele,Over,4.2,20.5,20260530_093320
5e06aeff84a466044adc1db2aae029cb,Western Bulldogs,Collingwood Magpies,2026-05-30T09:35:58Z,pointsbetau,PointsBet (AU),,player_disposals_over,Roan Steele,Over,5.0,21.5,20260530_093320
5e06aeff84a466044adc1db2aae029cb,Western Bulldogs,Collingwood Magpies,2026-05-30T09:35:58Z,pointsbetau,PointsBet (AU),,player_disposals_over,Roan Steele,Over,6.0,22.5,20260530_093320
5e06aeff84a466044adc1db2aae029cb,Western Bulldogs,Collingwood Magpies,2026-05-30T09:35:58Z,pointsbetau,PointsBet (AU),,player_disposals_over,Roan Steele,Over,7.5,23.5,20260530_093320
5e06aeff84a466044adc1db2aae029cb,Western Bulldogs,Collingwood Magpies,2026-05-30T09:35:58Z,pointsbetau,PointsBet (AU),,player_disposals_over,Roan Steele,Over,9.5,24.5,20260530_093320
5e06aeff84a466044adc1db2aae029cb,Western Bulldogs,Collingwood Magpies,2026-05-30T09:35:58Z,pointsbetau,PointsBet (AU),,player_disposals_over,Roan Steele,Over,11.0,25.5,20260530_093320
5e06aeff84a466044adc1db2aae029cb,Western Bulldogs,Collingwood Magpies,2026-05-30T09:35:58Z,pointsbetau,PointsBet (AU),,player_disposals_over,Roan Steele,Over,13.0,26.5,20260530_093320
5e06aeff84a466044adc1db2aae029cb,Western Bulldogs,Collingwood Magpies,2026-05-30T09:35:58Z,pointsbetau,PointsBet (AU),,player_disposals_over,Roan Steele,Over,17.0,27.5,20260530_093320
5e06aeff84a466044adc1db2aae029cb,Western Bulldogs,Collingwood Magpies,2026-05-30T09:35:58Z,pointsbetau,PointsBet (AU),,player_disposals_over,Adam Treloar,Over,1.05,14.5,20260530_093320
5e06aeff84a466044adc1db2aae029cb,Western Bulldogs,Collingwood Magpies,2026-05-30T09:35:58Z,pointsbetau,PointsBet (AU),,player_disposals_over,Adam Treloar,Over,1.08,15.5,20260530_093320
5e06aeff84a466044adc1db2aae029cb,Western Bulldogs,Collingwood Magpies,2026-05-30T09:35:58Z,pointsbetau,PointsBet (AU),,player_disposals_over,Adam Treloar,Over,1.13,16.5,20260530_093320
5e06aeff84a466044adc1db2aae029cb,Western Bulldogs,Collingwood Magpies,2026-05-30T09:35:58Z,pointsbetau,PointsBet (AU),,player_disposals_over,Adam Treloar,Over,1.19,17.5,20260530_093320
5e06aeff84a466044adc1db2aae029cb,Western Bulldogs,Collingwood Magpies,2026-05-30T09:35:58Z,pointsbetau,PointsBet (AU),,player_disposals_over,Adam Treloar,Over,1.29,18.5,20260530_093320
5e06aeff84a466044adc1db2aae029cb,Western Bulldogs,Collingwood Magpies,2026-05-30T09:35:58Z,pointsbetau,PointsBet (AU),,player_disposals_over,Adam Treloar,Over,1.4,19.5,20260530_093320
5e06aeff84a466044adc1db2aae029cb,Western Bulldogs,Collingwood Magpies,2026-05-30T09:35:58Z,pointsbetau,PointsBet (AU),,player_disposals_over,Adam Treloar,Over,1.59,20.5,20260530_093320
5e06aeff84a466044adc1db2aae029cb,Western Bulldogs,Collingwood Magpies,2026-05-30T09:35:58Z,pointsbetau,PointsBet (AU),,player_disposals_over,Adam Treloar,Over,1.77,21.5,20260530_093320
5e06aeff84a466044adc1db2aae029cb,Western Bulldogs,Collingwood Magpies,2026-05-30T09:35:58Z,pointsbetau,PointsBet (AU),,player_disposals_over,Adam Treloar,Over,2.0,22.5,20260530_093320
5e06aeff84a466044adc1db2aae029cb,Western Bulldogs,Collingwood Magpies,2026-05-30T09:35:58Z,pointsbetau,PointsBet (AU),,player_disposals_over,Adam Treloar,Over,2.35,23.5,20260530_093320
5e06aeff84a466044adc1db2aae029cb,Western Bulldogs,Collingwood Magpies,2026-05-30T09:35:58Z,pointsbetau,PointsBet (AU),,player_disposals_over,Adam Treloar,Over,2.6,24.5,20260530_093320
5e06aeff84a466044adc1db2aae029cb,Western Bulldogs,Collingwood Magpies,2026-05-30T09:35:58Z,pointsbetau,PointsBet (AU),,player_disposals_over,Adam Treloar,Over,3.1,25.5,20260530_093320
5e06aeff84a466044adc1db2aae029cb,Western Bulldogs,Collingwood Magpies,2026-05-30T09:35:58Z,pointsbetau,PointsBet (AU),,player_disposals_over,Adam Treloar,Over,3.7,26.5,20260530_093320
5e06aeff84a466044adc1db2aae029cb,Western Bulldogs,Collingwood Magpies,2026-05-30T09:35:58Z,pointsbetau,PointsBet (AU),,player_disposals_over,Adam Treloar,Over,4.2,27.5,20260530_093320
5e06aeff84a466044adc1db2aae029cb,Western Bulldogs,Collingwood Magpies,2026-05-30T09:35:58Z,pointsbetau,PointsBet (AU),,player_disposals_over,Adam Treloar,Over,5.0,28.5,20260530_093320
5e06aeff84a466044adc1db2aae029cb,Western Bulldogs,Collingwood Magpies,2026-05-30T09:35:58Z,pointsbetau,PointsBet (AU),,player_disposals_over,Adam Treloar,Over,6.0,29.5,20260530_093320
5e06aeff84a466044adc1db2aae029cb,Western Bulldogs,Collingwood Magpies,2026-05-30T09:35:58Z,pointsbetau,PointsBet (AU),,player_disposals_over,Adam Treloar,Over,7.0,30.5,20260530_093320
5e06aeff84a466044adc1db2aae029cb,Western Bulldogs,Collingwood Magpies,2026-05-30T09:35:58Z,pointsbetau,PointsBet (AU),,player_disposals_over,Adam Treloar,Over,9.0,31.5,20260530_093320
5e06aeff84a466044adc1db2aae029cb,Western Bulldogs,Collingwood Magpies,2026-05-30T09:35:58Z,pointsbetau,PointsBet (AU),,player_disposals_over,Adam Treloar,Over,10.5,32.5,20260530_093320
5e06aeff84a466044adc1db2aae029cb,Western Bulldogs,Collingwood Magpies,2026-05-30T09:35:58Z,pointsbetau,PointsBet (AU),,player_disposals_over,Adam Treloar,Over,12.0,33.5,20260530_093320
5e06aeff84a466044adc1db2aae029cb,Western Bulldogs,Collingwood Magpies,2026-05-30T09:35:58Z,pointsbetau,PointsBet (AU),,player_disposals_over,Adam Treloar,Over,15.0,34.5,20260530_093320
5e06aeff84a466044adc1db2aae029cb,Western Bulldogs,Collingwood Magpies,2026-05-30T09:35:58Z,pointsbetau,PointsBet (AU),,player_disposals_over,Adam Treloar,Over,17.0,35.5,20260530_093320
5e06aeff84a466044adc1db2aae029cb,Western Bulldogs,Collingwood Magpies,2026-05-30T09:35:58Z,pointsbetau,PointsBet (AU),,player_disposals_over,James O'Donnell,Over,1.22,9.5,20260530_093320
5e06aeff84a466044adc1db2aae029cb,Western Bulldogs,Collingwood Magpies,2026-05-30T09:35:58Z,pointsbetau,PointsBet (AU),,player_disposals_over,James O'Donnell,Over,1.36,10.5,20260530_093320
5e06aeff84a466044adc1db2aae029cb,Western Bulldogs,Collingwood Magpies,2026-05-30T09:35:58Z,pointsbetau,PointsBet (AU),,player_disposals_over,James O'Donnell,Over,1.63,11.5,20260530_093320
5e06aeff84a466044adc1db2aae029cb,Western Bulldogs,Collingwood Magpies,2026-05-30T09:35:58Z,pointsbetau,PointsBet (AU),,player_disposals_over,James O'Donnell,Over,1.87,12.5,20260530_093320
5e06aeff84a466044adc1db2aae029cb,Western Bulldogs,Collingwood Magpies,2026-05-30T09:35:58Z,pointsbetau,PointsBet (AU),,player_disposals_over,James O'Donnell,Over,2.25,13.5,20260530_093320
5e06aeff84a466044adc1db2aae029cb,Western Bulldogs,Collingwood Magpies,2026-05-30T09:35:58Z,pointsbetau,PointsBet (AU),,player_disposals_over,James O'Donnell,Over,2.6,14.5,20260530_093320
5e06aeff84a466044adc1db2aae029cb,Western Bulldogs,Collingwood Magpies,2026-05-30T09:35:58Z,pointsbetau,PointsBet (AU),,player_disposals_over,James O'Donnell,Over,3.1,15.5,20260530_093320
5e06aeff84a466044adc1db2aae029cb,Western Bulldogs,Collingwood Magpies,2026-05-30T09:35:58Z,pointsbetau,PointsBet (AU),,player_disposals_over,James O'Donnell,Over,3.9,16.5,20260530_093320
5e06aeff84a466044adc1db2aae029cb,Western Bulldogs,Collingwood Magpies,2026-05-30T09:35:58Z,pointsbetau,PointsBet (AU),,player_disposals_over,James O'Donnell,Over,4.5,17.5,20260530_093320
5e06aeff84a466044adc1db2aae029cb,Western Bulldogs,Collingwood Magpies,2026-05-30T09:35:58Z,pointsbetau,PointsBet (AU),,player_disposals_over,James O'Donnell,Over,5.75,18.5,20260530_093320
5e06aeff84a466044adc1db2aae029cb,Western Bulldogs,Collingwood Magpies,2026-05-30T09:35:58Z,pointsbetau,PointsBet (AU),,player_disposals_over,James O'Donnell,Over,7.0,19.5,20260530_093320
5e06aeff84a466044adc1db2aae029cb,Western Bulldogs,Collingwood Magpies,2026-05-30T09:35:58Z,pointsbetau,PointsBet (AU),,player_disposals_over,James O'Donnell,Over,9.5,20.5,20260530_093320
5e06aeff84a466044adc1db2aae029cb,Western Bulldogs,Collingwood Magpies,2026-05-30T09:35:58Z,pointsbetau,PointsBet (AU),,player_disposals_over,James O'Donnell,Over,11.0,21.5,20260530_093320
5e06aeff84a466044adc1db2aae029cb,Western Bulldogs,Collingwood Magpies,2026-05-30T09:35:58Z,pointsbetau,PointsBet (AU),,player_disposals_over,James O'Donnell,Over,13.0,22.5,20260530_093320
5e06aeff84a466044adc1db2aae029cb,Western Bulldogs,Collingwood Magpies,2026-05-30T09:35:58Z,pointsbetau,PointsBet (AU),,player_disposals_over,James O'Donnell,Over,17.0,23.5,20260530_093320
5e06aeff84a466044adc1db2aae029cb,Western Bulldogs,Collingwood Magpies,2026-05-30T09:35:58Z,pointsbetau,PointsBet (AU),,player_disposals_over,Jordan Croft,Over,1.83,9.5,20260530_093320
5e06aeff84a466044adc1db2aae029cb,Western Bulldogs,Collingwood Magpies,2026-05-30T09:35:58Z,pointsbetau,PointsBet (AU),,player_disposals_over,Jordan Croft,Over,2.3,10.5,20260530_093320
5e06aeff84a466044adc1db2aae029cb,Western Bulldogs,Collingwood Magpies,2026-05-30T09:35:58Z,pointsbetau,PointsBet (AU),,player_disposals_over,Jordan Croft,Over,2.75,11.5,20260530_093320
5e06aeff84a466044adc1db2aae029cb,Western Bulldogs,Collingwood Magpies,2026-05-30T09:35:58Z,pointsbetau,PointsBet (AU),,player_disposals_over,Jordan Croft,Over,3.6,12.5,20260530_093320
5e06aeff84a466044adc1db2aae029cb,Western Bulldogs,Collingwood Magpies,2026-05-30T09:35:58Z,pointsbetau,PointsBet (AU),,player_disposals_over,Jordan Croft,Over,4.4,13.5,20260530_093320
5e06aeff84a466044adc1db2aae029cb,Western Bulldogs,Collingwood Magpies,2026-05-30T09:35:58Z,pointsbetau,PointsBet (AU),,player_disposals_over,Jordan Croft,Over,5.75,14.5,20260530_093320
5e06aeff84a466044adc1db2aae029cb,Western Bulldogs,Collingwood Magpies,2026-05-30T09:35:58Z,pointsbetau,PointsBet (AU),,player_disposals_over,Jordan Croft,Over,7.5,15.5,20260530_093320
5e06aeff84a466044adc1db2aae029cb,Western Bulldogs,Collingwood Magpies,2026-05-30T09:35:58Z,pointsbetau,PointsBet (AU),,player_disposals_over,Jordan Croft,Over,10.0,16.5,20260530_093320
5e06aeff84a466044adc1db2aae029cb,Western Bulldogs,Collingwood Magpies,2026-05-30T09:35:58Z,pointsbetau,PointsBet (AU),,player_disposals_over,Jordan Croft,Over,12.0,17.5,20260530_093320
5e06aeff84a466044adc1db2aae029cb,Western Bulldogs,Collingwood Magpies,2026-05-30T09:35:58Z,pointsbetau,PointsBet (AU),,player_disposals_over,Jordan Croft,Over,17.0,18.5,20260530_093320
5e06aeff84a466044adc1db2aae029cb,Western Bulldogs,Collingwood Magpies,2026-05-30T09:35:58Z,pointsbetau,PointsBet (AU),,player_disposals_over,Lachie Jaques,Over,1.07,10.5,20260530_093320
5e06aeff84a466044adc1db2aae029cb,Western Bulldogs,Collingwood Magpies,2026-05-30T09:35:58Z,pointsbetau,PointsBet (AU),,player_disposals_over,Lachie Jaques,Over,1.13,11.5,20260530_093320
5e06aeff84a466044adc1db2aae029cb,Western Bulldogs,Collingwood Magpies,2026-05-30T09:35:58Z,pointsbetau,PointsBet (AU),,player_disposals_over,Lachie Jaques,Over,1.22,12.5,20260530_093320
5e06aeff84a466044adc1db2aae029cb,Western Bulldogs,Collingwood Magpies,2026-05-30T09:35:58Z,pointsbetau,PointsBet (AU),,player_disposals_over,Lachie Jaques,Over,1.36,13.5,20260530_093320
5e06aeff84a466044adc1db2aae029cb,Western Bulldogs,Collingwood Magpies,2026-05-30T09:35:58Z,pointsbetau,PointsBet (AU),,player_disposals_over,Lachie Jaques,Over,1.53,14.5,20260530_093320
5e06aeff84a466044adc1db2aae029cb,Western Bulldogs,Collingwood Magpies,2026-05-30T09:35:58Z,pointsbetau,PointsBet (AU),,player_disposals_over,Lachie Jaques,Over,1.74,15.5,20260530_093320
5e06aeff84a466044adc1db2aae029cb,Western Bulldogs,Collingwood Magpies,2026-05-30T09:35:58Z,pointsbetau,PointsBet (AU),,player_disposals_over,Lachie Jaques,Over,2.05,16.5,20260530_093320
5e06aeff84a466044adc1db2aae029cb,Western Bulldogs,Collingwood Magpies,2026-05-30T09:35:58Z,pointsbetau,PointsBet (AU),,player_disposals_over,Lachie Jaques,Over,2.4,17.5,20260530_093320
5e06aeff84a466044adc1db2aae029cb,Western Bulldogs,Collingwood Magpies,2026-05-30T09:35:58Z,pointsbetau,PointsBet (AU),,player_disposals_over,Lachie Jaques,Over,2.75,18.5,20260530_093320
5e06aeff84a466044adc1db2aae029cb,Western Bulldogs,Collingwood Magpies,2026-05-30T09:35:58Z,pointsbetau,PointsBet (AU),,player_disposals_over,Lachie Jaques,Over,3.4,19.5,20260530_093320
5e06aeff84a466044adc1db2aae029cb,Western Bulldogs,Collingwood Magpies,2026-05-30T09:35:58Z,pointsbetau,PointsBet (AU),,player_disposals_over,Lachie Jaques,Over,4.0,20.5,20260530_093320
5e06aeff84a466044adc1db2aae029cb,Western Bulldogs,Collingwood Magpies,2026-05-30T09:35:58Z,pointsbetau,PointsBet (AU),,player_disposals_over,Lachie Jaques,Over,4.75,21.5,20260530_093320
5e06aeff84a466044adc1db2aae029cb,Western Bulldogs,Collingwood Magpies,2026-05-30T09:35:58Z,pointsbetau,PointsBet (AU),,player_disposals_over,Lachie Jaques,Over,5.75,22.5,20260530_093320
5e06aeff84a466044adc1db2aae029cb,Western Bulldogs,Collingwood Magpies,2026-05-30T09:35:58Z,pointsbetau,PointsBet (AU),,player_disposals_over,Lachie Jaques,Over,7.5,23.5,20260530_093320
5e06aeff84a466044adc1db2aae029cb,Western Bulldogs,Collingwood Magpies,2026-05-30T09:35:58Z,pointsbetau,PointsBet (AU),,player_disposals_over,Lachie Jaques,Over,9.5,24.5,20260530_093320
5e06aeff84a466044adc1db2aae029cb,Western Bulldogs,Collingwood Magpies,2026-05-30T09:35:58Z,pointsbetau,PointsBet (AU),,player_disposals_over,Lachie Jaques,Over,11.0,25.5,20260530_093320
5e06aeff84a466044adc1db2aae029cb,Western Bulldogs,Collingwood Magpies,2026-05-30T09:35:58Z,pointsbetau,PointsBet (AU),,player_disposals_over,Lachie Jaques,Over,13.0,26.5,20260530_093320
5e06aeff84a466044adc1db2aae029cb,Western Bulldogs,Collingwood Magpies,2026-05-30T09:35:58Z,pointsbetau,PointsBet (AU),,player_disposals_over,Lachie Jaques,Over,17.0,27.5,20260530_093320
5e06aeff84a466044adc1db2aae029cb,Western Bulldogs,Collingwood Magpies,2026-05-30T09:35:58Z,pointsbetau,PointsBet (AU),,player_disposals_over,Tim Membrey,Over,1.56,9.5,20260530_093320
5e06aeff84a466044adc1db2aae029cb,Western Bulldogs,Collingwood Magpies,2026-05-30T09:35:58Z,pointsbetau,PointsBet (AU),,player_disposals_over,Tim Membrey,Over,1.83,10.5,20260530_093320
5e06aeff84a466044adc1db2aae029cb,Western Bulldogs,Collingwood Magpies,2026-05-30T09:35:58Z,pointsbetau,PointsBet (AU),,player_disposals_over,Tim Membrey,Over,2.25,11.5,20260530_093320
5e06aeff84a466044adc1db2aae029cb,Western Bulldogs,Collingwood Magpies,2026-05-30T09:35:58Z,pointsbetau,PointsBet (AU),,player_disposals_over,Tim Membrey,Over,2.7,12.5,20260530_093320
5e06aeff84a466044adc1db2aae029cb,Western Bulldogs,Collingwood Magpies,2026-05-30T09:35:58Z,pointsbetau,PointsBet (AU),,player_disposals_over,Tim Membrey,Over,3.3,13.5,20260530_093320
5e06aeff84a466044adc1db2aae029cb,Western Bulldogs,Collingwood Magpies,2026-05-30T09:35:58Z,pointsbetau,PointsBet (AU),,player_disposals_over,Tim Membrey,Over,4.2,14.5,20260530_093320
5e06aeff84a466044adc1db2aae029cb,Western Bulldogs,Collingwood Magpies,2026-05-30T09:35:58Z,pointsbetau,PointsBet (AU),,player_disposals_over,Tim Membrey,Over,5.25,15.5,20260530_093320
5e06aeff84a466044adc1db2aae029cb,Western Bulldogs,Collingwood Magpies,2026-05-30T09:35:58Z,pointsbetau,PointsBet (AU),,player_disposals_over,Tim Membrey,Over,6.5,16.5,20260530_093320
5e06aeff84a466044adc1db2aae029cb,Western Bulldogs,Collingwood Magpies,2026-05-30T09:35:58Z,pointsbetau,PointsBet (AU),,player_disposals_over,Tim Membrey,Over,9.0,17.5,20260530_093320
5e06aeff84a466044adc1db2aae029cb,Western Bulldogs,Collingwood Magpies,2026-05-30T09:35:58Z,pointsbetau,PointsBet (AU),,player_disposals_over,Tim Membrey,Over,10.5,18.5,20260530_093320
5e06aeff84a466044adc1db2aae029cb,Western Bulldogs,Collingwood Magpies,2026-05-30T09:35:58Z,pointsbetau,PointsBet (AU),,player_disposals_over,Tim Membrey,Over,15.0,19.5,20260530_093320
5e06aeff84a466044adc1db2aae029cb,Western Bulldogs,Collingwood Magpies,2026-05-30T09:35:58Z,pointsbetau,PointsBet (AU),,player_disposals_over,Tim Membrey,Over,19.0,20.5,20260530_093320
5e06aeff84a466044adc1db2aae029cb,Western Bulldogs,Collingwood Magpies,2026-05-30T09:35:58Z,pointsbetau,PointsBet (AU),,player_disposals_over,Wil Parker,Over,1.21,9.5,20260530_093320
5e06aeff84a466044adc1db2aae029cb,Western Bulldogs,Collingwood Magpies,2026-05-30T09:35:58Z,pointsbetau,PointsBet (AU),,player_disposals_over,Wil Parker,Over,1.36,10.5,20260530_093320
5e06aeff84a466044adc1db2aae029cb,Western Bulldogs,Collingwood Magpies,2026-05-30T09:35:58Z,pointsbetau,PointsBet (AU),,player_disposals_over,Wil Parker,Over,1.59,11.5,20260530_093320
5e06aeff84a466044adc1db2aae029cb,Western Bulldogs,Collingwood Magpies,2026-05-30T09:35:58Z,pointsbetau,PointsBet (AU),,player_disposals_over,Wil Parker,Over,1.83,12.5,20260530_093320
5e06aeff84a466044adc1db2aae029cb,Western Bulldogs,Collingwood Magpies,2026-05-30T09:35:58Z,pointsbetau,PointsBet (AU),,player_disposals_over,Wil Parker,Over,2.2,13.5,20260530_093320
5e06aeff84a466044adc1db2aae029cb,Western Bulldogs,Collingwood Magpies,2026-05-30T09:35:58Z,pointsbetau,PointsBet (AU),,player_disposals_over,Wil Parker,Over,2.55,14.5,20260530_093320
5e06aeff84a466044adc1db2aae029cb,Western Bulldogs,Collingwood Magpies,2026-05-30T09:35:58Z,pointsbetau,PointsBet (AU),,player_disposals_over,Wil Parker,Over,3.1,15.5,20260530_093320
5e06aeff84a466044adc1db2aae029cb,Western Bulldogs,Collingwood Magpies,2026-05-30T09:35:58Z,pointsbetau,PointsBet (AU),,player_disposals_over,Wil Parker,Over,3.7,16.5,20260530_093320
5e06aeff84a466044adc1db2aae029cb,Western Bulldogs,Collingwood Magpies,2026-05-30T09:35:58Z,pointsbetau,PointsBet (AU),,player_disposals_over,Wil Parker,Over,4.5,17.5,20260530_093320
5e06aeff84a466044adc1db2aae029cb,Western Bulldogs,Collingwood Magpies,2026-05-30T09:35:58Z,pointsbetau,PointsBet (AU),,player_disposals_over,Wil Parker,Over,5.75,18.5,20260530_093320
5e06aeff84a466044adc1db2aae029cb,Western Bulldogs,Collingwood Magpies,2026-05-30T09:35:58Z,pointsbetau,PointsBet (AU),,player_disposals_over,Wil Parker,Over,7.0,19.5,20260530_093320
5e06aeff84a466044adc1db2aae029cb,Western Bulldogs,Collingwood Magpies,2026-05-30T09:35:58Z,pointsbetau,PointsBet (AU),,player_disposals_over,Wil Parker,Over,9.5,20.5,20260530_093320
5e06aeff84a466044adc1db2aae029cb,Western Bulldogs,Collingwood Magpies,2026-05-30T09:35:58Z,pointsbetau,PointsBet (AU),,player_disposals_over,Wil Parker,Over,10.5,21.5,20260530_093320
5e06aeff84a466044adc1db2aae029cb,Western Bulldogs,Collingwood Magpies,2026-05-30T09:35:58Z,pointsbetau,PointsBet (AU),,player_disposals_over,Wil Parker,Over,13.0,22.5,20260530_093320
5e06aeff84a466044adc1db2aae029cb,Western Bulldogs,Collingwood Magpies,2026-05-30T09:35:58Z,pointsbetau,PointsBet (AU),,player_disposals_over,Wil Parker,Over,17.0,23.5,20260530_093320
5e06aeff84a466044adc1db2aae029cb,Western Bulldogs,Collingwood Magpies,2026-05-30T09:35:58Z,pointsbetau,PointsBet (AU),,player_disposals_over,Angus Anderson,Over,1.07,10.5,20260530_093320
5e06aeff84a466044adc1db2aae029cb,Western Bulldogs,Collingwood Magpies,2026-05-30T09:35:58Z,pointsbetau,PointsBet (AU),,player_disposals_over,Angus Anderson,Over,1.13,11.5,20260530_093320
5e06aeff84a466044adc1db2aae029cb,Western Bulldogs,Collingwood Magpies,2026-05-30T09:35:58Z,pointsbetau,PointsBet (AU),,player_disposals_over,Angus Anderson,Over,1.22,12.5,20260530_093320
5e06aeff84a466044adc1db2aae029cb,Western Bulldogs,Collingwood Magpies,2026-05-30T09:35:58Z,pointsbetau,PointsBet (AU),,player_disposals_over,Angus Anderson,Over,1.36,13.5,20260530_093320
5e06aeff84a466044adc1db2aae029cb,Western Bulldogs,Collingwood Magpies,2026-05-30T09:35:58Z,pointsbetau,PointsBet (AU),,player_disposals_over,Angus Anderson,Over,1.53,14.5,20260530_093320
5e06aeff84a466044adc1db2aae029cb,Western Bulldogs,Collingwood Magpies,2026-05-30T09:35:58Z,pointsbetau,PointsBet (AU),,player_disposals_over,Angus Anderson,Over,1.74,15.5,20260530_093320
5e06aeff84a466044adc1db2aae029cb,Western Bulldogs,Collingwood Magpies,2026-05-30T09:35:58Z,pointsbetau,PointsBet (AU),,player_disposals_over,Angus Anderson,Over,2.0,16.5,20260530_093320
5e06aeff84a466044adc1db2aae029cb,Western Bulldogs,Collingwood Magpies,2026-05-30T09:35:58Z,pointsbetau,PointsBet (AU),,player_disposals_over,Angus Anderson,Over,2.35,17.5,20260530_093320
5e06aeff84a466044adc1db2aae029cb,Western Bulldogs,Collingwood Magpies,2026-05-30T09:35:58Z,pointsbetau,PointsBet (AU),,player_disposals_over,Angus Anderson,Over,2.75,18.5,20260530_093320
5e06aeff84a466044adc1db2aae029cb,Western Bulldogs,Collingwood Magpies,2026-05-30T09:35:58Z,pointsbetau,PointsBet (AU),,player_disposals_over,Angus Anderson,Over,3.3,19.5,20260530_093320
5e06aeff84a466044adc1db2aae029cb,Western Bulldogs,Collingwood Magpies,2026-05-30T09:35:58Z,pointsbetau,PointsBet (AU),,player_disposals_over,Angus Anderson,Over,4.0,20.5,20260530_093320
5e06aeff84a466044adc1db2aae029cb,Western Bulldogs,Collingwood Magpies,2026-05-30T09:35:58Z,pointsbetau,PointsBet (AU),,player_disposals_over,Angus Anderson,Over,4.75,21.5,20260530_093320
5e06aeff84a466044adc1db2aae029cb,Western Bulldogs,Collingwood Magpies,2026-05-30T09:35:58Z,pointsbetau,PointsBet (AU),,player_disposals_over,Angus Anderson,Over,5.75,22.5,20260530_093320
5e06aeff84a466044adc1db2aae029cb,Western Bulldogs,Collingwood Magpies,2026-05-30T09:35:58Z,pointsbetau,PointsBet (AU),,player_disposals_over,Angus Anderson,Over,7.0,23.5,20260530_093320
5e06aeff84a466044adc1db2aae029cb,Western Bulldogs,Collingwood Magpies,2026-05-30T09:35:58Z,pointsbetau,PointsBet (AU),,player_disposals_over,Angus Anderson,Over,9.5,24.5,20260530_093320
5e06aeff84a466044adc1db2aae029cb,Western Bulldogs,Collingwood Magpies,2026-05-30T09:35:58Z,pointsbetau,PointsBet (AU),,player_disposals_over,Angus Anderson,Over,10.5,25.5,20260530_093320
5e06aeff84a466044adc1db2aae029cb,Western Bulldogs,Collingwood Magpies,2026-05-30T09:35:58Z,pointsbetau,PointsBet (AU),,player_disposals_over,Angus Anderson,Over,12.0,26.5,20260530_093320
5e06aeff84a466044adc1db2aae029cb,Western Bulldogs,Collingwood Magpies,2026-05-30T09:35:58Z,pointsbetau,PointsBet (AU),,player_disposals_over,Angus Anderson,Over,16.0,27.5,20260530_093320
5e06aeff84a466044adc1db2aae029cb,Western Bulldogs,Collingwood Magpies,2026-05-30T09:35:58Z,pointsbetau,PointsBet (AU),,player_disposals_over,Angus Anderson,Over,20.0,28.5,20260530_093320
5e06aeff84a466044adc1db2aae029cb,Western Bulldogs,Collingwood Magpies,2026-05-30T09:35:58Z,pointsbetau,PointsBet (AU),,player_disposals_over,Timothy English,Over,1.08,10.5,20260530_093320
5e06aeff84a466044adc1db2aae029cb,Western Bulldogs,Collingwood Magpies,2026-05-30T09:35:58Z,pointsbetau,PointsBet (AU),,player_disposals_over,Timothy English,Over,1.15,11.5,20260530_093320
5e06aeff84a466044adc1db2aae029cb,Western Bulldogs,Collingwood Magpies,2026-05-30T09:35:58Z,pointsbetau,PointsBet (AU),,player_disposals_over,Timothy English,Over,1.25,12.5,20260530_093320
5e06aeff84a466044adc1db2aae029cb,Western Bulldogs,Collingwood Magpies,2026-05-30T09:35:58Z,pointsbetau,PointsBet (AU),,player_disposals_over,Timothy English,Over,1.4,13.5,20260530_093320
5e06aeff84a466044adc1db2aae029cb,Western Bulldogs,Collingwood Magpies,2026-05-30T09:35:58Z,pointsbetau,PointsBet (AU),,player_disposals_over,Timothy English,Over,1.59,14.5,20260530_093320
5e06aeff84a466044adc1db2aae029cb,Western Bulldogs,Collingwood Magpies,2026-05-30T09:35:58Z,pointsbetau,PointsBet (AU),,player_disposals_over,Timothy English,Over,1.83,15.5,20260530_093320
5e06aeff84a466044adc1db2aae029cb,Western Bulldogs,Collingwood Magpies,2026-05-30T09:35:58Z,pointsbetau,PointsBet (AU),,player_disposals_over,Timothy English,Over,2.2,16.5,20260530_093320
5e06aeff84a466044adc1db2aae029cb,Western Bulldogs,Collingwood Magpies,2026-05-30T09:35:58Z,pointsbetau,PointsBet (AU),,player_disposals_over,Timothy English,Over,2.55,17.5,20260530_093320
5e06aeff84a466044adc1db2aae029cb,Western Bulldogs,Collingwood Magpies,2026-05-30T09:35:58Z,pointsbetau,PointsBet (AU),,player_disposals_over,Timothy English,Over,3.0,18.5,20260530_093320
5e06aeff84a466044adc1db2aae029cb,Western Bulldogs,Collingwood Magpies,2026-05-30T09:35:58Z,pointsbetau,PointsBet (AU),,player_disposals_over,Timothy English,Over,3.6,19.5,20260530_093320
5e06aeff84a466044adc1db2aae029cb,Western Bulldogs,Collingwood Magpies,2026-05-30T09:35:58Z,pointsbetau,PointsBet (AU),,player_disposals_over,Timothy English,Over,4.4,20.5,20260530_093320
5e06aeff84a466044adc1db2aae029cb,Western Bulldogs,Collingwood Magpies,2026-05-30T09:35:58Z,pointsbetau,PointsBet (AU),,player_disposals_over,Timothy English,Over,5.25,21.5,20260530_093320
5e06aeff84a466044adc1db2aae029cb,Western Bulldogs,Collingwood Magpies,2026-05-30T09:35:58Z,pointsbetau,PointsBet (AU),,player_disposals_over,Timothy English,Over,6.0,22.5,20260530_093320
5e06aeff84a466044adc1db2aae029cb,Western Bulldogs,Collingwood Magpies,2026-05-30T09:35:58Z,pointsbetau,PointsBet (AU),,player_disposals_over,Timothy English,Over,8.0,23.5,20260530_093320
5e06aeff84a466044adc1db2aae029cb,Western Bulldogs,Collingwood Magpies,2026-05-30T09:35:58Z,pointsbetau,PointsBet (AU),,player_disposals_over,Timothy English,Over,10.0,24.5,20260530_093320
5e06aeff84a466044adc1db2aae029cb,Western Bulldogs,Collingwood Magpies,2026-05-30T09:35:58Z,pointsbetau,PointsBet (AU),,player_disposals_over,Timothy English,Over,12.0,25.5,20260530_093320
5e06aeff84a466044adc1db2aae029cb,Western Bulldogs,Collingwood Magpies,2026-05-30T09:35:58Z,pointsbetau,PointsBet (AU),,player_disposals_over,Timothy English,Over,15.0,26.5,20260530_093320
5e06aeff84a466044adc1db2aae029cb,Western Bulldogs,Collingwood Magpies,2026-05-30T09:35:58Z,pointsbetau,PointsBet (AU),,player_disposals_over,Timothy English,Over,17.0,27.5,20260530_093320
5e06aeff84a466044adc1db2aae029cb,Western Bulldogs,Collingwood Magpies,2026-05-30T09:35:58Z,pointsbetau,PointsBet (AU),,player_disposals_over,Harvey Harrison,Over,1.22,9.5,20260530_093320
5e06aeff84a466044adc1db2aae029cb,Western Bulldogs,Collingwood Magpies,2026-05-30T09:35:58Z,pointsbetau,PointsBet (AU),,player_disposals_over,Harvey Harrison,Over,1.36,10.5,20260530_093320
5e06aeff84a466044adc1db2aae029cb,Western Bulldogs,Collingwood Magpies,2026-05-30T09:35:58Z,pointsbetau,PointsBet (AU),,player_disposals_over,Harvey Harrison,Over,1.59,11.5,20260530_093320
5e06aeff84a466044adc1db2aae029cb,Western Bulldogs,Collingwood Magpies,2026-05-30T09:35:58Z,pointsbetau,PointsBet (AU),,player_disposals_over,Harvey Harrison,Over,1.83,12.5,20260530_093320
5e06aeff84a466044adc1db2aae029cb,Western Bulldogs,Collingwood Magpies,2026-05-30T09:35:58Z,pointsbetau,PointsBet (AU),,player_disposals_over,Harvey Harrison,Over,2.2,13.5,20260530_093320
5e06aeff84a466044adc1db2aae029cb,Western Bulldogs,Collingwood Magpies,2026-05-30T09:35:58Z,pointsbetau,PointsBet (AU),,player_disposals_over,Harvey Harrison,Over,2.55,14.5,20260530_093320
5e06aeff84a466044adc1db2aae029cb,Western Bulldogs,Collingwood Magpies,2026-05-30T09:35:58Z,pointsbetau,PointsBet (AU),,player_disposals_over,Harvey Harrison,Over,3.0,15.5,20260530_093320
5e06aeff84a466044adc1db2aae029cb,Western Bulldogs,Collingwood Magpies,2026-05-30T09:35:58Z,pointsbetau,PointsBet (AU),,player_disposals_over,Harvey Harrison,Over,3.7,16.5,20260530_093320
5e06aeff84a466044adc1db2aae029cb,Western Bulldogs,Collingwood Magpies,2026-05-30T09:35:58Z,pointsbetau,PointsBet (AU),,player_disposals_over,Harvey Harrison,Over,4.4,17.5,20260530_093320
5e06aeff84a466044adc1db2aae029cb,Western Bulldogs,Collingwood Magpies,2026-05-30T09:35:58Z,pointsbetau,PointsBet (AU),,player_disposals_over,Harvey Harrison,Over,5.75,18.5,20260530_093320
5e06aeff84a466044adc1db2aae029cb,Western Bulldogs,Collingwood Magpies,2026-05-30T09:35:58Z,pointsbetau,PointsBet (AU),,player_disposals_over,Harvey Harrison,Over,7.0,19.5,20260530_093320
5e06aeff84a466044adc1db2aae029cb,Western Bulldogs,Collingwood Magpies,2026-05-30T09:35:58Z,pointsbetau,PointsBet (AU),,player_disposals_over,Harvey Harrison,Over,9.0,20.5,20260530_093320
5e06aeff84a466044adc1db2aae029cb,Western Bulldogs,Collingwood Magpies,2026-05-30T09:35:58Z,pointsbetau,PointsBet (AU),,player_disposals_over,Harvey Harrison,Over,11.0,21.5,20260530_093320
5e06aeff84a466044adc1db2aae029cb,Western Bulldogs,Collingwood Magpies,2026-05-30T09:35:58Z,pointsbetau,PointsBet (AU),,player_disposals_over,Harvey Harrison,Over,13.0,22.5,20260530_093320
5e06aeff84a466044adc1db2aae029cb,Western Bulldogs,Collingwood Magpies,2026-05-30T09:35:58Z,pointsbetau,PointsBet (AU),,player_disposals_over,Harvey Harrison,Over,17.0,23.5,20260530_093320
5e06aeff84a466044adc1db2aae029cb,Western Bulldogs,Collingwood Magpies,2026-05-30T09:35:58Z,neds,Neds,,player_disposals,Ed Richards,Over,1.88,25.5,20260530_093320
5e06aeff84a466044adc1db2aae029cb,Western Bulldogs,Collingwood Magpies,2026-05-30T09:35:58Z,neds,Neds,,player_disposals,Ed Richards,Under,1.85,25.5,20260530_093320
5e06aeff84a466044adc1db2aae029cb,Western Bulldogs,Collingwood Magpies,2026-05-30T09:35:58Z,neds,Neds,,player_disposals,Bailey Dale,Over,1.85,30.5,20260530_093320
5e06aeff84a466044adc1db2aae029cb,Western Bulldogs,Collingwood Magpies,2026-05-30T09:35:58Z,neds,Neds,,player_disposals,Bailey Dale,Under,1.88,30.5,20260530_093320
5e06aeff84a466044adc1db2aae029cb,Western Bulldogs,Collingwood Magpies,2026-05-30T09:35:58Z,neds,Neds,,player_disposals,Connor Budarick,Over,1.87,21.5,20260530_093320
5e06aeff84a466044adc1db2aae029cb,Western Bulldogs,Collingwood Magpies,2026-05-30T09:35:58Z,neds,Neds,,player_disposals,Connor Budarick,Under,1.87,21.5,20260530_093320
5e06aeff84a466044adc1db2aae029cb,Western Bulldogs,Collingwood Magpies,2026-05-30T09:35:58Z,neds,Neds,,player_disposals,Marcus Bontempelli,Over,1.87,28.5,20260530_093320
5e06aeff84a466044adc1db2aae029cb,Western Bulldogs,Collingwood Magpies,2026-05-30T09:35:58Z,neds,Neds,,player_disposals,Marcus Bontempelli,Under,1.87,28.5,20260530_093320
5e06aeff84a466044adc1db2aae029cb,Western Bulldogs,Collingwood Magpies,2026-05-30T09:35:58Z,neds,Neds,,player_disposals,Jeremy Howe,Over,1.92,17.5,20260530_093320
5e06aeff84a466044adc1db2aae029cb,Western Bulldogs,Collingwood Magpies,2026-05-30T09:35:58Z,neds,Neds,,player_disposals,Jeremy Howe,Under,1.82,17.5,20260530_093320
5e06aeff84a466044adc1db2aae029cb,Western Bulldogs,Collingwood Magpies,2026-05-30T09:35:58Z,neds,Neds,,player_disposals,Jordan De Goey,Over,1.87,22.5,20260530_093320
5e06aeff84a466044adc1db2aae029cb,Western Bulldogs,Collingwood Magpies,2026-05-30T09:35:58Z,neds,Neds,,player_disposals,Jordan De Goey,Under,1.87,22.5,20260530_093320
5e06aeff84a466044adc1db2aae029cb,Western Bulldogs,Collingwood Magpies,2026-05-30T09:35:58Z,neds,Neds,,player_disposals,Josh Daicos,Over,1.85,25.5,20260530_093320
5e06aeff84a466044adc1db2aae029cb,Western Bulldogs,Collingwood Magpies,2026-05-30T09:35:58Z,neds,Neds,,player_disposals,Josh Daicos,Under,1.88,25.5,20260530_093320
5e06aeff84a466044adc1db2aae029cb,Western Bulldogs,Collingwood Magpies,2026-05-30T09:35:58Z,neds,Neds,,player_disposals,Dan Houston,Over,1.98,24.5,20260530_093320
5e06aeff84a466044adc1db2aae029cb,Western Bulldogs,Collingwood Magpies,2026-05-30T09:35:58Z,neds,Neds,,player_disposals,Dan Houston,Under,1.78,24.5,20260530_093320
5e06aeff84a466044adc1db2aae029cb,Western Bulldogs,Collingwood Magpies,2026-05-30T09:35:58Z,neds,Neds,,player_disposals,Ryley Sanders,Over,1.87,26.5,20260530_093320
5e06aeff84a466044adc1db2aae029cb,Western Bulldogs,Collingwood Magpies,2026-05-30T09:35:58Z,neds,Neds,,player_disposals,Ryley Sanders,Under,1.87,26.5,20260530_093320
5e06aeff84a466044adc1db2aae029cb,Western Bulldogs,Collingwood Magpies,2026-05-30T09:35:58Z,neds,Neds,,player_disposals,Nick Daicos,Over,1.87,32.5,20260530_093320
5e06aeff84a466044adc1db2aae029cb,Western Bulldogs,Collingwood Magpies,2026-05-30T09:35:58Z,neds,Neds,,player_disposals,Nick Daicos,Under,1.87,32.5,20260530_093320
5e06aeff84a466044adc1db2aae029cb,Western Bulldogs,Collingwood Magpies,2026-05-30T09:35:58Z,neds,Neds,,player_disposals_over,Nick Daicos,Over,2.05,33.5,20260530_093320
5e06aeff84a466044adc1db2aae029cb,Western Bulldogs,Collingwood Magpies,2026-05-30T09:35:58Z,neds,Neds,,player_disposals_over,Bailey Dale,Over,2.6,33.5,20260530_093320
5e06aeff84a466044adc1db2aae029cb,Western Bulldogs,Collingwood Magpies,2026-05-30T09:35:58Z,neds,Neds,,player_disposals_over,Marcus Bontempelli,Over,3.5,33.5,20260530_093320
5e06aeff84a466044adc1db2aae029cb,Western Bulldogs,Collingwood Magpies,2026-05-30T09:35:58Z,neds,Neds,,player_disposals_over,Ryley Sanders,Over,5.2,33.5,20260530_093320
5e06aeff84a466044adc1db2aae029cb,Western Bulldogs,Collingwood Magpies,2026-05-30T09:35:58Z,neds,Neds,,player_disposals_over,Josh Daicos,Over,6.25,33.5,20260530_093320
5e06aeff84a466044adc1db2aae029cb,Western Bulldogs,Collingwood Magpies,2026-05-30T09:35:58Z,neds,Neds,,player_disposals_over,Ed Richards,Over,6.5,33.5,20260530_093320
5e06aeff84a466044adc1db2aae029cb,Western Bulldogs,Collingwood Magpies,2026-05-30T09:35:58Z,neds,Neds,,player_disposals_over,Dan Houston,Over,9.25,33.5,20260530_093320
5e06aeff84a466044adc1db2aae029cb,Western Bulldogs,Collingwood Magpies,2026-05-30T09:35:58Z,neds,Neds,,player_disposals_over,Scott Pendlebury,Over,9.75,33.5,20260530_093320
5e06aeff84a466044adc1db2aae029cb,Western Bulldogs,Collingwood Magpies,2026-05-30T09:35:58Z,neds,Neds,,player_disposals_over,Matthew Kennedy,Over,10.5,33.5,20260530_093320
5e06aeff84a466044adc1db2aae029cb,Western Bulldogs,Collingwood Magpies,2026-05-30T09:35:58Z,neds,Neds,,player_disposals_over,Adam Treloar,Over,10.5,33.5,20260530_093320
5e06aeff84a466044adc1db2aae029cb,Western Bulldogs,Collingwood Magpies,2026-05-30T09:35:58Z,neds,Neds,,player_disposals_over,Jack Crisp,Over,10.5,33.5,20260530_093320
5e06aeff84a466044adc1db2aae029cb,Western Bulldogs,Collingwood Magpies,2026-05-30T09:35:58Z,neds,Neds,,player_disposals_over,Jordan De Goey,Over,14.0,33.5,20260530_093320
5e06aeff84a466044adc1db2aae029cb,Western Bulldogs,Collingwood Magpies,2026-05-30T09:35:58Z,neds,Neds,,player_disposals_over,Connor Budarick,Over,19.0,33.5,20260530_093320
5e06aeff84a466044adc1db2aae029cb,Western Bulldogs,Collingwood Magpies,2026-05-30T09:35:58Z,neds,Neds,,player_disposals_over,Patrick Lipinski,Over,41.0,33.5,20260530_093320
5e06aeff84a466044adc1db2aae029cb,Western Bulldogs,Collingwood Magpies,2026-05-30T09:35:58Z,neds,Neds,,player_disposals_over,Isaac Quaynor,Over,41.0,33.5,20260530_093320
5e06aeff84a466044adc1db2aae029cb,Western Bulldogs,Collingwood Magpies,2026-05-30T09:35:58Z,neds,Neds,,player_disposals_over,Joel Freijah,Over,51.0,33.5,20260530_093320
5e06aeff84a466044adc1db2aae029cb,Western Bulldogs,Collingwood Magpies,2026-05-30T09:35:58Z,neds,Neds,,player_disposals_over,Darcy Cameron,Over,51.0,33.5,20260530_093320
5e06aeff84a466044adc1db2aae029cb,Western Bulldogs,Collingwood Magpies,2026-05-30T09:35:58Z,neds,Neds,,player_disposals_over,Brayden Maynard,Over,51.0,33.5,20260530_093320
5e06aeff84a466044adc1db2aae029cb,Western Bulldogs,Collingwood Magpies,2026-05-30T09:35:58Z,neds,Neds,,player_disposals_over,Bailey Dale,Over,1.01,21.5,20260530_093320
5e06aeff84a466044adc1db2aae029cb,Western Bulldogs,Collingwood Magpies,2026-05-30T09:35:58Z,neds,Neds,,player_disposals_over,Marcus Bontempelli,Over,1.07,21.5,20260530_093320
5e06aeff84a466044adc1db2aae029cb,Western Bulldogs,Collingwood Magpies,2026-05-30T09:35:58Z,neds,Neds,,player_disposals_over,Ryley Sanders,Over,1.19,21.5,20260530_093320
5e06aeff84a466044adc1db2aae029cb,Western Bulldogs,Collingwood Magpies,2026-05-30T09:35:58Z,neds,Neds,,player_disposals_over,Josh Daicos,Over,1.26,21.5,20260530_093320
5e06aeff84a466044adc1db2aae029cb,Western Bulldogs,Collingwood Magpies,2026-05-30T09:35:58Z,neds,Neds,,player_disposals_over,Ed Richards,Over,1.28,21.5,20260530_093320
5e06aeff84a466044adc1db2aae029cb,Western Bulldogs,Collingwood Magpies,2026-05-30T09:35:58Z,neds,Neds,,player_disposals_over,Dan Houston,Over,1.42,21.5,20260530_093320
5e06aeff84a466044adc1db2aae029cb,Western Bulldogs,Collingwood Magpies,2026-05-30T09:35:58Z,neds,Neds,,player_disposals_over,Scott Pendlebury,Over,1.45,21.5,20260530_093320
5e06aeff84a466044adc1db2aae029cb,Western Bulldogs,Collingwood Magpies,2026-05-30T09:35:58Z,neds,Neds,,player_disposals_over,Adam Treloar,Over,1.48,21.5,20260530_093320
5e06aeff84a466044adc1db2aae029cb,Western Bulldogs,Collingwood Magpies,2026-05-30T09:35:58Z,neds,Neds,,player_disposals_over,Matthew Kennedy,Over,1.5,21.5,20260530_093320
5e06aeff84a466044adc1db2aae029cb,Western Bulldogs,Collingwood Magpies,2026-05-30T09:35:58Z,neds,Neds,,player_disposals_over,Jack Crisp,Over,1.5,21.5,20260530_093320
5e06aeff84a466044adc1db2aae029cb,Western Bulldogs,Collingwood Magpies,2026-05-30T09:35:58Z,neds,Neds,,player_disposals_over,Jordan De Goey,Over,1.65,21.5,20260530_093320
5e06aeff84a466044adc1db2aae029cb,Western Bulldogs,Collingwood Magpies,2026-05-30T09:35:58Z,neds,Neds,,player_disposals_over,Connor Budarick,Over,1.85,21.5,20260530_093320
5e06aeff84a466044adc1db2aae029cb,Western Bulldogs,Collingwood Magpies,2026-05-30T09:35:58Z,neds,Neds,,player_disposals_over,Patrick Lipinski,Over,2.45,21.5,20260530_093320
5e06aeff84a466044adc1db2aae029cb,Western Bulldogs,Collingwood Magpies,2026-05-30T09:35:58Z,neds,Neds,,player_disposals_over,Isaac Quaynor,Over,2.6,21.5,20260530_093320
5e06aeff84a466044adc1db2aae029cb,Western Bulldogs,Collingwood Magpies,2026-05-30T09:35:58Z,neds,Neds,,player_disposals_over,Joel Freijah,Over,2.65,21.5,20260530_093320
5e06aeff84a466044adc1db2aae029cb,Western Bulldogs,Collingwood Magpies,2026-05-30T09:35:58Z,neds,Neds,,player_disposals_over,Darcy Cameron,Over,2.65,21.5,20260530_093320
5e06aeff84a466044adc1db2aae029cb,Western Bulldogs,Collingwood Magpies,2026-05-30T09:35:58Z,neds,Neds,,player_disposals_over,Brayden Maynard,Over,2.8,21.5,20260530_093320
5e06aeff84a466044adc1db2aae029cb,Western Bulldogs,Collingwood Magpies,2026-05-30T09:35:58Z,neds,Neds,,player_disposals_over,Jeremy Howe,Over,3.8,21.5,20260530_093320
5e06aeff84a466044adc1db2aae029cb,Western Bulldogs,Collingwood Magpies,2026-05-30T09:35:58Z,neds,Neds,,player_disposals_over,Lachlan Bramble,Over,4.0,21.5,20260530_093320
5e06aeff84a466044adc1db2aae029cb,Western Bulldogs,Collingwood Magpies,2026-05-30T09:35:58Z,neds,Neds,,player_disposals_over,Timothy English,Over,4.0,21.5,20260530_093320
5e06aeff84a466044adc1db2aae029cb,Western Bulldogs,Collingwood Magpies,2026-05-30T09:35:58Z,neds,Neds,,player_disposals_over,Lachie Jaques,Over,4.2,21.5,20260530_093320
5e06aeff84a466044adc1db2aae029cb,Western Bulldogs,Collingwood Magpies,2026-05-30T09:35:58Z,neds,Neds,,player_disposals_over,Nicholas Coffield,Over,4.25,21.5,20260530_093320
5e06aeff84a466044adc1db2aae029cb,Western Bulldogs,Collingwood Magpies,2026-05-30T09:35:58Z,neds,Neds,,player_disposals_over,Steele Sidebottom,Over,4.4,21.5,20260530_093320
5e06aeff84a466044adc1db2aae029cb,Western Bulldogs,Collingwood Magpies,2026-05-30T09:35:58Z,neds,Neds,,player_disposals_over,Lachlan Schultz,Over,5.0,21.5,20260530_093320
5e06aeff84a466044adc1db2aae029cb,Western Bulldogs,Collingwood Magpies,2026-05-30T09:35:58Z,neds,Neds,,player_disposals_over,Beau McCreery,Over,5.0,21.5,20260530_093320
5e06aeff84a466044adc1db2aae029cb,Western Bulldogs,Collingwood Magpies,2026-05-30T09:35:58Z,neds,Neds,,player_disposals_over,Ned Long,Over,5.0,21.5,20260530_093320
5e06aeff84a466044adc1db2aae029cb,Western Bulldogs,Collingwood Magpies,2026-05-30T09:35:58Z,neds,Neds,,player_disposals_over,Roan Steele,Over,5.0,21.5,20260530_093320
5e06aeff84a466044adc1db2aae029cb,Western Bulldogs,Collingwood Magpies,2026-05-30T09:35:58Z,neds,Neds,,player_disposals_over,Edward Allan,Over,6.6,21.5,20260530_093320
5e06aeff84a466044adc1db2aae029cb,Western Bulldogs,Collingwood Magpies,2026-05-30T09:35:58Z,neds,Neds,,player_disposals_over,Angus Anderson,Over,6.75,21.5,20260530_093320
5e06aeff84a466044adc1db2aae029cb,Western Bulldogs,Collingwood Magpies,2026-05-30T09:35:58Z,neds,Neds,,player_disposals_over,Michael Sellwood,Over,7.5,21.5,20260530_093320
5e06aeff84a466044adc1db2aae029cb,Western Bulldogs,Collingwood Magpies,2026-05-30T09:35:58Z,neds,Neds,,player_disposals_over,Rory Lobb,Over,8.25,21.5,20260530_093320
5e06aeff84a466044adc1db2aae029cb,Western Bulldogs,Collingwood Magpies,2026-05-30T09:35:58Z,neds,Neds,,player_disposals_over,Buku Khamis,Over,8.25,21.5,20260530_093320
5e06aeff84a466044adc1db2aae029cb,Western Bulldogs,Collingwood Magpies,2026-05-30T09:35:58Z,neds,Neds,,player_disposals_over,Rhylee West,Over,10.5,21.5,20260530_093320
5e06aeff84a466044adc1db2aae029cb,Western Bulldogs,Collingwood Magpies,2026-05-30T09:35:58Z,neds,Neds,,player_disposals_over,Harvey Harrison,Over,11.5,21.5,20260530_093320
5e06aeff84a466044adc1db2aae029cb,Western Bulldogs,Collingwood Magpies,2026-05-30T09:35:58Z,neds,Neds,,player_disposals_over,Arthur Jones,Over,11.5,21.5,20260530_093320
5e06aeff84a466044adc1db2aae029cb,Western Bulldogs,Collingwood Magpies,2026-05-30T09:35:58Z,neds,Neds,,player_disposals_over,Wil Parker,Over,15.0,21.5,20260530_093320
5e06aeff84a466044adc1db2aae029cb,Western Bulldogs,Collingwood Magpies,2026-05-30T09:35:58Z,neds,Neds,,player_disposals_over,James O'Donnell,Over,15.0,21.5,20260530_093320
5e06aeff84a466044adc1db2aae029cb,Western Bulldogs,Collingwood Magpies,2026-05-30T09:35:58Z,neds,Neds,,player_disposals_over,Nick Daicos,Over,1.22,27.5,20260530_093320
5e06aeff84a466044adc1db2aae029cb,Western Bulldogs,Collingwood Magpies,2026-05-30T09:35:58Z,neds,Neds,,player_disposals_over,Bailey Dale,Over,1.4,27.5,20260530_093320
5e06aeff84a466044adc1db2aae029cb,Western Bulldogs,Collingwood Magpies,2026-05-30T09:35:58Z,neds,Neds,,player_disposals_over,Marcus Bontempelli,Over,1.67,27.5,20260530_093320
5e06aeff84a466044adc1db2aae029cb,Western Bulldogs,Collingwood Magpies,2026-05-30T09:35:58Z,neds,Neds,,player_disposals_over,Ryley Sanders,Over,2.1,27.5,20260530_093320
5e06aeff84a466044adc1db2aae029cb,Western Bulldogs,Collingwood Magpies,2026-05-30T09:35:58Z,neds,Neds,,player_disposals_over,Josh Daicos,Over,2.35,27.5,20260530_093320
5e06aeff84a466044adc1db2aae029cb,Western Bulldogs,Collingwood Magpies,2026-05-30T09:35:58Z,neds,Neds,,player_disposals_over,Ed Richards,Over,2.4,27.5,20260530_093320
5e06aeff84a466044adc1db2aae029cb,Western Bulldogs,Collingwood Magpies,2026-05-30T09:35:58Z,neds,Neds,,player_disposals_over,Dan Houston,Over,3.0,27.5,20260530_093320
5e06aeff84a466044adc1db2aae029cb,Western Bulldogs,Collingwood Magpies,2026-05-30T09:35:58Z,neds,Neds,,player_disposals_over,Scott Pendlebury,Over,3.1,27.5,20260530_093320
5e06aeff84a466044adc1db2aae029cb,Western Bulldogs,Collingwood Magpies,2026-05-30T09:35:58Z,neds,Neds,,player_disposals_over,Adam Treloar,Over,3.2,27.5,20260530_093320
5e06aeff84a466044adc1db2aae029cb,Western Bulldogs,Collingwood Magpies,2026-05-30T09:35:58Z,neds,Neds,,player_disposals_over,Matthew Kennedy,Over,3.25,27.5,20260530_093320
5e06aeff84a466044adc1db2aae029cb,Western Bulldogs,Collingwood Magpies,2026-05-30T09:35:58Z,neds,Neds,,player_disposals_over,Jack Crisp,Over,3.25,27.5,20260530_093320
5e06aeff84a466044adc1db2aae029cb,Western Bulldogs,Collingwood Magpies,2026-05-30T09:35:58Z,neds,Neds,,player_disposals_over,Jordan De Goey,Over,3.9,27.5,20260530_093320
5e06aeff84a466044adc1db2aae029cb,Western Bulldogs,Collingwood Magpies,2026-05-30T09:35:58Z,neds,Neds,,player_disposals_over,Connor Budarick,Over,4.8,27.5,20260530_093320
5e06aeff84a466044adc1db2aae029cb,Western Bulldogs,Collingwood Magpies,2026-05-30T09:35:58Z,neds,Neds,,player_disposals_over,Patrick Lipinski,Over,7.75,27.5,20260530_093320
5e06aeff84a466044adc1db2aae029cb,Western Bulldogs,Collingwood Magpies,2026-05-30T09:35:58Z,neds,Neds,,player_disposals_over,Isaac Quaynor,Over,8.75,27.5,20260530_093320
5e06aeff84a466044adc1db2aae029cb,Western Bulldogs,Collingwood Magpies,2026-05-30T09:35:58Z,neds,Neds,,player_disposals_over,Joel Freijah,Over,9.0,27.5,20260530_093320
5e06aeff84a466044adc1db2aae029cb,Western Bulldogs,Collingwood Magpies,2026-05-30T09:35:58Z,neds,Neds,,player_disposals_over,Darcy Cameron,Over,9.0,27.5,20260530_093320
5e06aeff84a466044adc1db2aae029cb,Western Bulldogs,Collingwood Magpies,2026-05-30T09:35:58Z,neds,Neds,,player_disposals_over,Brayden Maynard,Over,9.75,27.5,20260530_093320
5e06aeff84a466044adc1db2aae029cb,Western Bulldogs,Collingwood Magpies,2026-05-30T09:35:58Z,neds,Neds,,player_disposals_over,Jeremy Howe,Over,16.0,27.5,20260530_093320
5e06aeff84a466044adc1db2aae029cb,Western Bulldogs,Collingwood Magpies,2026-05-30T09:35:58Z,neds,Neds,,player_disposals_over,Lachlan Bramble,Over,17.0,27.5,20260530_093320
5e06aeff84a466044adc1db2aae029cb,Western Bulldogs,Collingwood Magpies,2026-05-30T09:35:58Z,neds,Neds,,player_disposals_over,Timothy English,Over,17.0,27.5,20260530_093320
5e06aeff84a466044adc1db2aae029cb,Western Bulldogs,Collingwood Magpies,2026-05-30T09:35:58Z,neds,Neds,,player_disposals_over,Nicholas Coffield,Over,19.0,27.5,20260530_093320
5e06aeff84a466044adc1db2aae029cb,Western Bulldogs,Collingwood Magpies,2026-05-30T09:35:58Z,neds,Neds,,player_disposals_over,Lachie Jaques,Over,19.0,27.5,20260530_093320
5e06aeff84a466044adc1db2aae029cb,Western Bulldogs,Collingwood Magpies,2026-05-30T09:35:58Z,neds,Neds,,player_disposals_over,Steele Sidebottom,Over,21.0,27.5,20260530_093320
5e06aeff84a466044adc1db2aae029cb,Western Bulldogs,Collingwood Magpies,2026-05-30T09:35:58Z,neds,Neds,,player_disposals_over,Lachlan Schultz,Over,23.0,27.5,20260530_093320
5e06aeff84a466044adc1db2aae029cb,Western Bulldogs,Collingwood Magpies,2026-05-30T09:35:58Z,neds,Neds,,player_disposals_over,Beau McCreery,Over,26.0,27.5,20260530_093320
5e06aeff84a466044adc1db2aae029cb,Western Bulldogs,Collingwood Magpies,2026-05-30T09:35:58Z,neds,Neds,,player_disposals_over,Ned Long,Over,26.0,27.5,20260530_093320
5e06aeff84a466044adc1db2aae029cb,Western Bulldogs,Collingwood Magpies,2026-05-30T09:35:58Z,neds,Neds,,player_disposals_over,Roan Steele,Over,26.0,27.5,20260530_093320
5e06aeff84a466044adc1db2aae029cb,Western Bulldogs,Collingwood Magpies,2026-05-30T09:35:58Z,neds,Neds,,player_disposals_over,Nick Daicos,Over,2.6,35.5,20260530_093320
5e06aeff84a466044adc1db2aae029cb,Western Bulldogs,Collingwood Magpies,2026-05-30T09:35:58Z,neds,Neds,,player_disposals_over,Bailey Dale,Over,3.4,35.5,20260530_093320
5e06aeff84a466044adc1db2aae029cb,Western Bulldogs,Collingwood Magpies,2026-05-30T09:35:58Z,neds,Neds,,player_disposals_over,Marcus Bontempelli,Over,5.0,35.5,20260530_093320
5e06aeff84a466044adc1db2aae029cb,Western Bulldogs,Collingwood Magpies,2026-05-30T09:35:58Z,neds,Neds,,player_disposals_over,Ryley Sanders,Over,7.5,35.5,20260530_093320
5e06aeff84a466044adc1db2aae029cb,Western Bulldogs,Collingwood Magpies,2026-05-30T09:35:58Z,neds,Neds,,player_disposals_over,Josh Daicos,Over,9.5,35.5,20260530_093320
5e06aeff84a466044adc1db2aae029cb,Western Bulldogs,Collingwood Magpies,2026-05-30T09:35:58Z,neds,Neds,,player_disposals_over,Ed Richards,Over,10.0,35.5,20260530_093320
5e06aeff84a466044adc1db2aae029cb,Western Bulldogs,Collingwood Magpies,2026-05-30T09:35:58Z,neds,Neds,,player_disposals_over,Dan Houston,Over,15.0,35.5,20260530_093320
5e06aeff84a466044adc1db2aae029cb,Western Bulldogs,Collingwood Magpies,2026-05-30T09:35:58Z,neds,Neds,,player_disposals_over,Scott Pendlebury,Over,16.0,35.5,20260530_093320
5e06aeff84a466044adc1db2aae029cb,Western Bulldogs,Collingwood Magpies,2026-05-30T09:35:58Z,neds,Neds,,player_disposals_over,Adam Treloar,Over,16.0,35.5,20260530_093320
5e06aeff84a466044adc1db2aae029cb,Western Bulldogs,Collingwood Magpies,2026-05-30T09:35:58Z,neds,Neds,,player_disposals_over,Matthew Kennedy,Over,17.0,35.5,20260530_093320
5e06aeff84a466044adc1db2aae029cb,Western Bulldogs,Collingwood Magpies,2026-05-30T09:35:58Z,neds,Neds,,player_disposals_over,Jack Crisp,Over,17.0,35.5,20260530_093320
5e06aeff84a466044adc1db2aae029cb,Western Bulldogs,Collingwood Magpies,2026-05-30T09:35:58Z,neds,Neds,,player_disposals_over,Jordan De Goey,Over,23.0,35.5,20260530_093320
5e06aeff84a466044adc1db2aae029cb,Western Bulldogs,Collingwood Magpies,2026-05-30T09:35:58Z,neds,Neds,,player_disposals_over,Connor Budarick,Over,34.0,35.5,20260530_093320
5e06aeff84a466044adc1db2aae029cb,Western Bulldogs,Collingwood Magpies,2026-05-30T09:35:58Z,neds,Neds,,player_disposals_over,Nick Daicos,Over,1.44,29.5,20260530_093320
5e06aeff84a466044adc1db2aae029cb,Western Bulldogs,Collingwood Magpies,2026-05-30T09:35:58Z,neds,Neds,,player_disposals_over,Bailey Dale,Over,1.68,29.5,20260530_093320
5e06aeff84a466044adc1db2aae029cb,Western Bulldogs,Collingwood Magpies,2026-05-30T09:35:58Z,neds,Neds,,player_disposals_over,Marcus Bontempelli,Over,2.1,29.5,20260530_093320
5e06aeff84a466044adc1db2aae029cb,Western Bulldogs,Collingwood Magpies,2026-05-30T09:35:58Z,neds,Neds,,player_disposals_over,Ryley Sanders,Over,2.75,29.5,20260530_093320
5e06aeff84a466044adc1db2aae029cb,Western Bulldogs,Collingwood Magpies,2026-05-30T09:35:58Z,neds,Neds,,player_disposals_over,Josh Daicos,Over,3.15,29.5,20260530_093320
5e06aeff84a466044adc1db2aae029cb,Western Bulldogs,Collingwood Magpies,2026-05-30T09:35:58Z,neds,Neds,,player_disposals_over,Ed Richards,Over,3.3,29.5,20260530_093320
5e06aeff84a466044adc1db2aae029cb,Western Bulldogs,Collingwood Magpies,2026-05-30T09:35:58Z,neds,Neds,,player_disposals_over,Dan Houston,Over,4.25,29.5,20260530_093320
5e06aeff84a466044adc1db2aae029cb,Western Bulldogs,Collingwood Magpies,2026-05-30T09:35:58Z,neds,Neds,,player_disposals_over,Scott Pendlebury,Over,4.4,29.5,20260530_093320
5e06aeff84a466044adc1db2aae029cb,Western Bulldogs,Collingwood Magpies,2026-05-30T09:35:58Z,neds,Neds,,player_disposals_over,Adam Treloar,Over,4.6,29.5,20260530_093320
5e06aeff84a466044adc1db2aae029cb,Western Bulldogs,Collingwood Magpies,2026-05-30T09:35:58Z,neds,Neds,,player_disposals_over,Matthew Kennedy,Over,4.75,29.5,20260530_093320
5e06aeff84a466044adc1db2aae029cb,Western Bulldogs,Collingwood Magpies,2026-05-30T09:35:58Z,neds,Neds,,player_disposals_over,Jack Crisp,Over,4.75,29.5,20260530_093320
5e06aeff84a466044adc1db2aae029cb,Western Bulldogs,Collingwood Magpies,2026-05-30T09:35:58Z,neds,Neds,,player_disposals_over,Jordan De Goey,Over,5.8,29.5,20260530_093320
5e06aeff84a466044adc1db2aae029cb,Western Bulldogs,Collingwood Magpies,2026-05-30T09:35:58Z,neds,Neds,,player_disposals_over,Connor Budarick,Over,7.5,29.5,20260530_093320
5e06aeff84a466044adc1db2aae029cb,Western Bulldogs,Collingwood Magpies,2026-05-30T09:35:58Z,neds,Neds,,player_disposals_over,Patrick Lipinski,Over,13.0,29.5,20260530_093320
5e06aeff84a466044adc1db2aae029cb,Western Bulldogs,Collingwood Magpies,2026-05-30T09:35:58Z,neds,Neds,,player_disposals_over,Isaac Quaynor,Over,15.0,29.5,20260530_093320
5e06aeff84a466044adc1db2aae029cb,Western Bulldogs,Collingwood Magpies,2026-05-30T09:35:58Z,neds,Neds,,player_disposals_over,Joel Freijah,Over,15.0,29.5,20260530_093320
5e06aeff84a466044adc1db2aae029cb,Western Bulldogs,Collingwood Magpies,2026-05-30T09:35:58Z,neds,Neds,,player_disposals_over,Darcy Cameron,Over,15.0,29.5,20260530_093320
5e06aeff84a466044adc1db2aae029cb,Western Bulldogs,Collingwood Magpies,2026-05-30T09:35:58Z,neds,Neds,,player_disposals_over,Brayden Maynard,Over,17.0,29.5,20260530_093320
5e06aeff84a466044adc1db2aae029cb,Western Bulldogs,Collingwood Magpies,2026-05-30T09:35:58Z,neds,Neds,,player_disposals_over,Jeremy Howe,Over,29.0,29.5,20260530_093320
5e06aeff84a466044adc1db2aae029cb,Western Bulldogs,Collingwood Magpies,2026-05-30T09:35:58Z,neds,Neds,,player_disposals_over,Lachlan Bramble,Over,31.0,29.5,20260530_093320
5e06aeff84a466044adc1db2aae029cb,Western Bulldogs,Collingwood Magpies,2026-05-30T09:35:58Z,neds,Neds,,player_disposals_over,Timothy English,Over,31.0,29.5,20260530_093320
5e06aeff84a466044adc1db2aae029cb,Western Bulldogs,Collingwood Magpies,2026-05-30T09:35:58Z,neds,Neds,,player_disposals_over,Nicholas Coffield,Over,34.0,29.5,20260530_093320
5e06aeff84a466044adc1db2aae029cb,Western Bulldogs,Collingwood Magpies,2026-05-30T09:35:58Z,neds,Neds,,player_disposals_over,Lachie Jaques,Over,34.0,29.5,20260530_093320
5e06aeff84a466044adc1db2aae029cb,Western Bulldogs,Collingwood Magpies,2026-05-30T09:35:58Z,neds,Neds,,player_disposals_over,Steele Sidebottom,Over,41.0,29.5,20260530_093320
5e06aeff84a466044adc1db2aae029cb,Western Bulldogs,Collingwood Magpies,2026-05-30T09:35:58Z,neds,Neds,,player_disposals_over,Lachlan Schultz,Over,51.0,29.5,20260530_093320
5e06aeff84a466044adc1db2aae029cb,Western Bulldogs,Collingwood Magpies,2026-05-30T09:35:58Z,neds,Neds,,player_disposals_over,Ryley Sanders,Over,1.08,19.5,20260530_093320
5e06aeff84a466044adc1db2aae029cb,Western Bulldogs,Collingwood Magpies,2026-05-30T09:35:58Z,neds,Neds,,player_disposals_over,Josh Daicos,Over,1.13,19.5,20260530_093320
5e06aeff84a466044adc1db2aae029cb,Western Bulldogs,Collingwood Magpies,2026-05-30T09:35:58Z,neds,Neds,,player_disposals_over,Ed Richards,Over,1.14,19.5,20260530_093320
5e06aeff84a466044adc1db2aae029cb,Western Bulldogs,Collingwood Magpies,2026-05-30T09:35:58Z,neds,Neds,,player_disposals_over,Dan Houston,Over,1.24,19.5,20260530_093320
5e06aeff84a466044adc1db2aae029cb,Western Bulldogs,Collingwood Magpies,2026-05-30T09:35:58Z,neds,Neds,,player_disposals_over,Scott Pendlebury,Over,1.25,19.5,20260530_093320
5e06aeff84a466044adc1db2aae029cb,Western Bulldogs,Collingwood Magpies,2026-05-30T09:35:58Z,neds,Neds,,player_disposals_over,Adam Treloar,Over,1.26,19.5,20260530_093320
5e06aeff84a466044adc1db2aae029cb,Western Bulldogs,Collingwood Magpies,2026-05-30T09:35:58Z,neds,Neds,,player_disposals_over,Matthew Kennedy,Over,1.28,19.5,20260530_093320
5e06aeff84a466044adc1db2aae029cb,Western Bulldogs,Collingwood Magpies,2026-05-30T09:35:58Z,neds,Neds,,player_disposals_over,Jack Crisp,Over,1.28,19.5,20260530_093320
5e06aeff84a466044adc1db2aae029cb,Western Bulldogs,Collingwood Magpies,2026-05-30T09:35:58Z,neds,Neds,,player_disposals_over,Jordan De Goey,Over,1.38,19.5,20260530_093320
5e06aeff84a466044adc1db2aae029cb,Western Bulldogs,Collingwood Magpies,2026-05-30T09:35:58Z,neds,Neds,,player_disposals_over,Connor Budarick,Over,1.52,19.5,20260530_093320
5e06aeff84a466044adc1db2aae029cb,Western Bulldogs,Collingwood Magpies,2026-05-30T09:35:58Z,neds,Neds,,player_disposals_over,Patrick Lipinski,Over,1.87,19.5,20260530_093320
5e06aeff84a466044adc1db2aae029cb,Western Bulldogs,Collingwood Magpies,2026-05-30T09:35:58Z,neds,Neds,,player_disposals_over,Isaac Quaynor,Over,1.98,19.5,20260530_093320
5e06aeff84a466044adc1db2aae029cb,Western Bulldogs,Collingwood Magpies,2026-05-30T09:35:58Z,neds,Neds,,player_disposals_over,Joel Freijah,Over,2.0,19.5,20260530_093320
5e06aeff84a466044adc1db2aae029cb,Western Bulldogs,Collingwood Magpies,2026-05-30T09:35:58Z,neds,Neds,,player_disposals_over,Darcy Cameron,Over,2.0,19.5,20260530_093320
5e06aeff84a466044adc1db2aae029cb,Western Bulldogs,Collingwood Magpies,2026-05-30T09:35:58Z,neds,Neds,,player_disposals_over,Brayden Maynard,Over,2.1,19.5,20260530_093320
5e06aeff84a466044adc1db2aae029cb,Western Bulldogs,Collingwood Magpies,2026-05-30T09:35:58Z,neds,Neds,,player_disposals_over,Jeremy Howe,Over,2.65,19.5,20260530_093320
5e06aeff84a466044adc1db2aae029cb,Western Bulldogs,Collingwood Magpies,2026-05-30T09:35:58Z,neds,Neds,,player_disposals_over,Lachlan Bramble,Over,2.8,19.5,20260530_093320
5e06aeff84a466044adc1db2aae029cb,Western Bulldogs,Collingwood Magpies,2026-05-30T09:35:58Z,neds,Neds,,player_disposals_over,Timothy English,Over,2.8,19.5,20260530_093320
5e06aeff84a466044adc1db2aae029cb,Western Bulldogs,Collingwood Magpies,2026-05-30T09:35:58Z,neds,Neds,,player_disposals_over,Lachie Jaques,Over,2.9,19.5,20260530_093320
5e06aeff84a466044adc1db2aae029cb,Western Bulldogs,Collingwood Magpies,2026-05-30T09:35:58Z,neds,Neds,,player_disposals_over,Nicholas Coffield,Over,2.95,19.5,20260530_093320
5e06aeff84a466044adc1db2aae029cb,Western Bulldogs,Collingwood Magpies,2026-05-30T09:35:58Z,neds,Neds,,player_disposals_over,Steele Sidebottom,Over,3.0,19.5,20260530_093320
5e06aeff84a466044adc1db2aae029cb,Western Bulldogs,Collingwood Magpies,2026-05-30T09:35:58Z,neds,Neds,,player_disposals_over,Lachlan Schultz,Over,3.35,19.5,20260530_093320
5e06aeff84a466044adc1db2aae029cb,Western Bulldogs,Collingwood Magpies,2026-05-30T09:35:58Z,neds,Neds,,player_disposals_over,Beau McCreery,Over,3.4,19.5,20260530_093320
5e06aeff84a466044adc1db2aae029cb,Western Bulldogs,Collingwood Magpies,2026-05-30T09:35:58Z,neds,Neds,,player_disposals_over,Ned Long,Over,3.4,19.5,20260530_093320
5e06aeff84a466044adc1db2aae029cb,Western Bulldogs,Collingwood Magpies,2026-05-30T09:35:58Z,neds,Neds,,player_disposals_over,Roan Steele,Over,3.4,19.5,20260530_093320
5e06aeff84a466044adc1db2aae029cb,Western Bulldogs,Collingwood Magpies,2026-05-30T09:35:58Z,neds,Neds,,player_disposals_over,Edward Allan,Over,4.2,19.5,20260530_093320
5e06aeff84a466044adc1db2aae029cb,Western Bulldogs,Collingwood Magpies,2026-05-30T09:35:58Z,neds,Neds,,player_disposals_over,Angus Anderson,Over,4.25,19.5,20260530_093320
5e06aeff84a466044adc1db2aae029cb,Western Bulldogs,Collingwood Magpies,2026-05-30T09:35:58Z,neds,Neds,,player_disposals_over,Michael Sellwood,Over,4.6,19.5,20260530_093320
5e06aeff84a466044adc1db2aae029cb,Western Bulldogs,Collingwood Magpies,2026-05-30T09:35:58Z,neds,Neds,,player_disposals_over,Rory Lobb,Over,5.0,19.5,20260530_093320
5e06aeff84a466044adc1db2aae029cb,Western Bulldogs,Collingwood Magpies,2026-05-30T09:35:58Z,neds,Neds,,player_disposals_over,Buku Khamis,Over,5.0,19.5,20260530_093320
5e06aeff84a466044adc1db2aae029cb,Western Bulldogs,Collingwood Magpies,2026-05-30T09:35:58Z,neds,Neds,,player_disposals_over,Rhylee West,Over,6.2,19.5,20260530_093320
5e06aeff84a466044adc1db2aae029cb,Western Bulldogs,Collingwood Magpies,2026-05-30T09:35:58Z,neds,Neds,,player_disposals_over,Harvey Harrison,Over,6.8,19.5,20260530_093320
5e06aeff84a466044adc1db2aae029cb,Western Bulldogs,Collingwood Magpies,2026-05-30T09:35:58Z,neds,Neds,,player_disposals_over,Arthur Jones,Over,6.8,19.5,20260530_093320
5e06aeff84a466044adc1db2aae029cb,Western Bulldogs,Collingwood Magpies,2026-05-30T09:35:58Z,neds,Neds,,player_disposals_over,Wil Parker,Over,8.5,19.5,20260530_093320
5e06aeff84a466044adc1db2aae029cb,Western Bulldogs,Collingwood Magpies,2026-05-30T09:35:58Z,neds,Neds,,player_disposals_over,James O'Donnell,Over,8.5,19.5,20260530_093320
5e06aeff84a466044adc1db2aae029cb,Western Bulldogs,Collingwood Magpies,2026-05-30T09:35:58Z,neds,Neds,,player_disposals_over,Aaron Naughton,Over,9.5,19.5,20260530_093320
5e06aeff84a466044adc1db2aae029cb,Western Bulldogs,Collingwood Magpies,2026-05-30T09:35:58Z,neds,Neds,,player_disposals_over,Billy Frampton,Over,9.5,19.5,20260530_093320
5e06aeff84a466044adc1db2aae029cb,Western Bulldogs,Collingwood Magpies,2026-05-30T09:35:58Z,neds,Neds,,player_disposals_over,Lachie McNeil,Over,10.5,19.5,20260530_093320
5e06aeff84a466044adc1db2aae029cb,Western Bulldogs,Collingwood Magpies,2026-05-30T09:35:58Z,neds,Neds,,player_disposals_over,Nick Daicos,Over,3.35,37.5,20260530_093320
5e06aeff84a466044adc1db2aae029cb,Western Bulldogs,Collingwood Magpies,2026-05-30T09:35:58Z,neds,Neds,,player_disposals_over,Bailey Dale,Over,4.6,37.5,20260530_093320
5e06aeff84a466044adc1db2aae029cb,Western Bulldogs,Collingwood Magpies,2026-05-30T09:35:58Z,neds,Neds,,player_disposals_over,Marcus Bontempelli,Over,7.0,37.5,20260530_093320
5e06aeff84a466044adc1db2aae029cb,Western Bulldogs,Collingwood Magpies,2026-05-30T09:35:58Z,neds,Neds,,player_disposals_over,Ryley Sanders,Over,11.5,37.5,20260530_093320
5e06aeff84a466044adc1db2aae029cb,Western Bulldogs,Collingwood Magpies,2026-05-30T09:35:58Z,neds,Neds,,player_disposals_over,Josh Daicos,Over,15.0,37.5,20260530_093320
5e06aeff84a466044adc1db2aae029cb,Western Bulldogs,Collingwood Magpies,2026-05-30T09:35:58Z,neds,Neds,,player_disposals_over,Ed Richards,Over,16.0,37.5,20260530_093320
5e06aeff84a466044adc1db2aae029cb,Western Bulldogs,Collingwood Magpies,2026-05-30T09:35:58Z,neds,Neds,,player_disposals_over,Dan Houston,Over,23.0,37.5,20260530_093320
5e06aeff84a466044adc1db2aae029cb,Western Bulldogs,Collingwood Magpies,2026-05-30T09:35:58Z,neds,Neds,,player_disposals_over,Scott Pendlebury,Over,26.0,37.5,20260530_093320
5e06aeff84a466044adc1db2aae029cb,Western Bulldogs,Collingwood Magpies,2026-05-30T09:35:58Z,neds,Neds,,player_disposals_over,Matthew Kennedy,Over,29.0,37.5,20260530_093320
5e06aeff84a466044adc1db2aae029cb,Western Bulldogs,Collingwood Magpies,2026-05-30T09:35:58Z,neds,Neds,,player_disposals_over,Adam Treloar,Over,29.0,37.5,20260530_093320
5e06aeff84a466044adc1db2aae029cb,Western Bulldogs,Collingwood Magpies,2026-05-30T09:35:58Z,neds,Neds,,player_disposals_over,Jack Crisp,Over,29.0,37.5,20260530_093320
5e06aeff84a466044adc1db2aae029cb,Western Bulldogs,Collingwood Magpies,2026-05-30T09:35:58Z,neds,Neds,,player_disposals_over,Jordan De Goey,Over,41.0,37.5,20260530_093320
5e06aeff84a466044adc1db2aae029cb,Western Bulldogs,Collingwood Magpies,2026-05-30T09:35:58Z,neds,Neds,,player_disposals_over,Patrick Lipinski,Over,1.03,13.5,20260530_093320
5e06aeff84a466044adc1db2aae029cb,Western Bulldogs,Collingwood Magpies,2026-05-30T09:35:58Z,neds,Neds,,player_disposals_over,Isaac Quaynor,Over,1.05,13.5,20260530_093320
5e06aeff84a466044adc1db2aae029cb,Western Bulldogs,Collingwood Magpies,2026-05-30T09:35:58Z,neds,Neds,,player_disposals_over,Joel Freijah,Over,1.05,13.5,20260530_093320
5e06aeff84a466044adc1db2aae029cb,Western Bulldogs,Collingwood Magpies,2026-05-30T09:35:58Z,neds,Neds,,player_disposals_over,Darcy Cameron,Over,1.05,13.5,20260530_093320
5e06aeff84a466044adc1db2aae029cb,Western Bulldogs,Collingwood Magpies,2026-05-30T09:35:58Z,neds,Neds,,player_disposals_over,Brayden Maynard,Over,1.07,13.5,20260530_093320
5e06aeff84a466044adc1db2aae029cb,Western Bulldogs,Collingwood Magpies,2026-05-30T09:35:58Z,neds,Neds,,player_disposals_over,Jeremy Howe,Over,1.19,13.5,20260530_093320
5e06aeff84a466044adc1db2aae029cb,Western Bulldogs,Collingwood Magpies,2026-05-30T09:35:58Z,neds,Neds,,player_disposals_over,Lachlan Bramble,Over,1.2,13.5,20260530_093320
5e06aeff84a466044adc1db2aae029cb,Western Bulldogs,Collingwood Magpies,2026-05-30T09:35:58Z,neds,Neds,,player_disposals_over,Timothy English,Over,1.2,13.5,20260530_093320
5e06aeff84a466044adc1db2aae029cb,Western Bulldogs,Collingwood Magpies,2026-05-30T09:35:58Z,neds,Neds,,player_disposals_over,Lachie Jaques,Over,1.22,13.5,20260530_093320
5e06aeff84a466044adc1db2aae029cb,Western Bulldogs,Collingwood Magpies,2026-05-30T09:35:58Z,neds,Neds,,player_disposals_over,Nicholas Coffield,Over,1.24,13.5,20260530_093320
5e06aeff84a466044adc1db2aae029cb,Western Bulldogs,Collingwood Magpies,2026-05-30T09:35:58Z,neds,Neds,,player_disposals_over,Steele Sidebottom,Over,1.25,13.5,20260530_093320
5e06aeff84a466044adc1db2aae029cb,Western Bulldogs,Collingwood Magpies,2026-05-30T09:35:58Z,neds,Neds,,player_disposals_over,Lachlan Schultz,Over,1.3,13.5,20260530_093320
5e06aeff84a466044adc1db2aae029cb,Western Bulldogs,Collingwood Magpies,2026-05-30T09:35:58Z,neds,Neds,,player_disposals_over,Beau McCreery,Over,1.32,13.5,20260530_093320
5e06aeff84a466044adc1db2aae029cb,Western Bulldogs,Collingwood Magpies,2026-05-30T09:35:58Z,neds,Neds,,player_disposals_over,Ned Long,Over,1.32,13.5,20260530_093320
5e06aeff84a466044adc1db2aae029cb,Western Bulldogs,Collingwood Magpies,2026-05-30T09:35:58Z,neds,Neds,,player_disposals_over,Roan Steele,Over,1.32,13.5,20260530_093320
5e06aeff84a466044adc1db2aae029cb,Western Bulldogs,Collingwood Magpies,2026-05-30T09:35:58Z,neds,Neds,,player_disposals_over,Edward Allan,Over,1.46,13.5,20260530_093320
5e06aeff84a466044adc1db2aae029cb,Western Bulldogs,Collingwood Magpies,2026-05-30T09:35:58Z,neds,Neds,,player_disposals_over,Angus Anderson,Over,1.48,13.5,20260530_093320
5e06aeff84a466044adc1db2aae029cb,Western Bulldogs,Collingwood Magpies,2026-05-30T09:35:58Z,neds,Neds,,player_disposals_over,Michael Sellwood,Over,1.55,13.5,20260530_093320
5e06aeff84a466044adc1db2aae029cb,Western Bulldogs,Collingwood Magpies,2026-05-30T09:35:58Z,neds,Neds,,player_disposals_over,Rory Lobb,Over,1.62,13.5,20260530_093320
5e06aeff84a466044adc1db2aae029cb,Western Bulldogs,Collingwood Magpies,2026-05-30T09:35:58Z,neds,Neds,,player_disposals_over,Buku Khamis,Over,1.62,13.5,20260530_093320
5e06aeff84a466044adc1db2aae029cb,Western Bulldogs,Collingwood Magpies,2026-05-30T09:35:58Z,neds,Neds,,player_disposals_over,Rhylee West,Over,1.8,13.5,20260530_093320
5e06aeff84a466044adc1db2aae029cb,Western Bulldogs,Collingwood Magpies,2026-05-30T09:35:58Z,neds,Neds,,player_disposals_over,Harvey Harrison,Over,1.9,13.5,20260530_093320
5e06aeff84a466044adc1db2aae029cb,Western Bulldogs,Collingwood Magpies,2026-05-30T09:35:58Z,neds,Neds,,player_disposals_over,Arthur Jones,Over,1.9,13.5,20260530_093320
5e06aeff84a466044adc1db2aae029cb,Western Bulldogs,Collingwood Magpies,2026-05-30T09:35:58Z,neds,Neds,,player_disposals_over,Wil Parker,Over,2.15,13.5,20260530_093320
5e06aeff84a466044adc1db2aae029cb,Western Bulldogs,Collingwood Magpies,2026-05-30T09:35:58Z,neds,Neds,,player_disposals_over,James O'Donnell,Over,2.15,13.5,20260530_093320
5e06aeff84a466044adc1db2aae029cb,Western Bulldogs,Collingwood Magpies,2026-05-30T09:35:58Z,neds,Neds,,player_disposals_over,Aaron Naughton,Over,2.3,13.5,20260530_093320
5e06aeff84a466044adc1db2aae029cb,Western Bulldogs,Collingwood Magpies,2026-05-30T09:35:58Z,neds,Neds,,player_disposals_over,Billy Frampton,Over,2.3,13.5,20260530_093320
5e06aeff84a466044adc1db2aae029cb,Western Bulldogs,Collingwood Magpies,2026-05-30T09:35:58Z,neds,Neds,,player_disposals_over,Lachie McNeil,Over,2.4,13.5,20260530_093320
5e06aeff84a466044adc1db2aae029cb,Western Bulldogs,Collingwood Magpies,2026-05-30T09:35:58Z,neds,Neds,,player_disposals_over,Cooper Hynes,Over,3.1,13.5,20260530_093320
5e06aeff84a466044adc1db2aae029cb,Western Bulldogs,Collingwood Magpies,2026-05-30T09:35:58Z,neds,Neds,,player_disposals_over,Will Lewis,Over,3.1,13.5,20260530_093320
5e06aeff84a466044adc1db2aae029cb,Western Bulldogs,Collingwood Magpies,2026-05-30T09:35:58Z,neds,Neds,,player_disposals_over,Daniel McStay,Over,3.1,13.5,20260530_093320
5e06aeff84a466044adc1db2aae029cb,Western Bulldogs,Collingwood Magpies,2026-05-30T09:35:58Z,neds,Neds,,player_disposals_over,Tim Membrey,Over,3.6,13.5,20260530_093320
5e06aeff84a466044adc1db2aae029cb,Western Bulldogs,Collingwood Magpies,2026-05-30T09:35:58Z,neds,Neds,,player_disposals_over,Jordan Croft,Over,4.4,13.5,20260530_093320
5e06aeff84a466044adc1db2aae029cb,Western Bulldogs,Collingwood Magpies,2026-05-30T09:35:58Z,neds,Neds,,player_disposals_over,Beau McCreery,Over,1.01,9.5,20260530_093320
5e06aeff84a466044adc1db2aae029cb,Western Bulldogs,Collingwood Magpies,2026-05-30T09:35:58Z,neds,Neds,,player_disposals_over,Ned Long,Over,1.01,9.5,20260530_093320
5e06aeff84a466044adc1db2aae029cb,Western Bulldogs,Collingwood Magpies,2026-05-30T09:35:58Z,neds,Neds,,player_disposals_over,Edward Allan,Over,1.01,9.5,20260530_093320
5e06aeff84a466044adc1db2aae029cb,Western Bulldogs,Collingwood Magpies,2026-05-30T09:35:58Z,neds,Neds,,player_disposals_over,Roan Steele,Over,1.01,9.5,20260530_093320
5e06aeff84a466044adc1db2aae029cb,Western Bulldogs,Collingwood Magpies,2026-05-30T09:35:58Z,neds,Neds,,player_disposals_over,Angus Anderson,Over,1.02,9.5,20260530_093320
5e06aeff84a466044adc1db2aae029cb,Western Bulldogs,Collingwood Magpies,2026-05-30T09:35:58Z,neds,Neds,,player_disposals_over,Michael Sellwood,Over,1.03,9.5,20260530_093320
5e06aeff84a466044adc1db2aae029cb,Western Bulldogs,Collingwood Magpies,2026-05-30T09:35:58Z,neds,Neds,,player_disposals_over,Rory Lobb,Over,1.04,9.5,20260530_093320
5e06aeff84a466044adc1db2aae029cb,Western Bulldogs,Collingwood Magpies,2026-05-30T09:35:58Z,neds,Neds,,player_disposals_over,Buku Khamis,Over,1.04,9.5,20260530_093320
5e06aeff84a466044adc1db2aae029cb,Western Bulldogs,Collingwood Magpies,2026-05-30T09:35:58Z,neds,Neds,,player_disposals_over,Rhylee West,Over,1.09,9.5,20260530_093320
5e06aeff84a466044adc1db2aae029cb,Western Bulldogs,Collingwood Magpies,2026-05-30T09:35:58Z,neds,Neds,,player_disposals_over,Harvey Harrison,Over,1.12,9.5,20260530_093320
5e06aeff84a466044adc1db2aae029cb,Western Bulldogs,Collingwood Magpies,2026-05-30T09:35:58Z,neds,Neds,,player_disposals_over,Arthur Jones,Over,1.12,9.5,20260530_093320
5e06aeff84a466044adc1db2aae029cb,Western Bulldogs,Collingwood Magpies,2026-05-30T09:35:58Z,neds,Neds,,player_disposals_over,Wil Parker,Over,1.19,9.5,20260530_093320
5e06aeff84a466044adc1db2aae029cb,Western Bulldogs,Collingwood Magpies,2026-05-30T09:35:58Z,neds,Neds,,player_disposals_over,James O'Donnell,Over,1.19,9.5,20260530_093320
5e06aeff84a466044adc1db2aae029cb,Western Bulldogs,Collingwood Magpies,2026-05-30T09:35:58Z,neds,Neds,,player_disposals_over,Aaron Naughton,Over,1.22,9.5,20260530_093320
5e06aeff84a466044adc1db2aae029cb,Western Bulldogs,Collingwood Magpies,2026-05-30T09:35:58Z,neds,Neds,,player_disposals_over,Billy Frampton,Over,1.22,9.5,20260530_093320
5e06aeff84a466044adc1db2aae029cb,Western Bulldogs,Collingwood Magpies,2026-05-30T09:35:58Z,neds,Neds,,player_disposals_over,Lachie McNeil,Over,1.24,9.5,20260530_093320
5e06aeff84a466044adc1db2aae029cb,Western Bulldogs,Collingwood Magpies,2026-05-30T09:35:58Z,neds,Neds,,player_disposals_over,Cooper Hynes,Over,1.4,9.5,20260530_093320
5e06aeff84a466044adc1db2aae029cb,Western Bulldogs,Collingwood Magpies,2026-05-30T09:35:58Z,neds,Neds,,player_disposals_over,Will Lewis,Over,1.4,9.5,20260530_093320
5e06aeff84a466044adc1db2aae029cb,Western Bulldogs,Collingwood Magpies,2026-05-30T09:35:58Z,neds,Neds,,player_disposals_over,Daniel McStay,Over,1.4,9.5,20260530_093320
5e06aeff84a466044adc1db2aae029cb,Western Bulldogs,Collingwood Magpies,2026-05-30T09:35:58Z,neds,Neds,,player_disposals_over,Tim Membrey,Over,1.52,9.5,20260530_093320
5e06aeff84a466044adc1db2aae029cb,Western Bulldogs,Collingwood Magpies,2026-05-30T09:35:58Z,neds,Neds,,player_disposals_over,Jordan Croft,Over,1.67,9.5,20260530_093320
5e06aeff84a466044adc1db2aae029cb,Western Bulldogs,Collingwood Magpies,2026-05-30T09:35:58Z,neds,Neds,,player_disposals_over,Jeremy Howe,Over,1.03,11.5,20260530_093320
5e06aeff84a466044adc1db2aae029cb,Western Bulldogs,Collingwood Magpies,2026-05-30T09:35:58Z,neds,Neds,,player_disposals_over,Lachlan Bramble,Over,1.04,11.5,20260530_093320
5e06aeff84a466044adc1db2aae029cb,Western Bulldogs,Collingwood Magpies,2026-05-30T09:35:58Z,neds,Neds,,player_disposals_over,Timothy English,Over,1.04,11.5,20260530_093320
5e06aeff84a466044adc1db2aae029cb,Western Bulldogs,Collingwood Magpies,2026-05-30T09:35:58Z,neds,Neds,,player_disposals_over,Lachie Jaques,Over,1.04,11.5,20260530_093320
5e06aeff84a466044adc1db2aae029cb,Western Bulldogs,Collingwood Magpies,2026-05-30T09:35:58Z,neds,Neds,,player_disposals_over,Nicholas Coffield,Over,1.05,11.5,20260530_093320
5e06aeff84a466044adc1db2aae029cb,Western Bulldogs,Collingwood Magpies,2026-05-30T09:35:58Z,neds,Neds,,player_disposals_over,Steele Sidebottom,Over,1.06,11.5,20260530_093320
5e06aeff84a466044adc1db2aae029cb,Western Bulldogs,Collingwood Magpies,2026-05-30T09:35:58Z,neds,Neds,,player_disposals_over,Lachlan Schultz,Over,1.09,11.5,20260530_093320
5e06aeff84a466044adc1db2aae029cb,Western Bulldogs,Collingwood Magpies,2026-05-30T09:35:58Z,neds,Neds,,player_disposals_over,Beau McCreery,Over,1.1,11.5,20260530_093320
5e06aeff84a466044adc1db2aae029cb,Western Bulldogs,Collingwood Magpies,2026-05-30T09:35:58Z,neds,Neds,,player_disposals_over,Ned Long,Over,1.1,11.5,20260530_093320
5e06aeff84a466044adc1db2aae029cb,Western Bulldogs,Collingwood Magpies,2026-05-30T09:35:58Z,neds,Neds,,player_disposals_over,Roan Steele,Over,1.1,11.5,20260530_093320
5e06aeff84a466044adc1db2aae029cb,Western Bulldogs,Collingwood Magpies,2026-05-30T09:35:58Z,neds,Neds,,player_disposals_over,Edward Allan,Over,1.17,11.5,20260530_093320
5e06aeff84a466044adc1db2aae029cb,Western Bulldogs,Collingwood Magpies,2026-05-30T09:35:58Z,neds,Neds,,player_disposals_over,Angus Anderson,Over,1.18,11.5,20260530_093320
5e06aeff84a466044adc1db2aae029cb,Western Bulldogs,Collingwood Magpies,2026-05-30T09:35:58Z,neds,Neds,,player_disposals_over,Michael Sellwood,Over,1.22,11.5,20260530_093320
5e06aeff84a466044adc1db2aae029cb,Western Bulldogs,Collingwood Magpies,2026-05-30T09:35:58Z,neds,Neds,,player_disposals_over,Rory Lobb,Over,1.25,11.5,20260530_093320
5e06aeff84a466044adc1db2aae029cb,Western Bulldogs,Collingwood Magpies,2026-05-30T09:35:58Z,neds,Neds,,player_disposals_over,Buku Khamis,Over,1.25,11.5,20260530_093320
5e06aeff84a466044adc1db2aae029cb,Western Bulldogs,Collingwood Magpies,2026-05-30T09:35:58Z,neds,Neds,,player_disposals_over,Rhylee West,Over,1.35,11.5,20260530_093320
5e06aeff84a466044adc1db2aae029cb,Western Bulldogs,Collingwood Magpies,2026-05-30T09:35:58Z,neds,Neds,,player_disposals_over,Harvey Harrison,Over,1.38,11.5,20260530_093320
5e06aeff84a466044adc1db2aae029cb,Western Bulldogs,Collingwood Magpies,2026-05-30T09:35:58Z,neds,Neds,,player_disposals_over,Arthur Jones,Over,1.38,11.5,20260530_093320
5e06aeff84a466044adc1db2aae029cb,Western Bulldogs,Collingwood Magpies,2026-05-30T09:35:58Z,neds,Neds,,player_disposals_over,Wil Parker,Over,1.53,11.5,20260530_093320
5e06aeff84a466044adc1db2aae029cb,Western Bulldogs,Collingwood Magpies,2026-05-30T09:35:58Z,neds,Neds,,player_disposals_over,James O'Donnell,Over,1.53,11.5,20260530_093320
5e06aeff84a466044adc1db2aae029cb,Western Bulldogs,Collingwood Magpies,2026-05-30T09:35:58Z,neds,Neds,,player_disposals_over,Aaron Naughton,Over,1.6,11.5,20260530_093320
5e06aeff84a466044adc1db2aae029cb,Western Bulldogs,Collingwood Magpies,2026-05-30T09:35:58Z,neds,Neds,,player_disposals_over,Billy Frampton,Over,1.6,11.5,20260530_093320
5e06aeff84a466044adc1db2aae029cb,Western Bulldogs,Collingwood Magpies,2026-05-30T09:35:58Z,neds,Neds,,player_disposals_over,Lachie McNeil,Over,1.65,11.5,20260530_093320
5e06aeff84a466044adc1db2aae029cb,Western Bulldogs,Collingwood Magpies,2026-05-30T09:35:58Z,neds,Neds,,player_disposals_over,Cooper Hynes,Over,2.0,11.5,20260530_093320
5e06aeff84a466044adc1db2aae029cb,Western Bulldogs,Collingwood Magpies,2026-05-30T09:35:58Z,neds,Neds,,player_disposals_over,Will Lewis,Over,2.0,11.5,20260530_093320
5e06aeff84a466044adc1db2aae029cb,Western Bulldogs,Collingwood Magpies,2026-05-30T09:35:58Z,neds,Neds,,player_disposals_over,Daniel McStay,Over,2.0,11.5,20260530_093320
5e06aeff84a466044adc1db2aae029cb,Western Bulldogs,Collingwood Magpies,2026-05-30T09:35:58Z,neds,Neds,,player_disposals_over,Tim Membrey,Over,2.2,11.5,20260530_093320
5e06aeff84a466044adc1db2aae029cb,Western Bulldogs,Collingwood Magpies,2026-05-30T09:35:58Z,neds,Neds,,player_disposals_over,Jordan Croft,Over,2.55,11.5,20260530_093320
5e06aeff84a466044adc1db2aae029cb,Western Bulldogs,Collingwood Magpies,2026-05-30T09:35:58Z,neds,Neds,,player_disposals_over,Nick Daicos,Over,2.35,34.5,20260530_093320
5e06aeff84a466044adc1db2aae029cb,Western Bulldogs,Collingwood Magpies,2026-05-30T09:35:58Z,neds,Neds,,player_disposals_over,Bailey Dale,Over,3.0,34.5,20260530_093320
5e06aeff84a466044adc1db2aae029cb,Western Bulldogs,Collingwood Magpies,2026-05-30T09:35:58Z,neds,Neds,,player_disposals_over,Marcus Bontempelli,Over,4.25,34.5,20260530_093320
5e06aeff84a466044adc1db2aae029cb,Western Bulldogs,Collingwood Magpies,2026-05-30T09:35:58Z,neds,Neds,,player_disposals_over,Ryley Sanders,Over,6.25,34.5,20260530_093320
5e06aeff84a466044adc1db2aae029cb,Western Bulldogs,Collingwood Magpies,2026-05-30T09:35:58Z,neds,Neds,,player_disposals_over,Josh Daicos,Over,7.75,34.5,20260530_093320
5e06aeff84a466044adc1db2aae029cb,Western Bulldogs,Collingwood Magpies,2026-05-30T09:35:58Z,neds,Neds,,player_disposals_over,Ed Richards,Over,8.25,34.5,20260530_093320
5e06aeff84a466044adc1db2aae029cb,Western Bulldogs,Collingwood Magpies,2026-05-30T09:35:58Z,neds,Neds,,player_disposals_over,Dan Houston,Over,12.0,34.5,20260530_093320
5e06aeff84a466044adc1db2aae029cb,Western Bulldogs,Collingwood Magpies,2026-05-30T09:35:58Z,neds,Neds,,player_disposals_over,Scott Pendlebury,Over,12.5,34.5,20260530_093320
5e06aeff84a466044adc1db2aae029cb,Western Bulldogs,Collingwood Magpies,2026-05-30T09:35:58Z,neds,Neds,,player_disposals_over,Adam Treloar,Over,13.0,34.5,20260530_093320
5e06aeff84a466044adc1db2aae029cb,Western Bulldogs,Collingwood Magpies,2026-05-30T09:35:58Z,neds,Neds,,player_disposals_over,Matthew Kennedy,Over,14.0,34.5,20260530_093320
5e06aeff84a466044adc1db2aae029cb,Western Bulldogs,Collingwood Magpies,2026-05-30T09:35:58Z,neds,Neds,,player_disposals_over,Jack Crisp,Over,14.0,34.5,20260530_093320
5e06aeff84a466044adc1db2aae029cb,Western Bulldogs,Collingwood Magpies,2026-05-30T09:35:58Z,neds,Neds,,player_disposals_over,Jordan De Goey,Over,19.0,34.5,20260530_093320
5e06aeff84a466044adc1db2aae029cb,Western Bulldogs,Collingwood Magpies,2026-05-30T09:35:58Z,neds,Neds,,player_disposals_over,Connor Budarick,Over,26.0,34.5,20260530_093320
5e06aeff84a466044adc1db2aae029cb,Western Bulldogs,Collingwood Magpies,2026-05-30T09:35:58Z,neds,Neds,,player_disposals_over,Patrick Lipinski,Over,51.0,34.5,20260530_093320
5e06aeff84a466044adc1db2aae029cb,Western Bulldogs,Collingwood Magpies,2026-05-30T09:35:58Z,neds,Neds,,player_disposals_over,Nick Daicos,Over,1.02,23.5,20260530_093320
5e06aeff84a466044adc1db2aae029cb,Western Bulldogs,Collingwood Magpies,2026-05-30T09:35:58Z,neds,Neds,,player_disposals_over,Bailey Dale,Over,1.08,23.5,20260530_093320
5e06aeff84a466044adc1db2aae029cb,Western Bulldogs,Collingwood Magpies,2026-05-30T09:35:58Z,neds,Neds,,player_disposals_over,Marcus Bontempelli,Over,1.2,23.5,20260530_093320
5e06aeff84a466044adc1db2aae029cb,Western Bulldogs,Collingwood Magpies,2026-05-30T09:35:58Z,neds,Neds,,player_disposals_over,Ryley Sanders,Over,1.38,23.5,20260530_093320
5e06aeff84a466044adc1db2aae029cb,Western Bulldogs,Collingwood Magpies,2026-05-30T09:35:58Z,neds,Neds,,player_disposals_over,Josh Daicos,Over,1.5,23.5,20260530_093320
5e06aeff84a466044adc1db2aae029cb,Western Bulldogs,Collingwood Magpies,2026-05-30T09:35:58Z,neds,Neds,,player_disposals_over,Ed Richards,Over,1.52,23.5,20260530_093320
5e06aeff84a466044adc1db2aae029cb,Western Bulldogs,Collingwood Magpies,2026-05-30T09:35:58Z,neds,Neds,,player_disposals_over,Dan Houston,Over,1.75,23.5,20260530_093320
5e06aeff84a466044adc1db2aae029cb,Western Bulldogs,Collingwood Magpies,2026-05-30T09:35:58Z,neds,Neds,,player_disposals_over,Scott Pendlebury,Over,1.8,23.5,20260530_093320
5e06aeff84a466044adc1db2aae029cb,Western Bulldogs,Collingwood Magpies,2026-05-30T09:35:58Z,neds,Neds,,player_disposals_over,Adam Treloar,Over,1.83,23.5,20260530_093320
5e06aeff84a466044adc1db2aae029cb,Western Bulldogs,Collingwood Magpies,2026-05-30T09:35:58Z,neds,Neds,,player_disposals_over,Matthew Kennedy,Over,1.85,23.5,20260530_093320
5e06aeff84a466044adc1db2aae029cb,Western Bulldogs,Collingwood Magpies,2026-05-30T09:35:58Z,neds,Neds,,player_disposals_over,Jack Crisp,Over,1.85,23.5,20260530_093320
5e06aeff84a466044adc1db2aae029cb,Western Bulldogs,Collingwood Magpies,2026-05-30T09:35:58Z,neds,Neds,,player_disposals_over,Jordan De Goey,Over,2.1,23.5,20260530_093320
5e06aeff84a466044adc1db2aae029cb,Western Bulldogs,Collingwood Magpies,2026-05-30T09:35:58Z,neds,Neds,,player_disposals_over,Connor Budarick,Over,2.45,23.5,20260530_093320
5e06aeff84a466044adc1db2aae029cb,Western Bulldogs,Collingwood Magpies,2026-05-30T09:35:58Z,neds,Neds,,player_disposals_over,Patrick Lipinski,Over,3.4,23.5,20260530_093320
5e06aeff84a466044adc1db2aae029cb,Western Bulldogs,Collingwood Magpies,2026-05-30T09:35:58Z,neds,Neds,,player_disposals_over,Isaac Quaynor,Over,3.7,23.5,20260530_093320
5e06aeff84a466044adc1db2aae029cb,Western Bulldogs,Collingwood Magpies,2026-05-30T09:35:58Z,neds,Neds,,player_disposals_over,Joel Freijah,Over,3.8,23.5,20260530_093320
5e06aeff84a466044adc1db2aae029cb,Western Bulldogs,Collingwood Magpies,2026-05-30T09:35:58Z,neds,Neds,,player_disposals_over,Darcy Cameron,Over,3.8,23.5,20260530_093320
5e06aeff84a466044adc1db2aae029cb,Western Bulldogs,Collingwood Magpies,2026-05-30T09:35:58Z,neds,Neds,,player_disposals_over,Brayden Maynard,Over,4.0,23.5,20260530_093320
5e06aeff84a466044adc1db2aae029cb,Western Bulldogs,Collingwood Magpies,2026-05-30T09:35:58Z,neds,Neds,,player_disposals_over,Jeremy Howe,Over,5.8,23.5,20260530_093320
5e06aeff84a466044adc1db2aae029cb,Western Bulldogs,Collingwood Magpies,2026-05-30T09:35:58Z,neds,Neds,,player_disposals_over,Lachlan Bramble,Over,6.2,23.5,20260530_093320
5e06aeff84a466044adc1db2aae029cb,Western Bulldogs,Collingwood Magpies,2026-05-30T09:35:58Z,neds,Neds,,player_disposals_over,Timothy English,Over,6.2,23.5,20260530_093320
5e06aeff84a466044adc1db2aae029cb,Western Bulldogs,Collingwood Magpies,2026-05-30T09:35:58Z,neds,Neds,,player_disposals_over,Lachie Jaques,Over,6.5,23.5,20260530_093320
5e06aeff84a466044adc1db2aae029cb,Western Bulldogs,Collingwood Magpies,2026-05-30T09:35:58Z,neds,Neds,,player_disposals_over,Nicholas Coffield,Over,6.75,23.5,20260530_093320
5e06aeff84a466044adc1db2aae029cb,Western Bulldogs,Collingwood Magpies,2026-05-30T09:35:58Z,neds,Neds,,player_disposals_over,Steele Sidebottom,Over,6.8,23.5,20260530_093320
5e06aeff84a466044adc1db2aae029cb,Western Bulldogs,Collingwood Magpies,2026-05-30T09:35:58Z,neds,Neds,,player_disposals_over,Lachlan Schultz,Over,8.0,23.5,20260530_093320
5e06aeff84a466044adc1db2aae029cb,Western Bulldogs,Collingwood Magpies,2026-05-30T09:35:58Z,neds,Neds,,player_disposals_over,Beau McCreery,Over,8.25,23.5,20260530_093320
5e06aeff84a466044adc1db2aae029cb,Western Bulldogs,Collingwood Magpies,2026-05-30T09:35:58Z,neds,Neds,,player_disposals_over,Ned Long,Over,8.25,23.5,20260530_093320
5e06aeff84a466044adc1db2aae029cb,Western Bulldogs,Collingwood Magpies,2026-05-30T09:35:58Z,neds,Neds,,player_disposals_over,Roan Steele,Over,8.25,23.5,20260530_093320
5e06aeff84a466044adc1db2aae029cb,Western Bulldogs,Collingwood Magpies,2026-05-30T09:35:58Z,neds,Neds,,player_disposals_over,Edward Allan,Over,11.0,23.5,20260530_093320
5e06aeff84a466044adc1db2aae029cb,Western Bulldogs,Collingwood Magpies,2026-05-30T09:35:58Z,neds,Neds,,player_disposals_over,Angus Anderson,Over,11.5,23.5,20260530_093320
5e06aeff84a466044adc1db2aae029cb,Western Bulldogs,Collingwood Magpies,2026-05-30T09:35:58Z,neds,Neds,,player_disposals_over,Michael Sellwood,Over,13.0,23.5,20260530_093320
5e06aeff84a466044adc1db2aae029cb,Western Bulldogs,Collingwood Magpies,2026-05-30T09:35:58Z,neds,Neds,,player_disposals_over,Rory Lobb,Over,14.0,23.5,20260530_093320
5e06aeff84a466044adc1db2aae029cb,Western Bulldogs,Collingwood Magpies,2026-05-30T09:35:58Z,neds,Neds,,player_disposals_over,Buku Khamis,Over,14.0,23.5,20260530_093320
5e06aeff84a466044adc1db2aae029cb,Western Bulldogs,Collingwood Magpies,2026-05-30T09:35:58Z,neds,Neds,,player_disposals_over,Rhylee West,Over,19.0,23.5,20260530_093320
5e06aeff84a466044adc1db2aae029cb,Western Bulldogs,Collingwood Magpies,2026-05-30T09:35:58Z,neds,Neds,,player_disposals_over,Harvey Harrison,Over,21.0,23.5,20260530_093320
5e06aeff84a466044adc1db2aae029cb,Western Bulldogs,Collingwood Magpies,2026-05-30T09:35:58Z,neds,Neds,,player_disposals_over,Arthur Jones,Over,21.0,23.5,20260530_093320
5e06aeff84a466044adc1db2aae029cb,Western Bulldogs,Collingwood Magpies,2026-05-30T09:35:58Z,neds,Neds,,player_disposals_over,Matthew Kennedy,Over,1.01,15.5,20260530_093320
5e06aeff84a466044adc1db2aae029cb,Western Bulldogs,Collingwood Magpies,2026-05-30T09:35:58Z,neds,Neds,,player_disposals_over,Jack Crisp,Over,1.01,15.5,20260530_093320
5e06aeff84a466044adc1db2aae029cb,Western Bulldogs,Collingwood Magpies,2026-05-30T09:35:58Z,neds,Neds,,player_disposals_over,Jordan De Goey,Over,1.04,15.5,20260530_093320
5e06aeff84a466044adc1db2aae029cb,Western Bulldogs,Collingwood Magpies,2026-05-30T09:35:58Z,neds,Neds,,player_disposals_over,Connor Budarick,Over,1.08,15.5,20260530_093320
5e06aeff84a466044adc1db2aae029cb,Western Bulldogs,Collingwood Magpies,2026-05-30T09:35:58Z,neds,Neds,,player_disposals_over,Patrick Lipinski,Over,1.22,15.5,20260530_093320
5e06aeff84a466044adc1db2aae029cb,Western Bulldogs,Collingwood Magpies,2026-05-30T09:35:58Z,neds,Neds,,player_disposals_over,Isaac Quaynor,Over,1.25,15.5,20260530_093320
5e06aeff84a466044adc1db2aae029cb,Western Bulldogs,Collingwood Magpies,2026-05-30T09:35:58Z,neds,Neds,,player_disposals_over,Joel Freijah,Over,1.26,15.5,20260530_093320
5e06aeff84a466044adc1db2aae029cb,Western Bulldogs,Collingwood Magpies,2026-05-30T09:35:58Z,neds,Neds,,player_disposals_over,Darcy Cameron,Over,1.26,15.5,20260530_093320
5e06aeff84a466044adc1db2aae029cb,Western Bulldogs,Collingwood Magpies,2026-05-30T09:35:58Z,neds,Neds,,player_disposals_over,Brayden Maynard,Over,1.3,15.5,20260530_093320
5e06aeff84a466044adc1db2aae029cb,Western Bulldogs,Collingwood Magpies,2026-05-30T09:35:58Z,neds,Neds,,player_disposals_over,Jeremy Howe,Over,1.48,15.5,20260530_093320
5e06aeff84a466044adc1db2aae029cb,Western Bulldogs,Collingwood Magpies,2026-05-30T09:35:58Z,neds,Neds,,player_disposals_over,Lachlan Bramble,Over,1.52,15.5,20260530_093320
5e06aeff84a466044adc1db2aae029cb,Western Bulldogs,Collingwood Magpies,2026-05-30T09:35:58Z,neds,Neds,,player_disposals_over,Timothy English,Over,1.52,15.5,20260530_093320
5e06aeff84a466044adc1db2aae029cb,Western Bulldogs,Collingwood Magpies,2026-05-30T09:35:58Z,neds,Neds,,player_disposals_over,Lachie Jaques,Over,1.55,15.5,20260530_093320
5e06aeff84a466044adc1db2aae029cb,Western Bulldogs,Collingwood Magpies,2026-05-30T09:35:58Z,neds,Neds,,player_disposals_over,Nicholas Coffield,Over,1.58,15.5,20260530_093320
5e06aeff84a466044adc1db2aae029cb,Western Bulldogs,Collingwood Magpies,2026-05-30T09:35:58Z,neds,Neds,,player_disposals_over,Steele Sidebottom,Over,1.6,15.5,20260530_093320
5e06aeff84a466044adc1db2aae029cb,Western Bulldogs,Collingwood Magpies,2026-05-30T09:35:58Z,neds,Neds,,player_disposals_over,Lachlan Schultz,Over,1.7,15.5,20260530_093320
5e06aeff84a466044adc1db2aae029cb,Western Bulldogs,Collingwood Magpies,2026-05-30T09:35:58Z,neds,Neds,,player_disposals_over,Beau McCreery,Over,1.72,15.5,20260530_093320
5e06aeff84a466044adc1db2aae029cb,Western Bulldogs,Collingwood Magpies,2026-05-30T09:35:58Z,neds,Neds,,player_disposals_over,Ned Long,Over,1.72,15.5,20260530_093320
5e06aeff84a466044adc1db2aae029cb,Western Bulldogs,Collingwood Magpies,2026-05-30T09:35:58Z,neds,Neds,,player_disposals_over,Roan Steele,Over,1.72,15.5,20260530_093320
5e06aeff84a466044adc1db2aae029cb,Western Bulldogs,Collingwood Magpies,2026-05-30T09:35:58Z,neds,Neds,,player_disposals_over,Edward Allan,Over,1.96,15.5,20260530_093320
5e06aeff84a466044adc1db2aae029cb,Western Bulldogs,Collingwood Magpies,2026-05-30T09:35:58Z,neds,Neds,,player_disposals_over,Angus Anderson,Over,2.0,15.5,20260530_093320
5e06aeff84a466044adc1db2aae029cb,Western Bulldogs,Collingwood Magpies,2026-05-30T09:35:58Z,neds,Neds,,player_disposals_over,Michael Sellwood,Over,2.1,15.5,20260530_093320
5e06aeff84a466044adc1db2aae029cb,Western Bulldogs,Collingwood Magpies,2026-05-30T09:35:58Z,neds,Neds,,player_disposals_over,Rory Lobb,Over,2.2,15.5,20260530_093320
5e06aeff84a466044adc1db2aae029cb,Western Bulldogs,Collingwood Magpies,2026-05-30T09:35:58Z,neds,Neds,,player_disposals_over,Buku Khamis,Over,2.2,15.5,20260530_093320
5e06aeff84a466044adc1db2aae029cb,Western Bulldogs,Collingwood Magpies,2026-05-30T09:35:58Z,neds,Neds,,player_disposals_over,Rhylee West,Over,2.5,15.5,20260530_093320
5e06aeff84a466044adc1db2aae029cb,Western Bulldogs,Collingwood Magpies,2026-05-30T09:35:58Z,neds,Neds,,player_disposals_over,Harvey Harrison,Over,2.7,15.5,20260530_093320
5e06aeff84a466044adc1db2aae029cb,Western Bulldogs,Collingwood Magpies,2026-05-30T09:35:58Z,neds,Neds,,player_disposals_over,Arthur Jones,Over,2.7,15.5,20260530_093320
5e06aeff84a466044adc1db2aae029cb,Western Bulldogs,Collingwood Magpies,2026-05-30T09:35:58Z,neds,Neds,,player_disposals_over,Wil Parker,Over,3.15,15.5,20260530_093320
5e06aeff84a466044adc1db2aae029cb,Western Bulldogs,Collingwood Magpies,2026-05-30T09:35:58Z,neds,Neds,,player_disposals_over,James O'Donnell,Over,3.15,15.5,20260530_093320
5e06aeff84a466044adc1db2aae029cb,Western Bulldogs,Collingwood Magpies,2026-05-30T09:35:58Z,neds,Neds,,player_disposals_over,Aaron Naughton,Over,3.35,15.5,20260530_093320
5e06aeff84a466044adc1db2aae029cb,Western Bulldogs,Collingwood Magpies,2026-05-30T09:35:58Z,neds,Neds,,player_disposals_over,Billy Frampton,Over,3.35,15.5,20260530_093320
5e06aeff84a466044adc1db2aae029cb,Western Bulldogs,Collingwood Magpies,2026-05-30T09:35:58Z,neds,Neds,,player_disposals_over,Lachie McNeil,Over,3.5,15.5,20260530_093320
5e06aeff84a466044adc1db2aae029cb,Western Bulldogs,Collingwood Magpies,2026-05-30T09:35:58Z,neds,Neds,,player_disposals_over,Cooper Hynes,Over,4.75,15.5,20260530_093320
5e06aeff84a466044adc1db2aae029cb,Western Bulldogs,Collingwood Magpies,2026-05-30T09:35:58Z,neds,Neds,,player_disposals_over,Will Lewis,Over,4.75,15.5,20260530_093320
5e06aeff84a466044adc1db2aae029cb,Western Bulldogs,Collingwood Magpies,2026-05-30T09:35:58Z,neds,Neds,,player_disposals_over,Daniel McStay,Over,4.75,15.5,20260530_093320
5e06aeff84a466044adc1db2aae029cb,Western Bulldogs,Collingwood Magpies,2026-05-30T09:35:58Z,neds,Neds,,player_disposals_over,Tim Membrey,Over,5.5,15.5,20260530_093320
5e06aeff84a466044adc1db2aae029cb,Western Bulldogs,Collingwood Magpies,2026-05-30T09:35:58Z,neds,Neds,,player_disposals_over,Nick Daicos,Over,1.67,31.5,20260530_093320
5e06aeff84a466044adc1db2aae029cb,Western Bulldogs,Collingwood Magpies,2026-05-30T09:35:58Z,neds,Neds,,player_disposals_over,Bailey Dale,Over,2.02,31.5,20260530_093320
5e06aeff84a466044adc1db2aae029cb,Western Bulldogs,Collingwood Magpies,2026-05-30T09:35:58Z,neds,Neds,,player_disposals_over,Marcus Bontempelli,Over,2.65,31.5,20260530_093320
5e06aeff84a466044adc1db2aae029cb,Western Bulldogs,Collingwood Magpies,2026-05-30T09:35:58Z,neds,Neds,,player_disposals_over,Ryley Sanders,Over,3.7,31.5,20260530_093320
5e06aeff84a466044adc1db2aae029cb,Western Bulldogs,Collingwood Magpies,2026-05-30T09:35:58Z,neds,Neds,,player_disposals_over,Josh Daicos,Over,4.25,31.5,20260530_093320
5e06aeff84a466044adc1db2aae029cb,Western Bulldogs,Collingwood Magpies,2026-05-30T09:35:58Z,neds,Neds,,player_disposals_over,Ed Richards,Over,4.5,31.5,20260530_093320
5e06aeff84a466044adc1db2aae029cb,Western Bulldogs,Collingwood Magpies,2026-05-30T09:35:58Z,neds,Neds,,player_disposals_over,Dan Houston,Over,6.0,31.5,20260530_093320
5e06aeff84a466044adc1db2aae029cb,Western Bulldogs,Collingwood Magpies,2026-05-30T09:35:58Z,neds,Neds,,player_disposals_over,Scott Pendlebury,Over,6.4,31.5,20260530_093320
5e06aeff84a466044adc1db2aae029cb,Western Bulldogs,Collingwood Magpies,2026-05-30T09:35:58Z,neds,Neds,,player_disposals_over,Adam Treloar,Over,6.6,31.5,20260530_093320
5e06aeff84a466044adc1db2aae029cb,Western Bulldogs,Collingwood Magpies,2026-05-30T09:35:58Z,neds,Neds,,player_disposals_over,Matthew Kennedy,Over,6.8,31.5,20260530_093320
5e06aeff84a466044adc1db2aae029cb,Western Bulldogs,Collingwood Magpies,2026-05-30T09:35:58Z,neds,Neds,,player_disposals_over,Jack Crisp,Over,6.8,31.5,20260530_093320
5e06aeff84a466044adc1db2aae029cb,Western Bulldogs,Collingwood Magpies,2026-05-30T09:35:58Z,neds,Neds,,player_disposals_over,Jordan De Goey,Over,8.75,31.5,20260530_093320
5e06aeff84a466044adc1db2aae029cb,Western Bulldogs,Collingwood Magpies,2026-05-30T09:35:58Z,neds,Neds,,player_disposals_over,Connor Budarick,Over,11.5,31.5,20260530_093320
5e06aeff84a466044adc1db2aae029cb,Western Bulldogs,Collingwood Magpies,2026-05-30T09:35:58Z,neds,Neds,,player_disposals_over,Patrick Lipinski,Over,21.0,31.5,20260530_093320
5e06aeff84a466044adc1db2aae029cb,Western Bulldogs,Collingwood Magpies,2026-05-30T09:35:58Z,neds,Neds,,player_disposals_over,Isaac Quaynor,Over,26.0,31.5,20260530_093320
5e06aeff84a466044adc1db2aae029cb,Western Bulldogs,Collingwood Magpies,2026-05-30T09:35:58Z,neds,Neds,,player_disposals_over,Joel Freijah,Over,26.0,31.5,20260530_093320
5e06aeff84a466044adc1db2aae029cb,Western Bulldogs,Collingwood Magpies,2026-05-30T09:35:58Z,neds,Neds,,player_disposals_over,Darcy Cameron,Over,26.0,31.5,20260530_093320
5e06aeff84a466044adc1db2aae029cb,Western Bulldogs,Collingwood Magpies,2026-05-30T09:35:58Z,neds,Neds,,player_disposals_over,Brayden Maynard,Over,29.0,31.5,20260530_093320
5e06aeff84a466044adc1db2aae029cb,Western Bulldogs,Collingwood Magpies,2026-05-30T09:35:58Z,neds,Neds,,player_disposals_over,Jeremy Howe,Over,51.0,31.5,20260530_093320
5e06aeff84a466044adc1db2aae029cb,Western Bulldogs,Collingwood Magpies,2026-05-30T09:35:58Z,neds,Neds,,player_disposals_over,Josh Daicos,Over,1.01,17.5,20260530_093320
5e06aeff84a466044adc1db2aae029cb,Western Bulldogs,Collingwood Magpies,2026-05-30T09:35:58Z,neds,Neds,,player_disposals_over,Ed Richards,Over,1.02,17.5,20260530_093320
5e06aeff84a466044adc1db2aae029cb,Western Bulldogs,Collingwood Magpies,2026-05-30T09:35:58Z,neds,Neds,,player_disposals_over,Dan Houston,Over,1.07,17.5,20260530_093320
5e06aeff84a466044adc1db2aae029cb,Western Bulldogs,Collingwood Magpies,2026-05-30T09:35:58Z,neds,Neds,,player_disposals_over,Scott Pendlebury,Over,1.08,17.5,20260530_093320
5e06aeff84a466044adc1db2aae029cb,Western Bulldogs,Collingwood Magpies,2026-05-30T09:35:58Z,neds,Neds,,player_disposals_over,Adam Treloar,Over,1.09,17.5,20260530_093320
5e06aeff84a466044adc1db2aae029cb,Western Bulldogs,Collingwood Magpies,2026-05-30T09:35:58Z,neds,Neds,,player_disposals_over,Matthew Kennedy,Over,1.1,17.5,20260530_093320
5e06aeff84a466044adc1db2aae029cb,Western Bulldogs,Collingwood Magpies,2026-05-30T09:35:58Z,neds,Neds,,player_disposals_over,Jack Crisp,Over,1.1,17.5,20260530_093320
5e06aeff84a466044adc1db2aae029cb,Western Bulldogs,Collingwood Magpies,2026-05-30T09:35:58Z,neds,Neds,,player_disposals_over,Jordan De Goey,Over,1.16,17.5,20260530_093320
5e06aeff84a466044adc1db2aae029cb,Western Bulldogs,Collingwood Magpies,2026-05-30T09:35:58Z,neds,Neds,,player_disposals_over,Connor Budarick,Over,1.24,17.5,20260530_093320
5e06aeff84a466044adc1db2aae029cb,Western Bulldogs,Collingwood Magpies,2026-05-30T09:35:58Z,neds,Neds,,player_disposals_over,Patrick Lipinski,Over,1.46,17.5,20260530_093320
5e06aeff84a466044adc1db2aae029cb,Western Bulldogs,Collingwood Magpies,2026-05-30T09:35:58Z,neds,Neds,,player_disposals_over,Isaac Quaynor,Over,1.52,17.5,20260530_093320
5e06aeff84a466044adc1db2aae029cb,Western Bulldogs,Collingwood Magpies,2026-05-30T09:35:58Z,neds,Neds,,player_disposals_over,Joel Freijah,Over,1.53,17.5,20260530_093320
5e06aeff84a466044adc1db2aae029cb,Western Bulldogs,Collingwood Magpies,2026-05-30T09:35:58Z,neds,Neds,,player_disposals_over,Darcy Cameron,Over,1.53,17.5,20260530_093320
5e06aeff84a466044adc1db2aae029cb,Western Bulldogs,Collingwood Magpies,2026-05-30T09:35:58Z,neds,Neds,,player_disposals_over,Brayden Maynard,Over,1.58,17.5,20260530_093320
5e06aeff84a466044adc1db2aae029cb,Western Bulldogs,Collingwood Magpies,2026-05-30T09:35:58Z,neds,Neds,,player_disposals_over,Jeremy Howe,Over,1.92,17.5,20260530_093320
5e06aeff84a466044adc1db2aae029cb,Western Bulldogs,Collingwood Magpies,2026-05-30T09:35:58Z,neds,Neds,,player_disposals_over,Lachlan Bramble,Over,1.98,17.5,20260530_093320
5e06aeff84a466044adc1db2aae029cb,Western Bulldogs,Collingwood Magpies,2026-05-30T09:35:58Z,neds,Neds,,player_disposals_over,Timothy English,Over,1.98,17.5,20260530_093320
5e06aeff84a466044adc1db2aae029cb,Western Bulldogs,Collingwood Magpies,2026-05-30T09:35:58Z,neds,Neds,,player_disposals_over,Lachie Jaques,Over,2.05,17.5,20260530_093320
5e06aeff84a466044adc1db2aae029cb,Western Bulldogs,Collingwood Magpies,2026-05-30T09:35:58Z,neds,Neds,,player_disposals_over,Nicholas Coffield,Over,2.1,17.5,20260530_093320
5e06aeff84a466044adc1db2aae029cb,Western Bulldogs,Collingwood Magpies,2026-05-30T09:35:58Z,neds,Neds,,player_disposals_over,Steele Sidebottom,Over,2.1,17.5,20260530_093320
5e06aeff84a466044adc1db2aae029cb,Western Bulldogs,Collingwood Magpies,2026-05-30T09:35:58Z,neds,Neds,,player_disposals_over,Lachlan Schultz,Over,2.3,17.5,20260530_093320
5e06aeff84a466044adc1db2aae029cb,Western Bulldogs,Collingwood Magpies,2026-05-30T09:35:58Z,neds,Neds,,player_disposals_over,Beau McCreery,Over,2.35,17.5,20260530_093320
5e06aeff84a466044adc1db2aae029cb,Western Bulldogs,Collingwood Magpies,2026-05-30T09:35:58Z,neds,Neds,,player_disposals_over,Ned Long,Over,2.35,17.5,20260530_093320
5e06aeff84a466044adc1db2aae029cb,Western Bulldogs,Collingwood Magpies,2026-05-30T09:35:58Z,neds,Neds,,player_disposals_over,Roan Steele,Over,2.35,17.5,20260530_093320
5e06aeff84a466044adc1db2aae029cb,Western Bulldogs,Collingwood Magpies,2026-05-30T09:35:58Z,neds,Neds,,player_disposals_over,Edward Allan,Over,2.75,17.5,20260530_093320
5e06aeff84a466044adc1db2aae029cb,Western Bulldogs,Collingwood Magpies,2026-05-30T09:35:58Z,neds,Neds,,player_disposals_over,Angus Anderson,Over,2.8,17.5,20260530_093320
5e06aeff84a466044adc1db2aae029cb,Western Bulldogs,Collingwood Magpies,2026-05-30T09:35:58Z,neds,Neds,,player_disposals_over,Michael Sellwood,Over,3.0,17.5,20260530_093320
5e06aeff84a466044adc1db2aae029cb,Western Bulldogs,Collingwood Magpies,2026-05-30T09:35:58Z,neds,Neds,,player_disposals_over,Rory Lobb,Over,3.2,17.5,20260530_093320
5e06aeff84a466044adc1db2aae029cb,Western Bulldogs,Collingwood Magpies,2026-05-30T09:35:58Z,neds,Neds,,player_disposals_over,Buku Khamis,Over,3.2,17.5,20260530_093320
5e06aeff84a466044adc1db2aae029cb,Western Bulldogs,Collingwood Magpies,2026-05-30T09:35:58Z,neds,Neds,,player_disposals_over,Rhylee West,Over,3.8,17.5,20260530_093320
5e06aeff84a466044adc1db2aae029cb,Western Bulldogs,Collingwood Magpies,2026-05-30T09:35:58Z,neds,Neds,,player_disposals_over,Harvey Harrison,Over,4.1,17.5,20260530_093320
5e06aeff84a466044adc1db2aae029cb,Western Bulldogs,Collingwood Magpies,2026-05-30T09:35:58Z,neds,Neds,,player_disposals_over,Arthur Jones,Over,4.1,17.5,20260530_093320
5e06aeff84a466044adc1db2aae029cb,Western Bulldogs,Collingwood Magpies,2026-05-30T09:35:58Z,neds,Neds,,player_disposals_over,Wil Parker,Over,5.0,17.5,20260530_093320
5e06aeff84a466044adc1db2aae029cb,Western Bulldogs,Collingwood Magpies,2026-05-30T09:35:58Z,neds,Neds,,player_disposals_over,James O'Donnell,Over,5.0,17.5,20260530_093320
5e06aeff84a466044adc1db2aae029cb,Western Bulldogs,Collingwood Magpies,2026-05-30T09:35:58Z,neds,Neds,,player_disposals_over,Aaron Naughton,Over,5.4,17.5,20260530_093320
5e06aeff84a466044adc1db2aae029cb,Western Bulldogs,Collingwood Magpies,2026-05-30T09:35:58Z,neds,Neds,,player_disposals_over,Billy Frampton,Over,5.4,17.5,20260530_093320
5e06aeff84a466044adc1db2aae029cb,Western Bulldogs,Collingwood Magpies,2026-05-30T09:35:58Z,neds,Neds,,player_disposals_over,Lachie McNeil,Over,5.8,17.5,20260530_093320
5e06aeff84a466044adc1db2aae029cb,Western Bulldogs,Collingwood Magpies,2026-05-30T09:35:58Z,neds,Neds,,player_disposals_over,Cooper Hynes,Over,8.25,17.5,20260530_093320
5e06aeff84a466044adc1db2aae029cb,Western Bulldogs,Collingwood Magpies,2026-05-30T09:35:58Z,neds,Neds,,player_disposals_over,Will Lewis,Over,8.25,17.5,20260530_093320
5e06aeff84a466044adc1db2aae029cb,Western Bulldogs,Collingwood Magpies,2026-05-30T09:35:58Z,neds,Neds,,player_disposals_over,Daniel McStay,Over,8.25,17.5,20260530_093320
5e06aeff84a466044adc1db2aae029cb,Western Bulldogs,Collingwood Magpies,2026-05-30T09:35:58Z,neds,Neds,,player_disposals_over,Tim Membrey,Over,10.0,17.5,20260530_093320
5e06aeff84a466044adc1db2aae029cb,Western Bulldogs,Collingwood Magpies,2026-05-30T09:35:58Z,neds,Neds,,player_disposals_over,Nick Daicos,Over,4.6,39.5,20260530_093320
5e06aeff84a466044adc1db2aae029cb,Western Bulldogs,Collingwood Magpies,2026-05-30T09:35:58Z,neds,Neds,,player_disposals_over,Bailey Dale,Over,6.6,39.5,20260530_093320
5e06aeff84a466044adc1db2aae029cb,Western Bulldogs,Collingwood Magpies,2026-05-30T09:35:58Z,neds,Neds,,player_disposals_over,Marcus Bontempelli,Over,10.5,39.5,20260530_093320
5e06aeff84a466044adc1db2aae029cb,Western Bulldogs,Collingwood Magpies,2026-05-30T09:35:58Z,neds,Neds,,player_disposals_over,Ryley Sanders,Over,19.0,39.5,20260530_093320
5e06aeff84a466044adc1db2aae029cb,Western Bulldogs,Collingwood Magpies,2026-05-30T09:35:58Z,neds,Neds,,player_disposals_over,Josh Daicos,Over,23.0,39.5,20260530_093320
5e06aeff84a466044adc1db2aae029cb,Western Bulldogs,Collingwood Magpies,2026-05-30T09:35:58Z,neds,Neds,,player_disposals_over,Ed Richards,Over,26.0,39.5,20260530_093320
5e06aeff84a466044adc1db2aae029cb,Western Bulldogs,Collingwood Magpies,2026-05-30T09:35:58Z,neds,Neds,,player_disposals_over,Scott Pendlebury,Over,41.0,39.5,20260530_093320
5e06aeff84a466044adc1db2aae029cb,Western Bulldogs,Collingwood Magpies,2026-05-30T09:35:58Z,neds,Neds,,player_disposals_over,Dan Houston,Over,41.0,39.5,20260530_093320
5e06aeff84a466044adc1db2aae029cb,Western Bulldogs,Collingwood Magpies,2026-05-30T09:35:58Z,neds,Neds,,player_disposals_over,Matthew Kennedy,Over,51.0,39.5,20260530_093320
5e06aeff84a466044adc1db2aae029cb,Western Bulldogs,Collingwood Magpies,2026-05-30T09:35:58Z,neds,Neds,,player_disposals_over,Adam Treloar,Over,51.0,39.5,20260530_093320
5e06aeff84a466044adc1db2aae029cb,Western Bulldogs,Collingwood Magpies,2026-05-30T09:35:58Z,neds,Neds,,player_disposals_over,Jack Crisp,Over,51.0,39.5,20260530_093320
5e06aeff84a466044adc1db2aae029cb,Western Bulldogs,Collingwood Magpies,2026-05-30T09:35:58Z,neds,Neds,,player_disposals_over,Nick Daicos,Over,1.07,24.5,20260530_093320
5e06aeff84a466044adc1db2aae029cb,Western Bulldogs,Collingwood Magpies,2026-05-30T09:35:58Z,neds,Neds,,player_disposals_over,Bailey Dale,Over,1.16,24.5,20260530_093320
5e06aeff84a466044adc1db2aae029cb,Western Bulldogs,Collingwood Magpies,2026-05-30T09:35:58Z,neds,Neds,,player_disposals_over,Marcus Bontempelli,Over,1.32,24.5,20260530_093320
5e06aeff84a466044adc1db2aae029cb,Western Bulldogs,Collingwood Magpies,2026-05-30T09:35:58Z,neds,Neds,,player_disposals_over,Ryley Sanders,Over,1.53,24.5,20260530_093320
5e06aeff84a466044adc1db2aae029cb,Western Bulldogs,Collingwood Magpies,2026-05-30T09:35:58Z,neds,Neds,,player_disposals_over,Josh Daicos,Over,1.67,24.5,20260530_093320
5e06aeff84a466044adc1db2aae029cb,Western Bulldogs,Collingwood Magpies,2026-05-30T09:35:58Z,neds,Neds,,player_disposals_over,Ed Richards,Over,1.7,24.5,20260530_093320
5e06aeff84a466044adc1db2aae029cb,Western Bulldogs,Collingwood Magpies,2026-05-30T09:35:58Z,neds,Neds,,player_disposals_over,Dan Houston,Over,2.0,24.5,20260530_093320
5e06aeff84a466044adc1db2aae029cb,Western Bulldogs,Collingwood Magpies,2026-05-30T09:35:58Z,neds,Neds,,player_disposals_over,Scott Pendlebury,Over,2.05,24.5,20260530_093320
5e06aeff84a466044adc1db2aae029cb,Western Bulldogs,Collingwood Magpies,2026-05-30T09:35:58Z,neds,Neds,,player_disposals_over,Adam Treloar,Over,2.1,24.5,20260530_093320
5e06aeff84a466044adc1db2aae029cb,Western Bulldogs,Collingwood Magpies,2026-05-30T09:35:58Z,neds,Neds,,player_disposals_over,Matthew Kennedy,Over,2.15,24.5,20260530_093320
5e06aeff84a466044adc1db2aae029cb,Western Bulldogs,Collingwood Magpies,2026-05-30T09:35:58Z,neds,Neds,,player_disposals_over,Jack Crisp,Over,2.15,24.5,20260530_093320
5e06aeff84a466044adc1db2aae029cb,Western Bulldogs,Collingwood Magpies,2026-05-30T09:35:58Z,neds,Neds,,player_disposals_over,Jordan De Goey,Over,2.45,24.5,20260530_093320
5e06aeff84a466044adc1db2aae029cb,Western Bulldogs,Collingwood Magpies,2026-05-30T09:35:58Z,neds,Neds,,player_disposals_over,Connor Budarick,Over,2.9,24.5,20260530_093320
5e06aeff84a466044adc1db2aae029cb,Western Bulldogs,Collingwood Magpies,2026-05-30T09:35:58Z,neds,Neds,,player_disposals_over,Patrick Lipinski,Over,4.2,24.5,20260530_093320
5e06aeff84a466044adc1db2aae029cb,Western Bulldogs,Collingwood Magpies,2026-05-30T09:35:58Z,neds,Neds,,player_disposals_over,Isaac Quaynor,Over,4.6,24.5,20260530_093320
5e06aeff84a466044adc1db2aae029cb,Western Bulldogs,Collingwood Magpies,2026-05-30T09:35:58Z,neds,Neds,,player_disposals_over,Joel Freijah,Over,4.75,24.5,20260530_093320
5e06aeff84a466044adc1db2aae029cb,Western Bulldogs,Collingwood Magpies,2026-05-30T09:35:58Z,neds,Neds,,player_disposals_over,Darcy Cameron,Over,4.75,24.5,20260530_093320
5e06aeff84a466044adc1db2aae029cb,Western Bulldogs,Collingwood Magpies,2026-05-30T09:35:58Z,neds,Neds,,player_disposals_over,Brayden Maynard,Over,5.0,24.5,20260530_093320
5e06aeff84a466044adc1db2aae029cb,Western Bulldogs,Collingwood Magpies,2026-05-30T09:35:58Z,neds,Neds,,player_disposals_over,Jeremy Howe,Over,7.5,24.5,20260530_093320
5e06aeff84a466044adc1db2aae029cb,Western Bulldogs,Collingwood Magpies,2026-05-30T09:35:58Z,neds,Neds,,player_disposals_over,Lachlan Bramble,Over,8.0,24.5,20260530_093320
5e06aeff84a466044adc1db2aae029cb,Western Bulldogs,Collingwood Magpies,2026-05-30T09:35:58Z,neds,Neds,,player_disposals_over,Timothy English,Over,8.0,24.5,20260530_093320
5e06aeff84a466044adc1db2aae029cb,Western Bulldogs,Collingwood Magpies,2026-05-30T09:35:58Z,neds,Neds,,player_disposals_over,Lachie Jaques,Over,8.5,24.5,20260530_093320
5e06aeff84a466044adc1db2aae029cb,Western Bulldogs,Collingwood Magpies,2026-05-30T09:35:58Z,neds,Neds,,player_disposals_over,Nicholas Coffield,Over,8.75,24.5,20260530_093320
5e06aeff84a466044adc1db2aae029cb,Western Bulldogs,Collingwood Magpies,2026-05-30T09:35:58Z,neds,Neds,,player_disposals_over,Steele Sidebottom,Over,9.0,24.5,20260530_093320
5e06aeff84a466044adc1db2aae029cb,Western Bulldogs,Collingwood Magpies,2026-05-30T09:35:58Z,neds,Neds,,player_disposals_over,Lachlan Schultz,Over,10.5,24.5,20260530_093320
5e06aeff84a466044adc1db2aae029cb,Western Bulldogs,Collingwood Magpies,2026-05-30T09:35:58Z,neds,Neds,,player_disposals_over,Beau McCreery,Over,11.0,24.5,20260530_093320
5e06aeff84a466044adc1db2aae029cb,Western Bulldogs,Collingwood Magpies,2026-05-30T09:35:58Z,neds,Neds,,player_disposals_over,Ned Long,Over,11.0,24.5,20260530_093320
5e06aeff84a466044adc1db2aae029cb,Western Bulldogs,Collingwood Magpies,2026-05-30T09:35:58Z,neds,Neds,,player_disposals_over,Roan Steele,Over,11.0,24.5,20260530_093320
5e06aeff84a466044adc1db2aae029cb,Western Bulldogs,Collingwood Magpies,2026-05-30T09:35:58Z,neds,Neds,,player_disposals_over,Edward Allan,Over,15.0,24.5,20260530_093320
5e06aeff84a466044adc1db2aae029cb,Western Bulldogs,Collingwood Magpies,2026-05-30T09:35:58Z,neds,Neds,,player_disposals_over,Angus Anderson,Over,16.0,24.5,20260530_093320
5e06aeff84a466044adc1db2aae029cb,Western Bulldogs,Collingwood Magpies,2026-05-30T09:35:58Z,neds,Neds,,player_disposals_over,Michael Sellwood,Over,17.0,24.5,20260530_093320
5e06aeff84a466044adc1db2aae029cb,Western Bulldogs,Collingwood Magpies,2026-05-30T09:35:58Z,neds,Neds,,player_disposals_over,Rory Lobb,Over,19.0,24.5,20260530_093320
5e06aeff84a466044adc1db2aae029cb,Western Bulldogs,Collingwood Magpies,2026-05-30T09:35:58Z,neds,Neds,,player_disposals_over,Buku Khamis,Over,19.0,24.5,20260530_093320
5e06aeff84a466044adc1db2aae029cb,Western Bulldogs,Collingwood Magpies,2026-05-30T09:35:58Z,neds,Neds,,player_disposals_over,Connor Budarick,Over,1.01,14.5,20260530_093320
5e06aeff84a466044adc1db2aae029cb,Western Bulldogs,Collingwood Magpies,2026-05-30T09:35:58Z,neds,Neds,,player_disposals_over,Patrick Lipinski,Over,1.11,14.5,20260530_093320
5e06aeff84a466044adc1db2aae029cb,Western Bulldogs,Collingwood Magpies,2026-05-30T09:35:58Z,neds,Neds,,player_disposals_over,Isaac Quaynor,Over,1.14,14.5,20260530_093320
5e06aeff84a466044adc1db2aae029cb,Western Bulldogs,Collingwood Magpies,2026-05-30T09:35:58Z,neds,Neds,,player_disposals_over,Joel Freijah,Over,1.15,14.5,20260530_093320
5e06aeff84a466044adc1db2aae029cb,Western Bulldogs,Collingwood Magpies,2026-05-30T09:35:58Z,neds,Neds,,player_disposals_over,Darcy Cameron,Over,1.15,14.5,20260530_093320
5e06aeff84a466044adc1db2aae029cb,Western Bulldogs,Collingwood Magpies,2026-05-30T09:35:58Z,neds,Neds,,player_disposals_over,Brayden Maynard,Over,1.17,14.5,20260530_093320
5e06aeff84a466044adc1db2aae029cb,Western Bulldogs,Collingwood Magpies,2026-05-30T09:35:58Z,neds,Neds,,player_disposals_over,Jeremy Howe,Over,1.32,14.5,20260530_093320
5e06aeff84a466044adc1db2aae029cb,Western Bulldogs,Collingwood Magpies,2026-05-30T09:35:58Z,neds,Neds,,player_disposals_over,Lachlan Bramble,Over,1.35,14.5,20260530_093320
5e06aeff84a466044adc1db2aae029cb,Western Bulldogs,Collingwood Magpies,2026-05-30T09:35:58Z,neds,Neds,,player_disposals_over,Timothy English,Over,1.35,14.5,20260530_093320
5e06aeff84a466044adc1db2aae029cb,Western Bulldogs,Collingwood Magpies,2026-05-30T09:35:58Z,neds,Neds,,player_disposals_over,Nicholas Coffield,Over,1.38,14.5,20260530_093320
5e06aeff84a466044adc1db2aae029cb,Western Bulldogs,Collingwood Magpies,2026-05-30T09:35:58Z,neds,Neds,,player_disposals_over,Lachie Jaques,Over,1.38,14.5,20260530_093320
5e06aeff84a466044adc1db2aae029cb,Western Bulldogs,Collingwood Magpies,2026-05-30T09:35:58Z,neds,Neds,,player_disposals_over,Steele Sidebottom,Over,1.4,14.5,20260530_093320
5e06aeff84a466044adc1db2aae029cb,Western Bulldogs,Collingwood Magpies,2026-05-30T09:35:58Z,neds,Neds,,player_disposals_over,Lachlan Schultz,Over,1.48,14.5,20260530_093320
5e06aeff84a466044adc1db2aae029cb,Western Bulldogs,Collingwood Magpies,2026-05-30T09:35:58Z,neds,Neds,,player_disposals_over,Beau McCreery,Over,1.5,14.5,20260530_093320
5e06aeff84a466044adc1db2aae029cb,Western Bulldogs,Collingwood Magpies,2026-05-30T09:35:58Z,neds,Neds,,player_disposals_over,Ned Long,Over,1.5,14.5,20260530_093320
5e06aeff84a466044adc1db2aae029cb,Western Bulldogs,Collingwood Magpies,2026-05-30T09:35:58Z,neds,Neds,,player_disposals_over,Roan Steele,Over,1.5,14.5,20260530_093320
5e06aeff84a466044adc1db2aae029cb,Western Bulldogs,Collingwood Magpies,2026-05-30T09:35:58Z,neds,Neds,,player_disposals_over,Edward Allan,Over,1.7,14.5,20260530_093320
5e06aeff84a466044adc1db2aae029cb,Western Bulldogs,Collingwood Magpies,2026-05-30T09:35:58Z,neds,Neds,,player_disposals_over,Angus Anderson,Over,1.72,14.5,20260530_093320
5e06aeff84a466044adc1db2aae029cb,Western Bulldogs,Collingwood Magpies,2026-05-30T09:35:58Z,neds,Neds,,player_disposals_over,Michael Sellwood,Over,1.8,14.5,20260530_093320
5e06aeff84a466044adc1db2aae029cb,Western Bulldogs,Collingwood Magpies,2026-05-30T09:35:58Z,neds,Neds,,player_disposals_over,Rory Lobb,Over,1.88,14.5,20260530_093320
5e06aeff84a466044adc1db2aae029cb,Western Bulldogs,Collingwood Magpies,2026-05-30T09:35:58Z,neds,Neds,,player_disposals_over,Buku Khamis,Over,1.88,14.5,20260530_093320
5e06aeff84a466044adc1db2aae029cb,Western Bulldogs,Collingwood Magpies,2026-05-30T09:35:58Z,neds,Neds,,player_disposals_over,Rhylee West,Over,2.15,14.5,20260530_093320
5e06aeff84a466044adc1db2aae029cb,Western Bulldogs,Collingwood Magpies,2026-05-30T09:35:58Z,neds,Neds,,player_disposals_over,Harvey Harrison,Over,2.25,14.5,20260530_093320
5e06aeff84a466044adc1db2aae029cb,Western Bulldogs,Collingwood Magpies,2026-05-30T09:35:58Z,neds,Neds,,player_disposals_over,Arthur Jones,Over,2.25,14.5,20260530_093320
5e06aeff84a466044adc1db2aae029cb,Western Bulldogs,Collingwood Magpies,2026-05-30T09:35:58Z,neds,Neds,,player_disposals_over,Wil Parker,Over,2.6,14.5,20260530_093320
5e06aeff84a466044adc1db2aae029cb,Western Bulldogs,Collingwood Magpies,2026-05-30T09:35:58Z,neds,Neds,,player_disposals_over,James O'Donnell,Over,2.6,14.5,20260530_093320
5e06aeff84a466044adc1db2aae029cb,Western Bulldogs,Collingwood Magpies,2026-05-30T09:35:58Z,neds,Neds,,player_disposals_over,Aaron Naughton,Over,2.8,14.5,20260530_093320
5e06aeff84a466044adc1db2aae029cb,Western Bulldogs,Collingwood Magpies,2026-05-30T09:35:58Z,neds,Neds,,player_disposals_over,Billy Frampton,Over,2.8,14.5,20260530_093320
5e06aeff84a466044adc1db2aae029cb,Western Bulldogs,Collingwood Magpies,2026-05-30T09:35:58Z,neds,Neds,,player_disposals_over,Lachie McNeil,Over,2.95,14.5,20260530_093320
5e06aeff84a466044adc1db2aae029cb,Western Bulldogs,Collingwood Magpies,2026-05-30T09:35:58Z,neds,Neds,,player_disposals_over,Cooper Hynes,Over,3.8,14.5,20260530_093320
5e06aeff84a466044adc1db2aae029cb,Western Bulldogs,Collingwood Magpies,2026-05-30T09:35:58Z,neds,Neds,,player_disposals_over,Will Lewis,Over,3.8,14.5,20260530_093320
5e06aeff84a466044adc1db2aae029cb,Western Bulldogs,Collingwood Magpies,2026-05-30T09:35:58Z,neds,Neds,,player_disposals_over,Daniel McStay,Over,3.8,14.5,20260530_093320
5e06aeff84a466044adc1db2aae029cb,Western Bulldogs,Collingwood Magpies,2026-05-30T09:35:58Z,neds,Neds,,player_disposals_over,Tim Membrey,Over,4.5,14.5,20260530_093320
5e06aeff84a466044adc1db2aae029cb,Western Bulldogs,Collingwood Magpies,2026-05-30T09:35:58Z,neds,Neds,,player_disposals_over,Jordan Croft,Over,5.5,14.5,20260530_093320
5e06aeff84a466044adc1db2aae029cb,Western Bulldogs,Collingwood Magpies,2026-05-30T09:35:58Z,neds,Neds,,player_disposals_over,Nick Daicos,Over,1.1,25.5,20260530_093320
5e06aeff84a466044adc1db2aae029cb,Western Bulldogs,Collingwood Magpies,2026-05-30T09:35:58Z,neds,Neds,,player_disposals_over,Bailey Dale,Over,1.22,25.5,20260530_093320
5e06aeff84a466044adc1db2aae029cb,Western Bulldogs,Collingwood Magpies,2026-05-30T09:35:58Z,neds,Neds,,player_disposals_over,Marcus Bontempelli,Over,1.4,25.5,20260530_093320
5e06aeff84a466044adc1db2aae029cb,Western Bulldogs,Collingwood Magpies,2026-05-30T09:35:58Z,neds,Neds,,player_disposals_over,Ryley Sanders,Over,1.67,25.5,20260530_093320
5e06aeff84a466044adc1db2aae029cb,Western Bulldogs,Collingwood Magpies,2026-05-30T09:35:58Z,neds,Neds,,player_disposals_over,Josh Daicos,Over,1.83,25.5,20260530_093320
5e06aeff84a466044adc1db2aae029cb,Western Bulldogs,Collingwood Magpies,2026-05-30T09:35:58Z,neds,Neds,,player_disposals_over,Ed Richards,Over,1.87,25.5,20260530_093320
5e06aeff84a466044adc1db2aae029cb,Western Bulldogs,Collingwood Magpies,2026-05-30T09:35:58Z,neds,Neds,,player_disposals_over,Dan Houston,Over,2.25,25.5,20260530_093320
5e06aeff84a466044adc1db2aae029cb,Western Bulldogs,Collingwood Magpies,2026-05-30T09:35:58Z,neds,Neds,,player_disposals_over,Scott Pendlebury,Over,2.3,25.5,20260530_093320
5e06aeff84a466044adc1db2aae029cb,Western Bulldogs,Collingwood Magpies,2026-05-30T09:35:58Z,neds,Neds,,player_disposals_over,Adam Treloar,Over,2.35,25.5,20260530_093320
5e06aeff84a466044adc1db2aae029cb,Western Bulldogs,Collingwood Magpies,2026-05-30T09:35:58Z,neds,Neds,,player_disposals_over,Matthew Kennedy,Over,2.4,25.5,20260530_093320
5e06aeff84a466044adc1db2aae029cb,Western Bulldogs,Collingwood Magpies,2026-05-30T09:35:58Z,neds,Neds,,player_disposals_over,Jack Crisp,Over,2.4,25.5,20260530_093320
5e06aeff84a466044adc1db2aae029cb,Western Bulldogs,Collingwood Magpies,2026-05-30T09:35:58Z,neds,Neds,,player_disposals_over,Jordan De Goey,Over,2.8,25.5,20260530_093320
5e06aeff84a466044adc1db2aae029cb,Western Bulldogs,Collingwood Magpies,2026-05-30T09:35:58Z,neds,Neds,,player_disposals_over,Connor Budarick,Over,3.35,25.5,20260530_093320
5e06aeff84a466044adc1db2aae029cb,Western Bulldogs,Collingwood Magpies,2026-05-30T09:35:58Z,neds,Neds,,player_disposals_over,Patrick Lipinski,Over,5.0,25.5,20260530_093320
5e06aeff84a466044adc1db2aae029cb,Western Bulldogs,Collingwood Magpies,2026-05-30T09:35:58Z,neds,Neds,,player_disposals_over,Isaac Quaynor,Over,5.5,25.5,20260530_093320
5e06aeff84a466044adc1db2aae029cb,Western Bulldogs,Collingwood Magpies,2026-05-30T09:35:58Z,neds,Neds,,player_disposals_over,Joel Freijah,Over,5.75,25.5,20260530_093320
5e06aeff84a466044adc1db2aae029cb,Western Bulldogs,Collingwood Magpies,2026-05-30T09:35:58Z,neds,Neds,,player_disposals_over,Darcy Cameron,Over,5.75,25.5,20260530_093320
5e06aeff84a466044adc1db2aae029cb,Western Bulldogs,Collingwood Magpies,2026-05-30T09:35:58Z,neds,Neds,,player_disposals_over,Brayden Maynard,Over,6.2,25.5,20260530_093320
5e06aeff84a466044adc1db2aae029cb,Western Bulldogs,Collingwood Magpies,2026-05-30T09:35:58Z,neds,Neds,,player_disposals_over,Jeremy Howe,Over,9.5,25.5,20260530_093320
5e06aeff84a466044adc1db2aae029cb,Western Bulldogs,Collingwood Magpies,2026-05-30T09:35:58Z,neds,Neds,,player_disposals_over,Lachlan Bramble,Over,10.0,25.5,20260530_093320
5e06aeff84a466044adc1db2aae029cb,Western Bulldogs,Collingwood Magpies,2026-05-30T09:35:58Z,neds,Neds,,player_disposals_over,Timothy English,Over,10.0,25.5,20260530_093320
5e06aeff84a466044adc1db2aae029cb,Western Bulldogs,Collingwood Magpies,2026-05-30T09:35:58Z,neds,Neds,,player_disposals_over,Lachie Jaques,Over,10.5,25.5,20260530_093320
5e06aeff84a466044adc1db2aae029cb,Western Bulldogs,Collingwood Magpies,2026-05-30T09:35:58Z,neds,Neds,,player_disposals_over,Nicholas Coffield,Over,11.0,25.5,20260530_093320
5e06aeff84a466044adc1db2aae029cb,Western Bulldogs,Collingwood Magpies,2026-05-30T09:35:58Z,neds,Neds,,player_disposals_over,Steele Sidebottom,Over,11.5,25.5,20260530_093320
5e06aeff84a466044adc1db2aae029cb,Western Bulldogs,Collingwood Magpies,2026-05-30T09:35:58Z,neds,Neds,,player_disposals_over,Lachlan Schultz,Over,14.0,25.5,20260530_093320
5e06aeff84a466044adc1db2aae029cb,Western Bulldogs,Collingwood Magpies,2026-05-30T09:35:58Z,neds,Neds,,player_disposals_over,Beau McCreery,Over,14.0,25.5,20260530_093320
5e06aeff84a466044adc1db2aae029cb,Western Bulldogs,Collingwood Magpies,2026-05-30T09:35:58Z,neds,Neds,,player_disposals_over,Ned Long,Over,14.0,25.5,20260530_093320
5e06aeff84a466044adc1db2aae029cb,Western Bulldogs,Collingwood Magpies,2026-05-30T09:35:58Z,neds,Neds,,player_disposals_over,Roan Steele,Over,14.0,25.5,20260530_093320
5e06aeff84a466044adc1db2aae029cb,Western Bulldogs,Collingwood Magpies,2026-05-30T09:35:58Z,neds,Neds,,player_disposals_over,Edward Allan,Over,19.0,25.5,20260530_093320
5e06aeff84a466044adc1db2aae029cb,Western Bulldogs,Collingwood Magpies,2026-05-30T09:35:58Z,neds,Neds,,player_disposals_over,Angus Anderson,Over,21.0,25.5,20260530_093320
5e06aeff84a466044adc1db2aae029cb,Western Bulldogs,Collingwood Magpies,2026-05-30T09:35:58Z,neds,Neds,,player_disposals_over,Michael Sellwood,Over,23.0,25.5,20260530_093320
5e06aeff84a466044adc1db2aae029cb,Western Bulldogs,Collingwood Magpies,2026-05-30T09:35:58Z,neds,Neds,,player_disposals_over,Rory Lobb,Over,26.0,25.5,20260530_093320
5e06aeff84a466044adc1db2aae029cb,Western Bulldogs,Collingwood Magpies,2026-05-30T09:35:58Z,neds,Neds,,player_disposals_over,Buku Khamis,Over,26.0,25.5,20260530_093320
5e06aeff84a466044adc1db2aae029cb,Western Bulldogs,Collingwood Magpies,2026-05-30T09:35:58Z,neds,Neds,,player_goal_scorer_anytime,Aaron Naughton,Yes,1.01,,20260530_093320
5e06aeff84a466044adc1db2aae029cb,Western Bulldogs,Collingwood Magpies,2026-05-30T09:35:58Z,neds,Neds,,player_goal_scorer_anytime,Rhylee West,Yes,1.1,,20260530_093320
5e06aeff84a466044adc1db2aae029cb,Western Bulldogs,Collingwood Magpies,2026-05-30T09:35:58Z,neds,Neds,,player_goal_scorer_anytime,Daniel McStay,Yes,1.13,,20260530_093320
5e06aeff84a466044adc1db2aae029cb,Western Bulldogs,Collingwood Magpies,2026-05-30T09:35:58Z,neds,Neds,,player_goal_scorer_anytime,Tim Membrey,Yes,1.19,,20260530_093320
5e06aeff84a466044adc1db2aae029cb,Western Bulldogs,Collingwood Magpies,2026-05-30T09:35:58Z,neds,Neds,,player_goal_scorer_anytime,Nick Daicos,Yes,1.2,,20260530_093320
5e06aeff84a466044adc1db2aae029cb,Western Bulldogs,Collingwood Magpies,2026-05-30T09:35:58Z,neds,Neds,,player_goal_scorer_anytime,Marcus Bontempelli,Yes,1.2,,20260530_093320
5e06aeff84a466044adc1db2aae029cb,Western Bulldogs,Collingwood Magpies,2026-05-30T09:35:58Z,neds,Neds,,player_goal_scorer_anytime,Will Lewis,Yes,1.24,,20260530_093320
5e06aeff84a466044adc1db2aae029cb,Western Bulldogs,Collingwood Magpies,2026-05-30T09:35:58Z,neds,Neds,,player_goal_scorer_anytime,Jordan De Goey,Yes,1.3,,20260530_093320
5e06aeff84a466044adc1db2aae029cb,Western Bulldogs,Collingwood Magpies,2026-05-30T09:35:58Z,neds,Neds,,player_goal_scorer_anytime,Lachlan Schultz,Yes,1.36,,20260530_093320
5e06aeff84a466044adc1db2aae029cb,Western Bulldogs,Collingwood Magpies,2026-05-30T09:35:58Z,neds,Neds,,player_goal_scorer_anytime,Arthur Jones,Yes,1.45,,20260530_093320
5e06aeff84a466044adc1db2aae029cb,Western Bulldogs,Collingwood Magpies,2026-05-30T09:35:58Z,neds,Neds,,player_goal_scorer_anytime,Jordan Croft,Yes,1.53,,20260530_093320
5e06aeff84a466044adc1db2aae029cb,Western Bulldogs,Collingwood Magpies,2026-05-30T09:35:58Z,neds,Neds,,player_goal_scorer_anytime,Roan Steele,Yes,1.73,,20260530_093320
5e06aeff84a466044adc1db2aae029cb,Western Bulldogs,Collingwood Magpies,2026-05-30T09:35:58Z,neds,Neds,,player_goal_scorer_anytime,Ed Richards,Yes,1.77,,20260530_093320
5e06aeff84a466044adc1db2aae029cb,Western Bulldogs,Collingwood Magpies,2026-05-30T09:35:58Z,neds,Neds,,player_goal_scorer_anytime,Angus Anderson,Yes,1.8,,20260530_093320
5e06aeff84a466044adc1db2aae029cb,Western Bulldogs,Collingwood Magpies,2026-05-30T09:35:58Z,neds,Neds,,player_goal_scorer_anytime,Beau McCreery,Yes,2.0,,20260530_093320
5e06aeff84a466044adc1db2aae029cb,Western Bulldogs,Collingwood Magpies,2026-05-30T09:35:58Z,neds,Neds,,player_goal_scorer_anytime,Harvey Harrison,Yes,2.0,,20260530_093320
5e06aeff84a466044adc1db2aae029cb,Western Bulldogs,Collingwood Magpies,2026-05-30T09:35:58Z,neds,Neds,,player_goal_scorer_anytime,Cooper Hynes,Yes,2.0,,20260530_093320
5e06aeff84a466044adc1db2aae029cb,Western Bulldogs,Collingwood Magpies,2026-05-30T09:35:58Z,neds,Neds,,player_goal_scorer_anytime,Lachie McNeil,Yes,2.05,,20260530_093320
5e06aeff84a466044adc1db2aae029cb,Western Bulldogs,Collingwood Magpies,2026-05-30T09:35:58Z,neds,Neds,,player_goal_scorer_anytime,Joel Freijah,Yes,2.25,,20260530_093320
5e06aeff84a466044adc1db2aae029cb,Western Bulldogs,Collingwood Magpies,2026-05-30T09:35:58Z,neds,Neds,,player_goal_scorer_anytime,Rory Lobb,Yes,2.4,,20260530_093320
5e06aeff84a466044adc1db2aae029cb,Western Bulldogs,Collingwood Magpies,2026-05-30T09:35:58Z,neds,Neds,,player_goal_scorer_anytime,Timothy English,Yes,2.5,,20260530_093320
5e06aeff84a466044adc1db2aae029cb,Western Bulldogs,Collingwood Magpies,2026-05-30T09:35:58Z,neds,Neds,,player_goal_scorer_anytime,Ned Long,Yes,2.5,,20260530_093320
5e06aeff84a466044adc1db2aae029cb,Western Bulldogs,Collingwood Magpies,2026-05-30T09:35:58Z,neds,Neds,,player_goal_scorer_anytime,Ryley Sanders,Yes,2.85,,20260530_093320
5e06aeff84a466044adc1db2aae029cb,Western Bulldogs,Collingwood Magpies,2026-05-30T09:35:58Z,neds,Neds,,player_goal_scorer_anytime,Edward Allan,Yes,2.85,,20260530_093320
5e06aeff84a466044adc1db2aae029cb,Western Bulldogs,Collingwood Magpies,2026-05-30T09:35:58Z,neds,Neds,,player_goal_scorer_anytime,Patrick Lipinski,Yes,3.05,,20260530_093320
5e06aeff84a466044adc1db2aae029cb,Western Bulldogs,Collingwood Magpies,2026-05-30T09:35:58Z,neds,Neds,,player_goal_scorer_anytime,Adam Treloar,Yes,3.05,,20260530_093320
5e06aeff84a466044adc1db2aae029cb,Western Bulldogs,Collingwood Magpies,2026-05-30T09:35:58Z,neds,Neds,,player_goal_scorer_anytime,Steele Sidebottom,Yes,3.25,,20260530_093320
5e06aeff84a466044adc1db2aae029cb,Western Bulldogs,Collingwood Magpies,2026-05-30T09:35:58Z,neds,Neds,,player_goal_scorer_anytime,Jack Crisp,Yes,3.25,,20260530_093320
5e06aeff84a466044adc1db2aae029cb,Western Bulldogs,Collingwood Magpies,2026-05-30T09:35:58Z,neds,Neds,,player_goal_scorer_anytime,Matthew Kennedy,Yes,3.4,,20260530_093320
5e06aeff84a466044adc1db2aae029cb,Western Bulldogs,Collingwood Magpies,2026-05-30T09:35:58Z,neds,Neds,,player_goal_scorer_anytime,Scott Pendlebury,Yes,3.4,,20260530_093320
5e06aeff84a466044adc1db2aae029cb,Western Bulldogs,Collingwood Magpies,2026-05-30T09:35:58Z,neds,Neds,,player_goal_scorer_anytime,Darcy Cameron,Yes,3.75,,20260530_093320
5e06aeff84a466044adc1db2aae029cb,Western Bulldogs,Collingwood Magpies,2026-05-30T09:35:58Z,neds,Neds,,player_goal_scorer_anytime,Dan Houston,Yes,3.75,,20260530_093320
5e06aeff84a466044adc1db2aae029cb,Western Bulldogs,Collingwood Magpies,2026-05-30T09:35:58Z,neds,Neds,,player_goal_scorer_anytime,Bailey Dale,Yes,3.75,,20260530_093320
5e06aeff84a466044adc1db2aae029cb,Western Bulldogs,Collingwood Magpies,2026-05-30T09:35:58Z,neds,Neds,,player_goal_scorer_anytime,Josh Daicos,Yes,4.1,,20260530_093320
5e06aeff84a466044adc1db2aae029cb,Western Bulldogs,Collingwood Magpies,2026-05-30T09:35:58Z,ladbrokes_au,Ladbrokes,,player_disposals,Ed Richards,Over,1.88,25.5,20260530_093320
5e06aeff84a466044adc1db2aae029cb,Western Bulldogs,Collingwood Magpies,2026-05-30T09:35:58Z,ladbrokes_au,Ladbrokes,,player_disposals,Ed Richards,Under,1.85,25.5,20260530_093320
5e06aeff84a466044adc1db2aae029cb,Western Bulldogs,Collingwood Magpies,2026-05-30T09:35:58Z,ladbrokes_au,Ladbrokes,,player_disposals,Bailey Dale,Over,1.85,30.5,20260530_093320
5e06aeff84a466044adc1db2aae029cb,Western Bulldogs,Collingwood Magpies,2026-05-30T09:35:58Z,ladbrokes_au,Ladbrokes,,player_disposals,Bailey Dale,Under,1.88,30.5,20260530_093320
5e06aeff84a466044adc1db2aae029cb,Western Bulldogs,Collingwood Magpies,2026-05-30T09:35:58Z,ladbrokes_au,Ladbrokes,,player_disposals,Connor Budarick,Over,1.87,21.5,20260530_093320
5e06aeff84a466044adc1db2aae029cb,Western Bulldogs,Collingwood Magpies,2026-05-30T09:35:58Z,ladbrokes_au,Ladbrokes,,player_disposals,Connor Budarick,Under,1.87,21.5,20260530_093320
5e06aeff84a466044adc1db2aae029cb,Western Bulldogs,Collingwood Magpies,2026-05-30T09:35:58Z,ladbrokes_au,Ladbrokes,,player_disposals,Marcus Bontempelli,Over,1.87,28.5,20260530_093320
5e06aeff84a466044adc1db2aae029cb,Western Bulldogs,Collingwood Magpies,2026-05-30T09:35:58Z,ladbrokes_au,Ladbrokes,,player_disposals,Marcus Bontempelli,Under,1.87,28.5,20260530_093320
5e06aeff84a466044adc1db2aae029cb,Western Bulldogs,Collingwood Magpies,2026-05-30T09:35:58Z,ladbrokes_au,Ladbrokes,,player_disposals,Jeremy Howe,Over,1.92,17.5,20260530_093320
5e06aeff84a466044adc1db2aae029cb,Western Bulldogs,Collingwood Magpies,2026-05-30T09:35:58Z,ladbrokes_au,Ladbrokes,,player_disposals,Jeremy Howe,Under,1.82,17.5,20260530_093320
5e06aeff84a466044adc1db2aae029cb,Western Bulldogs,Collingwood Magpies,2026-05-30T09:35:58Z,ladbrokes_au,Ladbrokes,,player_disposals,Jordan De Goey,Over,1.87,22.5,20260530_093320
5e06aeff84a466044adc1db2aae029cb,Western Bulldogs,Collingwood Magpies,2026-05-30T09:35:58Z,ladbrokes_au,Ladbrokes,,player_disposals,Jordan De Goey,Under,1.87,22.5,20260530_093320
5e06aeff84a466044adc1db2aae029cb,Western Bulldogs,Collingwood Magpies,2026-05-30T09:35:58Z,ladbrokes_au,Ladbrokes,,player_disposals,Josh Daicos,Over,1.85,25.5,20260530_093320
5e06aeff84a466044adc1db2aae029cb,Western Bulldogs,Collingwood Magpies,2026-05-30T09:35:58Z,ladbrokes_au,Ladbrokes,,player_disposals,Josh Daicos,Under,1.88,25.5,20260530_093320
5e06aeff84a466044adc1db2aae029cb,Western Bulldogs,Collingwood Magpies,2026-05-30T09:35:58Z,ladbrokes_au,Ladbrokes,,player_disposals,Dan Houston,Over,1.98,24.5,20260530_093320
5e06aeff84a466044adc1db2aae029cb,Western Bulldogs,Collingwood Magpies,2026-05-30T09:35:58Z,ladbrokes_au,Ladbrokes,,player_disposals,Dan Houston,Under,1.78,24.5,20260530_093320
5e06aeff84a466044adc1db2aae029cb,Western Bulldogs,Collingwood Magpies,2026-05-30T09:35:58Z,ladbrokes_au,Ladbrokes,,player_disposals,Ryley Sanders,Over,1.87,26.5,20260530_093320
5e06aeff84a466044adc1db2aae029cb,Western Bulldogs,Collingwood Magpies,2026-05-30T09:35:58Z,ladbrokes_au,Ladbrokes,,player_disposals,Ryley Sanders,Under,1.87,26.5,20260530_093320
5e06aeff84a466044adc1db2aae029cb,Western Bulldogs,Collingwood Magpies,2026-05-30T09:35:58Z,ladbrokes_au,Ladbrokes,,player_disposals,Nick Daicos,Over,1.87,32.5,20260530_093320
5e06aeff84a466044adc1db2aae029cb,Western Bulldogs,Collingwood Magpies,2026-05-30T09:35:58Z,ladbrokes_au,Ladbrokes,,player_disposals,Nick Daicos,Under,1.87,32.5,20260530_093320
5e06aeff84a466044adc1db2aae029cb,Western Bulldogs,Collingwood Magpies,2026-05-30T09:35:58Z,ladbrokes_au,Ladbrokes,,player_disposals_over,Nick Daicos,Over,2.05,33.5,20260530_093320
5e06aeff84a466044adc1db2aae029cb,Western Bulldogs,Collingwood Magpies,2026-05-30T09:35:58Z,ladbrokes_au,Ladbrokes,,player_disposals_over,Bailey Dale,Over,2.6,33.5,20260530_093320
5e06aeff84a466044adc1db2aae029cb,Western Bulldogs,Collingwood Magpies,2026-05-30T09:35:58Z,ladbrokes_au,Ladbrokes,,player_disposals_over,Marcus Bontempelli,Over,3.5,33.5,20260530_093320
5e06aeff84a466044adc1db2aae029cb,Western Bulldogs,Collingwood Magpies,2026-05-30T09:35:58Z,ladbrokes_au,Ladbrokes,,player_disposals_over,Ryley Sanders,Over,5.2,33.5,20260530_093320
5e06aeff84a466044adc1db2aae029cb,Western Bulldogs,Collingwood Magpies,2026-05-30T09:35:58Z,ladbrokes_au,Ladbrokes,,player_disposals_over,Josh Daicos,Over,6.25,33.5,20260530_093320
5e06aeff84a466044adc1db2aae029cb,Western Bulldogs,Collingwood Magpies,2026-05-30T09:35:58Z,ladbrokes_au,Ladbrokes,,player_disposals_over,Ed Richards,Over,6.5,33.5,20260530_093320
5e06aeff84a466044adc1db2aae029cb,Western Bulldogs,Collingwood Magpies,2026-05-30T09:35:58Z,ladbrokes_au,Ladbrokes,,player_disposals_over,Dan Houston,Over,9.25,33.5,20260530_093320
5e06aeff84a466044adc1db2aae029cb,Western Bulldogs,Collingwood Magpies,2026-05-30T09:35:58Z,ladbrokes_au,Ladbrokes,,player_disposals_over,Scott Pendlebury,Over,9.75,33.5,20260530_093320
5e06aeff84a466044adc1db2aae029cb,Western Bulldogs,Collingwood Magpies,2026-05-30T09:35:58Z,ladbrokes_au,Ladbrokes,,player_disposals_over,Matthew Kennedy,Over,10.5,33.5,20260530_093320
5e06aeff84a466044adc1db2aae029cb,Western Bulldogs,Collingwood Magpies,2026-05-30T09:35:58Z,ladbrokes_au,Ladbrokes,,player_disposals_over,Adam Treloar,Over,10.5,33.5,20260530_093320
5e06aeff84a466044adc1db2aae029cb,Western Bulldogs,Collingwood Magpies,2026-05-30T09:35:58Z,ladbrokes_au,Ladbrokes,,player_disposals_over,Jack Crisp,Over,10.5,33.5,20260530_093320
5e06aeff84a466044adc1db2aae029cb,Western Bulldogs,Collingwood Magpies,2026-05-30T09:35:58Z,ladbrokes_au,Ladbrokes,,player_disposals_over,Jordan De Goey,Over,14.0,33.5,20260530_093320
5e06aeff84a466044adc1db2aae029cb,Western Bulldogs,Collingwood Magpies,2026-05-30T09:35:58Z,ladbrokes_au,Ladbrokes,,player_disposals_over,Connor Budarick,Over,19.0,33.5,20260530_093320
5e06aeff84a466044adc1db2aae029cb,Western Bulldogs,Collingwood Magpies,2026-05-30T09:35:58Z,ladbrokes_au,Ladbrokes,,player_disposals_over,Patrick Lipinski,Over,41.0,33.5,20260530_093320
5e06aeff84a466044adc1db2aae029cb,Western Bulldogs,Collingwood Magpies,2026-05-30T09:35:58Z,ladbrokes_au,Ladbrokes,,player_disposals_over,Isaac Quaynor,Over,41.0,33.5,20260530_093320
5e06aeff84a466044adc1db2aae029cb,Western Bulldogs,Collingwood Magpies,2026-05-30T09:35:58Z,ladbrokes_au,Ladbrokes,,player_disposals_over,Joel Freijah,Over,51.0,33.5,20260530_093320
5e06aeff84a466044adc1db2aae029cb,Western Bulldogs,Collingwood Magpies,2026-05-30T09:35:58Z,ladbrokes_au,Ladbrokes,,player_disposals_over,Darcy Cameron,Over,51.0,33.5,20260530_093320
5e06aeff84a466044adc1db2aae029cb,Western Bulldogs,Collingwood Magpies,2026-05-30T09:35:58Z,ladbrokes_au,Ladbrokes,,player_disposals_over,Brayden Maynard,Over,51.0,33.5,20260530_093320
5e06aeff84a466044adc1db2aae029cb,Western Bulldogs,Collingwood Magpies,2026-05-30T09:35:58Z,ladbrokes_au,Ladbrokes,,player_disposals_over,Bailey Dale,Over,1.01,21.5,20260530_093320
5e06aeff84a466044adc1db2aae029cb,Western Bulldogs,Collingwood Magpies,2026-05-30T09:35:58Z,ladbrokes_au,Ladbrokes,,player_disposals_over,Marcus Bontempelli,Over,1.07,21.5,20260530_093320
5e06aeff84a466044adc1db2aae029cb,Western Bulldogs,Collingwood Magpies,2026-05-30T09:35:58Z,ladbrokes_au,Ladbrokes,,player_disposals_over,Ryley Sanders,Over,1.19,21.5,20260530_093320
5e06aeff84a466044adc1db2aae029cb,Western Bulldogs,Collingwood Magpies,2026-05-30T09:35:58Z,ladbrokes_au,Ladbrokes,,player_disposals_over,Josh Daicos,Over,1.26,21.5,20260530_093320
5e06aeff84a466044adc1db2aae029cb,Western Bulldogs,Collingwood Magpies,2026-05-30T09:35:58Z,ladbrokes_au,Ladbrokes,,player_disposals_over,Ed Richards,Over,1.28,21.5,20260530_093320
5e06aeff84a466044adc1db2aae029cb,Western Bulldogs,Collingwood Magpies,2026-05-30T09:35:58Z,ladbrokes_au,Ladbrokes,,player_disposals_over,Dan Houston,Over,1.42,21.5,20260530_093320
5e06aeff84a466044adc1db2aae029cb,Western Bulldogs,Collingwood Magpies,2026-05-30T09:35:58Z,ladbrokes_au,Ladbrokes,,player_disposals_over,Scott Pendlebury,Over,1.45,21.5,20260530_093320
5e06aeff84a466044adc1db2aae029cb,Western Bulldogs,Collingwood Magpies,2026-05-30T09:35:58Z,ladbrokes_au,Ladbrokes,,player_disposals_over,Adam Treloar,Over,1.48,21.5,20260530_093320
5e06aeff84a466044adc1db2aae029cb,Western Bulldogs,Collingwood Magpies,2026-05-30T09:35:58Z,ladbrokes_au,Ladbrokes,,player_disposals_over,Matthew Kennedy,Over,1.5,21.5,20260530_093320
5e06aeff84a466044adc1db2aae029cb,Western Bulldogs,Collingwood Magpies,2026-05-30T09:35:58Z,ladbrokes_au,Ladbrokes,,player_disposals_over,Jack Crisp,Over,1.5,21.5,20260530_093320
5e06aeff84a466044adc1db2aae029cb,Western Bulldogs,Collingwood Magpies,2026-05-30T09:35:58Z,ladbrokes_au,Ladbrokes,,player_disposals_over,Jordan De Goey,Over,1.65,21.5,20260530_093320
5e06aeff84a466044adc1db2aae029cb,Western Bulldogs,Collingwood Magpies,2026-05-30T09:35:58Z,ladbrokes_au,Ladbrokes,,player_disposals_over,Connor Budarick,Over,1.85,21.5,20260530_093320
5e06aeff84a466044adc1db2aae029cb,Western Bulldogs,Collingwood Magpies,2026-05-30T09:35:58Z,ladbrokes_au,Ladbrokes,,player_disposals_over,Patrick Lipinski,Over,2.45,21.5,20260530_093320
5e06aeff84a466044adc1db2aae029cb,Western Bulldogs,Collingwood Magpies,2026-05-30T09:35:58Z,ladbrokes_au,Ladbrokes,,player_disposals_over,Isaac Quaynor,Over,2.6,21.5,20260530_093320
5e06aeff84a466044adc1db2aae029cb,Western Bulldogs,Collingwood Magpies,2026-05-30T09:35:58Z,ladbrokes_au,Ladbrokes,,player_disposals_over,Joel Freijah,Over,2.65,21.5,20260530_093320
5e06aeff84a466044adc1db2aae029cb,Western Bulldogs,Collingwood Magpies,2026-05-30T09:35:58Z,ladbrokes_au,Ladbrokes,,player_disposals_over,Darcy Cameron,Over,2.65,21.5,20260530_093320
5e06aeff84a466044adc1db2aae029cb,Western Bulldogs,Collingwood Magpies,2026-05-30T09:35:58Z,ladbrokes_au,Ladbrokes,,player_disposals_over,Brayden Maynard,Over,2.8,21.5,20260530_093320
5e06aeff84a466044adc1db2aae029cb,Western Bulldogs,Collingwood Magpies,2026-05-30T09:35:58Z,ladbrokes_au,Ladbrokes,,player_disposals_over,Jeremy Howe,Over,3.8,21.5,20260530_093320
5e06aeff84a466044adc1db2aae029cb,Western Bulldogs,Collingwood Magpies,2026-05-30T09:35:58Z,ladbrokes_au,Ladbrokes,,player_disposals_over,Lachlan Bramble,Over,4.0,21.5,20260530_093320
5e06aeff84a466044adc1db2aae029cb,Western Bulldogs,Collingwood Magpies,2026-05-30T09:35:58Z,ladbrokes_au,Ladbrokes,,player_disposals_over,Timothy English,Over,4.0,21.5,20260530_093320
5e06aeff84a466044adc1db2aae029cb,Western Bulldogs,Collingwood Magpies,2026-05-30T09:35:58Z,ladbrokes_au,Ladbrokes,,player_disposals_over,Lachie Jaques,Over,4.2,21.5,20260530_093320
5e06aeff84a466044adc1db2aae029cb,Western Bulldogs,Collingwood Magpies,2026-05-30T09:35:58Z,ladbrokes_au,Ladbrokes,,player_disposals_over,Nicholas Coffield,Over,4.25,21.5,20260530_093320
5e06aeff84a466044adc1db2aae029cb,Western Bulldogs,Collingwood Magpies,2026-05-30T09:35:58Z,ladbrokes_au,Ladbrokes,,player_disposals_over,Steele Sidebottom,Over,4.4,21.5,20260530_093320
5e06aeff84a466044adc1db2aae029cb,Western Bulldogs,Collingwood Magpies,2026-05-30T09:35:58Z,ladbrokes_au,Ladbrokes,,player_disposals_over,Lachlan Schultz,Over,5.0,21.5,20260530_093320
5e06aeff84a466044adc1db2aae029cb,Western Bulldogs,Collingwood Magpies,2026-05-30T09:35:58Z,ladbrokes_au,Ladbrokes,,player_disposals_over,Beau McCreery,Over,5.0,21.5,20260530_093320
5e06aeff84a466044adc1db2aae029cb,Western Bulldogs,Collingwood Magpies,2026-05-30T09:35:58Z,ladbrokes_au,Ladbrokes,,player_disposals_over,Ned Long,Over,5.0,21.5,20260530_093320
5e06aeff84a466044adc1db2aae029cb,Western Bulldogs,Collingwood Magpies,2026-05-30T09:35:58Z,ladbrokes_au,Ladbrokes,,player_disposals_over,Roan Steele,Over,5.0,21.5,20260530_093320
5e06aeff84a466044adc1db2aae029cb,Western Bulldogs,Collingwood Magpies,2026-05-30T09:35:58Z,ladbrokes_au,Ladbrokes,,player_disposals_over,Edward Allan,Over,6.6,21.5,20260530_093320
5e06aeff84a466044adc1db2aae029cb,Western Bulldogs,Collingwood Magpies,2026-05-30T09:35:58Z,ladbrokes_au,Ladbrokes,,player_disposals_over,Angus Anderson,Over,6.75,21.5,20260530_093320
5e06aeff84a466044adc1db2aae029cb,Western Bulldogs,Collingwood Magpies,2026-05-30T09:35:58Z,ladbrokes_au,Ladbrokes,,player_disposals_over,Michael Sellwood,Over,7.5,21.5,20260530_093320
5e06aeff84a466044adc1db2aae029cb,Western Bulldogs,Collingwood Magpies,2026-05-30T09:35:58Z,ladbrokes_au,Ladbrokes,,player_disposals_over,Rory Lobb,Over,8.25,21.5,20260530_093320
5e06aeff84a466044adc1db2aae029cb,Western Bulldogs,Collingwood Magpies,2026-05-30T09:35:58Z,ladbrokes_au,Ladbrokes,,player_disposals_over,Buku Khamis,Over,8.25,21.5,20260530_093320
5e06aeff84a466044adc1db2aae029cb,Western Bulldogs,Collingwood Magpies,2026-05-30T09:35:58Z,ladbrokes_au,Ladbrokes,,player_disposals_over,Rhylee West,Over,10.5,21.5,20260530_093320
5e06aeff84a466044adc1db2aae029cb,Western Bulldogs,Collingwood Magpies,2026-05-30T09:35:58Z,ladbrokes_au,Ladbrokes,,player_disposals_over,Harvey Harrison,Over,11.5,21.5,20260530_093320
5e06aeff84a466044adc1db2aae029cb,Western Bulldogs,Collingwood Magpies,2026-05-30T09:35:58Z,ladbrokes_au,Ladbrokes,,player_disposals_over,Arthur Jones,Over,11.5,21.5,20260530_093320
5e06aeff84a466044adc1db2aae029cb,Western Bulldogs,Collingwood Magpies,2026-05-30T09:35:58Z,ladbrokes_au,Ladbrokes,,player_disposals_over,Wil Parker,Over,15.0,21.5,20260530_093320
5e06aeff84a466044adc1db2aae029cb,Western Bulldogs,Collingwood Magpies,2026-05-30T09:35:58Z,ladbrokes_au,Ladbrokes,,player_disposals_over,James O'Donnell,Over,15.0,21.5,20260530_093320
5e06aeff84a466044adc1db2aae029cb,Western Bulldogs,Collingwood Magpies,2026-05-30T09:35:58Z,ladbrokes_au,Ladbrokes,,player_disposals_over,Nick Daicos,Over,1.22,27.5,20260530_093320
5e06aeff84a466044adc1db2aae029cb,Western Bulldogs,Collingwood Magpies,2026-05-30T09:35:58Z,ladbrokes_au,Ladbrokes,,player_disposals_over,Bailey Dale,Over,1.4,27.5,20260530_093320
5e06aeff84a466044adc1db2aae029cb,Western Bulldogs,Collingwood Magpies,2026-05-30T09:35:58Z,ladbrokes_au,Ladbrokes,,player_disposals_over,Marcus Bontempelli,Over,1.67,27.5,20260530_093320
5e06aeff84a466044adc1db2aae029cb,Western Bulldogs,Collingwood Magpies,2026-05-30T09:35:58Z,ladbrokes_au,Ladbrokes,,player_disposals_over,Ryley Sanders,Over,2.1,27.5,20260530_093320
5e06aeff84a466044adc1db2aae029cb,Western Bulldogs,Collingwood Magpies,2026-05-30T09:35:58Z,ladbrokes_au,Ladbrokes,,player_disposals_over,Josh Daicos,Over,2.35,27.5,20260530_093320
5e06aeff84a466044adc1db2aae029cb,Western Bulldogs,Collingwood Magpies,2026-05-30T09:35:58Z,ladbrokes_au,Ladbrokes,,player_disposals_over,Ed Richards,Over,2.4,27.5,20260530_093320
5e06aeff84a466044adc1db2aae029cb,Western Bulldogs,Collingwood Magpies,2026-05-30T09:35:58Z,ladbrokes_au,Ladbrokes,,player_disposals_over,Dan Houston,Over,3.0,27.5,20260530_093320
5e06aeff84a466044adc1db2aae029cb,Western Bulldogs,Collingwood Magpies,2026-05-30T09:35:58Z,ladbrokes_au,Ladbrokes,,player_disposals_over,Scott Pendlebury,Over,3.1,27.5,20260530_093320
5e06aeff84a466044adc1db2aae029cb,Western Bulldogs,Collingwood Magpies,2026-05-30T09:35:58Z,ladbrokes_au,Ladbrokes,,player_disposals_over,Adam Treloar,Over,3.2,27.5,20260530_093320
5e06aeff84a466044adc1db2aae029cb,Western Bulldogs,Collingwood Magpies,2026-05-30T09:35:58Z,ladbrokes_au,Ladbrokes,,player_disposals_over,Matthew Kennedy,Over,3.25,27.5,20260530_093320
5e06aeff84a466044adc1db2aae029cb,Western Bulldogs,Collingwood Magpies,2026-05-30T09:35:58Z,ladbrokes_au,Ladbrokes,,player_disposals_over,Jack Crisp,Over,3.25,27.5,20260530_093320
5e06aeff84a466044adc1db2aae029cb,Western Bulldogs,Collingwood Magpies,2026-05-30T09:35:58Z,ladbrokes_au,Ladbrokes,,player_disposals_over,Jordan De Goey,Over,3.9,27.5,20260530_093320
5e06aeff84a466044adc1db2aae029cb,Western Bulldogs,Collingwood Magpies,2026-05-30T09:35:58Z,ladbrokes_au,Ladbrokes,,player_disposals_over,Connor Budarick,Over,4.8,27.5,20260530_093320
5e06aeff84a466044adc1db2aae029cb,Western Bulldogs,Collingwood Magpies,2026-05-30T09:35:58Z,ladbrokes_au,Ladbrokes,,player_disposals_over,Patrick Lipinski,Over,7.75,27.5,20260530_093320
5e06aeff84a466044adc1db2aae029cb,Western Bulldogs,Collingwood Magpies,2026-05-30T09:35:58Z,ladbrokes_au,Ladbrokes,,player_disposals_over,Isaac Quaynor,Over,8.75,27.5,20260530_093320
5e06aeff84a466044adc1db2aae029cb,Western Bulldogs,Collingwood Magpies,2026-05-30T09:35:58Z,ladbrokes_au,Ladbrokes,,player_disposals_over,Joel Freijah,Over,9.0,27.5,20260530_093320
5e06aeff84a466044adc1db2aae029cb,Western Bulldogs,Collingwood Magpies,2026-05-30T09:35:58Z,ladbrokes_au,Ladbrokes,,player_disposals_over,Darcy Cameron,Over,9.0,27.5,20260530_093320
5e06aeff84a466044adc1db2aae029cb,Western Bulldogs,Collingwood Magpies,2026-05-30T09:35:58Z,ladbrokes_au,Ladbrokes,,player_disposals_over,Brayden Maynard,Over,9.75,27.5,20260530_093320
5e06aeff84a466044adc1db2aae029cb,Western Bulldogs,Collingwood Magpies,2026-05-30T09:35:58Z,ladbrokes_au,Ladbrokes,,player_disposals_over,Jeremy Howe,Over,16.0,27.5,20260530_093320
5e06aeff84a466044adc1db2aae029cb,Western Bulldogs,Collingwood Magpies,2026-05-30T09:35:58Z,ladbrokes_au,Ladbrokes,,player_disposals_over,Lachlan Bramble,Over,17.0,27.5,20260530_093320
5e06aeff84a466044adc1db2aae029cb,Western Bulldogs,Collingwood Magpies,2026-05-30T09:35:58Z,ladbrokes_au,Ladbrokes,,player_disposals_over,Timothy English,Over,17.0,27.5,20260530_093320
5e06aeff84a466044adc1db2aae029cb,Western Bulldogs,Collingwood Magpies,2026-05-30T09:35:58Z,ladbrokes_au,Ladbrokes,,player_disposals_over,Nicholas Coffield,Over,19.0,27.5,20260530_093320
5e06aeff84a466044adc1db2aae029cb,Western Bulldogs,Collingwood Magpies,2026-05-30T09:35:58Z,ladbrokes_au,Ladbrokes,,player_disposals_over,Lachie Jaques,Over,19.0,27.5,20260530_093320
5e06aeff84a466044adc1db2aae029cb,Western Bulldogs,Collingwood Magpies,2026-05-30T09:35:58Z,ladbrokes_au,Ladbrokes,,player_disposals_over,Steele Sidebottom,Over,21.0,27.5,20260530_093320
5e06aeff84a466044adc1db2aae029cb,Western Bulldogs,Collingwood Magpies,2026-05-30T09:35:58Z,ladbrokes_au,Ladbrokes,,player_disposals_over,Lachlan Schultz,Over,23.0,27.5,20260530_093320
5e06aeff84a466044adc1db2aae029cb,Western Bulldogs,Collingwood Magpies,2026-05-30T09:35:58Z,ladbrokes_au,Ladbrokes,,player_disposals_over,Beau McCreery,Over,26.0,27.5,20260530_093320
5e06aeff84a466044adc1db2aae029cb,Western Bulldogs,Collingwood Magpies,2026-05-30T09:35:58Z,ladbrokes_au,Ladbrokes,,player_disposals_over,Ned Long,Over,26.0,27.5,20260530_093320
5e06aeff84a466044adc1db2aae029cb,Western Bulldogs,Collingwood Magpies,2026-05-30T09:35:58Z,ladbrokes_au,Ladbrokes,,player_disposals_over,Roan Steele,Over,26.0,27.5,20260530_093320
5e06aeff84a466044adc1db2aae029cb,Western Bulldogs,Collingwood Magpies,2026-05-30T09:35:58Z,ladbrokes_au,Ladbrokes,,player_disposals_over,Nick Daicos,Over,2.6,35.5,20260530_093320
5e06aeff84a466044adc1db2aae029cb,Western Bulldogs,Collingwood Magpies,2026-05-30T09:35:58Z,ladbrokes_au,Ladbrokes,,player_disposals_over,Bailey Dale,Over,3.4,35.5,20260530_093320
5e06aeff84a466044adc1db2aae029cb,Western Bulldogs,Collingwood Magpies,2026-05-30T09:35:58Z,ladbrokes_au,Ladbrokes,,player_disposals_over,Marcus Bontempelli,Over,5.0,35.5,20260530_093320
5e06aeff84a466044adc1db2aae029cb,Western Bulldogs,Collingwood Magpies,2026-05-30T09:35:58Z,ladbrokes_au,Ladbrokes,,player_disposals_over,Ryley Sanders,Over,7.5,35.5,20260530_093320
5e06aeff84a466044adc1db2aae029cb,Western Bulldogs,Collingwood Magpies,2026-05-30T09:35:58Z,ladbrokes_au,Ladbrokes,,player_disposals_over,Josh Daicos,Over,9.5,35.5,20260530_093320
5e06aeff84a466044adc1db2aae029cb,Western Bulldogs,Collingwood Magpies,2026-05-30T09:35:58Z,ladbrokes_au,Ladbrokes,,player_disposals_over,Ed Richards,Over,10.0,35.5,20260530_093320
5e06aeff84a466044adc1db2aae029cb,Western Bulldogs,Collingwood Magpies,2026-05-30T09:35:58Z,ladbrokes_au,Ladbrokes,,player_disposals_over,Dan Houston,Over,15.0,35.5,20260530_093320
5e06aeff84a466044adc1db2aae029cb,Western Bulldogs,Collingwood Magpies,2026-05-30T09:35:58Z,ladbrokes_au,Ladbrokes,,player_disposals_over,Scott Pendlebury,Over,16.0,35.5,20260530_093320
5e06aeff84a466044adc1db2aae029cb,Western Bulldogs,Collingwood Magpies,2026-05-30T09:35:58Z,ladbrokes_au,Ladbrokes,,player_disposals_over,Adam Treloar,Over,16.0,35.5,20260530_093320
5e06aeff84a466044adc1db2aae029cb,Western Bulldogs,Collingwood Magpies,2026-05-30T09:35:58Z,ladbrokes_au,Ladbrokes,,player_disposals_over,Matthew Kennedy,Over,17.0,35.5,20260530_093320
5e06aeff84a466044adc1db2aae029cb,Western Bulldogs,Collingwood Magpies,2026-05-30T09:35:58Z,ladbrokes_au,Ladbrokes,,player_disposals_over,Jack Crisp,Over,17.0,35.5,20260530_093320
5e06aeff84a466044adc1db2aae029cb,Western Bulldogs,Collingwood Magpies,2026-05-30T09:35:58Z,ladbrokes_au,Ladbrokes,,player_disposals_over,Jordan De Goey,Over,23.0,35.5,20260530_093320
5e06aeff84a466044adc1db2aae029cb,Western Bulldogs,Collingwood Magpies,2026-05-30T09:35:58Z,ladbrokes_au,Ladbrokes,,player_disposals_over,Connor Budarick,Over,34.0,35.5,20260530_093320
5e06aeff84a466044adc1db2aae029cb,Western Bulldogs,Collingwood Magpies,2026-05-30T09:35:58Z,ladbrokes_au,Ladbrokes,,player_disposals_over,Nick Daicos,Over,1.44,29.5,20260530_093320
5e06aeff84a466044adc1db2aae029cb,Western Bulldogs,Collingwood Magpies,2026-05-30T09:35:58Z,ladbrokes_au,Ladbrokes,,player_disposals_over,Bailey Dale,Over,1.68,29.5,20260530_093320
5e06aeff84a466044adc1db2aae029cb,Western Bulldogs,Collingwood Magpies,2026-05-30T09:35:58Z,ladbrokes_au,Ladbrokes,,player_disposals_over,Marcus Bontempelli,Over,2.1,29.5,20260530_093320
5e06aeff84a466044adc1db2aae029cb,Western Bulldogs,Collingwood Magpies,2026-05-30T09:35:58Z,ladbrokes_au,Ladbrokes,,player_disposals_over,Ryley Sanders,Over,2.75,29.5,20260530_093320
5e06aeff84a466044adc1db2aae029cb,Western Bulldogs,Collingwood Magpies,2026-05-30T09:35:58Z,ladbrokes_au,Ladbrokes,,player_disposals_over,Josh Daicos,Over,3.15,29.5,20260530_093320
5e06aeff84a466044adc1db2aae029cb,Western Bulldogs,Collingwood Magpies,2026-05-30T09:35:58Z,ladbrokes_au,Ladbrokes,,player_disposals_over,Ed Richards,Over,3.3,29.5,20260530_093320
5e06aeff84a466044adc1db2aae029cb,Western Bulldogs,Collingwood Magpies,2026-05-30T09:35:58Z,ladbrokes_au,Ladbrokes,,player_disposals_over,Dan Houston,Over,4.25,29.5,20260530_093320
5e06aeff84a466044adc1db2aae029cb,Western Bulldogs,Collingwood Magpies,2026-05-30T09:35:58Z,ladbrokes_au,Ladbrokes,,player_disposals_over,Scott Pendlebury,Over,4.4,29.5,20260530_093320
5e06aeff84a466044adc1db2aae029cb,Western Bulldogs,Collingwood Magpies,2026-05-30T09:35:58Z,ladbrokes_au,Ladbrokes,,player_disposals_over,Adam Treloar,Over,4.6,29.5,20260530_093320
5e06aeff84a466044adc1db2aae029cb,Western Bulldogs,Collingwood Magpies,2026-05-30T09:35:58Z,ladbrokes_au,Ladbrokes,,player_disposals_over,Matthew Kennedy,Over,4.75,29.5,20260530_093320
5e06aeff84a466044adc1db2aae029cb,Western Bulldogs,Collingwood Magpies,2026-05-30T09:35:58Z,ladbrokes_au,Ladbrokes,,player_disposals_over,Jack Crisp,Over,4.75,29.5,20260530_093320
5e06aeff84a466044adc1db2aae029cb,Western Bulldogs,Collingwood Magpies,2026-05-30T09:35:58Z,ladbrokes_au,Ladbrokes,,player_disposals_over,Jordan De Goey,Over,5.8,29.5,20260530_093320
5e06aeff84a466044adc1db2aae029cb,Western Bulldogs,Collingwood Magpies,2026-05-30T09:35:58Z,ladbrokes_au,Ladbrokes,,player_disposals_over,Connor Budarick,Over,7.5,29.5,20260530_093320
5e06aeff84a466044adc1db2aae029cb,Western Bulldogs,Collingwood Magpies,2026-05-30T09:35:58Z,ladbrokes_au,Ladbrokes,,player_disposals_over,Patrick Lipinski,Over,13.0,29.5,20260530_093320
5e06aeff84a466044adc1db2aae029cb,Western Bulldogs,Collingwood Magpies,2026-05-30T09:35:58Z,ladbrokes_au,Ladbrokes,,player_disposals_over,Isaac Quaynor,Over,15.0,29.5,20260530_093320
5e06aeff84a466044adc1db2aae029cb,Western Bulldogs,Collingwood Magpies,2026-05-30T09:35:58Z,ladbrokes_au,Ladbrokes,,player_disposals_over,Joel Freijah,Over,15.0,29.5,20260530_093320
5e06aeff84a466044adc1db2aae029cb,Western Bulldogs,Collingwood Magpies,2026-05-30T09:35:58Z,ladbrokes_au,Ladbrokes,,player_disposals_over,Darcy Cameron,Over,15.0,29.5,20260530_093320
5e06aeff84a466044adc1db2aae029cb,Western Bulldogs,Collingwood Magpies,2026-05-30T09:35:58Z,ladbrokes_au,Ladbrokes,,player_disposals_over,Brayden Maynard,Over,17.0,29.5,20260530_093320
5e06aeff84a466044adc1db2aae029cb,Western Bulldogs,Collingwood Magpies,2026-05-30T09:35:58Z,ladbrokes_au,Ladbrokes,,player_disposals_over,Jeremy Howe,Over,29.0,29.5,20260530_093320
5e06aeff84a466044adc1db2aae029cb,Western Bulldogs,Collingwood Magpies,2026-05-30T09:35:58Z,ladbrokes_au,Ladbrokes,,player_disposals_over,Lachlan Bramble,Over,31.0,29.5,20260530_093320
5e06aeff84a466044adc1db2aae029cb,Western Bulldogs,Collingwood Magpies,2026-05-30T09:35:58Z,ladbrokes_au,Ladbrokes,,player_disposals_over,Timothy English,Over,31.0,29.5,20260530_093320
5e06aeff84a466044adc1db2aae029cb,Western Bulldogs,Collingwood Magpies,2026-05-30T09:35:58Z,ladbrokes_au,Ladbrokes,,player_disposals_over,Nicholas Coffield,Over,34.0,29.5,20260530_093320
5e06aeff84a466044adc1db2aae029cb,Western Bulldogs,Collingwood Magpies,2026-05-30T09:35:58Z,ladbrokes_au,Ladbrokes,,player_disposals_over,Lachie Jaques,Over,34.0,29.5,20260530_093320
5e06aeff84a466044adc1db2aae029cb,Western Bulldogs,Collingwood Magpies,2026-05-30T09:35:58Z,ladbrokes_au,Ladbrokes,,player_disposals_over,Steele Sidebottom,Over,41.0,29.5,20260530_093320
5e06aeff84a466044adc1db2aae029cb,Western Bulldogs,Collingwood Magpies,2026-05-30T09:35:58Z,ladbrokes_au,Ladbrokes,,player_disposals_over,Lachlan Schultz,Over,51.0,29.5,20260530_093320
5e06aeff84a466044adc1db2aae029cb,Western Bulldogs,Collingwood Magpies,2026-05-30T09:35:58Z,ladbrokes_au,Ladbrokes,,player_disposals_over,Ryley Sanders,Over,1.08,19.5,20260530_093320
5e06aeff84a466044adc1db2aae029cb,Western Bulldogs,Collingwood Magpies,2026-05-30T09:35:58Z,ladbrokes_au,Ladbrokes,,player_disposals_over,Josh Daicos,Over,1.13,19.5,20260530_093320
5e06aeff84a466044adc1db2aae029cb,Western Bulldogs,Collingwood Magpies,2026-05-30T09:35:58Z,ladbrokes_au,Ladbrokes,,player_disposals_over,Ed Richards,Over,1.14,19.5,20260530_093320
5e06aeff84a466044adc1db2aae029cb,Western Bulldogs,Collingwood Magpies,2026-05-30T09:35:58Z,ladbrokes_au,Ladbrokes,,player_disposals_over,Dan Houston,Over,1.24,19.5,20260530_093320
5e06aeff84a466044adc1db2aae029cb,Western Bulldogs,Collingwood Magpies,2026-05-30T09:35:58Z,ladbrokes_au,Ladbrokes,,player_disposals_over,Scott Pendlebury,Over,1.25,19.5,20260530_093320
5e06aeff84a466044adc1db2aae029cb,Western Bulldogs,Collingwood Magpies,2026-05-30T09:35:58Z,ladbrokes_au,Ladbrokes,,player_disposals_over,Adam Treloar,Over,1.26,19.5,20260530_093320
5e06aeff84a466044adc1db2aae029cb,Western Bulldogs,Collingwood Magpies,2026-05-30T09:35:58Z,ladbrokes_au,Ladbrokes,,player_disposals_over,Matthew Kennedy,Over,1.28,19.5,20260530_093320
5e06aeff84a466044adc1db2aae029cb,Western Bulldogs,Collingwood Magpies,2026-05-30T09:35:58Z,ladbrokes_au,Ladbrokes,,player_disposals_over,Jack Crisp,Over,1.28,19.5,20260530_093320
5e06aeff84a466044adc1db2aae029cb,Western Bulldogs,Collingwood Magpies,2026-05-30T09:35:58Z,ladbrokes_au,Ladbrokes,,player_disposals_over,Jordan De Goey,Over,1.38,19.5,20260530_093320
5e06aeff84a466044adc1db2aae029cb,Western Bulldogs,Collingwood Magpies,2026-05-30T09:35:58Z,ladbrokes_au,Ladbrokes,,player_disposals_over,Connor Budarick,Over,1.52,19.5,20260530_093320
5e06aeff84a466044adc1db2aae029cb,Western Bulldogs,Collingwood Magpies,2026-05-30T09:35:58Z,ladbrokes_au,Ladbrokes,,player_disposals_over,Patrick Lipinski,Over,1.87,19.5,20260530_093320
5e06aeff84a466044adc1db2aae029cb,Western Bulldogs,Collingwood Magpies,2026-05-30T09:35:58Z,ladbrokes_au,Ladbrokes,,player_disposals_over,Isaac Quaynor,Over,1.98,19.5,20260530_093320
5e06aeff84a466044adc1db2aae029cb,Western Bulldogs,Collingwood Magpies,2026-05-30T09:35:58Z,ladbrokes_au,Ladbrokes,,player_disposals_over,Joel Freijah,Over,2.0,19.5,20260530_093320
5e06aeff84a466044adc1db2aae029cb,Western Bulldogs,Collingwood Magpies,2026-05-30T09:35:58Z,ladbrokes_au,Ladbrokes,,player_disposals_over,Darcy Cameron,Over,2.0,19.5,20260530_093320
5e06aeff84a466044adc1db2aae029cb,Western Bulldogs,Collingwood Magpies,2026-05-30T09:35:58Z,ladbrokes_au,Ladbrokes,,player_disposals_over,Brayden Maynard,Over,2.1,19.5,20260530_093320
5e06aeff84a466044adc1db2aae029cb,Western Bulldogs,Collingwood Magpies,2026-05-30T09:35:58Z,ladbrokes_au,Ladbrokes,,player_disposals_over,Jeremy Howe,Over,2.65,19.5,20260530_093320
5e06aeff84a466044adc1db2aae029cb,Western Bulldogs,Collingwood Magpies,2026-05-30T09:35:58Z,ladbrokes_au,Ladbrokes,,player_disposals_over,Lachlan Bramble,Over,2.8,19.5,20260530_093320
5e06aeff84a466044adc1db2aae029cb,Western Bulldogs,Collingwood Magpies,2026-05-30T09:35:58Z,ladbrokes_au,Ladbrokes,,player_disposals_over,Timothy English,Over,2.8,19.5,20260530_093320
5e06aeff84a466044adc1db2aae029cb,Western Bulldogs,Collingwood Magpies,2026-05-30T09:35:58Z,ladbrokes_au,Ladbrokes,,player_disposals_over,Lachie Jaques,Over,2.9,19.5,20260530_093320
5e06aeff84a466044adc1db2aae029cb,Western Bulldogs,Collingwood Magpies,2026-05-30T09:35:58Z,ladbrokes_au,Ladbrokes,,player_disposals_over,Nicholas Coffield,Over,2.95,19.5,20260530_093320
5e06aeff84a466044adc1db2aae029cb,Western Bulldogs,Collingwood Magpies,2026-05-30T09:35:58Z,ladbrokes_au,Ladbrokes,,player_disposals_over,Steele Sidebottom,Over,3.0,19.5,20260530_093320
5e06aeff84a466044adc1db2aae029cb,Western Bulldogs,Collingwood Magpies,2026-05-30T09:35:58Z,ladbrokes_au,Ladbrokes,,player_disposals_over,Lachlan Schultz,Over,3.35,19.5,20260530_093320
5e06aeff84a466044adc1db2aae029cb,Western Bulldogs,Collingwood Magpies,2026-05-30T09:35:58Z,ladbrokes_au,Ladbrokes,,player_disposals_over,Beau McCreery,Over,3.4,19.5,20260530_093320
5e06aeff84a466044adc1db2aae029cb,Western Bulldogs,Collingwood Magpies,2026-05-30T09:35:58Z,ladbrokes_au,Ladbrokes,,player_disposals_over,Ned Long,Over,3.4,19.5,20260530_093320
5e06aeff84a466044adc1db2aae029cb,Western Bulldogs,Collingwood Magpies,2026-05-30T09:35:58Z,ladbrokes_au,Ladbrokes,,player_disposals_over,Roan Steele,Over,3.4,19.5,20260530_093320
5e06aeff84a466044adc1db2aae029cb,Western Bulldogs,Collingwood Magpies,2026-05-30T09:35:58Z,ladbrokes_au,Ladbrokes,,player_disposals_over,Edward Allan,Over,4.2,19.5,20260530_093320
5e06aeff84a466044adc1db2aae029cb,Western Bulldogs,Collingwood Magpies,2026-05-30T09:35:58Z,ladbrokes_au,Ladbrokes,,player_disposals_over,Angus Anderson,Over,4.25,19.5,20260530_093320
5e06aeff84a466044adc1db2aae029cb,Western Bulldogs,Collingwood Magpies,2026-05-30T09:35:58Z,ladbrokes_au,Ladbrokes,,player_disposals_over,Michael Sellwood,Over,4.6,19.5,20260530_093320
5e06aeff84a466044adc1db2aae029cb,Western Bulldogs,Collingwood Magpies,2026-05-30T09:35:58Z,ladbrokes_au,Ladbrokes,,player_disposals_over,Rory Lobb,Over,5.0,19.5,20260530_093320
5e06aeff84a466044adc1db2aae029cb,Western Bulldogs,Collingwood Magpies,2026-05-30T09:35:58Z,ladbrokes_au,Ladbrokes,,player_disposals_over,Buku Khamis,Over,5.0,19.5,20260530_093320
5e06aeff84a466044adc1db2aae029cb,Western Bulldogs,Collingwood Magpies,2026-05-30T09:35:58Z,ladbrokes_au,Ladbrokes,,player_disposals_over,Rhylee West,Over,6.2,19.5,20260530_093320
5e06aeff84a466044adc1db2aae029cb,Western Bulldogs,Collingwood Magpies,2026-05-30T09:35:58Z,ladbrokes_au,Ladbrokes,,player_disposals_over,Harvey Harrison,Over,6.8,19.5,20260530_093320
5e06aeff84a466044adc1db2aae029cb,Western Bulldogs,Collingwood Magpies,2026-05-30T09:35:58Z,ladbrokes_au,Ladbrokes,,player_disposals_over,Arthur Jones,Over,6.8,19.5,20260530_093320
5e06aeff84a466044adc1db2aae029cb,Western Bulldogs,Collingwood Magpies,2026-05-30T09:35:58Z,ladbrokes_au,Ladbrokes,,player_disposals_over,Wil Parker,Over,8.5,19.5,20260530_093320
5e06aeff84a466044adc1db2aae029cb,Western Bulldogs,Collingwood Magpies,2026-05-30T09:35:58Z,ladbrokes_au,Ladbrokes,,player_disposals_over,James O'Donnell,Over,8.5,19.5,20260530_093320
5e06aeff84a466044adc1db2aae029cb,Western Bulldogs,Collingwood Magpies,2026-05-30T09:35:58Z,ladbrokes_au,Ladbrokes,,player_disposals_over,Aaron Naughton,Over,9.5,19.5,20260530_093320
5e06aeff84a466044adc1db2aae029cb,Western Bulldogs,Collingwood Magpies,2026-05-30T09:35:58Z,ladbrokes_au,Ladbrokes,,player_disposals_over,Billy Frampton,Over,9.5,19.5,20260530_093320
5e06aeff84a466044adc1db2aae029cb,Western Bulldogs,Collingwood Magpies,2026-05-30T09:35:58Z,ladbrokes_au,Ladbrokes,,player_disposals_over,Lachie McNeil,Over,10.5,19.5,20260530_093320
5e06aeff84a466044adc1db2aae029cb,Western Bulldogs,Collingwood Magpies,2026-05-30T09:35:58Z,ladbrokes_au,Ladbrokes,,player_disposals_over,Nick Daicos,Over,3.35,37.5,20260530_093320
5e06aeff84a466044adc1db2aae029cb,Western Bulldogs,Collingwood Magpies,2026-05-30T09:35:58Z,ladbrokes_au,Ladbrokes,,player_disposals_over,Bailey Dale,Over,4.6,37.5,20260530_093320
5e06aeff84a466044adc1db2aae029cb,Western Bulldogs,Collingwood Magpies,2026-05-30T09:35:58Z,ladbrokes_au,Ladbrokes,,player_disposals_over,Marcus Bontempelli,Over,7.0,37.5,20260530_093320
5e06aeff84a466044adc1db2aae029cb,Western Bulldogs,Collingwood Magpies,2026-05-30T09:35:58Z,ladbrokes_au,Ladbrokes,,player_disposals_over,Ryley Sanders,Over,11.5,37.5,20260530_093320
5e06aeff84a466044adc1db2aae029cb,Western Bulldogs,Collingwood Magpies,2026-05-30T09:35:58Z,ladbrokes_au,Ladbrokes,,player_disposals_over,Josh Daicos,Over,15.0,37.5,20260530_093320
5e06aeff84a466044adc1db2aae029cb,Western Bulldogs,Collingwood Magpies,2026-05-30T09:35:58Z,ladbrokes_au,Ladbrokes,,player_disposals_over,Ed Richards,Over,16.0,37.5,20260530_093320
5e06aeff84a466044adc1db2aae029cb,Western Bulldogs,Collingwood Magpies,2026-05-30T09:35:58Z,ladbrokes_au,Ladbrokes,,player_disposals_over,Dan Houston,Over,23.0,37.5,20260530_093320
5e06aeff84a466044adc1db2aae029cb,Western Bulldogs,Collingwood Magpies,2026-05-30T09:35:58Z,ladbrokes_au,Ladbrokes,,player_disposals_over,Scott Pendlebury,Over,26.0,37.5,20260530_093320
5e06aeff84a466044adc1db2aae029cb,Western Bulldogs,Collingwood Magpies,2026-05-30T09:35:58Z,ladbrokes_au,Ladbrokes,,player_disposals_over,Matthew Kennedy,Over,29.0,37.5,20260530_093320
5e06aeff84a466044adc1db2aae029cb,Western Bulldogs,Collingwood Magpies,2026-05-30T09:35:58Z,ladbrokes_au,Ladbrokes,,player_disposals_over,Adam Treloar,Over,29.0,37.5,20260530_093320
5e06aeff84a466044adc1db2aae029cb,Western Bulldogs,Collingwood Magpies,2026-05-30T09:35:58Z,ladbrokes_au,Ladbrokes,,player_disposals_over,Jack Crisp,Over,29.0,37.5,20260530_093320
5e06aeff84a466044adc1db2aae029cb,Western Bulldogs,Collingwood Magpies,2026-05-30T09:35:58Z,ladbrokes_au,Ladbrokes,,player_disposals_over,Jordan De Goey,Over,41.0,37.5,20260530_093320
5e06aeff84a466044adc1db2aae029cb,Western Bulldogs,Collingwood Magpies,2026-05-30T09:35:58Z,ladbrokes_au,Ladbrokes,,player_disposals_over,Patrick Lipinski,Over,1.03,13.5,20260530_093320
5e06aeff84a466044adc1db2aae029cb,Western Bulldogs,Collingwood Magpies,2026-05-30T09:35:58Z,ladbrokes_au,Ladbrokes,,player_disposals_over,Isaac Quaynor,Over,1.05,13.5,20260530_093320
5e06aeff84a466044adc1db2aae029cb,Western Bulldogs,Collingwood Magpies,2026-05-30T09:35:58Z,ladbrokes_au,Ladbrokes,,player_disposals_over,Joel Freijah,Over,1.05,13.5,20260530_093320
5e06aeff84a466044adc1db2aae029cb,Western Bulldogs,Collingwood Magpies,2026-05-30T09:35:58Z,ladbrokes_au,Ladbrokes,,player_disposals_over,Darcy Cameron,Over,1.05,13.5,20260530_093320
5e06aeff84a466044adc1db2aae029cb,Western Bulldogs,Collingwood Magpies,2026-05-30T09:35:58Z,ladbrokes_au,Ladbrokes,,player_disposals_over,Brayden Maynard,Over,1.07,13.5,20260530_093320
5e06aeff84a466044adc1db2aae029cb,Western Bulldogs,Collingwood Magpies,2026-05-30T09:35:58Z,ladbrokes_au,Ladbrokes,,player_disposals_over,Jeremy Howe,Over,1.19,13.5,20260530_093320
5e06aeff84a466044adc1db2aae029cb,Western Bulldogs,Collingwood Magpies,2026-05-30T09:35:58Z,ladbrokes_au,Ladbrokes,,player_disposals_over,Lachlan Bramble,Over,1.2,13.5,20260530_093320
5e06aeff84a466044adc1db2aae029cb,Western Bulldogs,Collingwood Magpies,2026-05-30T09:35:58Z,ladbrokes_au,Ladbrokes,,player_disposals_over,Timothy English,Over,1.2,13.5,20260530_093320
5e06aeff84a466044adc1db2aae029cb,Western Bulldogs,Collingwood Magpies,2026-05-30T09:35:58Z,ladbrokes_au,Ladbrokes,,player_disposals_over,Lachie Jaques,Over,1.22,13.5,20260530_093320
5e06aeff84a466044adc1db2aae029cb,Western Bulldogs,Collingwood Magpies,2026-05-30T09:35:58Z,ladbrokes_au,Ladbrokes,,player_disposals_over,Nicholas Coffield,Over,1.24,13.5,20260530_093320
5e06aeff84a466044adc1db2aae029cb,Western Bulldogs,Collingwood Magpies,2026-05-30T09:35:58Z,ladbrokes_au,Ladbrokes,,player_disposals_over,Steele Sidebottom,Over,1.25,13.5,20260530_093320
5e06aeff84a466044adc1db2aae029cb,Western Bulldogs,Collingwood Magpies,2026-05-30T09:35:58Z,ladbrokes_au,Ladbrokes,,player_disposals_over,Lachlan Schultz,Over,1.3,13.5,20260530_093320
5e06aeff84a466044adc1db2aae029cb,Western Bulldogs,Collingwood Magpies,2026-05-30T09:35:58Z,ladbrokes_au,Ladbrokes,,player_disposals_over,Beau McCreery,Over,1.32,13.5,20260530_093320
5e06aeff84a466044adc1db2aae029cb,Western Bulldogs,Collingwood Magpies,2026-05-30T09:35:58Z,ladbrokes_au,Ladbrokes,,player_disposals_over,Ned Long,Over,1.32,13.5,20260530_093320
5e06aeff84a466044adc1db2aae029cb,Western Bulldogs,Collingwood Magpies,2026-05-30T09:35:58Z,ladbrokes_au,Ladbrokes,,player_disposals_over,Roan Steele,Over,1.32,13.5,20260530_093320
5e06aeff84a466044adc1db2aae029cb,Western Bulldogs,Collingwood Magpies,2026-05-30T09:35:58Z,ladbrokes_au,Ladbrokes,,player_disposals_over,Edward Allan,Over,1.46,13.5,20260530_093320
5e06aeff84a466044adc1db2aae029cb,Western Bulldogs,Collingwood Magpies,2026-05-30T09:35:58Z,ladbrokes_au,Ladbrokes,,player_disposals_over,Angus Anderson,Over,1.48,13.5,20260530_093320
5e06aeff84a466044adc1db2aae029cb,Western Bulldogs,Collingwood Magpies,2026-05-30T09:35:58Z,ladbrokes_au,Ladbrokes,,player_disposals_over,Michael Sellwood,Over,1.55,13.5,20260530_093320
5e06aeff84a466044adc1db2aae029cb,Western Bulldogs,Collingwood Magpies,2026-05-30T09:35:58Z,ladbrokes_au,Ladbrokes,,player_disposals_over,Rory Lobb,Over,1.62,13.5,20260530_093320
5e06aeff84a466044adc1db2aae029cb,Western Bulldogs,Collingwood Magpies,2026-05-30T09:35:58Z,ladbrokes_au,Ladbrokes,,player_disposals_over,Buku Khamis,Over,1.62,13.5,20260530_093320
5e06aeff84a466044adc1db2aae029cb,Western Bulldogs,Collingwood Magpies,2026-05-30T09:35:58Z,ladbrokes_au,Ladbrokes,,player_disposals_over,Rhylee West,Over,1.8,13.5,20260530_093320
5e06aeff84a466044adc1db2aae029cb,Western Bulldogs,Collingwood Magpies,2026-05-30T09:35:58Z,ladbrokes_au,Ladbrokes,,player_disposals_over,Harvey Harrison,Over,1.9,13.5,20260530_093320
5e06aeff84a466044adc1db2aae029cb,Western Bulldogs,Collingwood Magpies,2026-05-30T09:35:58Z,ladbrokes_au,Ladbrokes,,player_disposals_over,Arthur Jones,Over,1.9,13.5,20260530_093320
5e06aeff84a466044adc1db2aae029cb,Western Bulldogs,Collingwood Magpies,2026-05-30T09:35:58Z,ladbrokes_au,Ladbrokes,,player_disposals_over,Wil Parker,Over,2.15,13.5,20260530_093320
5e06aeff84a466044adc1db2aae029cb,Western Bulldogs,Collingwood Magpies,2026-05-30T09:35:58Z,ladbrokes_au,Ladbrokes,,player_disposals_over,James O'Donnell,Over,2.15,13.5,20260530_093320
5e06aeff84a466044adc1db2aae029cb,Western Bulldogs,Collingwood Magpies,2026-05-30T09:35:58Z,ladbrokes_au,Ladbrokes,,player_disposals_over,Aaron Naughton,Over,2.3,13.5,20260530_093320
5e06aeff84a466044adc1db2aae029cb,Western Bulldogs,Collingwood Magpies,2026-05-30T09:35:58Z,ladbrokes_au,Ladbrokes,,player_disposals_over,Billy Frampton,Over,2.3,13.5,20260530_093320
5e06aeff84a466044adc1db2aae029cb,Western Bulldogs,Collingwood Magpies,2026-05-30T09:35:58Z,ladbrokes_au,Ladbrokes,,player_disposals_over,Lachie McNeil,Over,2.4,13.5,20260530_093320
5e06aeff84a466044adc1db2aae029cb,Western Bulldogs,Collingwood Magpies,2026-05-30T09:35:58Z,ladbrokes_au,Ladbrokes,,player_disposals_over,Cooper Hynes,Over,3.1,13.5,20260530_093320
5e06aeff84a466044adc1db2aae029cb,Western Bulldogs,Collingwood Magpies,2026-05-30T09:35:58Z,ladbrokes_au,Ladbrokes,,player_disposals_over,Will Lewis,Over,3.1,13.5,20260530_093320
5e06aeff84a466044adc1db2aae029cb,Western Bulldogs,Collingwood Magpies,2026-05-30T09:35:58Z,ladbrokes_au,Ladbrokes,,player_disposals_over,Daniel McStay,Over,3.1,13.5,20260530_093320
5e06aeff84a466044adc1db2aae029cb,Western Bulldogs,Collingwood Magpies,2026-05-30T09:35:58Z,ladbrokes_au,Ladbrokes,,player_disposals_over,Tim Membrey,Over,3.6,13.5,20260530_093320
5e06aeff84a466044adc1db2aae029cb,Western Bulldogs,Collingwood Magpies,2026-05-30T09:35:58Z,ladbrokes_au,Ladbrokes,,player_disposals_over,Jordan Croft,Over,4.4,13.5,20260530_093320
5e06aeff84a466044adc1db2aae029cb,Western Bulldogs,Collingwood Magpies,2026-05-30T09:35:58Z,ladbrokes_au,Ladbrokes,,player_disposals_over,Beau McCreery,Over,1.01,9.5,20260530_093320
5e06aeff84a466044adc1db2aae029cb,Western Bulldogs,Collingwood Magpies,2026-05-30T09:35:58Z,ladbrokes_au,Ladbrokes,,player_disposals_over,Ned Long,Over,1.01,9.5,20260530_093320
5e06aeff84a466044adc1db2aae029cb,Western Bulldogs,Collingwood Magpies,2026-05-30T09:35:58Z,ladbrokes_au,Ladbrokes,,player_disposals_over,Edward Allan,Over,1.01,9.5,20260530_093320
5e06aeff84a466044adc1db2aae029cb,Western Bulldogs,Collingwood Magpies,2026-05-30T09:35:58Z,ladbrokes_au,Ladbrokes,,player_disposals_over,Roan Steele,Over,1.01,9.5,20260530_093320
5e06aeff84a466044adc1db2aae029cb,Western Bulldogs,Collingwood Magpies,2026-05-30T09:35:58Z,ladbrokes_au,Ladbrokes,,player_disposals_over,Angus Anderson,Over,1.02,9.5,20260530_093320
5e06aeff84a466044adc1db2aae029cb,Western Bulldogs,Collingwood Magpies,2026-05-30T09:35:58Z,ladbrokes_au,Ladbrokes,,player_disposals_over,Michael Sellwood,Over,1.03,9.5,20260530_093320
5e06aeff84a466044adc1db2aae029cb,Western Bulldogs,Collingwood Magpies,2026-05-30T09:35:58Z,ladbrokes_au,Ladbrokes,,player_disposals_over,Rory Lobb,Over,1.04,9.5,20260530_093320
5e06aeff84a466044adc1db2aae029cb,Western Bulldogs,Collingwood Magpies,2026-05-30T09:35:58Z,ladbrokes_au,Ladbrokes,,player_disposals_over,Buku Khamis,Over,1.04,9.5,20260530_093320
5e06aeff84a466044adc1db2aae029cb,Western Bulldogs,Collingwood Magpies,2026-05-30T09:35:58Z,ladbrokes_au,Ladbrokes,,player_disposals_over,Rhylee West,Over,1.09,9.5,20260530_093320
5e06aeff84a466044adc1db2aae029cb,Western Bulldogs,Collingwood Magpies,2026-05-30T09:35:58Z,ladbrokes_au,Ladbrokes,,player_disposals_over,Harvey Harrison,Over,1.12,9.5,20260530_093320
5e06aeff84a466044adc1db2aae029cb,Western Bulldogs,Collingwood Magpies,2026-05-30T09:35:58Z,ladbrokes_au,Ladbrokes,,player_disposals_over,Arthur Jones,Over,1.12,9.5,20260530_093320
5e06aeff84a466044adc1db2aae029cb,Western Bulldogs,Collingwood Magpies,2026-05-30T09:35:58Z,ladbrokes_au,Ladbrokes,,player_disposals_over,Wil Parker,Over,1.19,9.5,20260530_093320
5e06aeff84a466044adc1db2aae029cb,Western Bulldogs,Collingwood Magpies,2026-05-30T09:35:58Z,ladbrokes_au,Ladbrokes,,player_disposals_over,James O'Donnell,Over,1.19,9.5,20260530_093320
5e06aeff84a466044adc1db2aae029cb,Western Bulldogs,Collingwood Magpies,2026-05-30T09:35:58Z,ladbrokes_au,Ladbrokes,,player_disposals_over,Aaron Naughton,Over,1.22,9.5,20260530_093320
5e06aeff84a466044adc1db2aae029cb,Western Bulldogs,Collingwood Magpies,2026-05-30T09:35:58Z,ladbrokes_au,Ladbrokes,,player_disposals_over,Billy Frampton,Over,1.22,9.5,20260530_093320
5e06aeff84a466044adc1db2aae029cb,Western Bulldogs,Collingwood Magpies,2026-05-30T09:35:58Z,ladbrokes_au,Ladbrokes,,player_disposals_over,Lachie McNeil,Over,1.24,9.5,20260530_093320
5e06aeff84a466044adc1db2aae029cb,Western Bulldogs,Collingwood Magpies,2026-05-30T09:35:58Z,ladbrokes_au,Ladbrokes,,player_disposals_over,Cooper Hynes,Over,1.4,9.5,20260530_093320
5e06aeff84a466044adc1db2aae029cb,Western Bulldogs,Collingwood Magpies,2026-05-30T09:35:58Z,ladbrokes_au,Ladbrokes,,player_disposals_over,Will Lewis,Over,1.4,9.5,20260530_093320
5e06aeff84a466044adc1db2aae029cb,Western Bulldogs,Collingwood Magpies,2026-05-30T09:35:58Z,ladbrokes_au,Ladbrokes,,player_disposals_over,Daniel McStay,Over,1.4,9.5,20260530_093320
5e06aeff84a466044adc1db2aae029cb,Western Bulldogs,Collingwood Magpies,2026-05-30T09:35:58Z,ladbrokes_au,Ladbrokes,,player_disposals_over,Tim Membrey,Over,1.52,9.5,20260530_093320
5e06aeff84a466044adc1db2aae029cb,Western Bulldogs,Collingwood Magpies,2026-05-30T09:35:58Z,ladbrokes_au,Ladbrokes,,player_disposals_over,Jordan Croft,Over,1.67,9.5,20260530_093320
5e06aeff84a466044adc1db2aae029cb,Western Bulldogs,Collingwood Magpies,2026-05-30T09:35:58Z,ladbrokes_au,Ladbrokes,,player_disposals_over,Jeremy Howe,Over,1.03,11.5,20260530_093320
5e06aeff84a466044adc1db2aae029cb,Western Bulldogs,Collingwood Magpies,2026-05-30T09:35:58Z,ladbrokes_au,Ladbrokes,,player_disposals_over,Lachlan Bramble,Over,1.04,11.5,20260530_093320
5e06aeff84a466044adc1db2aae029cb,Western Bulldogs,Collingwood Magpies,2026-05-30T09:35:58Z,ladbrokes_au,Ladbrokes,,player_disposals_over,Timothy English,Over,1.04,11.5,20260530_093320
5e06aeff84a466044adc1db2aae029cb,Western Bulldogs,Collingwood Magpies,2026-05-30T09:35:58Z,ladbrokes_au,Ladbrokes,,player_disposals_over,Lachie Jaques,Over,1.04,11.5,20260530_093320
5e06aeff84a466044adc1db2aae029cb,Western Bulldogs,Collingwood Magpies,2026-05-30T09:35:58Z,ladbrokes_au,Ladbrokes,,player_disposals_over,Nicholas Coffield,Over,1.05,11.5,20260530_093320
5e06aeff84a466044adc1db2aae029cb,Western Bulldogs,Collingwood Magpies,2026-05-30T09:35:58Z,ladbrokes_au,Ladbrokes,,player_disposals_over,Steele Sidebottom,Over,1.06,11.5,20260530_093320
5e06aeff84a466044adc1db2aae029cb,Western Bulldogs,Collingwood Magpies,2026-05-30T09:35:58Z,ladbrokes_au,Ladbrokes,,player_disposals_over,Lachlan Schultz,Over,1.09,11.5,20260530_093320
5e06aeff84a466044adc1db2aae029cb,Western Bulldogs,Collingwood Magpies,2026-05-30T09:35:58Z,ladbrokes_au,Ladbrokes,,player_disposals_over,Beau McCreery,Over,1.1,11.5,20260530_093320
5e06aeff84a466044adc1db2aae029cb,Western Bulldogs,Collingwood Magpies,2026-05-30T09:35:58Z,ladbrokes_au,Ladbrokes,,player_disposals_over,Ned Long,Over,1.1,11.5,20260530_093320
5e06aeff84a466044adc1db2aae029cb,Western Bulldogs,Collingwood Magpies,2026-05-30T09:35:58Z,ladbrokes_au,Ladbrokes,,player_disposals_over,Roan Steele,Over,1.1,11.5,20260530_093320
5e06aeff84a466044adc1db2aae029cb,Western Bulldogs,Collingwood Magpies,2026-05-30T09:35:58Z,ladbrokes_au,Ladbrokes,,player_disposals_over,Edward Allan,Over,1.17,11.5,20260530_093320
5e06aeff84a466044adc1db2aae029cb,Western Bulldogs,Collingwood Magpies,2026-05-30T09:35:58Z,ladbrokes_au,Ladbrokes,,player_disposals_over,Angus Anderson,Over,1.18,11.5,20260530_093320
5e06aeff84a466044adc1db2aae029cb,Western Bulldogs,Collingwood Magpies,2026-05-30T09:35:58Z,ladbrokes_au,Ladbrokes,,player_disposals_over,Michael Sellwood,Over,1.22,11.5,20260530_093320
5e06aeff84a466044adc1db2aae029cb,Western Bulldogs,Collingwood Magpies,2026-05-30T09:35:58Z,ladbrokes_au,Ladbrokes,,player_disposals_over,Rory Lobb,Over,1.25,11.5,20260530_093320
5e06aeff84a466044adc1db2aae029cb,Western Bulldogs,Collingwood Magpies,2026-05-30T09:35:58Z,ladbrokes_au,Ladbrokes,,player_disposals_over,Buku Khamis,Over,1.25,11.5,20260530_093320
5e06aeff84a466044adc1db2aae029cb,Western Bulldogs,Collingwood Magpies,2026-05-30T09:35:58Z,ladbrokes_au,Ladbrokes,,player_disposals_over,Rhylee West,Over,1.35,11.5,20260530_093320
5e06aeff84a466044adc1db2aae029cb,Western Bulldogs,Collingwood Magpies,2026-05-30T09:35:58Z,ladbrokes_au,Ladbrokes,,player_disposals_over,Harvey Harrison,Over,1.38,11.5,20260530_093320
5e06aeff84a466044adc1db2aae029cb,Western Bulldogs,Collingwood Magpies,2026-05-30T09:35:58Z,ladbrokes_au,Ladbrokes,,player_disposals_over,Arthur Jones,Over,1.38,11.5,20260530_093320
5e06aeff84a466044adc1db2aae029cb,Western Bulldogs,Collingwood Magpies,2026-05-30T09:35:58Z,ladbrokes_au,Ladbrokes,,player_disposals_over,Wil Parker,Over,1.53,11.5,20260530_093320
5e06aeff84a466044adc1db2aae029cb,Western Bulldogs,Collingwood Magpies,2026-05-30T09:35:58Z,ladbrokes_au,Ladbrokes,,player_disposals_over,James O'Donnell,Over,1.53,11.5,20260530_093320
5e06aeff84a466044adc1db2aae029cb,Western Bulldogs,Collingwood Magpies,2026-05-30T09:35:58Z,ladbrokes_au,Ladbrokes,,player_disposals_over,Aaron Naughton,Over,1.6,11.5,20260530_093320
5e06aeff84a466044adc1db2aae029cb,Western Bulldogs,Collingwood Magpies,2026-05-30T09:35:58Z,ladbrokes_au,Ladbrokes,,player_disposals_over,Billy Frampton,Over,1.6,11.5,20260530_093320
5e06aeff84a466044adc1db2aae029cb,Western Bulldogs,Collingwood Magpies,2026-05-30T09:35:58Z,ladbrokes_au,Ladbrokes,,player_disposals_over,Lachie McNeil,Over,1.65,11.5,20260530_093320
5e06aeff84a466044adc1db2aae029cb,Western Bulldogs,Collingwood Magpies,2026-05-30T09:35:58Z,ladbrokes_au,Ladbrokes,,player_disposals_over,Cooper Hynes,Over,2.0,11.5,20260530_093320
5e06aeff84a466044adc1db2aae029cb,Western Bulldogs,Collingwood Magpies,2026-05-30T09:35:58Z,ladbrokes_au,Ladbrokes,,player_disposals_over,Will Lewis,Over,2.0,11.5,20260530_093320
5e06aeff84a466044adc1db2aae029cb,Western Bulldogs,Collingwood Magpies,2026-05-30T09:35:58Z,ladbrokes_au,Ladbrokes,,player_disposals_over,Daniel McStay,Over,2.0,11.5,20260530_093320
5e06aeff84a466044adc1db2aae029cb,Western Bulldogs,Collingwood Magpies,2026-05-30T09:35:58Z,ladbrokes_au,Ladbrokes,,player_disposals_over,Tim Membrey,Over,2.2,11.5,20260530_093320
5e06aeff84a466044adc1db2aae029cb,Western Bulldogs,Collingwood Magpies,2026-05-30T09:35:58Z,ladbrokes_au,Ladbrokes,,player_disposals_over,Jordan Croft,Over,2.55,11.5,20260530_093320
5e06aeff84a466044adc1db2aae029cb,Western Bulldogs,Collingwood Magpies,2026-05-30T09:35:58Z,ladbrokes_au,Ladbrokes,,player_disposals_over,Nick Daicos,Over,2.35,34.5,20260530_093320
5e06aeff84a466044adc1db2aae029cb,Western Bulldogs,Collingwood Magpies,2026-05-30T09:35:58Z,ladbrokes_au,Ladbrokes,,player_disposals_over,Bailey Dale,Over,3.0,34.5,20260530_093320
5e06aeff84a466044adc1db2aae029cb,Western Bulldogs,Collingwood Magpies,2026-05-30T09:35:58Z,ladbrokes_au,Ladbrokes,,player_disposals_over,Marcus Bontempelli,Over,4.25,34.5,20260530_093320
5e06aeff84a466044adc1db2aae029cb,Western Bulldogs,Collingwood Magpies,2026-05-30T09:35:58Z,ladbrokes_au,Ladbrokes,,player_disposals_over,Ryley Sanders,Over,6.25,34.5,20260530_093320
5e06aeff84a466044adc1db2aae029cb,Western Bulldogs,Collingwood Magpies,2026-05-30T09:35:58Z,ladbrokes_au,Ladbrokes,,player_disposals_over,Josh Daicos,Over,7.75,34.5,20260530_093320
5e06aeff84a466044adc1db2aae029cb,Western Bulldogs,Collingwood Magpies,2026-05-30T09:35:58Z,ladbrokes_au,Ladbrokes,,player_disposals_over,Ed Richards,Over,8.25,34.5,20260530_093320
5e06aeff84a466044adc1db2aae029cb,Western Bulldogs,Collingwood Magpies,2026-05-30T09:35:58Z,ladbrokes_au,Ladbrokes,,player_disposals_over,Dan Houston,Over,12.0,34.5,20260530_093320
5e06aeff84a466044adc1db2aae029cb,Western Bulldogs,Collingwood Magpies,2026-05-30T09:35:58Z,ladbrokes_au,Ladbrokes,,player_disposals_over,Scott Pendlebury,Over,12.5,34.5,20260530_093320
5e06aeff84a466044adc1db2aae029cb,Western Bulldogs,Collingwood Magpies,2026-05-30T09:35:58Z,ladbrokes_au,Ladbrokes,,player_disposals_over,Adam Treloar,Over,13.0,34.5,20260530_093320
5e06aeff84a466044adc1db2aae029cb,Western Bulldogs,Collingwood Magpies,2026-05-30T09:35:58Z,ladbrokes_au,Ladbrokes,,player_disposals_over,Matthew Kennedy,Over,14.0,34.5,20260530_093320
5e06aeff84a466044adc1db2aae029cb,Western Bulldogs,Collingwood Magpies,2026-05-30T09:35:58Z,ladbrokes_au,Ladbrokes,,player_disposals_over,Jack Crisp,Over,14.0,34.5,20260530_093320
5e06aeff84a466044adc1db2aae029cb,Western Bulldogs,Collingwood Magpies,2026-05-30T09:35:58Z,ladbrokes_au,Ladbrokes,,player_disposals_over,Jordan De Goey,Over,19.0,34.5,20260530_093320
5e06aeff84a466044adc1db2aae029cb,Western Bulldogs,Collingwood Magpies,2026-05-30T09:35:58Z,ladbrokes_au,Ladbrokes,,player_disposals_over,Connor Budarick,Over,26.0,34.5,20260530_093320
5e06aeff84a466044adc1db2aae029cb,Western Bulldogs,Collingwood Magpies,2026-05-30T09:35:58Z,ladbrokes_au,Ladbrokes,,player_disposals_over,Patrick Lipinski,Over,51.0,34.5,20260530_093320
5e06aeff84a466044adc1db2aae029cb,Western Bulldogs,Collingwood Magpies,2026-05-30T09:35:58Z,ladbrokes_au,Ladbrokes,,player_disposals_over,Nick Daicos,Over,1.02,23.5,20260530_093320
5e06aeff84a466044adc1db2aae029cb,Western Bulldogs,Collingwood Magpies,2026-05-30T09:35:58Z,ladbrokes_au,Ladbrokes,,player_disposals_over,Bailey Dale,Over,1.08,23.5,20260530_093320
5e06aeff84a466044adc1db2aae029cb,Western Bulldogs,Collingwood Magpies,2026-05-30T09:35:58Z,ladbrokes_au,Ladbrokes,,player_disposals_over,Marcus Bontempelli,Over,1.2,23.5,20260530_093320
5e06aeff84a466044adc1db2aae029cb,Western Bulldogs,Collingwood Magpies,2026-05-30T09:35:58Z,ladbrokes_au,Ladbrokes,,player_disposals_over,Ryley Sanders,Over,1.38,23.5,20260530_093320
5e06aeff84a466044adc1db2aae029cb,Western Bulldogs,Collingwood Magpies,2026-05-30T09:35:58Z,ladbrokes_au,Ladbrokes,,player_disposals_over,Josh Daicos,Over,1.5,23.5,20260530_093320
5e06aeff84a466044adc1db2aae029cb,Western Bulldogs,Collingwood Magpies,2026-05-30T09:35:58Z,ladbrokes_au,Ladbrokes,,player_disposals_over,Ed Richards,Over,1.52,23.5,20260530_093320
5e06aeff84a466044adc1db2aae029cb,Western Bulldogs,Collingwood Magpies,2026-05-30T09:35:58Z,ladbrokes_au,Ladbrokes,,player_disposals_over,Dan Houston,Over,1.75,23.5,20260530_093320
5e06aeff84a466044adc1db2aae029cb,Western Bulldogs,Collingwood Magpies,2026-05-30T09:35:58Z,ladbrokes_au,Ladbrokes,,player_disposals_over,Scott Pendlebury,Over,1.8,23.5,20260530_093320
5e06aeff84a466044adc1db2aae029cb,Western Bulldogs,Collingwood Magpies,2026-05-30T09:35:58Z,ladbrokes_au,Ladbrokes,,player_disposals_over,Adam Treloar,Over,1.83,23.5,20260530_093320
5e06aeff84a466044adc1db2aae029cb,Western Bulldogs,Collingwood Magpies,2026-05-30T09:35:58Z,ladbrokes_au,Ladbrokes,,player_disposals_over,Matthew Kennedy,Over,1.85,23.5,20260530_093320
5e06aeff84a466044adc1db2aae029cb,Western Bulldogs,Collingwood Magpies,2026-05-30T09:35:58Z,ladbrokes_au,Ladbrokes,,player_disposals_over,Jack Crisp,Over,1.85,23.5,20260530_093320
5e06aeff84a466044adc1db2aae029cb,Western Bulldogs,Collingwood Magpies,2026-05-30T09:35:58Z,ladbrokes_au,Ladbrokes,,player_disposals_over,Jordan De Goey,Over,2.1,23.5,20260530_093320
5e06aeff84a466044adc1db2aae029cb,Western Bulldogs,Collingwood Magpies,2026-05-30T09:35:58Z,ladbrokes_au,Ladbrokes,,player_disposals_over,Connor Budarick,Over,2.45,23.5,20260530_093320
5e06aeff84a466044adc1db2aae029cb,Western Bulldogs,Collingwood Magpies,2026-05-30T09:35:58Z,ladbrokes_au,Ladbrokes,,player_disposals_over,Patrick Lipinski,Over,3.4,23.5,20260530_093320
5e06aeff84a466044adc1db2aae029cb,Western Bulldogs,Collingwood Magpies,2026-05-30T09:35:58Z,ladbrokes_au,Ladbrokes,,player_disposals_over,Isaac Quaynor,Over,3.7,23.5,20260530_093320
5e06aeff84a466044adc1db2aae029cb,Western Bulldogs,Collingwood Magpies,2026-05-30T09:35:58Z,ladbrokes_au,Ladbrokes,,player_disposals_over,Joel Freijah,Over,3.8,23.5,20260530_093320
5e06aeff84a466044adc1db2aae029cb,Western Bulldogs,Collingwood Magpies,2026-05-30T09:35:58Z,ladbrokes_au,Ladbrokes,,player_disposals_over,Darcy Cameron,Over,3.8,23.5,20260530_093320
5e06aeff84a466044adc1db2aae029cb,Western Bulldogs,Collingwood Magpies,2026-05-30T09:35:58Z,ladbrokes_au,Ladbrokes,,player_disposals_over,Brayden Maynard,Over,4.0,23.5,20260530_093320
5e06aeff84a466044adc1db2aae029cb,Western Bulldogs,Collingwood Magpies,2026-05-30T09:35:58Z,ladbrokes_au,Ladbrokes,,player_disposals_over,Jeremy Howe,Over,5.8,23.5,20260530_093320
5e06aeff84a466044adc1db2aae029cb,Western Bulldogs,Collingwood Magpies,2026-05-30T09:35:58Z,ladbrokes_au,Ladbrokes,,player_disposals_over,Lachlan Bramble,Over,6.2,23.5,20260530_093320
5e06aeff84a466044adc1db2aae029cb,Western Bulldogs,Collingwood Magpies,2026-05-30T09:35:58Z,ladbrokes_au,Ladbrokes,,player_disposals_over,Timothy English,Over,6.2,23.5,20260530_093320
5e06aeff84a466044adc1db2aae029cb,Western Bulldogs,Collingwood Magpies,2026-05-30T09:35:58Z,ladbrokes_au,Ladbrokes,,player_disposals_over,Lachie Jaques,Over,6.5,23.5,20260530_093320
5e06aeff84a466044adc1db2aae029cb,Western Bulldogs,Collingwood Magpies,2026-05-30T09:35:58Z,ladbrokes_au,Ladbrokes,,player_disposals_over,Nicholas Coffield,Over,6.75,23.5,20260530_093320
5e06aeff84a466044adc1db2aae029cb,Western Bulldogs,Collingwood Magpies,2026-05-30T09:35:58Z,ladbrokes_au,Ladbrokes,,player_disposals_over,Steele Sidebottom,Over,6.8,23.5,20260530_093320
5e06aeff84a466044adc1db2aae029cb,Western Bulldogs,Collingwood Magpies,2026-05-30T09:35:58Z,ladbrokes_au,Ladbrokes,,player_disposals_over,Lachlan Schultz,Over,8.0,23.5,20260530_093320
5e06aeff84a466044adc1db2aae029cb,Western Bulldogs,Collingwood Magpies,2026-05-30T09:35:58Z,ladbrokes_au,Ladbrokes,,player_disposals_over,Beau McCreery,Over,8.25,23.5,20260530_093320
5e06aeff84a466044adc1db2aae029cb,Western Bulldogs,Collingwood Magpies,2026-05-30T09:35:58Z,ladbrokes_au,Ladbrokes,,player_disposals_over,Ned Long,Over,8.25,23.5,20260530_093320
5e06aeff84a466044adc1db2aae029cb,Western Bulldogs,Collingwood Magpies,2026-05-30T09:35:58Z,ladbrokes_au,Ladbrokes,,player_disposals_over,Roan Steele,Over,8.25,23.5,20260530_093320
5e06aeff84a466044adc1db2aae029cb,Western Bulldogs,Collingwood Magpies,2026-05-30T09:35:58Z,ladbrokes_au,Ladbrokes,,player_disposals_over,Edward Allan,Over,11.0,23.5,20260530_093320
5e06aeff84a466044adc1db2aae029cb,Western Bulldogs,Collingwood Magpies,2026-05-30T09:35:58Z,ladbrokes_au,Ladbrokes,,player_disposals_over,Angus Anderson,Over,11.5,23.5,20260530_093320
5e06aeff84a466044adc1db2aae029cb,Western Bulldogs,Collingwood Magpies,2026-05-30T09:35:58Z,ladbrokes_au,Ladbrokes,,player_disposals_over,Michael Sellwood,Over,13.0,23.5,20260530_093320
5e06aeff84a466044adc1db2aae029cb,Western Bulldogs,Collingwood Magpies,2026-05-30T09:35:58Z,ladbrokes_au,Ladbrokes,,player_disposals_over,Rory Lobb,Over,14.0,23.5,20260530_093320
5e06aeff84a466044adc1db2aae029cb,Western Bulldogs,Collingwood Magpies,2026-05-30T09:35:58Z,ladbrokes_au,Ladbrokes,,player_disposals_over,Buku Khamis,Over,14.0,23.5,20260530_093320
5e06aeff84a466044adc1db2aae029cb,Western Bulldogs,Collingwood Magpies,2026-05-30T09:35:58Z,ladbrokes_au,Ladbrokes,,player_disposals_over,Rhylee West,Over,19.0,23.5,20260530_093320
5e06aeff84a466044adc1db2aae029cb,Western Bulldogs,Collingwood Magpies,2026-05-30T09:35:58Z,ladbrokes_au,Ladbrokes,,player_disposals_over,Harvey Harrison,Over,21.0,23.5,20260530_093320
5e06aeff84a466044adc1db2aae029cb,Western Bulldogs,Collingwood Magpies,2026-05-30T09:35:58Z,ladbrokes_au,Ladbrokes,,player_disposals_over,Arthur Jones,Over,21.0,23.5,20260530_093320
5e06aeff84a466044adc1db2aae029cb,Western Bulldogs,Collingwood Magpies,2026-05-30T09:35:58Z,ladbrokes_au,Ladbrokes,,player_disposals_over,Matthew Kennedy,Over,1.01,15.5,20260530_093320
5e06aeff84a466044adc1db2aae029cb,Western Bulldogs,Collingwood Magpies,2026-05-30T09:35:58Z,ladbrokes_au,Ladbrokes,,player_disposals_over,Jack Crisp,Over,1.01,15.5,20260530_093320
5e06aeff84a466044adc1db2aae029cb,Western Bulldogs,Collingwood Magpies,2026-05-30T09:35:58Z,ladbrokes_au,Ladbrokes,,player_disposals_over,Jordan De Goey,Over,1.04,15.5,20260530_093320
5e06aeff84a466044adc1db2aae029cb,Western Bulldogs,Collingwood Magpies,2026-05-30T09:35:58Z,ladbrokes_au,Ladbrokes,,player_disposals_over,Connor Budarick,Over,1.08,15.5,20260530_093320
5e06aeff84a466044adc1db2aae029cb,Western Bulldogs,Collingwood Magpies,2026-05-30T09:35:58Z,ladbrokes_au,Ladbrokes,,player_disposals_over,Patrick Lipinski,Over,1.22,15.5,20260530_093320
5e06aeff84a466044adc1db2aae029cb,Western Bulldogs,Collingwood Magpies,2026-05-30T09:35:58Z,ladbrokes_au,Ladbrokes,,player_disposals_over,Isaac Quaynor,Over,1.25,15.5,20260530_093320
5e06aeff84a466044adc1db2aae029cb,Western Bulldogs,Collingwood Magpies,2026-05-30T09:35:58Z,ladbrokes_au,Ladbrokes,,player_disposals_over,Joel Freijah,Over,1.26,15.5,20260530_093320
5e06aeff84a466044adc1db2aae029cb,Western Bulldogs,Collingwood Magpies,2026-05-30T09:35:58Z,ladbrokes_au,Ladbrokes,,player_disposals_over,Darcy Cameron,Over,1.26,15.5,20260530_093320
5e06aeff84a466044adc1db2aae029cb,Western Bulldogs,Collingwood Magpies,2026-05-30T09:35:58Z,ladbrokes_au,Ladbrokes,,player_disposals_over,Brayden Maynard,Over,1.3,15.5,20260530_093320
5e06aeff84a466044adc1db2aae029cb,Western Bulldogs,Collingwood Magpies,2026-05-30T09:35:58Z,ladbrokes_au,Ladbrokes,,player_disposals_over,Jeremy Howe,Over,1.48,15.5,20260530_093320
5e06aeff84a466044adc1db2aae029cb,Western Bulldogs,Collingwood Magpies,2026-05-30T09:35:58Z,ladbrokes_au,Ladbrokes,,player_disposals_over,Lachlan Bramble,Over,1.52,15.5,20260530_093320
5e06aeff84a466044adc1db2aae029cb,Western Bulldogs,Collingwood Magpies,2026-05-30T09:35:58Z,ladbrokes_au,Ladbrokes,,player_disposals_over,Timothy English,Over,1.52,15.5,20260530_093320
5e06aeff84a466044adc1db2aae029cb,Western Bulldogs,Collingwood Magpies,2026-05-30T09:35:58Z,ladbrokes_au,Ladbrokes,,player_disposals_over,Lachie Jaques,Over,1.55,15.5,20260530_093320
5e06aeff84a466044adc1db2aae029cb,Western Bulldogs,Collingwood Magpies,2026-05-30T09:35:58Z,ladbrokes_au,Ladbrokes,,player_disposals_over,Nicholas Coffield,Over,1.58,15.5,20260530_093320
5e06aeff84a466044adc1db2aae029cb,Western Bulldogs,Collingwood Magpies,2026-05-30T09:35:58Z,ladbrokes_au,Ladbrokes,,player_disposals_over,Steele Sidebottom,Over,1.6,15.5,20260530_093320
5e06aeff84a466044adc1db2aae029cb,Western Bulldogs,Collingwood Magpies,2026-05-30T09:35:58Z,ladbrokes_au,Ladbrokes,,player_disposals_over,Lachlan Schultz,Over,1.7,15.5,20260530_093320
5e06aeff84a466044adc1db2aae029cb,Western Bulldogs,Collingwood Magpies,2026-05-30T09:35:58Z,ladbrokes_au,Ladbrokes,,player_disposals_over,Beau McCreery,Over,1.72,15.5,20260530_093320
5e06aeff84a466044adc1db2aae029cb,Western Bulldogs,Collingwood Magpies,2026-05-30T09:35:58Z,ladbrokes_au,Ladbrokes,,player_disposals_over,Ned Long,Over,1.72,15.5,20260530_093320
5e06aeff84a466044adc1db2aae029cb,Western Bulldogs,Collingwood Magpies,2026-05-30T09:35:58Z,ladbrokes_au,Ladbrokes,,player_disposals_over,Roan Steele,Over,1.72,15.5,20260530_093320
5e06aeff84a466044adc1db2aae029cb,Western Bulldogs,Collingwood Magpies,2026-05-30T09:35:58Z,ladbrokes_au,Ladbrokes,,player_disposals_over,Edward Allan,Over,1.96,15.5,20260530_093320
5e06aeff84a466044adc1db2aae029cb,Western Bulldogs,Collingwood Magpies,2026-05-30T09:35:58Z,ladbrokes_au,Ladbrokes,,player_disposals_over,Angus Anderson,Over,2.0,15.5,20260530_093320
5e06aeff84a466044adc1db2aae029cb,Western Bulldogs,Collingwood Magpies,2026-05-30T09:35:58Z,ladbrokes_au,Ladbrokes,,player_disposals_over,Michael Sellwood,Over,2.1,15.5,20260530_093320
5e06aeff84a466044adc1db2aae029cb,Western Bulldogs,Collingwood Magpies,2026-05-30T09:35:58Z,ladbrokes_au,Ladbrokes,,player_disposals_over,Rory Lobb,Over,2.2,15.5,20260530_093320
5e06aeff84a466044adc1db2aae029cb,Western Bulldogs,Collingwood Magpies,2026-05-30T09:35:58Z,ladbrokes_au,Ladbrokes,,player_disposals_over,Buku Khamis,Over,2.2,15.5,20260530_093320
5e06aeff84a466044adc1db2aae029cb,Western Bulldogs,Collingwood Magpies,2026-05-30T09:35:58Z,ladbrokes_au,Ladbrokes,,player_disposals_over,Rhylee West,Over,2.5,15.5,20260530_093320
5e06aeff84a466044adc1db2aae029cb,Western Bulldogs,Collingwood Magpies,2026-05-30T09:35:58Z,ladbrokes_au,Ladbrokes,,player_disposals_over,Harvey Harrison,Over,2.7,15.5,20260530_093320
5e06aeff84a466044adc1db2aae029cb,Western Bulldogs,Collingwood Magpies,2026-05-30T09:35:58Z,ladbrokes_au,Ladbrokes,,player_disposals_over,Arthur Jones,Over,2.7,15.5,20260530_093320
5e06aeff84a466044adc1db2aae029cb,Western Bulldogs,Collingwood Magpies,2026-05-30T09:35:58Z,ladbrokes_au,Ladbrokes,,player_disposals_over,Wil Parker,Over,3.15,15.5,20260530_093320
5e06aeff84a466044adc1db2aae029cb,Western Bulldogs,Collingwood Magpies,2026-05-30T09:35:58Z,ladbrokes_au,Ladbrokes,,player_disposals_over,James O'Donnell,Over,3.15,15.5,20260530_093320
5e06aeff84a466044adc1db2aae029cb,Western Bulldogs,Collingwood Magpies,2026-05-30T09:35:58Z,ladbrokes_au,Ladbrokes,,player_disposals_over,Aaron Naughton,Over,3.35,15.5,20260530_093320
5e06aeff84a466044adc1db2aae029cb,Western Bulldogs,Collingwood Magpies,2026-05-30T09:35:58Z,ladbrokes_au,Ladbrokes,,player_disposals_over,Billy Frampton,Over,3.35,15.5,20260530_093320
5e06aeff84a466044adc1db2aae029cb,Western Bulldogs,Collingwood Magpies,2026-05-30T09:35:58Z,ladbrokes_au,Ladbrokes,,player_disposals_over,Lachie McNeil,Over,3.5,15.5,20260530_093320
5e06aeff84a466044adc1db2aae029cb,Western Bulldogs,Collingwood Magpies,2026-05-30T09:35:58Z,ladbrokes_au,Ladbrokes,,player_disposals_over,Cooper Hynes,Over,4.75,15.5,20260530_093320
5e06aeff84a466044adc1db2aae029cb,Western Bulldogs,Collingwood Magpies,2026-05-30T09:35:58Z,ladbrokes_au,Ladbrokes,,player_disposals_over,Will Lewis,Over,4.75,15.5,20260530_093320
5e06aeff84a466044adc1db2aae029cb,Western Bulldogs,Collingwood Magpies,2026-05-30T09:35:58Z,ladbrokes_au,Ladbrokes,,player_disposals_over,Daniel McStay,Over,4.75,15.5,20260530_093320
5e06aeff84a466044adc1db2aae029cb,Western Bulldogs,Collingwood Magpies,2026-05-30T09:35:58Z,ladbrokes_au,Ladbrokes,,player_disposals_over,Tim Membrey,Over,5.5,15.5,20260530_093320
5e06aeff84a466044adc1db2aae029cb,Western Bulldogs,Collingwood Magpies,2026-05-30T09:35:58Z,ladbrokes_au,Ladbrokes,,player_disposals_over,Nick Daicos,Over,1.67,31.5,20260530_093320
5e06aeff84a466044adc1db2aae029cb,Western Bulldogs,Collingwood Magpies,2026-05-30T09:35:58Z,ladbrokes_au,Ladbrokes,,player_disposals_over,Bailey Dale,Over,2.02,31.5,20260530_093320
5e06aeff84a466044adc1db2aae029cb,Western Bulldogs,Collingwood Magpies,2026-05-30T09:35:58Z,ladbrokes_au,Ladbrokes,,player_disposals_over,Marcus Bontempelli,Over,2.65,31.5,20260530_093320
5e06aeff84a466044adc1db2aae029cb,Western Bulldogs,Collingwood Magpies,2026-05-30T09:35:58Z,ladbrokes_au,Ladbrokes,,player_disposals_over,Ryley Sanders,Over,3.7,31.5,20260530_093320
5e06aeff84a466044adc1db2aae029cb,Western Bulldogs,Collingwood Magpies,2026-05-30T09:35:58Z,ladbrokes_au,Ladbrokes,,player_disposals_over,Josh Daicos,Over,4.25,31.5,20260530_093320
5e06aeff84a466044adc1db2aae029cb,Western Bulldogs,Collingwood Magpies,2026-05-30T09:35:58Z,ladbrokes_au,Ladbrokes,,player_disposals_over,Ed Richards,Over,4.5,31.5,20260530_093320
5e06aeff84a466044adc1db2aae029cb,Western Bulldogs,Collingwood Magpies,2026-05-30T09:35:58Z,ladbrokes_au,Ladbrokes,,player_disposals_over,Dan Houston,Over,6.0,31.5,20260530_093320
5e06aeff84a466044adc1db2aae029cb,Western Bulldogs,Collingwood Magpies,2026-05-30T09:35:58Z,ladbrokes_au,Ladbrokes,,player_disposals_over,Scott Pendlebury,Over,6.4,31.5,20260530_093320
5e06aeff84a466044adc1db2aae029cb,Western Bulldogs,Collingwood Magpies,2026-05-30T09:35:58Z,ladbrokes_au,Ladbrokes,,player_disposals_over,Adam Treloar,Over,6.6,31.5,20260530_093320
5e06aeff84a466044adc1db2aae029cb,Western Bulldogs,Collingwood Magpies,2026-05-30T09:35:58Z,ladbrokes_au,Ladbrokes,,player_disposals_over,Matthew Kennedy,Over,6.8,31.5,20260530_093320
5e06aeff84a466044adc1db2aae029cb,Western Bulldogs,Collingwood Magpies,2026-05-30T09:35:58Z,ladbrokes_au,Ladbrokes,,player_disposals_over,Jack Crisp,Over,6.8,31.5,20260530_093320
5e06aeff84a466044adc1db2aae029cb,Western Bulldogs,Collingwood Magpies,2026-05-30T09:35:58Z,ladbrokes_au,Ladbrokes,,player_disposals_over,Jordan De Goey,Over,8.75,31.5,20260530_093320
5e06aeff84a466044adc1db2aae029cb,Western Bulldogs,Collingwood Magpies,2026-05-30T09:35:58Z,ladbrokes_au,Ladbrokes,,player_disposals_over,Connor Budarick,Over,11.5,31.5,20260530_093320
5e06aeff84a466044adc1db2aae029cb,Western Bulldogs,Collingwood Magpies,2026-05-30T09:35:58Z,ladbrokes_au,Ladbrokes,,player_disposals_over,Patrick Lipinski,Over,21.0,31.5,20260530_093320
5e06aeff84a466044adc1db2aae029cb,Western Bulldogs,Collingwood Magpies,2026-05-30T09:35:58Z,ladbrokes_au,Ladbrokes,,player_disposals_over,Isaac Quaynor,Over,26.0,31.5,20260530_093320
5e06aeff84a466044adc1db2aae029cb,Western Bulldogs,Collingwood Magpies,2026-05-30T09:35:58Z,ladbrokes_au,Ladbrokes,,player_disposals_over,Joel Freijah,Over,26.0,31.5,20260530_093320
5e06aeff84a466044adc1db2aae029cb,Western Bulldogs,Collingwood Magpies,2026-05-30T09:35:58Z,ladbrokes_au,Ladbrokes,,player_disposals_over,Darcy Cameron,Over,26.0,31.5,20260530_093320
5e06aeff84a466044adc1db2aae029cb,Western Bulldogs,Collingwood Magpies,2026-05-30T09:35:58Z,ladbrokes_au,Ladbrokes,,player_disposals_over,Brayden Maynard,Over,29.0,31.5,20260530_093320
5e06aeff84a466044adc1db2aae029cb,Western Bulldogs,Collingwood Magpies,2026-05-30T09:35:58Z,ladbrokes_au,Ladbrokes,,player_disposals_over,Jeremy Howe,Over,51.0,31.5,20260530_093320
5e06aeff84a466044adc1db2aae029cb,Western Bulldogs,Collingwood Magpies,2026-05-30T09:35:58Z,ladbrokes_au,Ladbrokes,,player_disposals_over,Josh Daicos,Over,1.01,17.5,20260530_093320
5e06aeff84a466044adc1db2aae029cb,Western Bulldogs,Collingwood Magpies,2026-05-30T09:35:58Z,ladbrokes_au,Ladbrokes,,player_disposals_over,Ed Richards,Over,1.02,17.5,20260530_093320
5e06aeff84a466044adc1db2aae029cb,Western Bulldogs,Collingwood Magpies,2026-05-30T09:35:58Z,ladbrokes_au,Ladbrokes,,player_disposals_over,Dan Houston,Over,1.07,17.5,20260530_093320
5e06aeff84a466044adc1db2aae029cb,Western Bulldogs,Collingwood Magpies,2026-05-30T09:35:58Z,ladbrokes_au,Ladbrokes,,player_disposals_over,Scott Pendlebury,Over,1.08,17.5,20260530_093320
5e06aeff84a466044adc1db2aae029cb,Western Bulldogs,Collingwood Magpies,2026-05-30T09:35:58Z,ladbrokes_au,Ladbrokes,,player_disposals_over,Adam Treloar,Over,1.09,17.5,20260530_093320
5e06aeff84a466044adc1db2aae029cb,Western Bulldogs,Collingwood Magpies,2026-05-30T09:35:58Z,ladbrokes_au,Ladbrokes,,player_disposals_over,Matthew Kennedy,Over,1.1,17.5,20260530_093320
5e06aeff84a466044adc1db2aae029cb,Western Bulldogs,Collingwood Magpies,2026-05-30T09:35:58Z,ladbrokes_au,Ladbrokes,,player_disposals_over,Jack Crisp,Over,1.1,17.5,20260530_093320
5e06aeff84a466044adc1db2aae029cb,Western Bulldogs,Collingwood Magpies,2026-05-30T09:35:58Z,ladbrokes_au,Ladbrokes,,player_disposals_over,Jordan De Goey,Over,1.16,17.5,20260530_093320
5e06aeff84a466044adc1db2aae029cb,Western Bulldogs,Collingwood Magpies,2026-05-30T09:35:58Z,ladbrokes_au,Ladbrokes,,player_disposals_over,Connor Budarick,Over,1.24,17.5,20260530_093320
5e06aeff84a466044adc1db2aae029cb,Western Bulldogs,Collingwood Magpies,2026-05-30T09:35:58Z,ladbrokes_au,Ladbrokes,,player_disposals_over,Patrick Lipinski,Over,1.46,17.5,20260530_093320
5e06aeff84a466044adc1db2aae029cb,Western Bulldogs,Collingwood Magpies,2026-05-30T09:35:58Z,ladbrokes_au,Ladbrokes,,player_disposals_over,Isaac Quaynor,Over,1.52,17.5,20260530_093320
5e06aeff84a466044adc1db2aae029cb,Western Bulldogs,Collingwood Magpies,2026-05-30T09:35:58Z,ladbrokes_au,Ladbrokes,,player_disposals_over,Joel Freijah,Over,1.53,17.5,20260530_093320
5e06aeff84a466044adc1db2aae029cb,Western Bulldogs,Collingwood Magpies,2026-05-30T09:35:58Z,ladbrokes_au,Ladbrokes,,player_disposals_over,Darcy Cameron,Over,1.53,17.5,20260530_093320
5e06aeff84a466044adc1db2aae029cb,Western Bulldogs,Collingwood Magpies,2026-05-30T09:35:58Z,ladbrokes_au,Ladbrokes,,player_disposals_over,Brayden Maynard,Over,1.58,17.5,20260530_093320
5e06aeff84a466044adc1db2aae029cb,Western Bulldogs,Collingwood Magpies,2026-05-30T09:35:58Z,ladbrokes_au,Ladbrokes,,player_disposals_over,Jeremy Howe,Over,1.92,17.5,20260530_093320
5e06aeff84a466044adc1db2aae029cb,Western Bulldogs,Collingwood Magpies,2026-05-30T09:35:58Z,ladbrokes_au,Ladbrokes,,player_disposals_over,Lachlan Bramble,Over,1.98,17.5,20260530_093320
5e06aeff84a466044adc1db2aae029cb,Western Bulldogs,Collingwood Magpies,2026-05-30T09:35:58Z,ladbrokes_au,Ladbrokes,,player_disposals_over,Timothy English,Over,1.98,17.5,20260530_093320
5e06aeff84a466044adc1db2aae029cb,Western Bulldogs,Collingwood Magpies,2026-05-30T09:35:58Z,ladbrokes_au,Ladbrokes,,player_disposals_over,Lachie Jaques,Over,2.05,17.5,20260530_093320
5e06aeff84a466044adc1db2aae029cb,Western Bulldogs,Collingwood Magpies,2026-05-30T09:35:58Z,ladbrokes_au,Ladbrokes,,player_disposals_over,Nicholas Coffield,Over,2.1,17.5,20260530_093320
5e06aeff84a466044adc1db2aae029cb,Western Bulldogs,Collingwood Magpies,2026-05-30T09:35:58Z,ladbrokes_au,Ladbrokes,,player_disposals_over,Steele Sidebottom,Over,2.1,17.5,20260530_093320
5e06aeff84a466044adc1db2aae029cb,Western Bulldogs,Collingwood Magpies,2026-05-30T09:35:58Z,ladbrokes_au,Ladbrokes,,player_disposals_over,Lachlan Schultz,Over,2.3,17.5,20260530_093320
5e06aeff84a466044adc1db2aae029cb,Western Bulldogs,Collingwood Magpies,2026-05-30T09:35:58Z,ladbrokes_au,Ladbrokes,,player_disposals_over,Beau McCreery,Over,2.35,17.5,20260530_093320
5e06aeff84a466044adc1db2aae029cb,Western Bulldogs,Collingwood Magpies,2026-05-30T09:35:58Z,ladbrokes_au,Ladbrokes,,player_disposals_over,Ned Long,Over,2.35,17.5,20260530_093320
5e06aeff84a466044adc1db2aae029cb,Western Bulldogs,Collingwood Magpies,2026-05-30T09:35:58Z,ladbrokes_au,Ladbrokes,,player_disposals_over,Roan Steele,Over,2.35,17.5,20260530_093320
5e06aeff84a466044adc1db2aae029cb,Western Bulldogs,Collingwood Magpies,2026-05-30T09:35:58Z,ladbrokes_au,Ladbrokes,,player_disposals_over,Edward Allan,Over,2.75,17.5,20260530_093320
5e06aeff84a466044adc1db2aae029cb,Western Bulldogs,Collingwood Magpies,2026-05-30T09:35:58Z,ladbrokes_au,Ladbrokes,,player_disposals_over,Angus Anderson,Over,2.8,17.5,20260530_093320
5e06aeff84a466044adc1db2aae029cb,Western Bulldogs,Collingwood Magpies,2026-05-30T09:35:58Z,ladbrokes_au,Ladbrokes,,player_disposals_over,Michael Sellwood,Over,3.0,17.5,20260530_093320
5e06aeff84a466044adc1db2aae029cb,Western Bulldogs,Collingwood Magpies,2026-05-30T09:35:58Z,ladbrokes_au,Ladbrokes,,player_disposals_over,Rory Lobb,Over,3.2,17.5,20260530_093320
5e06aeff84a466044adc1db2aae029cb,Western Bulldogs,Collingwood Magpies,2026-05-30T09:35:58Z,ladbrokes_au,Ladbrokes,,player_disposals_over,Buku Khamis,Over,3.2,17.5,20260530_093320
5e06aeff84a466044adc1db2aae029cb,Western Bulldogs,Collingwood Magpies,2026-05-30T09:35:58Z,ladbrokes_au,Ladbrokes,,player_disposals_over,Rhylee West,Over,3.8,17.5,20260530_093320
5e06aeff84a466044adc1db2aae029cb,Western Bulldogs,Collingwood Magpies,2026-05-30T09:35:58Z,ladbrokes_au,Ladbrokes,,player_disposals_over,Harvey Harrison,Over,4.1,17.5,20260530_093320
5e06aeff84a466044adc1db2aae029cb,Western Bulldogs,Collingwood Magpies,2026-05-30T09:35:58Z,ladbrokes_au,Ladbrokes,,player_disposals_over,Arthur Jones,Over,4.1,17.5,20260530_093320
5e06aeff84a466044adc1db2aae029cb,Western Bulldogs,Collingwood Magpies,2026-05-30T09:35:58Z,ladbrokes_au,Ladbrokes,,player_disposals_over,Wil Parker,Over,5.0,17.5,20260530_093320
5e06aeff84a466044adc1db2aae029cb,Western Bulldogs,Collingwood Magpies,2026-05-30T09:35:58Z,ladbrokes_au,Ladbrokes,,player_disposals_over,James O'Donnell,Over,5.0,17.5,20260530_093320
5e06aeff84a466044adc1db2aae029cb,Western Bulldogs,Collingwood Magpies,2026-05-30T09:35:58Z,ladbrokes_au,Ladbrokes,,player_disposals_over,Aaron Naughton,Over,5.4,17.5,20260530_093320
5e06aeff84a466044adc1db2aae029cb,Western Bulldogs,Collingwood Magpies,2026-05-30T09:35:58Z,ladbrokes_au,Ladbrokes,,player_disposals_over,Billy Frampton,Over,5.4,17.5,20260530_093320
5e06aeff84a466044adc1db2aae029cb,Western Bulldogs,Collingwood Magpies,2026-05-30T09:35:58Z,ladbrokes_au,Ladbrokes,,player_disposals_over,Lachie McNeil,Over,5.8,17.5,20260530_093320
5e06aeff84a466044adc1db2aae029cb,Western Bulldogs,Collingwood Magpies,2026-05-30T09:35:58Z,ladbrokes_au,Ladbrokes,,player_disposals_over,Cooper Hynes,Over,8.25,17.5,20260530_093320
5e06aeff84a466044adc1db2aae029cb,Western Bulldogs,Collingwood Magpies,2026-05-30T09:35:58Z,ladbrokes_au,Ladbrokes,,player_disposals_over,Will Lewis,Over,8.25,17.5,20260530_093320
5e06aeff84a466044adc1db2aae029cb,Western Bulldogs,Collingwood Magpies,2026-05-30T09:35:58Z,ladbrokes_au,Ladbrokes,,player_disposals_over,Daniel McStay,Over,8.25,17.5,20260530_093320
5e06aeff84a466044adc1db2aae029cb,Western Bulldogs,Collingwood Magpies,2026-05-30T09:35:58Z,ladbrokes_au,Ladbrokes,,player_disposals_over,Tim Membrey,Over,10.0,17.5,20260530_093320
5e06aeff84a466044adc1db2aae029cb,Western Bulldogs,Collingwood Magpies,2026-05-30T09:35:58Z,ladbrokes_au,Ladbrokes,,player_disposals_over,Nick Daicos,Over,4.6,39.5,20260530_093320
5e06aeff84a466044adc1db2aae029cb,Western Bulldogs,Collingwood Magpies,2026-05-30T09:35:58Z,ladbrokes_au,Ladbrokes,,player_disposals_over,Bailey Dale,Over,6.6,39.5,20260530_093320
5e06aeff84a466044adc1db2aae029cb,Western Bulldogs,Collingwood Magpies,2026-05-30T09:35:58Z,ladbrokes_au,Ladbrokes,,player_disposals_over,Marcus Bontempelli,Over,10.5,39.5,20260530_093320
5e06aeff84a466044adc1db2aae029cb,Western Bulldogs,Collingwood Magpies,2026-05-30T09:35:58Z,ladbrokes_au,Ladbrokes,,player_disposals_over,Ryley Sanders,Over,19.0,39.5,20260530_093320
5e06aeff84a466044adc1db2aae029cb,Western Bulldogs,Collingwood Magpies,2026-05-30T09:35:58Z,ladbrokes_au,Ladbrokes,,player_disposals_over,Josh Daicos,Over,23.0,39.5,20260530_093320
5e06aeff84a466044adc1db2aae029cb,Western Bulldogs,Collingwood Magpies,2026-05-30T09:35:58Z,ladbrokes_au,Ladbrokes,,player_disposals_over,Ed Richards,Over,26.0,39.5,20260530_093320
5e06aeff84a466044adc1db2aae029cb,Western Bulldogs,Collingwood Magpies,2026-05-30T09:35:58Z,ladbrokes_au,Ladbrokes,,player_disposals_over,Scott Pendlebury,Over,41.0,39.5,20260530_093320
5e06aeff84a466044adc1db2aae029cb,Western Bulldogs,Collingwood Magpies,2026-05-30T09:35:58Z,ladbrokes_au,Ladbrokes,,player_disposals_over,Dan Houston,Over,41.0,39.5,20260530_093320
5e06aeff84a466044adc1db2aae029cb,Western Bulldogs,Collingwood Magpies,2026-05-30T09:35:58Z,ladbrokes_au,Ladbrokes,,player_disposals_over,Matthew Kennedy,Over,51.0,39.5,20260530_093320
5e06aeff84a466044adc1db2aae029cb,Western Bulldogs,Collingwood Magpies,2026-05-30T09:35:58Z,ladbrokes_au,Ladbrokes,,player_disposals_over,Adam Treloar,Over,51.0,39.5,20260530_093320
5e06aeff84a466044adc1db2aae029cb,Western Bulldogs,Collingwood Magpies,2026-05-30T09:35:58Z,ladbrokes_au,Ladbrokes,,player_disposals_over,Jack Crisp,Over,51.0,39.5,20260530_093320
5e06aeff84a466044adc1db2aae029cb,Western Bulldogs,Collingwood Magpies,2026-05-30T09:35:58Z,ladbrokes_au,Ladbrokes,,player_disposals_over,Nick Daicos,Over,1.07,24.5,20260530_093320
5e06aeff84a466044adc1db2aae029cb,Western Bulldogs,Collingwood Magpies,2026-05-30T09:35:58Z,ladbrokes_au,Ladbrokes,,player_disposals_over,Bailey Dale,Over,1.16,24.5,20260530_093320
5e06aeff84a466044adc1db2aae029cb,Western Bulldogs,Collingwood Magpies,2026-05-30T09:35:58Z,ladbrokes_au,Ladbrokes,,player_disposals_over,Marcus Bontempelli,Over,1.32,24.5,20260530_093320
5e06aeff84a466044adc1db2aae029cb,Western Bulldogs,Collingwood Magpies,2026-05-30T09:35:58Z,ladbrokes_au,Ladbrokes,,player_disposals_over,Ryley Sanders,Over,1.53,24.5,20260530_093320
5e06aeff84a466044adc1db2aae029cb,Western Bulldogs,Collingwood Magpies,2026-05-30T09:35:58Z,ladbrokes_au,Ladbrokes,,player_disposals_over,Josh Daicos,Over,1.67,24.5,20260530_093320
5e06aeff84a466044adc1db2aae029cb,Western Bulldogs,Collingwood Magpies,2026-05-30T09:35:58Z,ladbrokes_au,Ladbrokes,,player_disposals_over,Ed Richards,Over,1.7,24.5,20260530_093320
5e06aeff84a466044adc1db2aae029cb,Western Bulldogs,Collingwood Magpies,2026-05-30T09:35:58Z,ladbrokes_au,Ladbrokes,,player_disposals_over,Dan Houston,Over,2.0,24.5,20260530_093320
5e06aeff84a466044adc1db2aae029cb,Western Bulldogs,Collingwood Magpies,2026-05-30T09:35:58Z,ladbrokes_au,Ladbrokes,,player_disposals_over,Scott Pendlebury,Over,2.05,24.5,20260530_093320
5e06aeff84a466044adc1db2aae029cb,Western Bulldogs,Collingwood Magpies,2026-05-30T09:35:58Z,ladbrokes_au,Ladbrokes,,player_disposals_over,Adam Treloar,Over,2.1,24.5,20260530_093320
5e06aeff84a466044adc1db2aae029cb,Western Bulldogs,Collingwood Magpies,2026-05-30T09:35:58Z,ladbrokes_au,Ladbrokes,,player_disposals_over,Matthew Kennedy,Over,2.15,24.5,20260530_093320
5e06aeff84a466044adc1db2aae029cb,Western Bulldogs,Collingwood Magpies,2026-05-30T09:35:58Z,ladbrokes_au,Ladbrokes,,player_disposals_over,Jack Crisp,Over,2.15,24.5,20260530_093320
5e06aeff84a466044adc1db2aae029cb,Western Bulldogs,Collingwood Magpies,2026-05-30T09:35:58Z,ladbrokes_au,Ladbrokes,,player_disposals_over,Jordan De Goey,Over,2.45,24.5,20260530_093320
5e06aeff84a466044adc1db2aae029cb,Western Bulldogs,Collingwood Magpies,2026-05-30T09:35:58Z,ladbrokes_au,Ladbrokes,,player_disposals_over,Connor Budarick,Over,2.9,24.5,20260530_093320
5e06aeff84a466044adc1db2aae029cb,Western Bulldogs,Collingwood Magpies,2026-05-30T09:35:58Z,ladbrokes_au,Ladbrokes,,player_disposals_over,Patrick Lipinski,Over,4.2,24.5,20260530_093320
5e06aeff84a466044adc1db2aae029cb,Western Bulldogs,Collingwood Magpies,2026-05-30T09:35:58Z,ladbrokes_au,Ladbrokes,,player_disposals_over,Isaac Quaynor,Over,4.6,24.5,20260530_093320
5e06aeff84a466044adc1db2aae029cb,Western Bulldogs,Collingwood Magpies,2026-05-30T09:35:58Z,ladbrokes_au,Ladbrokes,,player_disposals_over,Joel Freijah,Over,4.75,24.5,20260530_093320
5e06aeff84a466044adc1db2aae029cb,Western Bulldogs,Collingwood Magpies,2026-05-30T09:35:58Z,ladbrokes_au,Ladbrokes,,player_disposals_over,Darcy Cameron,Over,4.75,24.5,20260530_093320
5e06aeff84a466044adc1db2aae029cb,Western Bulldogs,Collingwood Magpies,2026-05-30T09:35:58Z,ladbrokes_au,Ladbrokes,,player_disposals_over,Brayden Maynard,Over,5.0,24.5,20260530_093320
5e06aeff84a466044adc1db2aae029cb,Western Bulldogs,Collingwood Magpies,2026-05-30T09:35:58Z,ladbrokes_au,Ladbrokes,,player_disposals_over,Jeremy Howe,Over,7.5,24.5,20260530_093320
5e06aeff84a466044adc1db2aae029cb,Western Bulldogs,Collingwood Magpies,2026-05-30T09:35:58Z,ladbrokes_au,Ladbrokes,,player_disposals_over,Lachlan Bramble,Over,8.0,24.5,20260530_093320
5e06aeff84a466044adc1db2aae029cb,Western Bulldogs,Collingwood Magpies,2026-05-30T09:35:58Z,ladbrokes_au,Ladbrokes,,player_disposals_over,Timothy English,Over,8.0,24.5,20260530_093320
5e06aeff84a466044adc1db2aae029cb,Western Bulldogs,Collingwood Magpies,2026-05-30T09:35:58Z,ladbrokes_au,Ladbrokes,,player_disposals_over,Lachie Jaques,Over,8.5,24.5,20260530_093320
5e06aeff84a466044adc1db2aae029cb,Western Bulldogs,Collingwood Magpies,2026-05-30T09:35:58Z,ladbrokes_au,Ladbrokes,,player_disposals_over,Nicholas Coffield,Over,8.75,24.5,20260530_093320
5e06aeff84a466044adc1db2aae029cb,Western Bulldogs,Collingwood Magpies,2026-05-30T09:35:58Z,ladbrokes_au,Ladbrokes,,player_disposals_over,Steele Sidebottom,Over,9.0,24.5,20260530_093320
5e06aeff84a466044adc1db2aae029cb,Western Bulldogs,Collingwood Magpies,2026-05-30T09:35:58Z,ladbrokes_au,Ladbrokes,,player_disposals_over,Lachlan Schultz,Over,10.5,24.5,20260530_093320
5e06aeff84a466044adc1db2aae029cb,Western Bulldogs,Collingwood Magpies,2026-05-30T09:35:58Z,ladbrokes_au,Ladbrokes,,player_disposals_over,Beau McCreery,Over,11.0,24.5,20260530_093320
5e06aeff84a466044adc1db2aae029cb,Western Bulldogs,Collingwood Magpies,2026-05-30T09:35:58Z,ladbrokes_au,Ladbrokes,,player_disposals_over,Ned Long,Over,11.0,24.5,20260530_093320
5e06aeff84a466044adc1db2aae029cb,Western Bulldogs,Collingwood Magpies,2026-05-30T09:35:58Z,ladbrokes_au,Ladbrokes,,player_disposals_over,Roan Steele,Over,11.0,24.5,20260530_093320
5e06aeff84a466044adc1db2aae029cb,Western Bulldogs,Collingwood Magpies,2026-05-30T09:35:58Z,ladbrokes_au,Ladbrokes,,player_disposals_over,Edward Allan,Over,15.0,24.5,20260530_093320
5e06aeff84a466044adc1db2aae029cb,Western Bulldogs,Collingwood Magpies,2026-05-30T09:35:58Z,ladbrokes_au,Ladbrokes,,player_disposals_over,Angus Anderson,Over,16.0,24.5,20260530_093320
5e06aeff84a466044adc1db2aae029cb,Western Bulldogs,Collingwood Magpies,2026-05-30T09:35:58Z,ladbrokes_au,Ladbrokes,,player_disposals_over,Michael Sellwood,Over,17.0,24.5,20260530_093320
5e06aeff84a466044adc1db2aae029cb,Western Bulldogs,Collingwood Magpies,2026-05-30T09:35:58Z,ladbrokes_au,Ladbrokes,,player_disposals_over,Rory Lobb,Over,19.0,24.5,20260530_093320
5e06aeff84a466044adc1db2aae029cb,Western Bulldogs,Collingwood Magpies,2026-05-30T09:35:58Z,ladbrokes_au,Ladbrokes,,player_disposals_over,Buku Khamis,Over,19.0,24.5,20260530_093320
5e06aeff84a466044adc1db2aae029cb,Western Bulldogs,Collingwood Magpies,2026-05-30T09:35:58Z,ladbrokes_au,Ladbrokes,,player_disposals_over,Connor Budarick,Over,1.01,14.5,20260530_093320
5e06aeff84a466044adc1db2aae029cb,Western Bulldogs,Collingwood Magpies,2026-05-30T09:35:58Z,ladbrokes_au,Ladbrokes,,player_disposals_over,Patrick Lipinski,Over,1.11,14.5,20260530_093320
5e06aeff84a466044adc1db2aae029cb,Western Bulldogs,Collingwood Magpies,2026-05-30T09:35:58Z,ladbrokes_au,Ladbrokes,,player_disposals_over,Isaac Quaynor,Over,1.14,14.5,20260530_093320
5e06aeff84a466044adc1db2aae029cb,Western Bulldogs,Collingwood Magpies,2026-05-30T09:35:58Z,ladbrokes_au,Ladbrokes,,player_disposals_over,Joel Freijah,Over,1.15,14.5,20260530_093320
5e06aeff84a466044adc1db2aae029cb,Western Bulldogs,Collingwood Magpies,2026-05-30T09:35:58Z,ladbrokes_au,Ladbrokes,,player_disposals_over,Darcy Cameron,Over,1.15,14.5,20260530_093320
5e06aeff84a466044adc1db2aae029cb,Western Bulldogs,Collingwood Magpies,2026-05-30T09:35:58Z,ladbrokes_au,Ladbrokes,,player_disposals_over,Brayden Maynard,Over,1.17,14.5,20260530_093320
5e06aeff84a466044adc1db2aae029cb,Western Bulldogs,Collingwood Magpies,2026-05-30T09:35:58Z,ladbrokes_au,Ladbrokes,,player_disposals_over,Jeremy Howe,Over,1.32,14.5,20260530_093320
5e06aeff84a466044adc1db2aae029cb,Western Bulldogs,Collingwood Magpies,2026-05-30T09:35:58Z,ladbrokes_au,Ladbrokes,,player_disposals_over,Lachlan Bramble,Over,1.35,14.5,20260530_093320
5e06aeff84a466044adc1db2aae029cb,Western Bulldogs,Collingwood Magpies,2026-05-30T09:35:58Z,ladbrokes_au,Ladbrokes,,player_disposals_over,Timothy English,Over,1.35,14.5,20260530_093320
5e06aeff84a466044adc1db2aae029cb,Western Bulldogs,Collingwood Magpies,2026-05-30T09:35:58Z,ladbrokes_au,Ladbrokes,,player_disposals_over,Nicholas Coffield,Over,1.38,14.5,20260530_093320
5e06aeff84a466044adc1db2aae029cb,Western Bulldogs,Collingwood Magpies,2026-05-30T09:35:58Z,ladbrokes_au,Ladbrokes,,player_disposals_over,Lachie Jaques,Over,1.38,14.5,20260530_093320
5e06aeff84a466044adc1db2aae029cb,Western Bulldogs,Collingwood Magpies,2026-05-30T09:35:58Z,ladbrokes_au,Ladbrokes,,player_disposals_over,Steele Sidebottom,Over,1.4,14.5,20260530_093320
5e06aeff84a466044adc1db2aae029cb,Western Bulldogs,Collingwood Magpies,2026-05-30T09:35:58Z,ladbrokes_au,Ladbrokes,,player_disposals_over,Lachlan Schultz,Over,1.48,14.5,20260530_093320
5e06aeff84a466044adc1db2aae029cb,Western Bulldogs,Collingwood Magpies,2026-05-30T09:35:58Z,ladbrokes_au,Ladbrokes,,player_disposals_over,Beau McCreery,Over,1.5,14.5,20260530_093320
5e06aeff84a466044adc1db2aae029cb,Western Bulldogs,Collingwood Magpies,2026-05-30T09:35:58Z,ladbrokes_au,Ladbrokes,,player_disposals_over,Ned Long,Over,1.5,14.5,20260530_093320
5e06aeff84a466044adc1db2aae029cb,Western Bulldogs,Collingwood Magpies,2026-05-30T09:35:58Z,ladbrokes_au,Ladbrokes,,player_disposals_over,Roan Steele,Over,1.5,14.5,20260530_093320
5e06aeff84a466044adc1db2aae029cb,Western Bulldogs,Collingwood Magpies,2026-05-30T09:35:58Z,ladbrokes_au,Ladbrokes,,player_disposals_over,Edward Allan,Over,1.7,14.5,20260530_093320
5e06aeff84a466044adc1db2aae029cb,Western Bulldogs,Collingwood Magpies,2026-05-30T09:35:58Z,ladbrokes_au,Ladbrokes,,player_disposals_over,Angus Anderson,Over,1.72,14.5,20260530_093320
5e06aeff84a466044adc1db2aae029cb,Western Bulldogs,Collingwood Magpies,2026-05-30T09:35:58Z,ladbrokes_au,Ladbrokes,,player_disposals_over,Michael Sellwood,Over,1.8,14.5,20260530_093320
5e06aeff84a466044adc1db2aae029cb,Western Bulldogs,Collingwood Magpies,2026-05-30T09:35:58Z,ladbrokes_au,Ladbrokes,,player_disposals_over,Rory Lobb,Over,1.88,14.5,20260530_093320
5e06aeff84a466044adc1db2aae029cb,Western Bulldogs,Collingwood Magpies,2026-05-30T09:35:58Z,ladbrokes_au,Ladbrokes,,player_disposals_over,Buku Khamis,Over,1.88,14.5,20260530_093320
5e06aeff84a466044adc1db2aae029cb,Western Bulldogs,Collingwood Magpies,2026-05-30T09:35:58Z,ladbrokes_au,Ladbrokes,,player_disposals_over,Rhylee West,Over,2.15,14.5,20260530_093320
5e06aeff84a466044adc1db2aae029cb,Western Bulldogs,Collingwood Magpies,2026-05-30T09:35:58Z,ladbrokes_au,Ladbrokes,,player_disposals_over,Harvey Harrison,Over,2.25,14.5,20260530_093320
5e06aeff84a466044adc1db2aae029cb,Western Bulldogs,Collingwood Magpies,2026-05-30T09:35:58Z,ladbrokes_au,Ladbrokes,,player_disposals_over,Arthur Jones,Over,2.25,14.5,20260530_093320
5e06aeff84a466044adc1db2aae029cb,Western Bulldogs,Collingwood Magpies,2026-05-30T09:35:58Z,ladbrokes_au,Ladbrokes,,player_disposals_over,Wil Parker,Over,2.6,14.5,20260530_093320
5e06aeff84a466044adc1db2aae029cb,Western Bulldogs,Collingwood Magpies,2026-05-30T09:35:58Z,ladbrokes_au,Ladbrokes,,player_disposals_over,James O'Donnell,Over,2.6,14.5,20260530_093320
5e06aeff84a466044adc1db2aae029cb,Western Bulldogs,Collingwood Magpies,2026-05-30T09:35:58Z,ladbrokes_au,Ladbrokes,,player_disposals_over,Aaron Naughton,Over,2.8,14.5,20260530_093320
5e06aeff84a466044adc1db2aae029cb,Western Bulldogs,Collingwood Magpies,2026-05-30T09:35:58Z,ladbrokes_au,Ladbrokes,,player_disposals_over,Billy Frampton,Over,2.8,14.5,20260530_093320
5e06aeff84a466044adc1db2aae029cb,Western Bulldogs,Collingwood Magpies,2026-05-30T09:35:58Z,ladbrokes_au,Ladbrokes,,player_disposals_over,Lachie McNeil,Over,2.95,14.5,20260530_093320
5e06aeff84a466044adc1db2aae029cb,Western Bulldogs,Collingwood Magpies,2026-05-30T09:35:58Z,ladbrokes_au,Ladbrokes,,player_disposals_over,Cooper Hynes,Over,3.8,14.5,20260530_093320
5e06aeff84a466044adc1db2aae029cb,Western Bulldogs,Collingwood Magpies,2026-05-30T09:35:58Z,ladbrokes_au,Ladbrokes,,player_disposals_over,Will Lewis,Over,3.8,14.5,20260530_093320
5e06aeff84a466044adc1db2aae029cb,Western Bulldogs,Collingwood Magpies,2026-05-30T09:35:58Z,ladbrokes_au,Ladbrokes,,player_disposals_over,Daniel McStay,Over,3.8,14.5,20260530_093320
5e06aeff84a466044adc1db2aae029cb,Western Bulldogs,Collingwood Magpies,2026-05-30T09:35:58Z,ladbrokes_au,Ladbrokes,,player_disposals_over,Tim Membrey,Over,4.5,14.5,20260530_093320
5e06aeff84a466044adc1db2aae029cb,Western Bulldogs,Collingwood Magpies,2026-05-30T09:35:58Z,ladbrokes_au,Ladbrokes,,player_disposals_over,Jordan Croft,Over,5.5,14.5,20260530_093320
5e06aeff84a466044adc1db2aae029cb,Western Bulldogs,Collingwood Magpies,2026-05-30T09:35:58Z,ladbrokes_au,Ladbrokes,,player_disposals_over,Nick Daicos,Over,1.1,25.5,20260530_093320
5e06aeff84a466044adc1db2aae029cb,Western Bulldogs,Collingwood Magpies,2026-05-30T09:35:58Z,ladbrokes_au,Ladbrokes,,player_disposals_over,Bailey Dale,Over,1.22,25.5,20260530_093320
5e06aeff84a466044adc1db2aae029cb,Western Bulldogs,Collingwood Magpies,2026-05-30T09:35:58Z,ladbrokes_au,Ladbrokes,,player_disposals_over,Marcus Bontempelli,Over,1.4,25.5,20260530_093320
5e06aeff84a466044adc1db2aae029cb,Western Bulldogs,Collingwood Magpies,2026-05-30T09:35:58Z,ladbrokes_au,Ladbrokes,,player_disposals_over,Ryley Sanders,Over,1.67,25.5,20260530_093320
5e06aeff84a466044adc1db2aae029cb,Western Bulldogs,Collingwood Magpies,2026-05-30T09:35:58Z,ladbrokes_au,Ladbrokes,,player_disposals_over,Josh Daicos,Over,1.83,25.5,20260530_093320
5e06aeff84a466044adc1db2aae029cb,Western Bulldogs,Collingwood Magpies,2026-05-30T09:35:58Z,ladbrokes_au,Ladbrokes,,player_disposals_over,Ed Richards,Over,1.87,25.5,20260530_093320
5e06aeff84a466044adc1db2aae029cb,Western Bulldogs,Collingwood Magpies,2026-05-30T09:35:58Z,ladbrokes_au,Ladbrokes,,player_disposals_over,Dan Houston,Over,2.25,25.5,20260530_093320
5e06aeff84a466044adc1db2aae029cb,Western Bulldogs,Collingwood Magpies,2026-05-30T09:35:58Z,ladbrokes_au,Ladbrokes,,player_disposals_over,Scott Pendlebury,Over,2.3,25.5,20260530_093320
5e06aeff84a466044adc1db2aae029cb,Western Bulldogs,Collingwood Magpies,2026-05-30T09:35:58Z,ladbrokes_au,Ladbrokes,,player_disposals_over,Adam Treloar,Over,2.35,25.5,20260530_093320
5e06aeff84a466044adc1db2aae029cb,Western Bulldogs,Collingwood Magpies,2026-05-30T09:35:58Z,ladbrokes_au,Ladbrokes,,player_disposals_over,Matthew Kennedy,Over,2.4,25.5,20260530_093320
5e06aeff84a466044adc1db2aae029cb,Western Bulldogs,Collingwood Magpies,2026-05-30T09:35:58Z,ladbrokes_au,Ladbrokes,,player_disposals_over,Jack Crisp,Over,2.4,25.5,20260530_093320
5e06aeff84a466044adc1db2aae029cb,Western Bulldogs,Collingwood Magpies,2026-05-30T09:35:58Z,ladbrokes_au,Ladbrokes,,player_disposals_over,Jordan De Goey,Over,2.8,25.5,20260530_093320
5e06aeff84a466044adc1db2aae029cb,Western Bulldogs,Collingwood Magpies,2026-05-30T09:35:58Z,ladbrokes_au,Ladbrokes,,player_disposals_over,Connor Budarick,Over,3.35,25.5,20260530_093320
5e06aeff84a466044adc1db2aae029cb,Western Bulldogs,Collingwood Magpies,2026-05-30T09:35:58Z,ladbrokes_au,Ladbrokes,,player_disposals_over,Patrick Lipinski,Over,5.0,25.5,20260530_093320
5e06aeff84a466044adc1db2aae029cb,Western Bulldogs,Collingwood Magpies,2026-05-30T09:35:58Z,ladbrokes_au,Ladbrokes,,player_disposals_over,Isaac Quaynor,Over,5.5,25.5,20260530_093320
5e06aeff84a466044adc1db2aae029cb,Western Bulldogs,Collingwood Magpies,2026-05-30T09:35:58Z,ladbrokes_au,Ladbrokes,,player_disposals_over,Joel Freijah,Over,5.75,25.5,20260530_093320
5e06aeff84a466044adc1db2aae029cb,Western Bulldogs,Collingwood Magpies,2026-05-30T09:35:58Z,ladbrokes_au,Ladbrokes,,player_disposals_over,Darcy Cameron,Over,5.75,25.5,20260530_093320
5e06aeff84a466044adc1db2aae029cb,Western Bulldogs,Collingwood Magpies,2026-05-30T09:35:58Z,ladbrokes_au,Ladbrokes,,player_disposals_over,Brayden Maynard,Over,6.2,25.5,20260530_093320
5e06aeff84a466044adc1db2aae029cb,Western Bulldogs,Collingwood Magpies,2026-05-30T09:35:58Z,ladbrokes_au,Ladbrokes,,player_disposals_over,Jeremy Howe,Over,9.5,25.5,20260530_093320
5e06aeff84a466044adc1db2aae029cb,Western Bulldogs,Collingwood Magpies,2026-05-30T09:35:58Z,ladbrokes_au,Ladbrokes,,player_disposals_over,Lachlan Bramble,Over,10.0,25.5,20260530_093320
5e06aeff84a466044adc1db2aae029cb,Western Bulldogs,Collingwood Magpies,2026-05-30T09:35:58Z,ladbrokes_au,Ladbrokes,,player_disposals_over,Timothy English,Over,10.0,25.5,20260530_093320
5e06aeff84a466044adc1db2aae029cb,Western Bulldogs,Collingwood Magpies,2026-05-30T09:35:58Z,ladbrokes_au,Ladbrokes,,player_disposals_over,Lachie Jaques,Over,10.5,25.5,20260530_093320
5e06aeff84a466044adc1db2aae029cb,Western Bulldogs,Collingwood Magpies,2026-05-30T09:35:58Z,ladbrokes_au,Ladbrokes,,player_disposals_over,Nicholas Coffield,Over,11.0,25.5,20260530_093320
5e06aeff84a466044adc1db2aae029cb,Western Bulldogs,Collingwood Magpies,2026-05-30T09:35:58Z,ladbrokes_au,Ladbrokes,,player_disposals_over,Steele Sidebottom,Over,11.5,25.5,20260530_093320
5e06aeff84a466044adc1db2aae029cb,Western Bulldogs,Collingwood Magpies,2026-05-30T09:35:58Z,ladbrokes_au,Ladbrokes,,player_disposals_over,Lachlan Schultz,Over,14.0,25.5,20260530_093320
5e06aeff84a466044adc1db2aae029cb,Western Bulldogs,Collingwood Magpies,2026-05-30T09:35:58Z,ladbrokes_au,Ladbrokes,,player_disposals_over,Beau McCreery,Over,14.0,25.5,20260530_093320
5e06aeff84a466044adc1db2aae029cb,Western Bulldogs,Collingwood Magpies,2026-05-30T09:35:58Z,ladbrokes_au,Ladbrokes,,player_disposals_over,Ned Long,Over,14.0,25.5,20260530_093320
5e06aeff84a466044adc1db2aae029cb,Western Bulldogs,Collingwood Magpies,2026-05-30T09:35:58Z,ladbrokes_au,Ladbrokes,,player_disposals_over,Roan Steele,Over,14.0,25.5,20260530_093320
5e06aeff84a466044adc1db2aae029cb,Western Bulldogs,Collingwood Magpies,2026-05-30T09:35:58Z,ladbrokes_au,Ladbrokes,,player_disposals_over,Edward Allan,Over,19.0,25.5,20260530_093320
5e06aeff84a466044adc1db2aae029cb,Western Bulldogs,Collingwood Magpies,2026-05-30T09:35:58Z,ladbrokes_au,Ladbrokes,,player_disposals_over,Angus Anderson,Over,21.0,25.5,20260530_093320
5e06aeff84a466044adc1db2aae029cb,Western Bulldogs,Collingwood Magpies,2026-05-30T09:35:58Z,ladbrokes_au,Ladbrokes,,player_disposals_over,Michael Sellwood,Over,23.0,25.5,20260530_093320
5e06aeff84a466044adc1db2aae029cb,Western Bulldogs,Collingwood Magpies,2026-05-30T09:35:58Z,ladbrokes_au,Ladbrokes,,player_disposals_over,Rory Lobb,Over,26.0,25.5,20260530_093320
5e06aeff84a466044adc1db2aae029cb,Western Bulldogs,Collingwood Magpies,2026-05-30T09:35:58Z,ladbrokes_au,Ladbrokes,,player_disposals_over,Buku Khamis,Over,26.0,25.5,20260530_093320
5e06aeff84a466044adc1db2aae029cb,Western Bulldogs,Collingwood Magpies,2026-05-30T09:35:58Z,ladbrokes_au,Ladbrokes,,player_goal_scorer_anytime,Aaron Naughton,Yes,1.01,,20260530_093320
5e06aeff84a466044adc1db2aae029cb,Western Bulldogs,Collingwood Magpies,2026-05-30T09:35:58Z,ladbrokes_au,Ladbrokes,,player_goal_scorer_anytime,Rhylee West,Yes,1.1,,20260530_093320
5e06aeff84a466044adc1db2aae029cb,Western Bulldogs,Collingwood Magpies,2026-05-30T09:35:58Z,ladbrokes_au,Ladbrokes,,player_goal_scorer_anytime,Daniel McStay,Yes,1.13,,20260530_093320
5e06aeff84a466044adc1db2aae029cb,Western Bulldogs,Collingwood Magpies,2026-05-30T09:35:58Z,ladbrokes_au,Ladbrokes,,player_goal_scorer_anytime,Tim Membrey,Yes,1.19,,20260530_093320
5e06aeff84a466044adc1db2aae029cb,Western Bulldogs,Collingwood Magpies,2026-05-30T09:35:58Z,ladbrokes_au,Ladbrokes,,player_goal_scorer_anytime,Nick Daicos,Yes,1.2,,20260530_093320
5e06aeff84a466044adc1db2aae029cb,Western Bulldogs,Collingwood Magpies,2026-05-30T09:35:58Z,ladbrokes_au,Ladbrokes,,player_goal_scorer_anytime,Marcus Bontempelli,Yes,1.2,,20260530_093320
5e06aeff84a466044adc1db2aae029cb,Western Bulldogs,Collingwood Magpies,2026-05-30T09:35:58Z,ladbrokes_au,Ladbrokes,,player_goal_scorer_anytime,Will Lewis,Yes,1.24,,20260530_093320
5e06aeff84a466044adc1db2aae029cb,Western Bulldogs,Collingwood Magpies,2026-05-30T09:35:58Z,ladbrokes_au,Ladbrokes,,player_goal_scorer_anytime,Jordan De Goey,Yes,1.3,,20260530_093320
5e06aeff84a466044adc1db2aae029cb,Western Bulldogs,Collingwood Magpies,2026-05-30T09:35:58Z,ladbrokes_au,Ladbrokes,,player_goal_scorer_anytime,Lachlan Schultz,Yes,1.36,,20260530_093320
5e06aeff84a466044adc1db2aae029cb,Western Bulldogs,Collingwood Magpies,2026-05-30T09:35:58Z,ladbrokes_au,Ladbrokes,,player_goal_scorer_anytime,Arthur Jones,Yes,1.45,,20260530_093320
5e06aeff84a466044adc1db2aae029cb,Western Bulldogs,Collingwood Magpies,2026-05-30T09:35:58Z,ladbrokes_au,Ladbrokes,,player_goal_scorer_anytime,Jordan Croft,Yes,1.53,,20260530_093320
5e06aeff84a466044adc1db2aae029cb,Western Bulldogs,Collingwood Magpies,2026-05-30T09:35:58Z,ladbrokes_au,Ladbrokes,,player_goal_scorer_anytime,Roan Steele,Yes,1.73,,20260530_093320
5e06aeff84a466044adc1db2aae029cb,Western Bulldogs,Collingwood Magpies,2026-05-30T09:35:58Z,ladbrokes_au,Ladbrokes,,player_goal_scorer_anytime,Ed Richards,Yes,1.77,,20260530_093320
5e06aeff84a466044adc1db2aae029cb,Western Bulldogs,Collingwood Magpies,2026-05-30T09:35:58Z,ladbrokes_au,Ladbrokes,,player_goal_scorer_anytime,Angus Anderson,Yes,1.8,,20260530_093320
5e06aeff84a466044adc1db2aae029cb,Western Bulldogs,Collingwood Magpies,2026-05-30T09:35:58Z,ladbrokes_au,Ladbrokes,,player_goal_scorer_anytime,Beau McCreery,Yes,2.0,,20260530_093320
5e06aeff84a466044adc1db2aae029cb,Western Bulldogs,Collingwood Magpies,2026-05-30T09:35:58Z,ladbrokes_au,Ladbrokes,,player_goal_scorer_anytime,Harvey Harrison,Yes,2.0,,20260530_093320
5e06aeff84a466044adc1db2aae029cb,Western Bulldogs,Collingwood Magpies,2026-05-30T09:35:58Z,ladbrokes_au,Ladbrokes,,player_goal_scorer_anytime,Cooper Hynes,Yes,2.0,,20260530_093320
5e06aeff84a466044adc1db2aae029cb,Western Bulldogs,Collingwood Magpies,2026-05-30T09:35:58Z,ladbrokes_au,Ladbrokes,,player_goal_scorer_anytime,Lachie McNeil,Yes,2.05,,20260530_093320
5e06aeff84a466044adc1db2aae029cb,Western Bulldogs,Collingwood Magpies,2026-05-30T09:35:58Z,ladbrokes_au,Ladbrokes,,player_goal_scorer_anytime,Joel Freijah,Yes,2.25,,20260530_093320
5e06aeff84a466044adc1db2aae029cb,Western Bulldogs,Collingwood Magpies,2026-05-30T09:35:58Z,ladbrokes_au,Ladbrokes,,player_goal_scorer_anytime,Rory Lobb,Yes,2.4,,20260530_093320
5e06aeff84a466044adc1db2aae029cb,Western Bulldogs,Collingwood Magpies,2026-05-30T09:35:58Z,ladbrokes_au,Ladbrokes,,player_goal_scorer_anytime,Timothy English,Yes,2.5,,20260530_093320
5e06aeff84a466044adc1db2aae029cb,Western Bulldogs,Collingwood Magpies,2026-05-30T09:35:58Z,ladbrokes_au,Ladbrokes,,player_goal_scorer_anytime,Ned Long,Yes,2.5,,20260530_093320
5e06aeff84a466044adc1db2aae029cb,Western Bulldogs,Collingwood Magpies,2026-05-30T09:35:58Z,ladbrokes_au,Ladbrokes,,player_goal_scorer_anytime,Ryley Sanders,Yes,2.85,,20260530_093320
5e06aeff84a466044adc1db2aae029cb,Western Bulldogs,Collingwood Magpies,2026-05-30T09:35:58Z,ladbrokes_au,Ladbrokes,,player_goal_scorer_anytime,Edward Allan,Yes,2.85,,20260530_093320
5e06aeff84a466044adc1db2aae029cb,Western Bulldogs,Collingwood Magpies,2026-05-30T09:35:58Z,ladbrokes_au,Ladbrokes,,player_goal_scorer_anytime,Patrick Lipinski,Yes,3.05,,20260530_093320
5e06aeff84a466044adc1db2aae029cb,Western Bulldogs,Collingwood Magpies,2026-05-30T09:35:58Z,ladbrokes_au,Ladbrokes,,player_goal_scorer_anytime,Adam Treloar,Yes,3.05,,20260530_093320
5e06aeff84a466044adc1db2aae029cb,Western Bulldogs,Collingwood Magpies,2026-05-30T09:35:58Z,ladbrokes_au,Ladbrokes,,player_goal_scorer_anytime,Steele Sidebottom,Yes,3.25,,20260530_093320
5e06aeff84a466044adc1db2aae029cb,Western Bulldogs,Collingwood Magpies,2026-05-30T09:35:58Z,ladbrokes_au,Ladbrokes,,player_goal_scorer_anytime,Jack Crisp,Yes,3.25,,20260530_093320
5e06aeff84a466044adc1db2aae029cb,Western Bulldogs,Collingwood Magpies,2026-05-30T09:35:58Z,ladbrokes_au,Ladbrokes,,player_goal_scorer_anytime,Matthew Kennedy,Yes,3.4,,20260530_093320
5e06aeff84a466044adc1db2aae029cb,Western Bulldogs,Collingwood Magpies,2026-05-30T09:35:58Z,ladbrokes_au,Ladbrokes,,player_goal_scorer_anytime,Scott Pendlebury,Yes,3.4,,20260530_093320
5e06aeff84a466044adc1db2aae029cb,Western Bulldogs,Collingwood Magpies,2026-05-30T09:35:58Z,ladbrokes_au,Ladbrokes,,player_goal_scorer_anytime,Darcy Cameron,Yes,3.75,,20260530_093320
5e06aeff84a466044adc1db2aae029cb,Western Bulldogs,Collingwood Magpies,2026-05-30T09:35:58Z,ladbrokes_au,Ladbrokes,,player_goal_scorer_anytime,Dan Houston,Yes,3.75,,20260530_093320
5e06aeff84a466044adc1db2aae029cb,Western Bulldogs,Collingwood Magpies,2026-05-30T09:35:58Z,ladbrokes_au,Ladbrokes,,player_goal_scorer_anytime,Bailey Dale,Yes,3.75,,20260530_093320
5e06aeff84a466044adc1db2aae029cb,Western Bulldogs,Collingwood Magpies,2026-05-30T09:35:58Z,ladbrokes_au,Ladbrokes,,player_goal_scorer_anytime,Josh Daicos,Yes,4.1,,20260530_093320
5e06aeff84a466044adc1db2aae029cb,Western Bulldogs,Collingwood Magpies,2026-05-30T09:35:58Z,tab,TAB,,player_disposals_over,Michael Sellwood,Over,1.07,9.5,20260530_093320
5e06aeff84a466044adc1db2aae029cb,Western Bulldogs,Collingwood Magpies,2026-05-30T09:35:58Z,tab,TAB,,player_disposals_over,Edward Allan,Over,1.07,9.5,20260530_093320
5e06aeff84a466044adc1db2aae029cb,Western Bulldogs,Collingwood Magpies,2026-05-30T09:35:58Z,tab,TAB,,player_disposals_over,Buku Khamis,Over,1.08,9.5,20260530_093320
5e06aeff84a466044adc1db2aae029cb,Western Bulldogs,Collingwood Magpies,2026-05-30T09:35:58Z,tab,TAB,,player_disposals_over,Rhylee West,Over,1.13,9.5,20260530_093320
5e06aeff84a466044adc1db2aae029cb,Western Bulldogs,Collingwood Magpies,2026-05-30T09:35:58Z,tab,TAB,,player_disposals_over,Rory Lobb,Over,1.13,9.5,20260530_093320
5e06aeff84a466044adc1db2aae029cb,Western Bulldogs,Collingwood Magpies,2026-05-30T09:35:58Z,tab,TAB,,player_disposals_over,Arthur Jones,Over,1.13,9.5,20260530_093320
5e06aeff84a466044adc1db2aae029cb,Western Bulldogs,Collingwood Magpies,2026-05-30T09:35:58Z,tab,TAB,,player_disposals_over,James O'Donnell,Over,1.23,9.5,20260530_093320
5e06aeff84a466044adc1db2aae029cb,Western Bulldogs,Collingwood Magpies,2026-05-30T09:35:58Z,tab,TAB,,player_disposals_over,Billy Frampton,Over,1.23,9.5,20260530_093320
5e06aeff84a466044adc1db2aae029cb,Western Bulldogs,Collingwood Magpies,2026-05-30T09:35:58Z,tab,TAB,,player_disposals_over,Harvey Harrison,Over,1.23,9.5,20260530_093320
5e06aeff84a466044adc1db2aae029cb,Western Bulldogs,Collingwood Magpies,2026-05-30T09:35:58Z,tab,TAB,,player_disposals_over,Aaron Naughton,Over,1.28,9.5,20260530_093320
5e06aeff84a466044adc1db2aae029cb,Western Bulldogs,Collingwood Magpies,2026-05-30T09:35:58Z,tab,TAB,,player_disposals_over,Lachie McNeil,Over,1.33,9.5,20260530_093320
5e06aeff84a466044adc1db2aae029cb,Western Bulldogs,Collingwood Magpies,2026-05-30T09:35:58Z,tab,TAB,,player_disposals_over,Will Lewis,Over,1.5,9.5,20260530_093320
5e06aeff84a466044adc1db2aae029cb,Western Bulldogs,Collingwood Magpies,2026-05-30T09:35:58Z,tab,TAB,,player_disposals_over,Cooper Hynes,Over,1.5,9.5,20260530_093320
5e06aeff84a466044adc1db2aae029cb,Western Bulldogs,Collingwood Magpies,2026-05-30T09:35:58Z,tab,TAB,,player_disposals_over,Tim Membrey,Over,1.5,9.5,20260530_093320
5e06aeff84a466044adc1db2aae029cb,Western Bulldogs,Collingwood Magpies,2026-05-30T09:35:58Z,tab,TAB,,player_disposals_over,Daniel McStay,Over,1.6,9.5,20260530_093320
5e06aeff84a466044adc1db2aae029cb,Western Bulldogs,Collingwood Magpies,2026-05-30T09:35:58Z,tab,TAB,,player_disposals_over,Joel Freijah,Over,1.13,14.5,20260530_093320
5e06aeff84a466044adc1db2aae029cb,Western Bulldogs,Collingwood Magpies,2026-05-30T09:35:58Z,tab,TAB,,player_disposals_over,Patrick Lipinski,Over,1.14,14.5,20260530_093320
5e06aeff84a466044adc1db2aae029cb,Western Bulldogs,Collingwood Magpies,2026-05-30T09:35:58Z,tab,TAB,,player_disposals_over,Isaac Quaynor,Over,1.14,14.5,20260530_093320
5e06aeff84a466044adc1db2aae029cb,Western Bulldogs,Collingwood Magpies,2026-05-30T09:35:58Z,tab,TAB,,player_disposals_over,Jeremy Howe,Over,1.2,14.5,20260530_093320
5e06aeff84a466044adc1db2aae029cb,Western Bulldogs,Collingwood Magpies,2026-05-30T09:35:58Z,tab,TAB,,player_disposals_over,Darcy Cameron,Over,1.22,14.5,20260530_093320
5e06aeff84a466044adc1db2aae029cb,Western Bulldogs,Collingwood Magpies,2026-05-30T09:35:58Z,tab,TAB,,player_disposals_over,Brayden Maynard,Over,1.23,14.5,20260530_093320
5e06aeff84a466044adc1db2aae029cb,Western Bulldogs,Collingwood Magpies,2026-05-30T09:35:58Z,tab,TAB,,player_disposals_over,Steele Sidebottom,Over,1.38,14.5,20260530_093320
5e06aeff84a466044adc1db2aae029cb,Western Bulldogs,Collingwood Magpies,2026-05-30T09:35:58Z,tab,TAB,,player_disposals_over,Lachlan Bramble,Over,1.4,14.5,20260530_093320
5e06aeff84a466044adc1db2aae029cb,Western Bulldogs,Collingwood Magpies,2026-05-30T09:35:58Z,tab,TAB,,player_disposals_over,Nicholas Coffield,Over,1.42,14.5,20260530_093320
5e06aeff84a466044adc1db2aae029cb,Western Bulldogs,Collingwood Magpies,2026-05-30T09:35:58Z,tab,TAB,,player_disposals_over,Lachie Jaques,Over,1.45,14.5,20260530_093320
5e06aeff84a466044adc1db2aae029cb,Western Bulldogs,Collingwood Magpies,2026-05-30T09:35:58Z,tab,TAB,,player_disposals_over,Timothy English,Over,1.45,14.5,20260530_093320
5e06aeff84a466044adc1db2aae029cb,Western Bulldogs,Collingwood Magpies,2026-05-30T09:35:58Z,tab,TAB,,player_disposals_over,Ned Long,Over,1.55,14.5,20260530_093320
5e06aeff84a466044adc1db2aae029cb,Western Bulldogs,Collingwood Magpies,2026-05-30T09:35:58Z,tab,TAB,,player_disposals_over,Lachlan Schultz,Over,1.68,14.5,20260530_093320
5e06aeff84a466044adc1db2aae029cb,Western Bulldogs,Collingwood Magpies,2026-05-30T09:35:58Z,tab,TAB,,player_disposals_over,Roan Steele,Over,1.72,14.5,20260530_093320
5e06aeff84a466044adc1db2aae029cb,Western Bulldogs,Collingwood Magpies,2026-05-30T09:35:58Z,tab,TAB,,player_disposals_over,Beau McCreery,Over,1.72,14.5,20260530_093320
5e06aeff84a466044adc1db2aae029cb,Western Bulldogs,Collingwood Magpies,2026-05-30T09:35:58Z,tab,TAB,,player_disposals_over,Michael Sellwood,Over,1.9,14.5,20260530_093320
5e06aeff84a466044adc1db2aae029cb,Western Bulldogs,Collingwood Magpies,2026-05-30T09:35:58Z,tab,TAB,,player_disposals_over,Buku Khamis,Over,1.95,14.5,20260530_093320
5e06aeff84a466044adc1db2aae029cb,Western Bulldogs,Collingwood Magpies,2026-05-30T09:35:58Z,tab,TAB,,player_disposals_over,Edward Allan,Over,1.95,14.5,20260530_093320
5e06aeff84a466044adc1db2aae029cb,Western Bulldogs,Collingwood Magpies,2026-05-30T09:35:58Z,tab,TAB,,player_disposals_over,Rory Lobb,Over,2.25,14.5,20260530_093320
5e06aeff84a466044adc1db2aae029cb,Western Bulldogs,Collingwood Magpies,2026-05-30T09:35:58Z,tab,TAB,,player_disposals_over,Arthur Jones,Over,2.25,14.5,20260530_093320
5e06aeff84a466044adc1db2aae029cb,Western Bulldogs,Collingwood Magpies,2026-05-30T09:35:58Z,tab,TAB,,player_disposals_over,Rhylee West,Over,2.25,14.5,20260530_093320
5e06aeff84a466044adc1db2aae029cb,Western Bulldogs,Collingwood Magpies,2026-05-30T09:35:58Z,tab,TAB,,player_disposals_over,James O'Donnell,Over,2.8,14.5,20260530_093320
5e06aeff84a466044adc1db2aae029cb,Western Bulldogs,Collingwood Magpies,2026-05-30T09:35:58Z,tab,TAB,,player_disposals_over,Billy Frampton,Over,2.8,14.5,20260530_093320
5e06aeff84a466044adc1db2aae029cb,Western Bulldogs,Collingwood Magpies,2026-05-30T09:35:58Z,tab,TAB,,player_disposals_over,Harvey Harrison,Over,2.8,14.5,20260530_093320
5e06aeff84a466044adc1db2aae029cb,Western Bulldogs,Collingwood Magpies,2026-05-30T09:35:58Z,tab,TAB,,player_disposals_over,Aaron Naughton,Over,3.1,14.5,20260530_093320
5e06aeff84a466044adc1db2aae029cb,Western Bulldogs,Collingwood Magpies,2026-05-30T09:35:58Z,tab,TAB,,player_disposals_over,Lachie McNeil,Over,3.4,14.5,20260530_093320
5e06aeff84a466044adc1db2aae029cb,Western Bulldogs,Collingwood Magpies,2026-05-30T09:35:58Z,tab,TAB,,player_disposals_over,Cooper Hynes,Over,4.5,14.5,20260530_093320
5e06aeff84a466044adc1db2aae029cb,Western Bulldogs,Collingwood Magpies,2026-05-30T09:35:58Z,tab,TAB,,player_disposals_over,Will Lewis,Over,4.5,14.5,20260530_093320
5e06aeff84a466044adc1db2aae029cb,Western Bulldogs,Collingwood Magpies,2026-05-30T09:35:58Z,tab,TAB,,player_disposals_over,Tim Membrey,Over,4.5,14.5,20260530_093320
5e06aeff84a466044adc1db2aae029cb,Western Bulldogs,Collingwood Magpies,2026-05-30T09:35:58Z,tab,TAB,,player_disposals_over,Daniel McStay,Over,5.5,14.5,20260530_093320
5e06aeff84a466044adc1db2aae029cb,Western Bulldogs,Collingwood Magpies,2026-05-30T09:35:58Z,tab,TAB,,player_disposals_over,Ed Richards,Over,1.1,19.5,20260530_093320
5e06aeff84a466044adc1db2aae029cb,Western Bulldogs,Collingwood Magpies,2026-05-30T09:35:58Z,tab,TAB,,player_disposals_over,Josh Daicos,Over,1.13,19.5,20260530_093320
5e06aeff84a466044adc1db2aae029cb,Western Bulldogs,Collingwood Magpies,2026-05-30T09:35:58Z,tab,TAB,,player_disposals_over,Dan Houston,Over,1.19,19.5,20260530_093320
5e06aeff84a466044adc1db2aae029cb,Western Bulldogs,Collingwood Magpies,2026-05-30T09:35:58Z,tab,TAB,,player_disposals_over,Matthew Kennedy,Over,1.26,19.5,20260530_093320
5e06aeff84a466044adc1db2aae029cb,Western Bulldogs,Collingwood Magpies,2026-05-30T09:35:58Z,tab,TAB,,player_disposals_over,Scott Pendlebury,Over,1.26,19.5,20260530_093320
5e06aeff84a466044adc1db2aae029cb,Western Bulldogs,Collingwood Magpies,2026-05-30T09:35:58Z,tab,TAB,,player_disposals_over,Jack Crisp,Over,1.28,19.5,20260530_093320
5e06aeff84a466044adc1db2aae029cb,Western Bulldogs,Collingwood Magpies,2026-05-30T09:35:58Z,tab,TAB,,player_disposals_over,Adam Treloar,Over,1.32,19.5,20260530_093320
5e06aeff84a466044adc1db2aae029cb,Western Bulldogs,Collingwood Magpies,2026-05-30T09:35:58Z,tab,TAB,,player_disposals_over,Jordan De Goey,Over,1.35,19.5,20260530_093320
5e06aeff84a466044adc1db2aae029cb,Western Bulldogs,Collingwood Magpies,2026-05-30T09:35:58Z,tab,TAB,,player_disposals_over,Connor Budarick,Over,1.52,19.5,20260530_093320
5e06aeff84a466044adc1db2aae029cb,Western Bulldogs,Collingwood Magpies,2026-05-30T09:35:58Z,tab,TAB,,player_disposals_over,Joel Freijah,Over,1.9,19.5,20260530_093320
5e06aeff84a466044adc1db2aae029cb,Western Bulldogs,Collingwood Magpies,2026-05-30T09:35:58Z,tab,TAB,,player_disposals_over,Patrick Lipinski,Over,1.95,19.5,20260530_093320
5e06aeff84a466044adc1db2aae029cb,Western Bulldogs,Collingwood Magpies,2026-05-30T09:35:58Z,tab,TAB,,player_disposals_over,Isaac Quaynor,Over,1.95,19.5,20260530_093320
5e06aeff84a466044adc1db2aae029cb,Western Bulldogs,Collingwood Magpies,2026-05-30T09:35:58Z,tab,TAB,,player_disposals_over,Jeremy Howe,Over,2.2,19.5,20260530_093320
5e06aeff84a466044adc1db2aae029cb,Western Bulldogs,Collingwood Magpies,2026-05-30T09:35:58Z,tab,TAB,,player_disposals_over,Darcy Cameron,Over,2.25,19.5,20260530_093320
5e06aeff84a466044adc1db2aae029cb,Western Bulldogs,Collingwood Magpies,2026-05-30T09:35:58Z,tab,TAB,,player_disposals_over,Brayden Maynard,Over,2.3,19.5,20260530_093320
5e06aeff84a466044adc1db2aae029cb,Western Bulldogs,Collingwood Magpies,2026-05-30T09:35:58Z,tab,TAB,,player_disposals_over,Steele Sidebottom,Over,3.0,19.5,20260530_093320
5e06aeff84a466044adc1db2aae029cb,Western Bulldogs,Collingwood Magpies,2026-05-30T09:35:58Z,tab,TAB,,player_disposals_over,Lachlan Bramble,Over,3.1,19.5,20260530_093320
5e06aeff84a466044adc1db2aae029cb,Western Bulldogs,Collingwood Magpies,2026-05-30T09:35:58Z,tab,TAB,,player_disposals_over,Nicholas Coffield,Over,3.25,19.5,20260530_093320
5e06aeff84a466044adc1db2aae029cb,Western Bulldogs,Collingwood Magpies,2026-05-30T09:35:58Z,tab,TAB,,player_disposals_over,Timothy English,Over,3.3,19.5,20260530_093320
5e06aeff84a466044adc1db2aae029cb,Western Bulldogs,Collingwood Magpies,2026-05-30T09:35:58Z,tab,TAB,,player_disposals_over,Lachie Jaques,Over,3.3,19.5,20260530_093320
5e06aeff84a466044adc1db2aae029cb,Western Bulldogs,Collingwood Magpies,2026-05-30T09:35:58Z,tab,TAB,,player_disposals_over,Ned Long,Over,3.8,19.5,20260530_093320
5e06aeff84a466044adc1db2aae029cb,Western Bulldogs,Collingwood Magpies,2026-05-30T09:35:58Z,tab,TAB,,player_disposals_over,Lachlan Schultz,Over,4.5,19.5,20260530_093320
5e06aeff84a466044adc1db2aae029cb,Western Bulldogs,Collingwood Magpies,2026-05-30T09:35:58Z,tab,TAB,,player_disposals_over,Beau McCreery,Over,4.75,19.5,20260530_093320
5e06aeff84a466044adc1db2aae029cb,Western Bulldogs,Collingwood Magpies,2026-05-30T09:35:58Z,tab,TAB,,player_disposals_over,Roan Steele,Over,4.75,19.5,20260530_093320
5e06aeff84a466044adc1db2aae029cb,Western Bulldogs,Collingwood Magpies,2026-05-30T09:35:58Z,tab,TAB,,player_disposals_over,Edward Allan,Over,6.0,19.5,20260530_093320
5e06aeff84a466044adc1db2aae029cb,Western Bulldogs,Collingwood Magpies,2026-05-30T09:35:58Z,tab,TAB,,player_disposals_over,Buku Khamis,Over,6.0,19.5,20260530_093320
5e06aeff84a466044adc1db2aae029cb,Western Bulldogs,Collingwood Magpies,2026-05-30T09:35:58Z,tab,TAB,,player_disposals_over,Michael Sellwood,Over,6.0,19.5,20260530_093320
5e06aeff84a466044adc1db2aae029cb,Western Bulldogs,Collingwood Magpies,2026-05-30T09:35:58Z,tab,TAB,,player_disposals_over,Arthur Jones,Over,8.0,19.5,20260530_093320
5e06aeff84a466044adc1db2aae029cb,Western Bulldogs,Collingwood Magpies,2026-05-30T09:35:58Z,tab,TAB,,player_disposals_over,Rory Lobb,Over,8.0,19.5,20260530_093320
5e06aeff84a466044adc1db2aae029cb,Western Bulldogs,Collingwood Magpies,2026-05-30T09:35:58Z,tab,TAB,,player_disposals_over,Rhylee West,Over,8.0,19.5,20260530_093320
5e06aeff84a466044adc1db2aae029cb,Western Bulldogs,Collingwood Magpies,2026-05-30T09:35:58Z,tab,TAB,,player_disposals_over,James O'Donnell,Over,9.0,19.5,20260530_093320
5e06aeff84a466044adc1db2aae029cb,Western Bulldogs,Collingwood Magpies,2026-05-30T09:35:58Z,tab,TAB,,player_disposals_over,Billy Frampton,Over,9.0,19.5,20260530_093320
5e06aeff84a466044adc1db2aae029cb,Western Bulldogs,Collingwood Magpies,2026-05-30T09:35:58Z,tab,TAB,,player_disposals_over,Aaron Naughton,Over,9.0,19.5,20260530_093320
5e06aeff84a466044adc1db2aae029cb,Western Bulldogs,Collingwood Magpies,2026-05-30T09:35:58Z,tab,TAB,,player_disposals_over,Will Lewis,Over,9.0,19.5,20260530_093320
5e06aeff84a466044adc1db2aae029cb,Western Bulldogs,Collingwood Magpies,2026-05-30T09:35:58Z,tab,TAB,,player_disposals_over,Cooper Hynes,Over,9.0,19.5,20260530_093320
5e06aeff84a466044adc1db2aae029cb,Western Bulldogs,Collingwood Magpies,2026-05-30T09:35:58Z,tab,TAB,,player_disposals_over,Lachie McNeil,Over,9.0,19.5,20260530_093320
5e06aeff84a466044adc1db2aae029cb,Western Bulldogs,Collingwood Magpies,2026-05-30T09:35:58Z,tab,TAB,,player_disposals_over,Daniel McStay,Over,9.0,19.5,20260530_093320
5e06aeff84a466044adc1db2aae029cb,Western Bulldogs,Collingwood Magpies,2026-05-30T09:35:58Z,tab,TAB,,player_disposals_over,Tim Membrey,Over,9.0,19.5,20260530_093320
5e06aeff84a466044adc1db2aae029cb,Western Bulldogs,Collingwood Magpies,2026-05-30T09:35:58Z,tab,TAB,,player_disposals_over,Harvey Harrison,Over,9.0,19.5,20260530_093320
5e06aeff84a466044adc1db2aae029cb,Western Bulldogs,Collingwood Magpies,2026-05-30T09:35:58Z,tab,TAB,,player_disposals_over,Nick Daicos,Over,1.05,24.5,20260530_093320
5e06aeff84a466044adc1db2aae029cb,Western Bulldogs,Collingwood Magpies,2026-05-30T09:35:58Z,tab,TAB,,player_disposals_over,Bailey Dale,Over,1.18,24.5,20260530_093320
5e06aeff84a466044adc1db2aae029cb,Western Bulldogs,Collingwood Magpies,2026-05-30T09:35:58Z,tab,TAB,,player_disposals_over,Marcus Bontempelli,Over,1.26,24.5,20260530_093320
5e06aeff84a466044adc1db2aae029cb,Western Bulldogs,Collingwood Magpies,2026-05-30T09:35:58Z,tab,TAB,,player_disposals_over,Ryley Sanders,Over,1.45,24.5,20260530_093320
5e06aeff84a466044adc1db2aae029cb,Western Bulldogs,Collingwood Magpies,2026-05-30T09:35:58Z,tab,TAB,,player_disposals_over,Ed Richards,Over,1.55,24.5,20260530_093320
5e06aeff84a466044adc1db2aae029cb,Western Bulldogs,Collingwood Magpies,2026-05-30T09:35:58Z,tab,TAB,,player_disposals_over,Josh Daicos,Over,1.65,24.5,20260530_093320
5e06aeff84a466044adc1db2aae029cb,Western Bulldogs,Collingwood Magpies,2026-05-30T09:35:58Z,tab,TAB,,player_disposals_over,Dan Houston,Over,1.87,24.5,20260530_093320
5e06aeff84a466044adc1db2aae029cb,Western Bulldogs,Collingwood Magpies,2026-05-30T09:35:58Z,tab,TAB,,player_disposals_over,Scott Pendlebury,Over,2.1,24.5,20260530_093320
5e06aeff84a466044adc1db2aae029cb,Western Bulldogs,Collingwood Magpies,2026-05-30T09:35:58Z,tab,TAB,,player_disposals_over,Matthew Kennedy,Over,2.1,24.5,20260530_093320
5e06aeff84a466044adc1db2aae029cb,Western Bulldogs,Collingwood Magpies,2026-05-30T09:35:58Z,tab,TAB,,player_disposals_over,Jack Crisp,Over,2.15,24.5,20260530_093320
5e06aeff84a466044adc1db2aae029cb,Western Bulldogs,Collingwood Magpies,2026-05-30T09:35:58Z,tab,TAB,,player_disposals_over,Adam Treloar,Over,2.3,24.5,20260530_093320
5e06aeff84a466044adc1db2aae029cb,Western Bulldogs,Collingwood Magpies,2026-05-30T09:35:58Z,tab,TAB,,player_disposals_over,Jordan De Goey,Over,2.4,24.5,20260530_093320
5e06aeff84a466044adc1db2aae029cb,Western Bulldogs,Collingwood Magpies,2026-05-30T09:35:58Z,tab,TAB,,player_disposals_over,Connor Budarick,Over,3.1,24.5,20260530_093320
5e06aeff84a466044adc1db2aae029cb,Western Bulldogs,Collingwood Magpies,2026-05-30T09:35:58Z,tab,TAB,,player_disposals_over,Joel Freijah,Over,4.5,24.5,20260530_093320
5e06aeff84a466044adc1db2aae029cb,Western Bulldogs,Collingwood Magpies,2026-05-30T09:35:58Z,tab,TAB,,player_disposals_over,Isaac Quaynor,Over,4.75,24.5,20260530_093320
5e06aeff84a466044adc1db2aae029cb,Western Bulldogs,Collingwood Magpies,2026-05-30T09:35:58Z,tab,TAB,,player_disposals_over,Patrick Lipinski,Over,4.75,24.5,20260530_093320
5e06aeff84a466044adc1db2aae029cb,Western Bulldogs,Collingwood Magpies,2026-05-30T09:35:58Z,tab,TAB,,player_disposals_over,Darcy Cameron,Over,6.0,24.5,20260530_093320
5e06aeff84a466044adc1db2aae029cb,Western Bulldogs,Collingwood Magpies,2026-05-30T09:35:58Z,tab,TAB,,player_disposals_over,Jeremy Howe,Over,6.0,24.5,20260530_093320
5e06aeff84a466044adc1db2aae029cb,Western Bulldogs,Collingwood Magpies,2026-05-30T09:35:58Z,tab,TAB,,player_disposals_over,Brayden Maynard,Over,6.5,24.5,20260530_093320
5e06aeff84a466044adc1db2aae029cb,Western Bulldogs,Collingwood Magpies,2026-05-30T09:35:58Z,tab,TAB,,player_disposals_over,Steele Sidebottom,Over,10.0,24.5,20260530_093320
5e06aeff84a466044adc1db2aae029cb,Western Bulldogs,Collingwood Magpies,2026-05-30T09:35:58Z,tab,TAB,,player_disposals_over,Lachlan Bramble,Over,10.0,24.5,20260530_093320
5e06aeff84a466044adc1db2aae029cb,Western Bulldogs,Collingwood Magpies,2026-05-30T09:35:58Z,tab,TAB,,player_disposals_over,Timothy English,Over,12.0,24.5,20260530_093320
5e06aeff84a466044adc1db2aae029cb,Western Bulldogs,Collingwood Magpies,2026-05-30T09:35:58Z,tab,TAB,,player_disposals_over,Lachie Jaques,Over,12.0,24.5,20260530_093320
5e06aeff84a466044adc1db2aae029cb,Western Bulldogs,Collingwood Magpies,2026-05-30T09:35:58Z,tab,TAB,,player_disposals_over,Nicholas Coffield,Over,12.0,24.5,20260530_093320
5e06aeff84a466044adc1db2aae029cb,Western Bulldogs,Collingwood Magpies,2026-05-30T09:35:58Z,tab,TAB,,player_disposals_over,Ned Long,Over,15.0,24.5,20260530_093320
5e06aeff84a466044adc1db2aae029cb,Western Bulldogs,Collingwood Magpies,2026-05-30T09:35:58Z,tab,TAB,,player_disposals_over,Lachlan Schultz,Over,19.0,24.5,20260530_093320
5e06aeff84a466044adc1db2aae029cb,Western Bulldogs,Collingwood Magpies,2026-05-30T09:35:58Z,tab,TAB,,player_disposals_over,Roan Steele,Over,21.0,24.5,20260530_093320
5e06aeff84a466044adc1db2aae029cb,Western Bulldogs,Collingwood Magpies,2026-05-30T09:35:58Z,tab,TAB,,player_disposals_over,Beau McCreery,Over,21.0,24.5,20260530_093320
5e06aeff84a466044adc1db2aae029cb,Western Bulldogs,Collingwood Magpies,2026-05-30T09:35:58Z,tab,TAB,,player_disposals_over,Cooper Hynes,Over,26.0,24.5,20260530_093320
5e06aeff84a466044adc1db2aae029cb,Western Bulldogs,Collingwood Magpies,2026-05-30T09:35:58Z,tab,TAB,,player_disposals_over,Rhylee West,Over,26.0,24.5,20260530_093320
5e06aeff84a466044adc1db2aae029cb,Western Bulldogs,Collingwood Magpies,2026-05-30T09:35:58Z,tab,TAB,,player_disposals_over,Will Lewis,Over,26.0,24.5,20260530_093320
5e06aeff84a466044adc1db2aae029cb,Western Bulldogs,Collingwood Magpies,2026-05-30T09:35:58Z,tab,TAB,,player_disposals_over,Rory Lobb,Over,26.0,24.5,20260530_093320
5e06aeff84a466044adc1db2aae029cb,Western Bulldogs,Collingwood Magpies,2026-05-30T09:35:58Z,tab,TAB,,player_disposals_over,Buku Khamis,Over,26.0,24.5,20260530_093320
5e06aeff84a466044adc1db2aae029cb,Western Bulldogs,Collingwood Magpies,2026-05-30T09:35:58Z,tab,TAB,,player_disposals_over,Michael Sellwood,Over,26.0,24.5,20260530_093320
5e06aeff84a466044adc1db2aae029cb,Western Bulldogs,Collingwood Magpies,2026-05-30T09:35:58Z,tab,TAB,,player_disposals_over,Daniel McStay,Over,26.0,24.5,20260530_093320
5e06aeff84a466044adc1db2aae029cb,Western Bulldogs,Collingwood Magpies,2026-05-30T09:35:58Z,tab,TAB,,player_disposals_over,Edward Allan,Over,26.0,24.5,20260530_093320
5e06aeff84a466044adc1db2aae029cb,Western Bulldogs,Collingwood Magpies,2026-05-30T09:35:58Z,tab,TAB,,player_disposals_over,Aaron Naughton,Over,26.0,24.5,20260530_093320
5e06aeff84a466044adc1db2aae029cb,Western Bulldogs,Collingwood Magpies,2026-05-30T09:35:58Z,tab,TAB,,player_disposals_over,James O'Donnell,Over,26.0,24.5,20260530_093320
5e06aeff84a466044adc1db2aae029cb,Western Bulldogs,Collingwood Magpies,2026-05-30T09:35:58Z,tab,TAB,,player_disposals_over,Billy Frampton,Over,26.0,24.5,20260530_093320
5e06aeff84a466044adc1db2aae029cb,Western Bulldogs,Collingwood Magpies,2026-05-30T09:35:58Z,tab,TAB,,player_disposals_over,Arthur Jones,Over,26.0,24.5,20260530_093320
5e06aeff84a466044adc1db2aae029cb,Western Bulldogs,Collingwood Magpies,2026-05-30T09:35:58Z,tab,TAB,,player_disposals_over,Lachie McNeil,Over,26.0,24.5,20260530_093320
5e06aeff84a466044adc1db2aae029cb,Western Bulldogs,Collingwood Magpies,2026-05-30T09:35:58Z,tab,TAB,,player_disposals_over,Tim Membrey,Over,26.0,24.5,20260530_093320
5e06aeff84a466044adc1db2aae029cb,Western Bulldogs,Collingwood Magpies,2026-05-30T09:35:58Z,tab,TAB,,player_disposals_over,Harvey Harrison,Over,26.0,24.5,20260530_093320
5e06aeff84a466044adc1db2aae029cb,Western Bulldogs,Collingwood Magpies,2026-05-30T09:35:58Z,tab,TAB,,player_disposals_over,Nick Daicos,Over,1.38,29.5,20260530_093320
5e06aeff84a466044adc1db2aae029cb,Western Bulldogs,Collingwood Magpies,2026-05-30T09:35:58Z,tab,TAB,,player_disposals_over,Bailey Dale,Over,1.75,29.5,20260530_093320
5e06aeff84a466044adc1db2aae029cb,Western Bulldogs,Collingwood Magpies,2026-05-30T09:35:58Z,tab,TAB,,player_disposals_over,Marcus Bontempelli,Over,2.0,29.5,20260530_093320
5e06aeff84a466044adc1db2aae029cb,Western Bulldogs,Collingwood Magpies,2026-05-30T09:35:58Z,tab,TAB,,player_disposals_over,Ryley Sanders,Over,2.6,29.5,20260530_093320
5e06aeff84a466044adc1db2aae029cb,Western Bulldogs,Collingwood Magpies,2026-05-30T09:35:58Z,tab,TAB,,player_disposals_over,Ed Richards,Over,2.9,29.5,20260530_093320
5e06aeff84a466044adc1db2aae029cb,Western Bulldogs,Collingwood Magpies,2026-05-30T09:35:58Z,tab,TAB,,player_disposals_over,Josh Daicos,Over,3.25,29.5,20260530_093320
5e06aeff84a466044adc1db2aae029cb,Western Bulldogs,Collingwood Magpies,2026-05-30T09:35:58Z,tab,TAB,,player_disposals_over,Dan Houston,Over,4.0,29.5,20260530_093320
5e06aeff84a466044adc1db2aae029cb,Western Bulldogs,Collingwood Magpies,2026-05-30T09:35:58Z,tab,TAB,,player_disposals_over,Jack Crisp,Over,5.0,29.5,20260530_093320
5e06aeff84a466044adc1db2aae029cb,Western Bulldogs,Collingwood Magpies,2026-05-30T09:35:58Z,tab,TAB,,player_disposals_over,Matthew Kennedy,Over,5.0,29.5,20260530_093320
5e06aeff84a466044adc1db2aae029cb,Western Bulldogs,Collingwood Magpies,2026-05-30T09:35:58Z,tab,TAB,,player_disposals_over,Scott Pendlebury,Over,5.0,29.5,20260530_093320
5e06aeff84a466044adc1db2aae029cb,Western Bulldogs,Collingwood Magpies,2026-05-30T09:35:58Z,tab,TAB,,player_disposals_over,Adam Treloar,Over,5.5,29.5,20260530_093320
5e06aeff84a466044adc1db2aae029cb,Western Bulldogs,Collingwood Magpies,2026-05-30T09:35:58Z,tab,TAB,,player_disposals_over,Jordan De Goey,Over,6.0,29.5,20260530_093320
5e06aeff84a466044adc1db2aae029cb,Western Bulldogs,Collingwood Magpies,2026-05-30T09:35:58Z,tab,TAB,,player_disposals_over,Connor Budarick,Over,9.0,29.5,20260530_093320
5e06aeff84a466044adc1db2aae029cb,Western Bulldogs,Collingwood Magpies,2026-05-30T09:35:58Z,tab,TAB,,player_disposals_over,Joel Freijah,Over,17.0,29.5,20260530_093320
5e06aeff84a466044adc1db2aae029cb,Western Bulldogs,Collingwood Magpies,2026-05-30T09:35:58Z,tab,TAB,,player_disposals_over,Isaac Quaynor,Over,18.0,29.5,20260530_093320
5e06aeff84a466044adc1db2aae029cb,Western Bulldogs,Collingwood Magpies,2026-05-30T09:35:58Z,tab,TAB,,player_disposals_over,Patrick Lipinski,Over,18.0,29.5,20260530_093320
5e06aeff84a466044adc1db2aae029cb,Western Bulldogs,Collingwood Magpies,2026-05-30T09:35:58Z,tab,TAB,,player_disposals_over,Darcy Cameron,Over,26.0,29.5,20260530_093320
5e06aeff84a466044adc1db2aae029cb,Western Bulldogs,Collingwood Magpies,2026-05-30T09:35:58Z,tab,TAB,,player_disposals_over,Jeremy Howe,Over,26.0,29.5,20260530_093320
5e06aeff84a466044adc1db2aae029cb,Western Bulldogs,Collingwood Magpies,2026-05-30T09:35:58Z,tab,TAB,,player_disposals_over,Brayden Maynard,Over,28.0,29.5,20260530_093320
5e06aeff84a466044adc1db2aae029cb,Western Bulldogs,Collingwood Magpies,2026-05-30T09:35:58Z,tab,TAB,,player_disposals_over,James O'Donnell,Over,51.0,29.5,20260530_093320
5e06aeff84a466044adc1db2aae029cb,Western Bulldogs,Collingwood Magpies,2026-05-30T09:35:58Z,tab,TAB,,player_disposals_over,Michael Sellwood,Over,51.0,29.5,20260530_093320
5e06aeff84a466044adc1db2aae029cb,Western Bulldogs,Collingwood Magpies,2026-05-30T09:35:58Z,tab,TAB,,player_disposals_over,Lachlan Bramble,Over,51.0,29.5,20260530_093320
5e06aeff84a466044adc1db2aae029cb,Western Bulldogs,Collingwood Magpies,2026-05-30T09:35:58Z,tab,TAB,,player_disposals_over,Lachie Jaques,Over,51.0,29.5,20260530_093320
5e06aeff84a466044adc1db2aae029cb,Western Bulldogs,Collingwood Magpies,2026-05-30T09:35:58Z,tab,TAB,,player_disposals_over,Will Lewis,Over,51.0,29.5,20260530_093320
5e06aeff84a466044adc1db2aae029cb,Western Bulldogs,Collingwood Magpies,2026-05-30T09:35:58Z,tab,TAB,,player_disposals_over,Lachie McNeil,Over,51.0,29.5,20260530_093320
5e06aeff84a466044adc1db2aae029cb,Western Bulldogs,Collingwood Magpies,2026-05-30T09:35:58Z,tab,TAB,,player_disposals_over,Beau McCreery,Over,51.0,29.5,20260530_093320
5e06aeff84a466044adc1db2aae029cb,Western Bulldogs,Collingwood Magpies,2026-05-30T09:35:58Z,tab,TAB,,player_disposals_over,Aaron Naughton,Over,51.0,29.5,20260530_093320
5e06aeff84a466044adc1db2aae029cb,Western Bulldogs,Collingwood Magpies,2026-05-30T09:35:58Z,tab,TAB,,player_disposals_over,Nicholas Coffield,Over,51.0,29.5,20260530_093320
5e06aeff84a466044adc1db2aae029cb,Western Bulldogs,Collingwood Magpies,2026-05-30T09:35:58Z,tab,TAB,,player_disposals_over,Billy Frampton,Over,51.0,29.5,20260530_093320
5e06aeff84a466044adc1db2aae029cb,Western Bulldogs,Collingwood Magpies,2026-05-30T09:35:58Z,tab,TAB,,player_disposals_over,Rory Lobb,Over,51.0,29.5,20260530_093320
5e06aeff84a466044adc1db2aae029cb,Western Bulldogs,Collingwood Magpies,2026-05-30T09:35:58Z,tab,TAB,,player_disposals_over,Edward Allan,Over,51.0,29.5,20260530_093320
5e06aeff84a466044adc1db2aae029cb,Western Bulldogs,Collingwood Magpies,2026-05-30T09:35:58Z,tab,TAB,,player_disposals_over,Rhylee West,Over,51.0,29.5,20260530_093320
5e06aeff84a466044adc1db2aae029cb,Western Bulldogs,Collingwood Magpies,2026-05-30T09:35:58Z,tab,TAB,,player_disposals_over,Timothy English,Over,51.0,29.5,20260530_093320
5e06aeff84a466044adc1db2aae029cb,Western Bulldogs,Collingwood Magpies,2026-05-30T09:35:58Z,tab,TAB,,player_disposals_over,Ned Long,Over,51.0,29.5,20260530_093320
5e06aeff84a466044adc1db2aae029cb,Western Bulldogs,Collingwood Magpies,2026-05-30T09:35:58Z,tab,TAB,,player_disposals_over,Lachlan Schultz,Over,51.0,29.5,20260530_093320
5e06aeff84a466044adc1db2aae029cb,Western Bulldogs,Collingwood Magpies,2026-05-30T09:35:58Z,tab,TAB,,player_disposals_over,Buku Khamis,Over,51.0,29.5,20260530_093320
5e06aeff84a466044adc1db2aae029cb,Western Bulldogs,Collingwood Magpies,2026-05-30T09:35:58Z,tab,TAB,,player_disposals_over,Arthur Jones,Over,51.0,29.5,20260530_093320
5e06aeff84a466044adc1db2aae029cb,Western Bulldogs,Collingwood Magpies,2026-05-30T09:35:58Z,tab,TAB,,player_disposals_over,Daniel McStay,Over,51.0,29.5,20260530_093320
5e06aeff84a466044adc1db2aae029cb,Western Bulldogs,Collingwood Magpies,2026-05-30T09:35:58Z,tab,TAB,,player_disposals_over,Cooper Hynes,Over,51.0,29.5,20260530_093320
5e06aeff84a466044adc1db2aae029cb,Western Bulldogs,Collingwood Magpies,2026-05-30T09:35:58Z,tab,TAB,,player_disposals_over,Steele Sidebottom,Over,51.0,29.5,20260530_093320
5e06aeff84a466044adc1db2aae029cb,Western Bulldogs,Collingwood Magpies,2026-05-30T09:35:58Z,tab,TAB,,player_disposals_over,Roan Steele,Over,51.0,29.5,20260530_093320
5e06aeff84a466044adc1db2aae029cb,Western Bulldogs,Collingwood Magpies,2026-05-30T09:35:58Z,tab,TAB,,player_disposals_over,Harvey Harrison,Over,51.0,29.5,20260530_093320
5e06aeff84a466044adc1db2aae029cb,Western Bulldogs,Collingwood Magpies,2026-05-30T09:35:58Z,tab,TAB,,player_disposals_over,Tim Membrey,Over,51.0,29.5,20260530_093320
5e06aeff84a466044adc1db2aae029cb,Western Bulldogs,Collingwood Magpies,2026-05-30T09:35:58Z,tab,TAB,,player_disposals_over,Nick Daicos,Over,2.15,34.5,20260530_093320
5e06aeff84a466044adc1db2aae029cb,Western Bulldogs,Collingwood Magpies,2026-05-30T09:35:58Z,tab,TAB,,player_disposals_over,Bailey Dale,Over,3.25,34.5,20260530_093320
5e06aeff84a466044adc1db2aae029cb,Western Bulldogs,Collingwood Magpies,2026-05-30T09:35:58Z,tab,TAB,,player_disposals_over,Marcus Bontempelli,Over,4.0,34.5,20260530_093320
5e06aeff84a466044adc1db2aae029cb,Western Bulldogs,Collingwood Magpies,2026-05-30T09:35:58Z,tab,TAB,,player_disposals_over,Ryley Sanders,Over,6.0,34.5,20260530_093320
5e06aeff84a466044adc1db2aae029cb,Western Bulldogs,Collingwood Magpies,2026-05-30T09:35:58Z,tab,TAB,,player_disposals_over,Ed Richards,Over,7.5,34.5,20260530_093320
5e06aeff84a466044adc1db2aae029cb,Western Bulldogs,Collingwood Magpies,2026-05-30T09:35:58Z,tab,TAB,,player_disposals_over,Josh Daicos,Over,8.5,34.5,20260530_093320
5e06aeff84a466044adc1db2aae029cb,Western Bulldogs,Collingwood Magpies,2026-05-30T09:35:58Z,tab,TAB,,player_disposals_over,Dan Houston,Over,12.0,34.5,20260530_093320
5e06aeff84a466044adc1db2aae029cb,Western Bulldogs,Collingwood Magpies,2026-05-30T09:35:58Z,tab,TAB,,player_disposals_over,Matthew Kennedy,Over,16.0,34.5,20260530_093320
5e06aeff84a466044adc1db2aae029cb,Western Bulldogs,Collingwood Magpies,2026-05-30T09:35:58Z,tab,TAB,,player_disposals_over,Scott Pendlebury,Over,16.0,34.5,20260530_093320
5e06aeff84a466044adc1db2aae029cb,Western Bulldogs,Collingwood Magpies,2026-05-30T09:35:58Z,tab,TAB,,player_disposals_over,Jack Crisp,Over,17.0,34.5,20260530_093320
5e06aeff84a466044adc1db2aae029cb,Western Bulldogs,Collingwood Magpies,2026-05-30T09:35:58Z,tab,TAB,,player_disposals_over,Adam Treloar,Over,19.0,34.5,20260530_093320
5e06aeff84a466044adc1db2aae029cb,Western Bulldogs,Collingwood Magpies,2026-05-30T09:35:58Z,tab,TAB,,player_disposals_over,Jordan De Goey,Over,21.0,34.5,20260530_093320
5e06aeff84a466044adc1db2aae029cb,Western Bulldogs,Collingwood Magpies,2026-05-30T09:35:58Z,tab,TAB,,player_disposals_over,Connor Budarick,Over,41.0,34.5,20260530_093320
5e06aeff84a466044adc1db2aae029cb,Western Bulldogs,Collingwood Magpies,2026-05-30T09:35:58Z,tab,TAB,,player_disposals_over,Lachie McNeil,Over,81.0,34.5,20260530_093320
5e06aeff84a466044adc1db2aae029cb,Western Bulldogs,Collingwood Magpies,2026-05-30T09:35:58Z,tab,TAB,,player_disposals_over,Michael Sellwood,Over,81.0,34.5,20260530_093320
5e06aeff84a466044adc1db2aae029cb,Western Bulldogs,Collingwood Magpies,2026-05-30T09:35:58Z,tab,TAB,,player_disposals_over,Beau McCreery,Over,81.0,34.5,20260530_093320
5e06aeff84a466044adc1db2aae029cb,Western Bulldogs,Collingwood Magpies,2026-05-30T09:35:58Z,tab,TAB,,player_disposals_over,Steele Sidebottom,Over,81.0,34.5,20260530_093320
5e06aeff84a466044adc1db2aae029cb,Western Bulldogs,Collingwood Magpies,2026-05-30T09:35:58Z,tab,TAB,,player_disposals_over,Will Lewis,Over,81.0,34.5,20260530_093320
5e06aeff84a466044adc1db2aae029cb,Western Bulldogs,Collingwood Magpies,2026-05-30T09:35:58Z,tab,TAB,,player_disposals_over,Rhylee West,Over,81.0,34.5,20260530_093320
5e06aeff84a466044adc1db2aae029cb,Western Bulldogs,Collingwood Magpies,2026-05-30T09:35:58Z,tab,TAB,,player_disposals_over,Joel Freijah,Over,81.0,34.5,20260530_093320
5e06aeff84a466044adc1db2aae029cb,Western Bulldogs,Collingwood Magpies,2026-05-30T09:35:58Z,tab,TAB,,player_disposals_over,Brayden Maynard,Over,81.0,34.5,20260530_093320
5e06aeff84a466044adc1db2aae029cb,Western Bulldogs,Collingwood Magpies,2026-05-30T09:35:58Z,tab,TAB,,player_disposals_over,Roan Steele,Over,81.0,34.5,20260530_093320
5e06aeff84a466044adc1db2aae029cb,Western Bulldogs,Collingwood Magpies,2026-05-30T09:35:58Z,tab,TAB,,player_disposals_over,Lachlan Bramble,Over,81.0,34.5,20260530_093320
5e06aeff84a466044adc1db2aae029cb,Western Bulldogs,Collingwood Magpies,2026-05-30T09:35:58Z,tab,TAB,,player_disposals_over,Billy Frampton,Over,81.0,34.5,20260530_093320
5e06aeff84a466044adc1db2aae029cb,Western Bulldogs,Collingwood Magpies,2026-05-30T09:35:58Z,tab,TAB,,player_disposals_over,Lachie Jaques,Over,81.0,34.5,20260530_093320
5e06aeff84a466044adc1db2aae029cb,Western Bulldogs,Collingwood Magpies,2026-05-30T09:35:58Z,tab,TAB,,player_disposals_over,Isaac Quaynor,Over,81.0,34.5,20260530_093320
5e06aeff84a466044adc1db2aae029cb,Western Bulldogs,Collingwood Magpies,2026-05-30T09:35:58Z,tab,TAB,,player_disposals_over,Darcy Cameron,Over,81.0,34.5,20260530_093320
5e06aeff84a466044adc1db2aae029cb,Western Bulldogs,Collingwood Magpies,2026-05-30T09:35:58Z,tab,TAB,,player_disposals_over,Buku Khamis,Over,81.0,34.5,20260530_093320
5e06aeff84a466044adc1db2aae029cb,Western Bulldogs,Collingwood Magpies,2026-05-30T09:35:58Z,tab,TAB,,player_disposals_over,Timothy English,Over,81.0,34.5,20260530_093320
5e06aeff84a466044adc1db2aae029cb,Western Bulldogs,Collingwood Magpies,2026-05-30T09:35:58Z,tab,TAB,,player_disposals_over,Daniel McStay,Over,81.0,34.5,20260530_093320
5e06aeff84a466044adc1db2aae029cb,Western Bulldogs,Collingwood Magpies,2026-05-30T09:35:58Z,tab,TAB,,player_disposals_over,Cooper Hynes,Over,81.0,34.5,20260530_093320
5e06aeff84a466044adc1db2aae029cb,Western Bulldogs,Collingwood Magpies,2026-05-30T09:35:58Z,tab,TAB,,player_disposals_over,James O'Donnell,Over,81.0,34.5,20260530_093320
5e06aeff84a466044adc1db2aae029cb,Western Bulldogs,Collingwood Magpies,2026-05-30T09:35:58Z,tab,TAB,,player_disposals_over,Arthur Jones,Over,81.0,34.5,20260530_093320
5e06aeff84a466044adc1db2aae029cb,Western Bulldogs,Collingwood Magpies,2026-05-30T09:35:58Z,tab,TAB,,player_disposals_over,Nicholas Coffield,Over,81.0,34.5,20260530_093320
5e06aeff84a466044adc1db2aae029cb,Western Bulldogs,Collingwood Magpies,2026-05-30T09:35:58Z,tab,TAB,,player_disposals_over,Aaron Naughton,Over,81.0,34.5,20260530_093320
5e06aeff84a466044adc1db2aae029cb,Western Bulldogs,Collingwood Magpies,2026-05-30T09:35:58Z,tab,TAB,,player_disposals_over,Rory Lobb,Over,81.0,34.5,20260530_093320
5e06aeff84a466044adc1db2aae029cb,Western Bulldogs,Collingwood Magpies,2026-05-30T09:35:58Z,tab,TAB,,player_disposals_over,Patrick Lipinski,Over,81.0,34.5,20260530_093320
5e06aeff84a466044adc1db2aae029cb,Western Bulldogs,Collingwood Magpies,2026-05-30T09:35:58Z,tab,TAB,,player_disposals_over,Lachlan Schultz,Over,81.0,34.5,20260530_093320
5e06aeff84a466044adc1db2aae029cb,Western Bulldogs,Collingwood Magpies,2026-05-30T09:35:58Z,tab,TAB,,player_disposals_over,Jeremy Howe,Over,81.0,34.5,20260530_093320
5e06aeff84a466044adc1db2aae029cb,Western Bulldogs,Collingwood Magpies,2026-05-30T09:35:58Z,tab,TAB,,player_disposals_over,Ned Long,Over,81.0,34.5,20260530_093320
5e06aeff84a466044adc1db2aae029cb,Western Bulldogs,Collingwood Magpies,2026-05-30T09:35:58Z,tab,TAB,,player_disposals_over,Edward Allan,Over,81.0,34.5,20260530_093320
5e06aeff84a466044adc1db2aae029cb,Western Bulldogs,Collingwood Magpies,2026-05-30T09:35:58Z,tab,TAB,,player_disposals_over,Tim Membrey,Over,81.0,34.5,20260530_093320
5e06aeff84a466044adc1db2aae029cb,Western Bulldogs,Collingwood Magpies,2026-05-30T09:35:58Z,tab,TAB,,player_disposals_over,Harvey Harrison,Over,81.0,34.5,20260530_093320
5e06aeff84a466044adc1db2aae029cb,Western Bulldogs,Collingwood Magpies,2026-05-30T09:35:58Z,tab,TAB,,player_disposals_over,Nick Daicos,Over,4.2,39.5,20260530_093320
5e06aeff84a466044adc1db2aae029cb,Western Bulldogs,Collingwood Magpies,2026-05-30T09:35:58Z,tab,TAB,,player_disposals_over,Bailey Dale,Over,7.5,39.5,20260530_093320
5e06aeff84a466044adc1db2aae029cb,Western Bulldogs,Collingwood Magpies,2026-05-30T09:35:58Z,tab,TAB,,player_disposals_over,Marcus Bontempelli,Over,11.0,39.5,20260530_093320
5e06aeff84a466044adc1db2aae029cb,Western Bulldogs,Collingwood Magpies,2026-05-30T09:35:58Z,tab,TAB,,player_disposals_over,Ryley Sanders,Over,18.0,39.5,20260530_093320
5e06aeff84a466044adc1db2aae029cb,Western Bulldogs,Collingwood Magpies,2026-05-30T09:35:58Z,tab,TAB,,player_disposals_over,Ed Richards,Over,23.0,39.5,20260530_093320
5e06aeff84a466044adc1db2aae029cb,Western Bulldogs,Collingwood Magpies,2026-05-30T09:35:58Z,tab,TAB,,player_disposals_over,Josh Daicos,Over,31.0,39.5,20260530_093320
5e06aeff84a466044adc1db2aae029cb,Western Bulldogs,Collingwood Magpies,2026-05-30T09:35:58Z,tab,TAB,,player_disposals_over,Dan Houston,Over,41.0,39.5,20260530_093320
5e06aeff84a466044adc1db2aae029cb,Western Bulldogs,Collingwood Magpies,2026-05-30T09:35:58Z,tab,TAB,,player_disposals_over,Matthew Kennedy,Over,67.0,39.5,20260530_093320
5e06aeff84a466044adc1db2aae029cb,Western Bulldogs,Collingwood Magpies,2026-05-30T09:35:58Z,tab,TAB,,player_disposals_over,Jack Crisp,Over,67.0,39.5,20260530_093320
5e06aeff84a466044adc1db2aae029cb,Western Bulldogs,Collingwood Magpies,2026-05-30T09:35:58Z,tab,TAB,,player_disposals_over,Scott Pendlebury,Over,67.0,39.5,20260530_093320
5e06aeff84a466044adc1db2aae029cb,Western Bulldogs,Collingwood Magpies,2026-05-30T09:35:58Z,tab,TAB,,player_disposals_over,Adam Treloar,Over,81.0,39.5,20260530_093320
5e06aeff84a466044adc1db2aae029cb,Western Bulldogs,Collingwood Magpies,2026-05-30T09:35:58Z,tab,TAB,,player_disposals_over,Isaac Quaynor,Over,101.0,39.5,20260530_093320
5e06aeff84a466044adc1db2aae029cb,Western Bulldogs,Collingwood Magpies,2026-05-30T09:35:58Z,tab,TAB,,player_disposals_over,Nicholas Coffield,Over,101.0,39.5,20260530_093320
5e06aeff84a466044adc1db2aae029cb,Western Bulldogs,Collingwood Magpies,2026-05-30T09:35:58Z,tab,TAB,,player_disposals_over,Aaron Naughton,Over,101.0,39.5,20260530_093320
5e06aeff84a466044adc1db2aae029cb,Western Bulldogs,Collingwood Magpies,2026-05-30T09:35:58Z,tab,TAB,,player_disposals_over,Lachie McNeil,Over,101.0,39.5,20260530_093320
5e06aeff84a466044adc1db2aae029cb,Western Bulldogs,Collingwood Magpies,2026-05-30T09:35:58Z,tab,TAB,,player_disposals_over,Edward Allan,Over,101.0,39.5,20260530_093320
5e06aeff84a466044adc1db2aae029cb,Western Bulldogs,Collingwood Magpies,2026-05-30T09:35:58Z,tab,TAB,,player_disposals_over,Joel Freijah,Over,101.0,39.5,20260530_093320
5e06aeff84a466044adc1db2aae029cb,Western Bulldogs,Collingwood Magpies,2026-05-30T09:35:58Z,tab,TAB,,player_disposals_over,Billy Frampton,Over,101.0,39.5,20260530_093320
5e06aeff84a466044adc1db2aae029cb,Western Bulldogs,Collingwood Magpies,2026-05-30T09:35:58Z,tab,TAB,,player_disposals_over,Beau McCreery,Over,101.0,39.5,20260530_093320
5e06aeff84a466044adc1db2aae029cb,Western Bulldogs,Collingwood Magpies,2026-05-30T09:35:58Z,tab,TAB,,player_disposals_over,Jordan De Goey,Over,101.0,39.5,20260530_093320
5e06aeff84a466044adc1db2aae029cb,Western Bulldogs,Collingwood Magpies,2026-05-30T09:35:58Z,tab,TAB,,player_disposals_over,Lachlan Bramble,Over,101.0,39.5,20260530_093320
5e06aeff84a466044adc1db2aae029cb,Western Bulldogs,Collingwood Magpies,2026-05-30T09:35:58Z,tab,TAB,,player_disposals_over,Brayden Maynard,Over,101.0,39.5,20260530_093320
5e06aeff84a466044adc1db2aae029cb,Western Bulldogs,Collingwood Magpies,2026-05-30T09:35:58Z,tab,TAB,,player_disposals_over,Daniel McStay,Over,101.0,39.5,20260530_093320
5e06aeff84a466044adc1db2aae029cb,Western Bulldogs,Collingwood Magpies,2026-05-30T09:35:58Z,tab,TAB,,player_disposals_over,Will Lewis,Over,101.0,39.5,20260530_093320
5e06aeff84a466044adc1db2aae029cb,Western Bulldogs,Collingwood Magpies,2026-05-30T09:35:58Z,tab,TAB,,player_disposals_over,Jeremy Howe,Over,101.0,39.5,20260530_093320
5e06aeff84a466044adc1db2aae029cb,Western Bulldogs,Collingwood Magpies,2026-05-30T09:35:58Z,tab,TAB,,player_disposals_over,Roan Steele,Over,101.0,39.5,20260530_093320
5e06aeff84a466044adc1db2aae029cb,Western Bulldogs,Collingwood Magpies,2026-05-30T09:35:58Z,tab,TAB,,player_disposals_over,Cooper Hynes,Over,101.0,39.5,20260530_093320
5e06aeff84a466044adc1db2aae029cb,Western Bulldogs,Collingwood Magpies,2026-05-30T09:35:58Z,tab,TAB,,player_disposals_over,Lachlan Schultz,Over,101.0,39.5,20260530_093320
5e06aeff84a466044adc1db2aae029cb,Western Bulldogs,Collingwood Magpies,2026-05-30T09:35:58Z,tab,TAB,,player_disposals_over,Timothy English,Over,101.0,39.5,20260530_093320
5e06aeff84a466044adc1db2aae029cb,Western Bulldogs,Collingwood Magpies,2026-05-30T09:35:58Z,tab,TAB,,player_disposals_over,Patrick Lipinski,Over,101.0,39.5,20260530_093320
5e06aeff84a466044adc1db2aae029cb,Western Bulldogs,Collingwood Magpies,2026-05-30T09:35:58Z,tab,TAB,,player_disposals_over,Rhylee West,Over,101.0,39.5,20260530_093320
5e06aeff84a466044adc1db2aae029cb,Western Bulldogs,Collingwood Magpies,2026-05-30T09:35:58Z,tab,TAB,,player_disposals_over,Ned Long,Over,101.0,39.5,20260530_093320
5e06aeff84a466044adc1db2aae029cb,Western Bulldogs,Collingwood Magpies,2026-05-30T09:35:58Z,tab,TAB,,player_disposals_over,Arthur Jones,Over,101.0,39.5,20260530_093320
5e06aeff84a466044adc1db2aae029cb,Western Bulldogs,Collingwood Magpies,2026-05-30T09:35:58Z,tab,TAB,,player_disposals_over,Steele Sidebottom,Over,101.0,39.5,20260530_093320
5e06aeff84a466044adc1db2aae029cb,Western Bulldogs,Collingwood Magpies,2026-05-30T09:35:58Z,tab,TAB,,player_disposals_over,Lachie Jaques,Over,101.0,39.5,20260530_093320
5e06aeff84a466044adc1db2aae029cb,Western Bulldogs,Collingwood Magpies,2026-05-30T09:35:58Z,tab,TAB,,player_disposals_over,Michael Sellwood,Over,101.0,39.5,20260530_093320
5e06aeff84a466044adc1db2aae029cb,Western Bulldogs,Collingwood Magpies,2026-05-30T09:35:58Z,tab,TAB,,player_disposals_over,James O'Donnell,Over,101.0,39.5,20260530_093320
5e06aeff84a466044adc1db2aae029cb,Western Bulldogs,Collingwood Magpies,2026-05-30T09:35:58Z,tab,TAB,,player_disposals_over,Darcy Cameron,Over,101.0,39.5,20260530_093320
5e06aeff84a466044adc1db2aae029cb,Western Bulldogs,Collingwood Magpies,2026-05-30T09:35:58Z,tab,TAB,,player_disposals_over,Connor Budarick,Over,101.0,39.5,20260530_093320
5e06aeff84a466044adc1db2aae029cb,Western Bulldogs,Collingwood Magpies,2026-05-30T09:35:58Z,tab,TAB,,player_disposals_over,Rory Lobb,Over,101.0,39.5,20260530_093320
5e06aeff84a466044adc1db2aae029cb,Western Bulldogs,Collingwood Magpies,2026-05-30T09:35:58Z,tab,TAB,,player_disposals_over,Buku Khamis,Over,101.0,39.5,20260530_093320
5e06aeff84a466044adc1db2aae029cb,Western Bulldogs,Collingwood Magpies,2026-05-30T09:35:58Z,tab,TAB,,player_disposals_over,Tim Membrey,Over,101.0,39.5,20260530_093320
5e06aeff84a466044adc1db2aae029cb,Western Bulldogs,Collingwood Magpies,2026-05-30T09:35:58Z,tab,TAB,,player_disposals_over,Harvey Harrison,Over,101.0,39.5,20260530_093320
5e06aeff84a466044adc1db2aae029cb,Western Bulldogs,Collingwood Magpies,2026-05-30T09:35:58Z,tab,TAB,,player_goal_scorer_anytime,Aaron Naughton,Yes,1.02,,20260530_093320
5e06aeff84a466044adc1db2aae029cb,Western Bulldogs,Collingwood Magpies,2026-05-30T09:35:58Z,tab,TAB,,player_goal_scorer_anytime,Nick Daicos,Yes,1.09,,20260530_093320
5e06aeff84a466044adc1db2aae029cb,Western Bulldogs,Collingwood Magpies,2026-05-30T09:35:58Z,tab,TAB,,player_goal_scorer_anytime,Rhylee West,Yes,1.1,,20260530_093320
5e06aeff84a466044adc1db2aae029cb,Western Bulldogs,Collingwood Magpies,2026-05-30T09:35:58Z,tab,TAB,,player_goal_scorer_anytime,Daniel McStay,Yes,1.11,,20260530_093320
5e06aeff84a466044adc1db2aae029cb,Western Bulldogs,Collingwood Magpies,2026-05-30T09:35:58Z,tab,TAB,,player_goal_scorer_anytime,Tim Membrey,Yes,1.22,,20260530_093320
5e06aeff84a466044adc1db2aae029cb,Western Bulldogs,Collingwood Magpies,2026-05-30T09:35:58Z,tab,TAB,,player_goal_scorer_anytime,Will Lewis,Yes,1.24,,20260530_093320
5e06aeff84a466044adc1db2aae029cb,Western Bulldogs,Collingwood Magpies,2026-05-30T09:35:58Z,tab,TAB,,player_goal_scorer_anytime,Marcus Bontempelli,Yes,1.26,,20260530_093320
5e06aeff84a466044adc1db2aae029cb,Western Bulldogs,Collingwood Magpies,2026-05-30T09:35:58Z,tab,TAB,,player_goal_scorer_anytime,Arthur Jones,Yes,1.32,,20260530_093320
5e06aeff84a466044adc1db2aae029cb,Western Bulldogs,Collingwood Magpies,2026-05-30T09:35:58Z,tab,TAB,,player_goal_scorer_anytime,Jordan De Goey,Yes,1.38,,20260530_093320
5e06aeff84a466044adc1db2aae029cb,Western Bulldogs,Collingwood Magpies,2026-05-30T09:35:58Z,tab,TAB,,player_goal_scorer_anytime,Lachlan Schultz,Yes,1.45,,20260530_093320
5e06aeff84a466044adc1db2aae029cb,Western Bulldogs,Collingwood Magpies,2026-05-30T09:35:58Z,tab,TAB,,player_goal_scorer_anytime,Jordan Croft,Yes,1.55,,20260530_093320
5e06aeff84a466044adc1db2aae029cb,Western Bulldogs,Collingwood Magpies,2026-05-30T09:35:58Z,tab,TAB,,player_goal_scorer_anytime,Lachlan Bramble,Yes,1.65,,20260530_093320
5e06aeff84a466044adc1db2aae029cb,Western Bulldogs,Collingwood Magpies,2026-05-30T09:35:58Z,tab,TAB,,player_goal_scorer_anytime,Ed Richards,Yes,1.72,,20260530_093320
5e06aeff84a466044adc1db2aae029cb,Western Bulldogs,Collingwood Magpies,2026-05-30T09:35:58Z,tab,TAB,,player_goal_scorer_anytime,Angus Anderson,Yes,1.8,,20260530_093320
5e06aeff84a466044adc1db2aae029cb,Western Bulldogs,Collingwood Magpies,2026-05-30T09:35:58Z,tab,TAB,,player_goal_scorer_anytime,Roan Steele,Yes,1.85,,20260530_093320
5e06aeff84a466044adc1db2aae029cb,Western Bulldogs,Collingwood Magpies,2026-05-30T09:35:58Z,tab,TAB,,player_goal_scorer_anytime,Beau McCreery,Yes,2.0,,20260530_093320
5e06aeff84a466044adc1db2aae029cb,Western Bulldogs,Collingwood Magpies,2026-05-30T09:35:58Z,tab,TAB,,player_goal_scorer_anytime,Lachie McNeil,Yes,2.0,,20260530_093320
5e06aeff84a466044adc1db2aae029cb,Western Bulldogs,Collingwood Magpies,2026-05-30T09:35:58Z,tab,TAB,,player_goal_scorer_anytime,Cooper Hynes,Yes,2.0,,20260530_093320
5e06aeff84a466044adc1db2aae029cb,Western Bulldogs,Collingwood Magpies,2026-05-30T09:35:58Z,tab,TAB,,player_goal_scorer_anytime,Harvey Harrison,Yes,2.0,,20260530_093320
5e06aeff84a466044adc1db2aae029cb,Western Bulldogs,Collingwood Magpies,2026-05-30T09:35:58Z,tab,TAB,,player_goal_scorer_anytime,Rory Lobb,Yes,2.25,,20260530_093320
5e06aeff84a466044adc1db2aae029cb,Western Bulldogs,Collingwood Magpies,2026-05-30T09:35:58Z,tab,TAB,,player_goal_scorer_anytime,Ned Long,Yes,2.3,,20260530_093320
5e06aeff84a466044adc1db2aae029cb,Western Bulldogs,Collingwood Magpies,2026-05-30T09:35:58Z,tab,TAB,,player_goal_scorer_anytime,Adam Treloar,Yes,2.4,,20260530_093320
5e06aeff84a466044adc1db2aae029cb,Western Bulldogs,Collingwood Magpies,2026-05-30T09:35:58Z,tab,TAB,,player_goal_scorer_anytime,Joel Freijah,Yes,2.4,,20260530_093320
5e06aeff84a466044adc1db2aae029cb,Western Bulldogs,Collingwood Magpies,2026-05-30T09:35:58Z,tab,TAB,,player_goal_scorer_anytime,Ryley Sanders,Yes,2.6,,20260530_093320
5e06aeff84a466044adc1db2aae029cb,Western Bulldogs,Collingwood Magpies,2026-05-30T09:35:58Z,tab,TAB,,player_goal_scorer_anytime,Timothy English,Yes,2.6,,20260530_093320
5e06aeff84a466044adc1db2aae029cb,Western Bulldogs,Collingwood Magpies,2026-05-30T09:35:58Z,tab,TAB,,player_goal_scorer_anytime,Lachie Jaques,Yes,2.6,,20260530_093320
5e06aeff84a466044adc1db2aae029cb,Western Bulldogs,Collingwood Magpies,2026-05-30T09:35:58Z,tab,TAB,,player_goal_scorer_anytime,Patrick Lipinski,Yes,2.6,,20260530_093320
5e06aeff84a466044adc1db2aae029cb,Western Bulldogs,Collingwood Magpies,2026-05-30T09:35:58Z,tab,TAB,,player_goal_scorer_anytime,Scott Pendlebury,Yes,2.6,,20260530_093320
5e06aeff84a466044adc1db2aae029cb,Western Bulldogs,Collingwood Magpies,2026-05-30T09:35:58Z,tab,TAB,,player_goal_scorer_anytime,Steele Sidebottom,Yes,2.9,,20260530_093320
5e06aeff84a466044adc1db2aae029cb,Western Bulldogs,Collingwood Magpies,2026-05-30T09:35:58Z,tab,TAB,,player_goal_scorer_anytime,Jack Crisp,Yes,3.0,,20260530_093320
5e06aeff84a466044adc1db2aae029cb,Western Bulldogs,Collingwood Magpies,2026-05-30T09:35:58Z,tab,TAB,,player_goal_scorer_anytime,Matthew Kennedy,Yes,3.0,,20260530_093320
5e06aeff84a466044adc1db2aae029cb,Western Bulldogs,Collingwood Magpies,2026-05-30T09:35:58Z,tab,TAB,,player_goal_scorer_anytime,Darcy Cameron,Yes,3.25,,20260530_093320
5e06aeff84a466044adc1db2aae029cb,Western Bulldogs,Collingwood Magpies,2026-05-30T09:35:58Z,tab,TAB,,player_goal_scorer_anytime,Edward Allan,Yes,3.3,,20260530_093320
5e06aeff84a466044adc1db2aae029cb,Western Bulldogs,Collingwood Magpies,2026-05-30T09:35:58Z,tab,TAB,,player_goal_scorer_anytime,Michael Sellwood,Yes,4.0,,20260530_093320
5e06aeff84a466044adc1db2aae029cb,Western Bulldogs,Collingwood Magpies,2026-05-30T09:35:58Z,tab,TAB,,player_goal_scorer_anytime,Connor Budarick,Yes,4.0,,20260530_093320
5e06aeff84a466044adc1db2aae029cb,Western Bulldogs,Collingwood Magpies,2026-05-30T09:35:58Z,tab,TAB,,player_goal_scorer_anytime,Buku Khamis,Yes,4.0,,20260530_093320
5e06aeff84a466044adc1db2aae029cb,Western Bulldogs,Collingwood Magpies,2026-05-30T09:35:58Z,tab,TAB,,player_goal_scorer_anytime,Nicholas Coffield,Yes,4.0,,20260530_093320
5e06aeff84a466044adc1db2aae029cb,Western Bulldogs,Collingwood Magpies,2026-05-30T09:35:58Z,tab,TAB,,player_goal_scorer_anytime,Brayden Maynard,Yes,4.0,,20260530_093320
5e06aeff84a466044adc1db2aae029cb,Western Bulldogs,Collingwood Magpies,2026-05-30T09:35:58Z,tab,TAB,,player_goal_scorer_anytime,Dan Houston,Yes,4.0,,20260530_093320
5e06aeff84a466044adc1db2aae029cb,Western Bulldogs,Collingwood Magpies,2026-05-30T09:35:58Z,tab,TAB,,player_goal_scorer_anytime,Josh Daicos,Yes,4.0,,20260530_093320
5e06aeff84a466044adc1db2aae029cb,Western Bulldogs,Collingwood Magpies,2026-05-30T09:35:58Z,tab,TAB,,player_goal_scorer_anytime,Bailey Dale,Yes,4.0,,20260530_093320
5e06aeff84a466044adc1db2aae029cb,Western Bulldogs,Collingwood Magpies,2026-05-30T09:35:58Z,tab,TAB,,player_goal_scorer_anytime,Wil Parker,Yes,4.0,,20260530_093320
5e06aeff84a466044adc1db2aae029cb,Western Bulldogs,Collingwood Magpies,2026-05-30T09:35:58Z,tab,TAB,,player_goal_scorer_anytime,Billy Frampton,Yes,4.0,,20260530_093320
5e06aeff84a466044adc1db2aae029cb,Western Bulldogs,Collingwood Magpies,2026-05-30T09:35:58Z,tab,TAB,,player_goal_scorer_anytime,Isaac Quaynor,Yes,4.0,,20260530_093320
5e06aeff84a466044adc1db2aae029cb,Western Bulldogs,Collingwood Magpies,2026-05-30T09:35:58Z,betright,Bet Right,,player_disposals_over,Marcus Bontempelli,Over,1.04,19.5,20260530_093320
5e06aeff84a466044adc1db2aae029cb,Western Bulldogs,Collingwood Magpies,2026-05-30T09:35:58Z,betright,Bet Right,,player_disposals_over,Marcus Bontempelli,Over,1.3,24.5,20260530_093320
5e06aeff84a466044adc1db2aae029cb,Western Bulldogs,Collingwood Magpies,2026-05-30T09:35:58Z,betright,Bet Right,,player_disposals_over,Marcus Bontempelli,Over,2.05,29.5,20260530_093320
5e06aeff84a466044adc1db2aae029cb,Western Bulldogs,Collingwood Magpies,2026-05-30T09:35:58Z,betright,Bet Right,,player_disposals_over,Marcus Bontempelli,Over,3.8,34.5,20260530_093320
5e06aeff84a466044adc1db2aae029cb,Western Bulldogs,Collingwood Magpies,2026-05-30T09:35:58Z,betright,Bet Right,,player_disposals_over,Lachlan Bramble,Over,1.3,14.5,20260530_093320
5e06aeff84a466044adc1db2aae029cb,Western Bulldogs,Collingwood Magpies,2026-05-30T09:35:58Z,betright,Bet Right,,player_disposals_over,Lachlan Bramble,Over,2.63,19.5,20260530_093320
5e06aeff84a466044adc1db2aae029cb,Western Bulldogs,Collingwood Magpies,2026-05-30T09:35:58Z,betright,Bet Right,,player_disposals_over,Lachlan Bramble,Over,8.0,24.5,20260530_093320
5e06aeff84a466044adc1db2aae029cb,Western Bulldogs,Collingwood Magpies,2026-05-30T09:35:58Z,betright,Bet Right,,player_disposals_over,Connor Budarick,Over,1.06,14.5,20260530_093320
5e06aeff84a466044adc1db2aae029cb,Western Bulldogs,Collingwood Magpies,2026-05-30T09:35:58Z,betright,Bet Right,,player_disposals_over,Connor Budarick,Over,1.44,19.5,20260530_093320
5e06aeff84a466044adc1db2aae029cb,Western Bulldogs,Collingwood Magpies,2026-05-30T09:35:58Z,betright,Bet Right,,player_disposals_over,Connor Budarick,Over,2.8,24.5,20260530_093320
5e06aeff84a466044adc1db2aae029cb,Western Bulldogs,Collingwood Magpies,2026-05-30T09:35:58Z,betright,Bet Right,,player_disposals_over,Connor Budarick,Over,8.0,29.5,20260530_093320
5e06aeff84a466044adc1db2aae029cb,Western Bulldogs,Collingwood Magpies,2026-05-30T09:35:58Z,betright,Bet Right,,player_disposals_over,Nicholas Coffield,Over,1.46,14.5,20260530_093320
5e06aeff84a466044adc1db2aae029cb,Western Bulldogs,Collingwood Magpies,2026-05-30T09:35:58Z,betright,Bet Right,,player_disposals_over,Nicholas Coffield,Over,3.4,19.5,20260530_093320
5e06aeff84a466044adc1db2aae029cb,Western Bulldogs,Collingwood Magpies,2026-05-30T09:35:58Z,betright,Bet Right,,player_disposals_over,Jordan Croft,Over,3.75,14.5,20260530_093320
5e06aeff84a466044adc1db2aae029cb,Western Bulldogs,Collingwood Magpies,2026-05-30T09:35:58Z,betright,Bet Right,,player_disposals_over,Bailey Dale,Over,1.02,19.5,20260530_093320
5e06aeff84a466044adc1db2aae029cb,Western Bulldogs,Collingwood Magpies,2026-05-30T09:35:58Z,betright,Bet Right,,player_disposals_over,Bailey Dale,Over,1.2,24.5,20260530_093320
5e06aeff84a466044adc1db2aae029cb,Western Bulldogs,Collingwood Magpies,2026-05-30T09:35:58Z,betright,Bet Right,,player_disposals_over,Bailey Dale,Over,1.7,29.5,20260530_093320
5e06aeff84a466044adc1db2aae029cb,Western Bulldogs,Collingwood Magpies,2026-05-30T09:35:58Z,betright,Bet Right,,player_disposals_over,Bailey Dale,Over,2.8,34.5,20260530_093320
5e06aeff84a466044adc1db2aae029cb,Western Bulldogs,Collingwood Magpies,2026-05-30T09:35:58Z,betright,Bet Right,,player_disposals_over,Bailey Dale,Over,5.25,39.5,20260530_093320
5e06aeff84a466044adc1db2aae029cb,Western Bulldogs,Collingwood Magpies,2026-05-30T09:35:58Z,betright,Bet Right,,player_disposals_over,Joel Freijah,Over,1.17,14.5,20260530_093320
5e06aeff84a466044adc1db2aae029cb,Western Bulldogs,Collingwood Magpies,2026-05-30T09:35:58Z,betright,Bet Right,,player_disposals_over,Joel Freijah,Over,2.0,19.5,20260530_093320
5e06aeff84a466044adc1db2aae029cb,Western Bulldogs,Collingwood Magpies,2026-05-30T09:35:58Z,betright,Bet Right,,player_disposals_over,Joel Freijah,Over,5.0,24.5,20260530_093320
5e06aeff84a466044adc1db2aae029cb,Western Bulldogs,Collingwood Magpies,2026-05-30T09:35:58Z,betright,Bet Right,,player_disposals_over,Cooper Hynes,Over,3.75,14.5,20260530_093320
5e06aeff84a466044adc1db2aae029cb,Western Bulldogs,Collingwood Magpies,2026-05-30T09:35:58Z,betright,Bet Right,,player_disposals_over,Lachie Jaques,Over,1.6,14.5,20260530_093320
5e06aeff84a466044adc1db2aae029cb,Western Bulldogs,Collingwood Magpies,2026-05-30T09:35:58Z,betright,Bet Right,,player_disposals_over,Lachie Jaques,Over,4.2,19.5,20260530_093320
5e06aeff84a466044adc1db2aae029cb,Western Bulldogs,Collingwood Magpies,2026-05-30T09:35:58Z,betright,Bet Right,,player_disposals_over,Arthur Jones,Over,2.5,14.5,20260530_093320
5e06aeff84a466044adc1db2aae029cb,Western Bulldogs,Collingwood Magpies,2026-05-30T09:35:58Z,betright,Bet Right,,player_disposals_over,Arthur Jones,Over,8.5,19.5,20260530_093320
5e06aeff84a466044adc1db2aae029cb,Western Bulldogs,Collingwood Magpies,2026-05-30T09:35:58Z,betright,Bet Right,,player_disposals_over,Matthew Kennedy,Over,1.03,14.5,20260530_093320
5e06aeff84a466044adc1db2aae029cb,Western Bulldogs,Collingwood Magpies,2026-05-30T09:35:58Z,betright,Bet Right,,player_disposals_over,Matthew Kennedy,Over,1.26,19.5,20260530_093320
5e06aeff84a466044adc1db2aae029cb,Western Bulldogs,Collingwood Magpies,2026-05-30T09:35:58Z,betright,Bet Right,,player_disposals_over,Matthew Kennedy,Over,2.05,24.5,20260530_093320
5e06aeff84a466044adc1db2aae029cb,Western Bulldogs,Collingwood Magpies,2026-05-30T09:35:58Z,betright,Bet Right,,player_disposals_over,Matthew Kennedy,Over,5.0,29.5,20260530_093320
5e06aeff84a466044adc1db2aae029cb,Western Bulldogs,Collingwood Magpies,2026-05-30T09:35:58Z,betright,Bet Right,,player_disposals_over,Buku Khamis,Over,2.1,14.5,20260530_093320
5e06aeff84a466044adc1db2aae029cb,Western Bulldogs,Collingwood Magpies,2026-05-30T09:35:58Z,betright,Bet Right,,player_disposals_over,Buku Khamis,Over,6.5,19.5,20260530_093320
5e06aeff84a466044adc1db2aae029cb,Western Bulldogs,Collingwood Magpies,2026-05-30T09:35:58Z,betright,Bet Right,,player_disposals_over,Will Lewis,Over,3.75,14.5,20260530_093320
5e06aeff84a466044adc1db2aae029cb,Western Bulldogs,Collingwood Magpies,2026-05-30T09:35:58Z,betright,Bet Right,,player_disposals_over,Rory Lobb,Over,2.5,14.5,20260530_093320
5e06aeff84a466044adc1db2aae029cb,Western Bulldogs,Collingwood Magpies,2026-05-30T09:35:58Z,betright,Bet Right,,player_disposals_over,Rory Lobb,Over,8.5,19.5,20260530_093320
5e06aeff84a466044adc1db2aae029cb,Western Bulldogs,Collingwood Magpies,2026-05-30T09:35:58Z,betright,Bet Right,,player_disposals_over,Lachie McNeil,Over,3.75,14.5,20260530_093320
5e06aeff84a466044adc1db2aae029cb,Western Bulldogs,Collingwood Magpies,2026-05-30T09:35:58Z,betright,Bet Right,,player_disposals_over,Aaron Naughton,Over,3.5,14.5,20260530_093320
5e06aeff84a466044adc1db2aae029cb,Western Bulldogs,Collingwood Magpies,2026-05-30T09:35:58Z,betright,Bet Right,,player_disposals_over,James O'Donnell,Over,3.4,14.5,20260530_093320
5e06aeff84a466044adc1db2aae029cb,Western Bulldogs,Collingwood Magpies,2026-05-30T09:35:58Z,betright,Bet Right,,player_disposals_over,Ed Richards,Over,1.11,19.5,20260530_093320
5e06aeff84a466044adc1db2aae029cb,Western Bulldogs,Collingwood Magpies,2026-05-30T09:35:58Z,betright,Bet Right,,player_disposals_over,Ed Richards,Over,1.6,24.5,20260530_093320
5e06aeff84a466044adc1db2aae029cb,Western Bulldogs,Collingwood Magpies,2026-05-30T09:35:58Z,betright,Bet Right,,player_disposals_over,Ed Richards,Over,3.1,29.5,20260530_093320
5e06aeff84a466044adc1db2aae029cb,Western Bulldogs,Collingwood Magpies,2026-05-30T09:35:58Z,betright,Bet Right,,player_disposals_over,Ed Richards,Over,7.0,34.5,20260530_093320
5e06aeff84a466044adc1db2aae029cb,Western Bulldogs,Collingwood Magpies,2026-05-30T09:35:58Z,betright,Bet Right,,player_disposals_over,Ryley Sanders,Over,1.09,19.5,20260530_093320
5e06aeff84a466044adc1db2aae029cb,Western Bulldogs,Collingwood Magpies,2026-05-30T09:35:58Z,betright,Bet Right,,player_disposals_over,Ryley Sanders,Over,1.5,24.5,20260530_093320
5e06aeff84a466044adc1db2aae029cb,Western Bulldogs,Collingwood Magpies,2026-05-30T09:35:58Z,betright,Bet Right,,player_disposals_over,Ryley Sanders,Over,2.63,29.5,20260530_093320
5e06aeff84a466044adc1db2aae029cb,Western Bulldogs,Collingwood Magpies,2026-05-30T09:35:58Z,betright,Bet Right,,player_disposals_over,Ryley Sanders,Over,6.0,34.5,20260530_093320
5e06aeff84a466044adc1db2aae029cb,Western Bulldogs,Collingwood Magpies,2026-05-30T09:35:58Z,betright,Bet Right,,player_disposals_over,Michael Sellwood,Over,1.98,14.5,20260530_093320
5e06aeff84a466044adc1db2aae029cb,Western Bulldogs,Collingwood Magpies,2026-05-30T09:35:58Z,betright,Bet Right,,player_disposals_over,Michael Sellwood,Over,6.0,19.5,20260530_093320
5e06aeff84a466044adc1db2aae029cb,Western Bulldogs,Collingwood Magpies,2026-05-30T09:35:58Z,betright,Bet Right,,player_disposals_over,Adam Treloar,Over,1.06,14.5,20260530_093320
5e06aeff84a466044adc1db2aae029cb,Western Bulldogs,Collingwood Magpies,2026-05-30T09:35:58Z,betright,Bet Right,,player_disposals_over,Adam Treloar,Over,1.42,19.5,20260530_093320
5e06aeff84a466044adc1db2aae029cb,Western Bulldogs,Collingwood Magpies,2026-05-30T09:35:58Z,betright,Bet Right,,player_disposals_over,Adam Treloar,Over,2.75,24.5,20260530_093320
5e06aeff84a466044adc1db2aae029cb,Western Bulldogs,Collingwood Magpies,2026-05-30T09:35:58Z,betright,Bet Right,,player_disposals_over,Adam Treloar,Over,8.0,29.5,20260530_093320
5e06aeff84a466044adc1db2aae029cb,Western Bulldogs,Collingwood Magpies,2026-05-30T09:35:58Z,betright,Bet Right,,player_disposals_over,Rhylee West,Over,2.5,14.5,20260530_093320
5e06aeff84a466044adc1db2aae029cb,Western Bulldogs,Collingwood Magpies,2026-05-30T09:35:58Z,betright,Bet Right,,player_disposals_over,Rhylee West,Over,8.5,19.5,20260530_093320
5e06aeff84a466044adc1db2aae029cb,Western Bulldogs,Collingwood Magpies,2026-05-30T09:35:58Z,betright,Bet Right,,player_disposals_over,Edward Allan,Over,2.05,14.5,20260530_093320
5e06aeff84a466044adc1db2aae029cb,Western Bulldogs,Collingwood Magpies,2026-05-30T09:35:58Z,betright,Bet Right,,player_disposals_over,Edward Allan,Over,6.5,19.5,20260530_093320
5e06aeff84a466044adc1db2aae029cb,Western Bulldogs,Collingwood Magpies,2026-05-30T09:35:58Z,betright,Bet Right,,player_disposals_over,Angus Anderson,Over,1.73,14.5,20260530_093320
5e06aeff84a466044adc1db2aae029cb,Western Bulldogs,Collingwood Magpies,2026-05-30T09:35:58Z,betright,Bet Right,,player_disposals_over,Angus Anderson,Over,4.75,19.5,20260530_093320
5e06aeff84a466044adc1db2aae029cb,Western Bulldogs,Collingwood Magpies,2026-05-30T09:35:58Z,betright,Bet Right,,player_disposals_over,Darcy Cameron,Over,1.22,14.5,20260530_093320
5e06aeff84a466044adc1db2aae029cb,Western Bulldogs,Collingwood Magpies,2026-05-30T09:35:58Z,betright,Bet Right,,player_disposals_over,Darcy Cameron,Over,2.2,19.5,20260530_093320
5e06aeff84a466044adc1db2aae029cb,Western Bulldogs,Collingwood Magpies,2026-05-30T09:35:58Z,betright,Bet Right,,player_disposals_over,Darcy Cameron,Over,6.0,24.5,20260530_093320
5e06aeff84a466044adc1db2aae029cb,Western Bulldogs,Collingwood Magpies,2026-05-30T09:35:58Z,betright,Bet Right,,player_disposals_over,Jack Crisp,Over,1.02,14.5,20260530_093320
5e06aeff84a466044adc1db2aae029cb,Western Bulldogs,Collingwood Magpies,2026-05-30T09:35:58Z,betright,Bet Right,,player_disposals_over,Jack Crisp,Over,1.22,19.5,20260530_093320
5e06aeff84a466044adc1db2aae029cb,Western Bulldogs,Collingwood Magpies,2026-05-30T09:35:58Z,betright,Bet Right,,player_disposals_over,Jack Crisp,Over,1.98,24.5,20260530_093320
5e06aeff84a466044adc1db2aae029cb,Western Bulldogs,Collingwood Magpies,2026-05-30T09:35:58Z,betright,Bet Right,,player_disposals_over,Jack Crisp,Over,4.6,29.5,20260530_093320
5e06aeff84a466044adc1db2aae029cb,Western Bulldogs,Collingwood Magpies,2026-05-30T09:35:58Z,betright,Bet Right,,player_disposals_over,Josh Daicos,Over,1.11,19.5,20260530_093320
5e06aeff84a466044adc1db2aae029cb,Western Bulldogs,Collingwood Magpies,2026-05-30T09:35:58Z,betright,Bet Right,,player_disposals_over,Josh Daicos,Over,1.62,24.5,20260530_093320
5e06aeff84a466044adc1db2aae029cb,Western Bulldogs,Collingwood Magpies,2026-05-30T09:35:58Z,betright,Bet Right,,player_disposals_over,Josh Daicos,Over,3.1,29.5,20260530_093320
5e06aeff84a466044adc1db2aae029cb,Western Bulldogs,Collingwood Magpies,2026-05-30T09:35:58Z,betright,Bet Right,,player_disposals_over,Josh Daicos,Over,7.0,34.5,20260530_093320
5e06aeff84a466044adc1db2aae029cb,Western Bulldogs,Collingwood Magpies,2026-05-30T09:35:58Z,betright,Bet Right,,player_disposals_over,Nick Daicos,Over,1.02,19.5,20260530_093320
5e06aeff84a466044adc1db2aae029cb,Western Bulldogs,Collingwood Magpies,2026-05-30T09:35:58Z,betright,Bet Right,,player_disposals_over,Nick Daicos,Over,1.15,24.5,20260530_093320
5e06aeff84a466044adc1db2aae029cb,Western Bulldogs,Collingwood Magpies,2026-05-30T09:35:58Z,betright,Bet Right,,player_disposals_over,Nick Daicos,Over,1.6,29.5,20260530_093320
5e06aeff84a466044adc1db2aae029cb,Western Bulldogs,Collingwood Magpies,2026-05-30T09:35:58Z,betright,Bet Right,,player_disposals_over,Nick Daicos,Over,2.5,34.5,20260530_093320
5e06aeff84a466044adc1db2aae029cb,Western Bulldogs,Collingwood Magpies,2026-05-30T09:35:58Z,betright,Bet Right,,player_disposals_over,Nick Daicos,Over,4.5,39.5,20260530_093320
5e06aeff84a466044adc1db2aae029cb,Western Bulldogs,Collingwood Magpies,2026-05-30T09:35:58Z,betright,Bet Right,,player_disposals_over,Jordan De Goey,Over,1.03,14.5,20260530_093320
5e06aeff84a466044adc1db2aae029cb,Western Bulldogs,Collingwood Magpies,2026-05-30T09:35:58Z,betright,Bet Right,,player_disposals_over,Jordan De Goey,Over,1.3,19.5,20260530_093320
5e06aeff84a466044adc1db2aae029cb,Western Bulldogs,Collingwood Magpies,2026-05-30T09:35:58Z,betright,Bet Right,,player_disposals_over,Jordan De Goey,Over,2.3,24.5,20260530_093320
5e06aeff84a466044adc1db2aae029cb,Western Bulldogs,Collingwood Magpies,2026-05-30T09:35:58Z,betright,Bet Right,,player_disposals_over,Jordan De Goey,Over,6.0,29.5,20260530_093320
5e06aeff84a466044adc1db2aae029cb,Western Bulldogs,Collingwood Magpies,2026-05-30T09:35:58Z,betright,Bet Right,,player_disposals_over,Billy Frampton,Over,2.8,14.5,20260530_093320
5e06aeff84a466044adc1db2aae029cb,Western Bulldogs,Collingwood Magpies,2026-05-30T09:35:58Z,betright,Bet Right,,player_disposals_over,Dan Houston,Over,1.02,14.5,20260530_093320
5e06aeff84a466044adc1db2aae029cb,Western Bulldogs,Collingwood Magpies,2026-05-30T09:35:58Z,betright,Bet Right,,player_disposals_over,Dan Houston,Over,1.17,19.5,20260530_093320
5e06aeff84a466044adc1db2aae029cb,Western Bulldogs,Collingwood Magpies,2026-05-30T09:35:58Z,betright,Bet Right,,player_disposals_over,Dan Houston,Over,1.8,24.5,20260530_093320
5e06aeff84a466044adc1db2aae029cb,Western Bulldogs,Collingwood Magpies,2026-05-30T09:35:58Z,betright,Bet Right,,player_disposals_over,Dan Houston,Over,3.8,29.5,20260530_093320
5e06aeff84a466044adc1db2aae029cb,Western Bulldogs,Collingwood Magpies,2026-05-30T09:35:58Z,betright,Bet Right,,player_disposals_over,Jeremy Howe,Over,1.26,14.5,20260530_093320
5e06aeff84a466044adc1db2aae029cb,Western Bulldogs,Collingwood Magpies,2026-05-30T09:35:58Z,betright,Bet Right,,player_disposals_over,Jeremy Howe,Over,2.4,19.5,20260530_093320
5e06aeff84a466044adc1db2aae029cb,Western Bulldogs,Collingwood Magpies,2026-05-30T09:35:58Z,betright,Bet Right,,player_disposals_over,Jeremy Howe,Over,6.75,24.5,20260530_093320
5e06aeff84a466044adc1db2aae029cb,Western Bulldogs,Collingwood Magpies,2026-05-30T09:35:58Z,betright,Bet Right,,player_disposals_over,Patrick Lipinski,Over,1.13,14.5,20260530_093320
5e06aeff84a466044adc1db2aae029cb,Western Bulldogs,Collingwood Magpies,2026-05-30T09:35:58Z,betright,Bet Right,,player_disposals_over,Patrick Lipinski,Over,1.8,19.5,20260530_093320
5e06aeff84a466044adc1db2aae029cb,Western Bulldogs,Collingwood Magpies,2026-05-30T09:35:58Z,betright,Bet Right,,player_disposals_over,Patrick Lipinski,Over,4.33,24.5,20260530_093320
5e06aeff84a466044adc1db2aae029cb,Western Bulldogs,Collingwood Magpies,2026-05-30T09:35:58Z,betright,Bet Right,,player_disposals_over,Ned Long,Over,1.57,14.5,20260530_093320
5e06aeff84a466044adc1db2aae029cb,Western Bulldogs,Collingwood Magpies,2026-05-30T09:35:58Z,betright,Bet Right,,player_disposals_over,Ned Long,Over,4.0,19.5,20260530_093320
5e06aeff84a466044adc1db2aae029cb,Western Bulldogs,Collingwood Magpies,2026-05-30T09:35:58Z,betright,Bet Right,,player_disposals_over,Brayden Maynard,Over,1.18,14.5,20260530_093320
5e06aeff84a466044adc1db2aae029cb,Western Bulldogs,Collingwood Magpies,2026-05-30T09:35:58Z,betright,Bet Right,,player_disposals_over,Brayden Maynard,Over,2.1,19.5,20260530_093320
5e06aeff84a466044adc1db2aae029cb,Western Bulldogs,Collingwood Magpies,2026-05-30T09:35:58Z,betright,Bet Right,,player_disposals_over,Brayden Maynard,Over,5.5,24.5,20260530_093320
5e06aeff84a466044adc1db2aae029cb,Western Bulldogs,Collingwood Magpies,2026-05-30T09:35:58Z,betright,Bet Right,,player_disposals_over,Beau McCreery,Over,1.7,14.5,20260530_093320
5e06aeff84a466044adc1db2aae029cb,Western Bulldogs,Collingwood Magpies,2026-05-30T09:35:58Z,betright,Bet Right,,player_disposals_over,Beau McCreery,Over,4.75,19.5,20260530_093320
5e06aeff84a466044adc1db2aae029cb,Western Bulldogs,Collingwood Magpies,2026-05-30T09:35:58Z,betright,Bet Right,,player_disposals_over,Daniel McStay,Over,3.75,14.5,20260530_093320
5e06aeff84a466044adc1db2aae029cb,Western Bulldogs,Collingwood Magpies,2026-05-30T09:35:58Z,betright,Bet Right,,player_disposals_over,Tim Membrey,Over,3.75,14.5,20260530_093320
5e06aeff84a466044adc1db2aae029cb,Western Bulldogs,Collingwood Magpies,2026-05-30T09:35:58Z,betright,Bet Right,,player_disposals_over,Wil Parker,Over,3.6,14.5,20260530_093320
5e06aeff84a466044adc1db2aae029cb,Western Bulldogs,Collingwood Magpies,2026-05-30T09:35:58Z,betright,Bet Right,,player_disposals_over,Scott Pendlebury,Over,1.03,14.5,20260530_093320
5e06aeff84a466044adc1db2aae029cb,Western Bulldogs,Collingwood Magpies,2026-05-30T09:35:58Z,betright,Bet Right,,player_disposals_over,Scott Pendlebury,Over,1.26,19.5,20260530_093320
5e06aeff84a466044adc1db2aae029cb,Western Bulldogs,Collingwood Magpies,2026-05-30T09:35:58Z,betright,Bet Right,,player_disposals_over,Scott Pendlebury,Over,2.05,24.5,20260530_093320
5e06aeff84a466044adc1db2aae029cb,Western Bulldogs,Collingwood Magpies,2026-05-30T09:35:58Z,betright,Bet Right,,player_disposals_over,Scott Pendlebury,Over,5.0,29.5,20260530_093320
5e06aeff84a466044adc1db2aae029cb,Western Bulldogs,Collingwood Magpies,2026-05-30T09:35:58Z,betright,Bet Right,,player_disposals_over,Isaac Quaynor,Over,1.15,14.5,20260530_093320
5e06aeff84a466044adc1db2aae029cb,Western Bulldogs,Collingwood Magpies,2026-05-30T09:35:58Z,betright,Bet Right,,player_disposals_over,Isaac Quaynor,Over,1.92,19.5,20260530_093320
5e06aeff84a466044adc1db2aae029cb,Western Bulldogs,Collingwood Magpies,2026-05-30T09:35:58Z,betright,Bet Right,,player_disposals_over,Isaac Quaynor,Over,4.75,24.5,20260530_093320
5e06aeff84a466044adc1db2aae029cb,Western Bulldogs,Collingwood Magpies,2026-05-30T09:35:58Z,betright,Bet Right,,player_disposals_over,Lachlan Schultz,Over,1.68,14.5,20260530_093320
5e06aeff84a466044adc1db2aae029cb,Western Bulldogs,Collingwood Magpies,2026-05-30T09:35:58Z,betright,Bet Right,,player_disposals_over,Lachlan Schultz,Over,4.75,19.5,20260530_093320
5e06aeff84a466044adc1db2aae029cb,Western Bulldogs,Collingwood Magpies,2026-05-30T09:35:58Z,betright,Bet Right,,player_disposals_over,Steele Sidebottom,Over,1.36,14.5,20260530_093320
5e06aeff84a466044adc1db2aae029cb,Western Bulldogs,Collingwood Magpies,2026-05-30T09:35:58Z,betright,Bet Right,,player_disposals_over,Steele Sidebottom,Over,2.9,19.5,20260530_093320
5e06aeff84a466044adc1db2aae029cb,Western Bulldogs,Collingwood Magpies,2026-05-30T09:35:58Z,betright,Bet Right,,player_disposals_over,Roan Steele,Over,1.7,14.5,20260530_093320
5e06aeff84a466044adc1db2aae029cb,Western Bulldogs,Collingwood Magpies,2026-05-30T09:35:58Z,betright,Bet Right,,player_disposals_over,Roan Steele,Over,4.75,19.5,20260530_093320
5e06aeff84a466044adc1db2aae029cb,Western Bulldogs,Collingwood Magpies,2026-05-30T09:35:58Z,betright,Bet Right,,player_disposals_over,Timothy English,Over,1.5,14.5,20260530_093320
5e06aeff84a466044adc1db2aae029cb,Western Bulldogs,Collingwood Magpies,2026-05-30T09:35:58Z,betright,Bet Right,,player_disposals_over,Timothy English,Over,3.6,19.5,20260530_093320
5e06aeff84a466044adc1db2aae029cb,Western Bulldogs,Collingwood Magpies,2026-05-30T09:35:58Z,betright,Bet Right,,player_disposals_over,Harvey Harrison,Over,3.3,14.5,20260530_093320
5e06aeff84a466044adc1db2aae029cb,Western Bulldogs,Collingwood Magpies,2026-05-30T09:35:58Z,unibet,Unibet,,player_disposals_over,Aaron Naughton,Over,3.2,14.5,20260530_093320
5e06aeff84a466044adc1db2aae029cb,Western Bulldogs,Collingwood Magpies,2026-05-30T09:35:58Z,unibet,Unibet,,player_disposals_over,Adam Treloar,Over,1.35,19.5,20260530_093320
5e06aeff84a466044adc1db2aae029cb,Western Bulldogs,Collingwood Magpies,2026-05-30T09:35:58Z,unibet,Unibet,,player_disposals_over,Bailey Dale,Over,1.75,29.5,20260530_093320
5e06aeff84a466044adc1db2aae029cb,Western Bulldogs,Collingwood Magpies,2026-05-30T09:35:58Z,unibet,Unibet,,player_disposals_over,Buku Khamis,Over,1.09,9.5,20260530_093320
5e06aeff84a466044adc1db2aae029cb,Western Bulldogs,Collingwood Magpies,2026-05-30T09:35:58Z,unibet,Unibet,,player_disposals_over,Connor Budarick,Over,18.0,34.5,20260530_093320
5e06aeff84a466044adc1db2aae029cb,Western Bulldogs,Collingwood Magpies,2026-05-30T09:35:58Z,unibet,Unibet,,player_disposals_over,Cooper Hynes,Over,15.0,19.5,20260530_093320
5e06aeff84a466044adc1db2aae029cb,Western Bulldogs,Collingwood Magpies,2026-05-30T09:35:58Z,unibet,Unibet,,player_disposals_over,Ed Richards,Over,1.09,19.5,20260530_093320
5e06aeff84a466044adc1db2aae029cb,Western Bulldogs,Collingwood Magpies,2026-05-30T09:35:58Z,unibet,Unibet,,player_disposals_over,Ed Richards,Over,7.0,34.5,20260530_093320
5e06aeff84a466044adc1db2aae029cb,Western Bulldogs,Collingwood Magpies,2026-05-30T09:35:58Z,unibet,Unibet,,player_disposals_over,James O'Donnell,Over,1.29,9.5,20260530_093320
5e06aeff84a466044adc1db2aae029cb,Western Bulldogs,Collingwood Magpies,2026-05-30T09:35:58Z,unibet,Unibet,,player_disposals_over,James O'Donnell,Over,10.5,19.5,20260530_093320
5e06aeff84a466044adc1db2aae029cb,Western Bulldogs,Collingwood Magpies,2026-05-30T09:35:58Z,unibet,Unibet,,player_disposals_over,Joel Freijah,Over,1.16,14.5,20260530_093320
5e06aeff84a466044adc1db2aae029cb,Western Bulldogs,Collingwood Magpies,2026-05-30T09:35:58Z,unibet,Unibet,,player_disposals_over,Lachie Jaques,Over,3.3,19.5,20260530_093320
5e06aeff84a466044adc1db2aae029cb,Western Bulldogs,Collingwood Magpies,2026-05-30T09:35:58Z,unibet,Unibet,,player_disposals_over,Lachlan Bramble,Over,30.0,29.5,20260530_093320
5e06aeff84a466044adc1db2aae029cb,Western Bulldogs,Collingwood Magpies,2026-05-30T09:35:58Z,unibet,Unibet,,player_disposals_over,Lachie McNeil,Over,1.35,9.5,20260530_093320
5e06aeff84a466044adc1db2aae029cb,Western Bulldogs,Collingwood Magpies,2026-05-30T09:35:58Z,unibet,Unibet,,player_disposals_over,Lachie McNeil,Over,3.35,14.5,20260530_093320
5e06aeff84a466044adc1db2aae029cb,Western Bulldogs,Collingwood Magpies,2026-05-30T09:35:58Z,unibet,Unibet,,player_disposals_over,Marcus Bontempelli,Over,1.27,24.5,20260530_093320
5e06aeff84a466044adc1db2aae029cb,Western Bulldogs,Collingwood Magpies,2026-05-30T09:35:58Z,unibet,Unibet,,player_disposals_over,Matthew Kennedy,Over,11.5,34.5,20260530_093320
5e06aeff84a466044adc1db2aae029cb,Western Bulldogs,Collingwood Magpies,2026-05-30T09:35:58Z,unibet,Unibet,,player_disposals_over,Matthew Kennedy,Over,2.02,24.5,20260530_093320
5e06aeff84a466044adc1db2aae029cb,Western Bulldogs,Collingwood Magpies,2026-05-30T09:35:58Z,unibet,Unibet,,player_disposals_over,Michael Sellwood,Over,1.83,14.5,20260530_093320
5e06aeff84a466044adc1db2aae029cb,Western Bulldogs,Collingwood Magpies,2026-05-30T09:35:58Z,unibet,Unibet,,player_disposals_over,Michael Sellwood,Over,1.06,9.5,20260530_093320
5e06aeff84a466044adc1db2aae029cb,Western Bulldogs,Collingwood Magpies,2026-05-30T09:35:58Z,unibet,Unibet,,player_disposals_over,Nicholas Coffield,Over,26.0,29.5,20260530_093320
5e06aeff84a466044adc1db2aae029cb,Western Bulldogs,Collingwood Magpies,2026-05-30T09:35:58Z,unibet,Unibet,,player_disposals_over,Nicholas Coffield,Over,3.0,19.5,20260530_093320
5e06aeff84a466044adc1db2aae029cb,Western Bulldogs,Collingwood Magpies,2026-05-30T09:35:58Z,unibet,Unibet,,player_disposals_over,Rhylee West,Over,2.23,14.5,20260530_093320
5e06aeff84a466044adc1db2aae029cb,Western Bulldogs,Collingwood Magpies,2026-05-30T09:35:58Z,unibet,Unibet,,player_disposals_over,Rory Lobb,Over,1.13,9.5,20260530_093320
5e06aeff84a466044adc1db2aae029cb,Western Bulldogs,Collingwood Magpies,2026-05-30T09:35:58Z,unibet,Unibet,,player_disposals_over,Ryley Sanders,Over,1.05,19.5,20260530_093320
5e06aeff84a466044adc1db2aae029cb,Western Bulldogs,Collingwood Magpies,2026-05-30T09:35:58Z,unibet,Unibet,,player_disposals_over,Ryley Sanders,Over,15.0,39.5,20260530_093320
5e06aeff84a466044adc1db2aae029cb,Western Bulldogs,Collingwood Magpies,2026-05-30T09:35:58Z,unibet,Unibet,,player_disposals_over,Ryley Sanders,Over,5.8,34.5,20260530_093320
5e06aeff84a466044adc1db2aae029cb,Western Bulldogs,Collingwood Magpies,2026-05-30T09:35:58Z,unibet,Unibet,,player_disposals_over,Beau McCreery,Over,31.0,29.5,20260530_093320
5e06aeff84a466044adc1db2aae029cb,Western Bulldogs,Collingwood Magpies,2026-05-30T09:35:58Z,unibet,Unibet,,player_disposals_over,Brayden Maynard,Over,16.0,29.5,20260530_093320
5e06aeff84a466044adc1db2aae029cb,Western Bulldogs,Collingwood Magpies,2026-05-30T09:35:58Z,unibet,Unibet,,player_disposals_over,Brayden Maynard,Over,5.4,24.5,20260530_093320
5e06aeff84a466044adc1db2aae029cb,Western Bulldogs,Collingwood Magpies,2026-05-30T09:35:58Z,unibet,Unibet,,player_disposals_over,Brayden Maynard,Over,41.0,34.5,20260530_093320
5e06aeff84a466044adc1db2aae029cb,Western Bulldogs,Collingwood Magpies,2026-05-30T09:35:58Z,unibet,Unibet,,player_disposals_over,Dan Houston,Over,1.16,19.5,20260530_093320
5e06aeff84a466044adc1db2aae029cb,Western Bulldogs,Collingwood Magpies,2026-05-30T09:35:58Z,unibet,Unibet,,player_disposals_over,Daniel McStay,Over,4.8,14.5,20260530_093320
5e06aeff84a466044adc1db2aae029cb,Western Bulldogs,Collingwood Magpies,2026-05-30T09:35:58Z,unibet,Unibet,,player_disposals_over,Darcy Cameron,Over,16.0,29.5,20260530_093320
5e06aeff84a466044adc1db2aae029cb,Western Bulldogs,Collingwood Magpies,2026-05-30T09:35:58Z,unibet,Unibet,,player_disposals_over,Edward Allan,Over,1.06,9.5,20260530_093320
5e06aeff84a466044adc1db2aae029cb,Western Bulldogs,Collingwood Magpies,2026-05-30T09:35:58Z,unibet,Unibet,,player_disposals_over,Edward Allan,Over,16.0,24.5,20260530_093320
5e06aeff84a466044adc1db2aae029cb,Western Bulldogs,Collingwood Magpies,2026-05-30T09:35:58Z,unibet,Unibet,,player_disposals_over,Isaac Quaynor,Over,12.0,29.5,20260530_093320
5e06aeff84a466044adc1db2aae029cb,Western Bulldogs,Collingwood Magpies,2026-05-30T09:35:58Z,unibet,Unibet,,player_disposals_over,Isaac Quaynor,Over,31.0,34.5,20260530_093320
5e06aeff84a466044adc1db2aae029cb,Western Bulldogs,Collingwood Magpies,2026-05-30T09:35:58Z,unibet,Unibet,,player_disposals_over,Jack Crisp,Over,31.0,39.5,20260530_093320
5e06aeff84a466044adc1db2aae029cb,Western Bulldogs,Collingwood Magpies,2026-05-30T09:35:58Z,unibet,Unibet,,player_disposals_over,Jordan De Goey,Over,5.6,29.5,20260530_093320
5e06aeff84a466044adc1db2aae029cb,Western Bulldogs,Collingwood Magpies,2026-05-30T09:35:58Z,unibet,Unibet,,player_disposals_over,Jordan De Goey,Over,36.0,39.5,20260530_093320
5e06aeff84a466044adc1db2aae029cb,Western Bulldogs,Collingwood Magpies,2026-05-30T09:35:58Z,unibet,Unibet,,player_disposals_over,Josh Daicos,Over,3.1,29.5,20260530_093320
5e06aeff84a466044adc1db2aae029cb,Western Bulldogs,Collingwood Magpies,2026-05-30T09:35:58Z,unibet,Unibet,,player_disposals_over,Lachlan Schultz,Over,1.5,14.5,20260530_093320
5e06aeff84a466044adc1db2aae029cb,Western Bulldogs,Collingwood Magpies,2026-05-30T09:35:58Z,unibet,Unibet,,player_disposals_over,Ned Long,Over,1.61,14.5,20260530_093320
5e06aeff84a466044adc1db2aae029cb,Western Bulldogs,Collingwood Magpies,2026-05-30T09:35:58Z,unibet,Unibet,,player_disposals_over,Nick Daicos,Over,1.05,24.5,20260530_093320
5e06aeff84a466044adc1db2aae029cb,Western Bulldogs,Collingwood Magpies,2026-05-30T09:35:58Z,unibet,Unibet,,player_disposals_over,Patrick Lipinski,Over,1.82,19.5,20260530_093320
5e06aeff84a466044adc1db2aae029cb,Western Bulldogs,Collingwood Magpies,2026-05-30T09:35:58Z,unibet,Unibet,,player_disposals_over,Roan Steele,Over,3.45,19.5,20260530_093320
5e06aeff84a466044adc1db2aae029cb,Western Bulldogs,Collingwood Magpies,2026-05-30T09:35:58Z,unibet,Unibet,,player_disposals_over,Scott Pendlebury,Over,4.6,29.5,20260530_093320
5e06aeff84a466044adc1db2aae029cb,Western Bulldogs,Collingwood Magpies,2026-05-30T09:35:58Z,unibet,Unibet,,player_disposals_over,Scott Pendlebury,Over,12.0,34.5,20260530_093320
5e06aeff84a466044adc1db2aae029cb,Western Bulldogs,Collingwood Magpies,2026-05-30T09:35:58Z,unibet,Unibet,,player_disposals_over,Steele Sidebottom,Over,26.0,29.5,20260530_093320
5e06aeff84a466044adc1db2aae029cb,Western Bulldogs,Collingwood Magpies,2026-05-30T09:35:58Z,unibet,Unibet,,player_disposals_over,Wil Parker,Over,2.6,14.5,20260530_093320
5e06aeff84a466044adc1db2aae029cb,Western Bulldogs,Collingwood Magpies,2026-05-30T09:35:58Z,unibet,Unibet,,player_disposals_over,Aaron Naughton,Over,11.0,19.5,20260530_093320
5e06aeff84a466044adc1db2aae029cb,Western Bulldogs,Collingwood Magpies,2026-05-30T09:35:58Z,unibet,Unibet,,player_disposals_over,Adam Treloar,Over,16.0,34.5,20260530_093320
5e06aeff84a466044adc1db2aae029cb,Western Bulldogs,Collingwood Magpies,2026-05-30T09:35:58Z,unibet,Unibet,,player_disposals_over,Adam Treloar,Over,5.8,29.5,20260530_093320
5e06aeff84a466044adc1db2aae029cb,Western Bulldogs,Collingwood Magpies,2026-05-30T09:35:58Z,unibet,Unibet,,player_disposals_over,Angus Anderson,Over,4.7,19.5,20260530_093320
5e06aeff84a466044adc1db2aae029cb,Western Bulldogs,Collingwood Magpies,2026-05-30T09:35:58Z,unibet,Unibet,,player_disposals_over,Angus Anderson,Over,1.8,14.5,20260530_093320
5e06aeff84a466044adc1db2aae029cb,Western Bulldogs,Collingwood Magpies,2026-05-30T09:35:58Z,unibet,Unibet,,player_disposals_over,Arthur Jones,Over,2.28,14.5,20260530_093320
5e06aeff84a466044adc1db2aae029cb,Western Bulldogs,Collingwood Magpies,2026-05-30T09:35:58Z,unibet,Unibet,,player_disposals_over,Arthur Jones,Over,1.14,9.5,20260530_093320
5e06aeff84a466044adc1db2aae029cb,Western Bulldogs,Collingwood Magpies,2026-05-30T09:35:58Z,unibet,Unibet,,player_disposals_over,Bailey Dale,Over,3.3,34.5,20260530_093320
5e06aeff84a466044adc1db2aae029cb,Western Bulldogs,Collingwood Magpies,2026-05-30T09:35:58Z,unibet,Unibet,,player_disposals_over,Connor Budarick,Over,46.0,39.5,20260530_093320
5e06aeff84a466044adc1db2aae029cb,Western Bulldogs,Collingwood Magpies,2026-05-30T09:35:58Z,unibet,Unibet,,player_disposals_over,Connor Budarick,Over,6.5,29.5,20260530_093320
5e06aeff84a466044adc1db2aae029cb,Western Bulldogs,Collingwood Magpies,2026-05-30T09:35:58Z,unibet,Unibet,,player_disposals_over,Cooper Hynes,Over,1.47,9.5,20260530_093320
5e06aeff84a466044adc1db2aae029cb,Western Bulldogs,Collingwood Magpies,2026-05-30T09:35:58Z,unibet,Unibet,,player_disposals_over,Ed Richards,Over,1.6,24.5,20260530_093320
5e06aeff84a466044adc1db2aae029cb,Western Bulldogs,Collingwood Magpies,2026-05-30T09:35:58Z,unibet,Unibet,,player_disposals_over,Ed Richards,Over,3.05,29.5,20260530_093320
5e06aeff84a466044adc1db2aae029cb,Western Bulldogs,Collingwood Magpies,2026-05-30T09:35:58Z,unibet,Unibet,,player_disposals_over,Ed Richards,Over,18.0,39.5,20260530_093320
5e06aeff84a466044adc1db2aae029cb,Western Bulldogs,Collingwood Magpies,2026-05-30T09:35:58Z,unibet,Unibet,,player_disposals_over,James O'Donnell,Over,3.05,14.5,20260530_093320
5e06aeff84a466044adc1db2aae029cb,Western Bulldogs,Collingwood Magpies,2026-05-30T09:35:58Z,unibet,Unibet,,player_disposals_over,Joel Freijah,Over,36.0,34.5,20260530_093320
5e06aeff84a466044adc1db2aae029cb,Western Bulldogs,Collingwood Magpies,2026-05-30T09:35:58Z,unibet,Unibet,,player_disposals_over,Joel Freijah,Over,14.0,29.5,20260530_093320
5e06aeff84a466044adc1db2aae029cb,Western Bulldogs,Collingwood Magpies,2026-05-30T09:35:58Z,unibet,Unibet,,player_disposals_over,Lachie Jaques,Over,10.0,24.5,20260530_093320
5e06aeff84a466044adc1db2aae029cb,Western Bulldogs,Collingwood Magpies,2026-05-30T09:35:58Z,unibet,Unibet,,player_disposals_over,Lachlan Bramble,Over,3.3,19.5,20260530_093320
5e06aeff84a466044adc1db2aae029cb,Western Bulldogs,Collingwood Magpies,2026-05-30T09:35:58Z,unibet,Unibet,,player_disposals_over,Lachie McNeil,Over,12.0,19.5,20260530_093320
5e06aeff84a466044adc1db2aae029cb,Western Bulldogs,Collingwood Magpies,2026-05-30T09:35:58Z,unibet,Unibet,,player_disposals_over,Marcus Bontempelli,Over,4.1,34.5,20260530_093320
5e06aeff84a466044adc1db2aae029cb,Western Bulldogs,Collingwood Magpies,2026-05-30T09:35:58Z,unibet,Unibet,,player_disposals_over,Marcus Bontempelli,Over,9.5,39.5,20260530_093320
5e06aeff84a466044adc1db2aae029cb,Western Bulldogs,Collingwood Magpies,2026-05-30T09:35:58Z,unibet,Unibet,,player_disposals_over,Matthew Kennedy,Over,29.0,39.5,20260530_093320
5e06aeff84a466044adc1db2aae029cb,Western Bulldogs,Collingwood Magpies,2026-05-30T09:35:58Z,unibet,Unibet,,player_disposals_over,Matthew Kennedy,Over,1.22,19.5,20260530_093320
5e06aeff84a466044adc1db2aae029cb,Western Bulldogs,Collingwood Magpies,2026-05-30T09:35:58Z,unibet,Unibet,,player_disposals_over,Michael Sellwood,Over,4.8,19.5,20260530_093320
5e06aeff84a466044adc1db2aae029cb,Western Bulldogs,Collingwood Magpies,2026-05-30T09:35:58Z,unibet,Unibet,,player_disposals_over,Nicholas Coffield,Over,8.5,24.5,20260530_093320
5e06aeff84a466044adc1db2aae029cb,Western Bulldogs,Collingwood Magpies,2026-05-30T09:35:58Z,unibet,Unibet,,player_disposals_over,Rory Lobb,Over,6.5,19.5,20260530_093320
5e06aeff84a466044adc1db2aae029cb,Western Bulldogs,Collingwood Magpies,2026-05-30T09:35:58Z,unibet,Unibet,,player_disposals_over,Ryley Sanders,Over,1.45,24.5,20260530_093320
5e06aeff84a466044adc1db2aae029cb,Western Bulldogs,Collingwood Magpies,2026-05-30T09:35:58Z,unibet,Unibet,,player_disposals_over,Ryley Sanders,Over,2.63,29.5,20260530_093320
5e06aeff84a466044adc1db2aae029cb,Western Bulldogs,Collingwood Magpies,2026-05-30T09:35:58Z,unibet,Unibet,,player_disposals_over,Beau McCreery,Over,3.5,19.5,20260530_093320
5e06aeff84a466044adc1db2aae029cb,Western Bulldogs,Collingwood Magpies,2026-05-30T09:35:58Z,unibet,Unibet,,player_disposals_over,Billy Frampton,Over,2.8,14.5,20260530_093320
5e06aeff84a466044adc1db2aae029cb,Western Bulldogs,Collingwood Magpies,2026-05-30T09:35:58Z,unibet,Unibet,,player_disposals_over,Billy Frampton,Over,9.5,19.5,20260530_093320
5e06aeff84a466044adc1db2aae029cb,Western Bulldogs,Collingwood Magpies,2026-05-30T09:35:58Z,unibet,Unibet,,player_disposals_over,Brayden Maynard,Over,2.15,19.5,20260530_093320
5e06aeff84a466044adc1db2aae029cb,Western Bulldogs,Collingwood Magpies,2026-05-30T09:35:58Z,unibet,Unibet,,player_disposals_over,Dan Houston,Over,1.83,24.5,20260530_093320
5e06aeff84a466044adc1db2aae029cb,Western Bulldogs,Collingwood Magpies,2026-05-30T09:35:58Z,unibet,Unibet,,player_disposals_over,Dan Houston,Over,9.5,34.5,20260530_093320
5e06aeff84a466044adc1db2aae029cb,Western Bulldogs,Collingwood Magpies,2026-05-30T09:35:58Z,unibet,Unibet,,player_disposals_over,Darcy Cameron,Over,1.2,14.5,20260530_093320
5e06aeff84a466044adc1db2aae029cb,Western Bulldogs,Collingwood Magpies,2026-05-30T09:35:58Z,unibet,Unibet,,player_disposals_over,Darcy Cameron,Over,41.0,34.5,20260530_093320
5e06aeff84a466044adc1db2aae029cb,Western Bulldogs,Collingwood Magpies,2026-05-30T09:35:58Z,unibet,Unibet,,player_disposals_over,Darcy Cameron,Over,2.15,19.5,20260530_093320
5e06aeff84a466044adc1db2aae029cb,Western Bulldogs,Collingwood Magpies,2026-05-30T09:35:58Z,unibet,Unibet,,player_disposals_over,Edward Allan,Over,4.9,19.5,20260530_093320
5e06aeff84a466044adc1db2aae029cb,Western Bulldogs,Collingwood Magpies,2026-05-30T09:35:58Z,unibet,Unibet,,player_disposals_over,Edward Allan,Over,1.83,14.5,20260530_093320
5e06aeff84a466044adc1db2aae029cb,Western Bulldogs,Collingwood Magpies,2026-05-30T09:35:58Z,unibet,Unibet,,player_disposals_over,Isaac Quaynor,Over,1.12,14.5,20260530_093320
5e06aeff84a466044adc1db2aae029cb,Western Bulldogs,Collingwood Magpies,2026-05-30T09:35:58Z,unibet,Unibet,,player_disposals_over,Jack Crisp,Over,4.75,29.5,20260530_093320
5e06aeff84a466044adc1db2aae029cb,Western Bulldogs,Collingwood Magpies,2026-05-30T09:35:58Z,unibet,Unibet,,player_disposals_over,Jack Crisp,Over,2.14,24.5,20260530_093320
5e06aeff84a466044adc1db2aae029cb,Western Bulldogs,Collingwood Magpies,2026-05-30T09:35:58Z,unibet,Unibet,,player_disposals_over,Jeremy Howe,Over,15.0,29.5,20260530_093320
5e06aeff84a466044adc1db2aae029cb,Western Bulldogs,Collingwood Magpies,2026-05-30T09:35:58Z,unibet,Unibet,,player_disposals_over,Jordan De Goey,Over,15.0,34.5,20260530_093320
5e06aeff84a466044adc1db2aae029cb,Western Bulldogs,Collingwood Magpies,2026-05-30T09:35:58Z,unibet,Unibet,,player_disposals_over,Jordan De Goey,Over,1.32,19.5,20260530_093320
5e06aeff84a466044adc1db2aae029cb,Western Bulldogs,Collingwood Magpies,2026-05-30T09:35:58Z,unibet,Unibet,,player_disposals_over,Josh Daicos,Over,19.0,39.5,20260530_093320
5e06aeff84a466044adc1db2aae029cb,Western Bulldogs,Collingwood Magpies,2026-05-30T09:35:58Z,unibet,Unibet,,player_disposals_over,Josh Daicos,Over,1.09,19.5,20260530_093320
5e06aeff84a466044adc1db2aae029cb,Western Bulldogs,Collingwood Magpies,2026-05-30T09:35:58Z,unibet,Unibet,,player_disposals_over,Josh Daicos,Over,1.61,24.5,20260530_093320
5e06aeff84a466044adc1db2aae029cb,Western Bulldogs,Collingwood Magpies,2026-05-30T09:35:58Z,unibet,Unibet,,player_disposals_over,Nick Daicos,Over,4.6,39.5,20260530_093320
5e06aeff84a466044adc1db2aae029cb,Western Bulldogs,Collingwood Magpies,2026-05-30T09:35:58Z,unibet,Unibet,,player_disposals_over,Nick Daicos,Over,2.28,34.5,20260530_093320
5e06aeff84a466044adc1db2aae029cb,Western Bulldogs,Collingwood Magpies,2026-05-30T09:35:58Z,unibet,Unibet,,player_disposals_over,Nick Daicos,Over,1.4,29.5,20260530_093320
5e06aeff84a466044adc1db2aae029cb,Western Bulldogs,Collingwood Magpies,2026-05-30T09:35:58Z,unibet,Unibet,,player_disposals_over,Patrick Lipinski,Over,4.2,24.5,20260530_093320
5e06aeff84a466044adc1db2aae029cb,Western Bulldogs,Collingwood Magpies,2026-05-30T09:35:58Z,unibet,Unibet,,player_disposals_over,Patrick Lipinski,Over,1.11,14.5,20260530_093320
5e06aeff84a466044adc1db2aae029cb,Western Bulldogs,Collingwood Magpies,2026-05-30T09:35:58Z,unibet,Unibet,,player_disposals_over,Scott Pendlebury,Over,2.1,24.5,20260530_093320
5e06aeff84a466044adc1db2aae029cb,Western Bulldogs,Collingwood Magpies,2026-05-30T09:35:58Z,unibet,Unibet,,player_disposals_over,Scott Pendlebury,Over,1.24,19.5,20260530_093320
5e06aeff84a466044adc1db2aae029cb,Western Bulldogs,Collingwood Magpies,2026-05-30T09:35:58Z,unibet,Unibet,,player_disposals_over,Steele Sidebottom,Over,1.4,14.5,20260530_093320
5e06aeff84a466044adc1db2aae029cb,Western Bulldogs,Collingwood Magpies,2026-05-30T09:35:58Z,unibet,Unibet,,player_disposals_over,Steele Sidebottom,Over,8.5,24.5,20260530_093320
5e06aeff84a466044adc1db2aae029cb,Western Bulldogs,Collingwood Magpies,2026-05-30T09:35:58Z,unibet,Unibet,,player_disposals_over,Tim Membrey,Over,1.57,9.5,20260530_093320
5e06aeff84a466044adc1db2aae029cb,Western Bulldogs,Collingwood Magpies,2026-05-30T09:35:58Z,unibet,Unibet,,player_disposals_over,Wil Parker,Over,1.2,9.5,20260530_093320
5e06aeff84a466044adc1db2aae029cb,Western Bulldogs,Collingwood Magpies,2026-05-30T09:35:58Z,unibet,Unibet,,player_disposals_over,Aaron Naughton,Over,1.32,9.5,20260530_093320
5e06aeff84a466044adc1db2aae029cb,Western Bulldogs,Collingwood Magpies,2026-05-30T09:35:58Z,unibet,Unibet,,player_disposals_over,Adam Treloar,Over,41.0,39.5,20260530_093320
5e06aeff84a466044adc1db2aae029cb,Western Bulldogs,Collingwood Magpies,2026-05-30T09:35:58Z,unibet,Unibet,,player_disposals_over,Adam Treloar,Over,2.45,24.5,20260530_093320
5e06aeff84a466044adc1db2aae029cb,Western Bulldogs,Collingwood Magpies,2026-05-30T09:35:58Z,unibet,Unibet,,player_disposals_over,Angus Anderson,Over,15.0,24.5,20260530_093320
5e06aeff84a466044adc1db2aae029cb,Western Bulldogs,Collingwood Magpies,2026-05-30T09:35:58Z,unibet,Unibet,,player_disposals_over,Angus Anderson,Over,1.05,9.5,20260530_093320
5e06aeff84a466044adc1db2aae029cb,Western Bulldogs,Collingwood Magpies,2026-05-30T09:35:58Z,unibet,Unibet,,player_disposals_over,Arthur Jones,Over,6.75,19.5,20260530_093320
5e06aeff84a466044adc1db2aae029cb,Western Bulldogs,Collingwood Magpies,2026-05-30T09:35:58Z,unibet,Unibet,,player_disposals_over,Bailey Dale,Over,1.17,24.5,20260530_093320
5e06aeff84a466044adc1db2aae029cb,Western Bulldogs,Collingwood Magpies,2026-05-30T09:35:58Z,unibet,Unibet,,player_disposals_over,Bailey Dale,Over,7.5,39.5,20260530_093320
5e06aeff84a466044adc1db2aae029cb,Western Bulldogs,Collingwood Magpies,2026-05-30T09:35:58Z,unibet,Unibet,,player_disposals_over,Buku Khamis,Over,5.6,19.5,20260530_093320
5e06aeff84a466044adc1db2aae029cb,Western Bulldogs,Collingwood Magpies,2026-05-30T09:35:58Z,unibet,Unibet,,player_disposals_over,Buku Khamis,Over,2.0,14.5,20260530_093320
5e06aeff84a466044adc1db2aae029cb,Western Bulldogs,Collingwood Magpies,2026-05-30T09:35:58Z,unibet,Unibet,,player_disposals_over,Connor Budarick,Over,1.42,19.5,20260530_093320
5e06aeff84a466044adc1db2aae029cb,Western Bulldogs,Collingwood Magpies,2026-05-30T09:35:58Z,unibet,Unibet,,player_disposals_over,Connor Budarick,Over,2.7,24.5,20260530_093320
5e06aeff84a466044adc1db2aae029cb,Western Bulldogs,Collingwood Magpies,2026-05-30T09:35:58Z,unibet,Unibet,,player_disposals_over,Cooper Hynes,Over,4.0,14.5,20260530_093320
5e06aeff84a466044adc1db2aae029cb,Western Bulldogs,Collingwood Magpies,2026-05-30T09:35:58Z,unibet,Unibet,,player_disposals_over,Joel Freijah,Over,4.8,24.5,20260530_093320
5e06aeff84a466044adc1db2aae029cb,Western Bulldogs,Collingwood Magpies,2026-05-30T09:35:58Z,unibet,Unibet,,player_disposals_over,Joel Freijah,Over,2.02,19.5,20260530_093320
5e06aeff84a466044adc1db2aae029cb,Western Bulldogs,Collingwood Magpies,2026-05-30T09:35:58Z,unibet,Unibet,,player_disposals_over,Lachie Jaques,Over,1.47,14.5,20260530_093320
5e06aeff84a466044adc1db2aae029cb,Western Bulldogs,Collingwood Magpies,2026-05-30T09:35:58Z,unibet,Unibet,,player_disposals_over,Lachie Jaques,Over,29.0,29.5,20260530_093320
5e06aeff84a466044adc1db2aae029cb,Western Bulldogs,Collingwood Magpies,2026-05-30T09:35:58Z,unibet,Unibet,,player_disposals_over,Lachlan Bramble,Over,9.5,24.5,20260530_093320
5e06aeff84a466044adc1db2aae029cb,Western Bulldogs,Collingwood Magpies,2026-05-30T09:35:58Z,unibet,Unibet,,player_disposals_over,Lachlan Bramble,Over,1.47,14.5,20260530_093320
5e06aeff84a466044adc1db2aae029cb,Western Bulldogs,Collingwood Magpies,2026-05-30T09:35:58Z,unibet,Unibet,,player_disposals_over,Marcus Bontempelli,Over,2.04,29.5,20260530_093320
5e06aeff84a466044adc1db2aae029cb,Western Bulldogs,Collingwood Magpies,2026-05-30T09:35:58Z,unibet,Unibet,,player_disposals_over,Matthew Kennedy,Over,4.4,29.5,20260530_093320
5e06aeff84a466044adc1db2aae029cb,Western Bulldogs,Collingwood Magpies,2026-05-30T09:35:58Z,unibet,Unibet,,player_disposals_over,Michael Sellwood,Over,16.0,24.5,20260530_093320
5e06aeff84a466044adc1db2aae029cb,Western Bulldogs,Collingwood Magpies,2026-05-30T09:35:58Z,unibet,Unibet,,player_disposals_over,Nicholas Coffield,Over,1.41,14.5,20260530_093320
5e06aeff84a466044adc1db2aae029cb,Western Bulldogs,Collingwood Magpies,2026-05-30T09:35:58Z,unibet,Unibet,,player_disposals_over,Rhylee West,Over,6.5,19.5,20260530_093320
5e06aeff84a466044adc1db2aae029cb,Western Bulldogs,Collingwood Magpies,2026-05-30T09:35:58Z,unibet,Unibet,,player_disposals_over,Rhylee West,Over,1.13,9.5,20260530_093320
5e06aeff84a466044adc1db2aae029cb,Western Bulldogs,Collingwood Magpies,2026-05-30T09:35:58Z,unibet,Unibet,,player_disposals_over,Rory Lobb,Over,2.23,14.5,20260530_093320
5e06aeff84a466044adc1db2aae029cb,Western Bulldogs,Collingwood Magpies,2026-05-30T09:35:58Z,unibet,Unibet,,player_disposals_over,Will Lewis,Over,4.6,14.5,20260530_093320
5e06aeff84a466044adc1db2aae029cb,Western Bulldogs,Collingwood Magpies,2026-05-30T09:35:58Z,unibet,Unibet,,player_disposals_over,Will Lewis,Over,1.54,9.5,20260530_093320
5e06aeff84a466044adc1db2aae029cb,Western Bulldogs,Collingwood Magpies,2026-05-30T09:35:58Z,unibet,Unibet,,player_disposals_over,Beau McCreery,Over,10.5,24.5,20260530_093320
5e06aeff84a466044adc1db2aae029cb,Western Bulldogs,Collingwood Magpies,2026-05-30T09:35:58Z,unibet,Unibet,,player_disposals_over,Beau McCreery,Over,1.51,14.5,20260530_093320
5e06aeff84a466044adc1db2aae029cb,Western Bulldogs,Collingwood Magpies,2026-05-30T09:35:58Z,unibet,Unibet,,player_disposals_over,Billy Frampton,Over,1.23,9.5,20260530_093320
5e06aeff84a466044adc1db2aae029cb,Western Bulldogs,Collingwood Magpies,2026-05-30T09:35:58Z,unibet,Unibet,,player_disposals_over,Brayden Maynard,Over,1.19,14.5,20260530_093320
5e06aeff84a466044adc1db2aae029cb,Western Bulldogs,Collingwood Magpies,2026-05-30T09:35:58Z,unibet,Unibet,,player_disposals_over,Dan Houston,Over,25.0,39.5,20260530_093320
5e06aeff84a466044adc1db2aae029cb,Western Bulldogs,Collingwood Magpies,2026-05-30T09:35:58Z,unibet,Unibet,,player_disposals_over,Dan Houston,Over,3.8,29.5,20260530_093320
5e06aeff84a466044adc1db2aae029cb,Western Bulldogs,Collingwood Magpies,2026-05-30T09:35:58Z,unibet,Unibet,,player_disposals_over,Daniel McStay,Over,1.57,9.5,20260530_093320
5e06aeff84a466044adc1db2aae029cb,Western Bulldogs,Collingwood Magpies,2026-05-30T09:35:58Z,unibet,Unibet,,player_disposals_over,Darcy Cameron,Over,5.4,24.5,20260530_093320
5e06aeff84a466044adc1db2aae029cb,Western Bulldogs,Collingwood Magpies,2026-05-30T09:35:58Z,unibet,Unibet,,player_disposals_over,Isaac Quaynor,Over,1.83,19.5,20260530_093320
5e06aeff84a466044adc1db2aae029cb,Western Bulldogs,Collingwood Magpies,2026-05-30T09:35:58Z,unibet,Unibet,,player_disposals_over,Isaac Quaynor,Over,4.25,24.5,20260530_093320
5e06aeff84a466044adc1db2aae029cb,Western Bulldogs,Collingwood Magpies,2026-05-30T09:35:58Z,unibet,Unibet,,player_disposals_over,Jack Crisp,Over,1.25,19.5,20260530_093320
5e06aeff84a466044adc1db2aae029cb,Western Bulldogs,Collingwood Magpies,2026-05-30T09:35:58Z,unibet,Unibet,,player_disposals_over,Jack Crisp,Over,12.0,34.5,20260530_093320
5e06aeff84a466044adc1db2aae029cb,Western Bulldogs,Collingwood Magpies,2026-05-30T09:35:58Z,unibet,Unibet,,player_disposals_over,Jeremy Howe,Over,2.1,19.5,20260530_093320
5e06aeff84a466044adc1db2aae029cb,Western Bulldogs,Collingwood Magpies,2026-05-30T09:35:58Z,unibet,Unibet,,player_disposals_over,Jeremy Howe,Over,1.18,14.5,20260530_093320
5e06aeff84a466044adc1db2aae029cb,Western Bulldogs,Collingwood Magpies,2026-05-30T09:35:58Z,unibet,Unibet,,player_disposals_over,Jeremy Howe,Over,5.2,24.5,20260530_093320
5e06aeff84a466044adc1db2aae029cb,Western Bulldogs,Collingwood Magpies,2026-05-30T09:35:58Z,unibet,Unibet,,player_disposals_over,Jeremy Howe,Over,41.0,34.5,20260530_093320
5e06aeff84a466044adc1db2aae029cb,Western Bulldogs,Collingwood Magpies,2026-05-30T09:35:58Z,unibet,Unibet,,player_disposals_over,Jordan De Goey,Over,2.38,24.5,20260530_093320
5e06aeff84a466044adc1db2aae029cb,Western Bulldogs,Collingwood Magpies,2026-05-30T09:35:58Z,unibet,Unibet,,player_disposals_over,Josh Daicos,Over,7.5,34.5,20260530_093320
5e06aeff84a466044adc1db2aae029cb,Western Bulldogs,Collingwood Magpies,2026-05-30T09:35:58Z,unibet,Unibet,,player_disposals_over,Lachlan Schultz,Over,10.5,24.5,20260530_093320
5e06aeff84a466044adc1db2aae029cb,Western Bulldogs,Collingwood Magpies,2026-05-30T09:35:58Z,unibet,Unibet,,player_disposals_over,Lachlan Schultz,Over,3.4,19.5,20260530_093320
5e06aeff84a466044adc1db2aae029cb,Western Bulldogs,Collingwood Magpies,2026-05-30T09:35:58Z,unibet,Unibet,,player_disposals_over,Lachlan Schultz,Over,31.0,29.5,20260530_093320
5e06aeff84a466044adc1db2aae029cb,Western Bulldogs,Collingwood Magpies,2026-05-30T09:35:58Z,unibet,Unibet,,player_disposals_over,Ned Long,Over,3.9,19.5,20260530_093320
5e06aeff84a466044adc1db2aae029cb,Western Bulldogs,Collingwood Magpies,2026-05-30T09:35:58Z,unibet,Unibet,,player_disposals_over,Ned Long,Over,12.0,24.5,20260530_093320
5e06aeff84a466044adc1db2aae029cb,Western Bulldogs,Collingwood Magpies,2026-05-30T09:35:58Z,unibet,Unibet,,player_disposals_over,Patrick Lipinski,Over,11.5,29.5,20260530_093320
5e06aeff84a466044adc1db2aae029cb,Western Bulldogs,Collingwood Magpies,2026-05-30T09:35:58Z,unibet,Unibet,,player_disposals_over,Patrick Lipinski,Over,31.0,34.5,20260530_093320
5e06aeff84a466044adc1db2aae029cb,Western Bulldogs,Collingwood Magpies,2026-05-30T09:35:58Z,unibet,Unibet,,player_disposals_over,Roan Steele,Over,1.5,14.5,20260530_093320
5e06aeff84a466044adc1db2aae029cb,Western Bulldogs,Collingwood Magpies,2026-05-30T09:35:58Z,unibet,Unibet,,player_disposals_over,Roan Steele,Over,10.5,24.5,20260530_093320
5e06aeff84a466044adc1db2aae029cb,Western Bulldogs,Collingwood Magpies,2026-05-30T09:35:58Z,unibet,Unibet,,player_disposals_over,Roan Steele,Over,31.0,29.5,20260530_093320
5e06aeff84a466044adc1db2aae029cb,Western Bulldogs,Collingwood Magpies,2026-05-30T09:35:58Z,unibet,Unibet,,player_disposals_over,Scott Pendlebury,Over,30.0,39.5,20260530_093320
5e06aeff84a466044adc1db2aae029cb,Western Bulldogs,Collingwood Magpies,2026-05-30T09:35:58Z,unibet,Unibet,,player_disposals_over,Steele Sidebottom,Over,2.95,19.5,20260530_093320
5e06aeff84a466044adc1db2aae029cb,Western Bulldogs,Collingwood Magpies,2026-05-30T09:35:58Z,unibet,Unibet,,player_disposals_over,Tim Membrey,Over,4.8,14.5,20260530_093320
5e06aeff84a466044adc1db2aae029cb,Western Bulldogs,Collingwood Magpies,2026-05-30T09:35:58Z,unibet,Unibet,,player_disposals_over,Wil Parker,Over,8.5,19.5,20260530_093320
5e06aeff84a466044adc1db2aae029cb,Western Bulldogs,Collingwood Magpies,2026-05-30T09:35:58Z,unibet,Unibet,,player_disposals_over,Timothy English,Over,26.0,29.5,20260530_093320
5e06aeff84a466044adc1db2aae029cb,Western Bulldogs,Collingwood Magpies,2026-05-30T09:35:58Z,unibet,Unibet,,player_disposals_over,Timothy English,Over,3.0,19.5,20260530_093320
5e06aeff84a466044adc1db2aae029cb,Western Bulldogs,Collingwood Magpies,2026-05-30T09:35:58Z,unibet,Unibet,,player_disposals_over,Jordan Croft,Over,6.0,14.5,20260530_093320
5e06aeff84a466044adc1db2aae029cb,Western Bulldogs,Collingwood Magpies,2026-05-30T09:35:58Z,unibet,Unibet,,player_disposals_over,Timothy English,Over,1.41,14.5,20260530_093320
5e06aeff84a466044adc1db2aae029cb,Western Bulldogs,Collingwood Magpies,2026-05-30T09:35:58Z,unibet,Unibet,,player_disposals_over,Jordan Croft,Over,1.79,9.5,20260530_093320
5e06aeff84a466044adc1db2aae029cb,Western Bulldogs,Collingwood Magpies,2026-05-30T09:35:58Z,unibet,Unibet,,player_disposals_over,Timothy English,Over,8.5,24.5,20260530_093320
5e06aeff84a466044adc1db2aae029cb,Western Bulldogs,Collingwood Magpies,2026-05-30T09:35:58Z,unibet,Unibet,,player_goal_scorer_anytime,Arthur Jones,Yes,1.41,,20260530_093320
5e06aeff84a466044adc1db2aae029cb,Western Bulldogs,Collingwood Magpies,2026-05-30T09:35:58Z,unibet,Unibet,,player_goal_scorer_anytime,Joel Freijah,Yes,2.43,,20260530_093320
5e06aeff84a466044adc1db2aae029cb,Western Bulldogs,Collingwood Magpies,2026-05-30T09:35:58Z,unibet,Unibet,,player_goal_scorer_anytime,Rhylee West,Yes,1.11,,20260530_093320
5e06aeff84a466044adc1db2aae029cb,Western Bulldogs,Collingwood Magpies,2026-05-30T09:35:58Z,unibet,Unibet,,player_goal_scorer_anytime,Lachlan Bramble,Yes,2.75,,20260530_093320
5e06aeff84a466044adc1db2aae029cb,Western Bulldogs,Collingwood Magpies,2026-05-30T09:35:58Z,unibet,Unibet,,player_goal_scorer_anytime,Lachie McNeil,Yes,1.97,,20260530_093320
5e06aeff84a466044adc1db2aae029cb,Western Bulldogs,Collingwood Magpies,2026-05-30T09:35:58Z,unibet,Unibet,,player_goal_scorer_anytime,Adam Treloar,Yes,2.9,,20260530_093320
5e06aeff84a466044adc1db2aae029cb,Western Bulldogs,Collingwood Magpies,2026-05-30T09:35:58Z,unibet,Unibet,,player_goal_scorer_anytime,Marcus Bontempelli,Yes,1.26,,20260530_093320
5e06aeff84a466044adc1db2aae029cb,Western Bulldogs,Collingwood Magpies,2026-05-30T09:35:58Z,unibet,Unibet,,player_goal_scorer_anytime,Jordan Croft,Yes,1.49,,20260530_093320
5e06aeff84a466044adc1db2aae029cb,Western Bulldogs,Collingwood Magpies,2026-05-30T09:35:58Z,unibet,Unibet,,player_goal_scorer_anytime,Will Lewis,Yes,1.25,,20260530_093320
5e06aeff84a466044adc1db2aae029cb,Western Bulldogs,Collingwood Magpies,2026-05-30T09:35:58Z,unibet,Unibet,,player_goal_scorer_anytime,Patrick Lipinski,Yes,2.6,,20260530_093320
5e06aeff84a466044adc1db2aae029cb,Western Bulldogs,Collingwood Magpies,2026-05-30T09:35:58Z,unibet,Unibet,,player_goal_scorer_anytime,Darcy Cameron,Yes,3.5,,20260530_093320
5e06aeff84a466044adc1db2aae029cb,Western Bulldogs,Collingwood Magpies,2026-05-30T09:35:58Z,unibet,Unibet,,player_goal_scorer_anytime,Ned Long,Yes,2.35,,20260530_093320
5e06aeff84a466044adc1db2aae029cb,Western Bulldogs,Collingwood Magpies,2026-05-30T09:35:58Z,unibet,Unibet,,player_goal_scorer_anytime,Nick Daicos,Yes,1.19,,20260530_093320
5e06aeff84a466044adc1db2aae029cb,Western Bulldogs,Collingwood Magpies,2026-05-30T09:35:58Z,unibet,Unibet,,player_goal_scorer_anytime,Angus Anderson,Yes,1.76,,20260530_093320
5e06aeff84a466044adc1db2aae029cb,Western Bulldogs,Collingwood Magpies,2026-05-30T09:35:58Z,unibet,Unibet,,player_goal_scorer_anytime,Ryley Sanders,Yes,2.55,,20260530_093320
5e06aeff84a466044adc1db2aae029cb,Western Bulldogs,Collingwood Magpies,2026-05-30T09:35:58Z,unibet,Unibet,,player_goal_scorer_anytime,Matthew Kennedy,Yes,3.2,,20260530_093320
5e06aeff84a466044adc1db2aae029cb,Western Bulldogs,Collingwood Magpies,2026-05-30T09:35:58Z,unibet,Unibet,,player_goal_scorer_anytime,Ed Richards,Yes,1.7,,20260530_093320
5e06aeff84a466044adc1db2aae029cb,Western Bulldogs,Collingwood Magpies,2026-05-30T09:35:58Z,unibet,Unibet,,player_goal_scorer_anytime,Cooper Hynes,Yes,1.87,,20260530_093320
5e06aeff84a466044adc1db2aae029cb,Western Bulldogs,Collingwood Magpies,2026-05-30T09:35:58Z,unibet,Unibet,,player_goal_scorer_anytime,Steele Sidebottom,Yes,2.95,,20260530_093320
5e06aeff84a466044adc1db2aae029cb,Western Bulldogs,Collingwood Magpies,2026-05-30T09:35:58Z,unibet,Unibet,,player_goal_scorer_anytime,Lachlan Schultz,Yes,1.4,,20260530_093320
5e06aeff84a466044adc1db2aae029cb,Western Bulldogs,Collingwood Magpies,2026-05-30T09:35:58Z,unibet,Unibet,,player_goal_scorer_anytime,Tim Membrey,Yes,1.17,,20260530_093320
5e06aeff84a466044adc1db2aae029cb,Western Bulldogs,Collingwood Magpies,2026-05-30T09:35:58Z,unibet,Unibet,,player_goal_scorer_anytime,Roan Steele,Yes,1.78,,20260530_093320
5e06aeff84a466044adc1db2aae029cb,Western Bulldogs,Collingwood Magpies,2026-05-30T09:35:58Z,unibet,Unibet,,player_goal_scorer_anytime,Scott Pendlebury,Yes,2.85,,20260530_093320
5e06aeff84a466044adc1db2aae029cb,Western Bulldogs,Collingwood Magpies,2026-05-30T09:35:58Z,unibet,Unibet,,player_goal_scorer_anytime,Daniel McStay,Yes,1.12,,20260530_093320
5e06aeff84a466044adc1db2aae029cb,Western Bulldogs,Collingwood Magpies,2026-05-30T09:35:58Z,unibet,Unibet,,player_goal_scorer_anytime,Beau McCreery,Yes,1.95,,20260530_093320
5e06aeff84a466044adc1db2aae029cb,Western Bulldogs,Collingwood Magpies,2026-05-30T09:35:58Z,unibet,Unibet,,player_goal_scorer_anytime,Jordan De Goey,Yes,1.32,,20260530_093320
5e06aeff84a466044adc1db2aae029cb,Western Bulldogs,Collingwood Magpies,2026-05-30T09:35:58Z,unibet,Unibet,,player_goal_scorer_anytime,Dan Houston,Yes,3.25,,20260530_093320
5e06aeff84a466044adc1db2aae029cb,Western Bulldogs,Collingwood Magpies,2026-05-30T09:35:58Z,unibet,Unibet,,player_goal_scorer_anytime,Jack Crisp,Yes,2.95,,20260530_093320
5e06aeff84a466044adc1db2aae029cb,Western Bulldogs,Collingwood Magpies,2026-05-30T09:35:58Z,unibet,Unibet,,player_goal_scorer_anytime,Timothy English,Yes,2.14,,20260530_093320
5e06aeff84a466044adc1db2aae029cb,Western Bulldogs,Collingwood Magpies,2026-05-30T09:35:58Z,unibet,Unibet,,player_goal_scorer_anytime,Harvey Harrison,Yes,1.91,,20260530_093320
5e06aeff84a466044adc1db2aae029cb,Western Bulldogs,Collingwood Magpies,2026-05-30T09:35:58Z,tabtouch,TABtouch,,player_disposals_over,Aaron Naughton,Over,3.2,14.5,20260530_093320
5e06aeff84a466044adc1db2aae029cb,Western Bulldogs,Collingwood Magpies,2026-05-30T09:35:58Z,tabtouch,TABtouch,,player_disposals_over,Adam Treloar,Over,1.35,19.5,20260530_093320
5e06aeff84a466044adc1db2aae029cb,Western Bulldogs,Collingwood Magpies,2026-05-30T09:35:58Z,tabtouch,TABtouch,,player_disposals_over,Bailey Dale,Over,1.75,29.5,20260530_093320
5e06aeff84a466044adc1db2aae029cb,Western Bulldogs,Collingwood Magpies,2026-05-30T09:35:58Z,tabtouch,TABtouch,,player_disposals_over,Buku Khamis,Over,1.09,9.5,20260530_093320
5e06aeff84a466044adc1db2aae029cb,Western Bulldogs,Collingwood Magpies,2026-05-30T09:35:58Z,tabtouch,TABtouch,,player_disposals_over,Connor Budarick,Over,18.0,34.5,20260530_093320
5e06aeff84a466044adc1db2aae029cb,Western Bulldogs,Collingwood Magpies,2026-05-30T09:35:58Z,tabtouch,TABtouch,,player_disposals_over,Cooper Hynes,Over,15.0,19.5,20260530_093320
5e06aeff84a466044adc1db2aae029cb,Western Bulldogs,Collingwood Magpies,2026-05-30T09:35:58Z,tabtouch,TABtouch,,player_disposals_over,Ed Richards,Over,1.09,19.5,20260530_093320
5e06aeff84a466044adc1db2aae029cb,Western Bulldogs,Collingwood Magpies,2026-05-30T09:35:58Z,tabtouch,TABtouch,,player_disposals_over,Ed Richards,Over,7.0,34.5,20260530_093320
5e06aeff84a466044adc1db2aae029cb,Western Bulldogs,Collingwood Magpies,2026-05-30T09:35:58Z,tabtouch,TABtouch,,player_disposals_over,James O'Donnell,Over,1.29,9.5,20260530_093320
5e06aeff84a466044adc1db2aae029cb,Western Bulldogs,Collingwood Magpies,2026-05-30T09:35:58Z,tabtouch,TABtouch,,player_disposals_over,James O'Donnell,Over,10.5,19.5,20260530_093320
5e06aeff84a466044adc1db2aae029cb,Western Bulldogs,Collingwood Magpies,2026-05-30T09:35:58Z,tabtouch,TABtouch,,player_disposals_over,Joel Freijah,Over,1.16,14.5,20260530_093320
5e06aeff84a466044adc1db2aae029cb,Western Bulldogs,Collingwood Magpies,2026-05-30T09:35:58Z,tabtouch,TABtouch,,player_disposals_over,Lachie Jaques,Over,3.3,19.5,20260530_093320
5e06aeff84a466044adc1db2aae029cb,Western Bulldogs,Collingwood Magpies,2026-05-30T09:35:58Z,tabtouch,TABtouch,,player_disposals_over,Lachlan Bramble,Over,30.0,29.5,20260530_093320
5e06aeff84a466044adc1db2aae029cb,Western Bulldogs,Collingwood Magpies,2026-05-30T09:35:58Z,tabtouch,TABtouch,,player_disposals_over,Lachie McNeil,Over,1.35,9.5,20260530_093320
5e06aeff84a466044adc1db2aae029cb,Western Bulldogs,Collingwood Magpies,2026-05-30T09:35:58Z,tabtouch,TABtouch,,player_disposals_over,Lachie McNeil,Over,3.35,14.5,20260530_093320
5e06aeff84a466044adc1db2aae029cb,Western Bulldogs,Collingwood Magpies,2026-05-30T09:35:58Z,tabtouch,TABtouch,,player_disposals_over,Marcus Bontempelli,Over,1.27,24.5,20260530_093320
5e06aeff84a466044adc1db2aae029cb,Western Bulldogs,Collingwood Magpies,2026-05-30T09:35:58Z,tabtouch,TABtouch,,player_disposals_over,Matthew Kennedy,Over,11.5,34.5,20260530_093320
5e06aeff84a466044adc1db2aae029cb,Western Bulldogs,Collingwood Magpies,2026-05-30T09:35:58Z,tabtouch,TABtouch,,player_disposals_over,Matthew Kennedy,Over,2.02,24.5,20260530_093320
5e06aeff84a466044adc1db2aae029cb,Western Bulldogs,Collingwood Magpies,2026-05-30T09:35:58Z,tabtouch,TABtouch,,player_disposals_over,Michael Sellwood,Over,1.83,14.5,20260530_093320
5e06aeff84a466044adc1db2aae029cb,Western Bulldogs,Collingwood Magpies,2026-05-30T09:35:58Z,tabtouch,TABtouch,,player_disposals_over,Michael Sellwood,Over,1.06,9.5,20260530_093320
5e06aeff84a466044adc1db2aae029cb,Western Bulldogs,Collingwood Magpies,2026-05-30T09:35:58Z,tabtouch,TABtouch,,player_disposals_over,Nicholas Coffield,Over,26.0,29.5,20260530_093320
5e06aeff84a466044adc1db2aae029cb,Western Bulldogs,Collingwood Magpies,2026-05-30T09:35:58Z,tabtouch,TABtouch,,player_disposals_over,Nicholas Coffield,Over,3.0,19.5,20260530_093320
5e06aeff84a466044adc1db2aae029cb,Western Bulldogs,Collingwood Magpies,2026-05-30T09:35:58Z,tabtouch,TABtouch,,player_disposals_over,Rhylee West,Over,2.23,14.5,20260530_093320
5e06aeff84a466044adc1db2aae029cb,Western Bulldogs,Collingwood Magpies,2026-05-30T09:35:58Z,tabtouch,TABtouch,,player_disposals_over,Rory Lobb,Over,1.13,9.5,20260530_093320
5e06aeff84a466044adc1db2aae029cb,Western Bulldogs,Collingwood Magpies,2026-05-30T09:35:58Z,tabtouch,TABtouch,,player_disposals_over,Ryley Sanders,Over,1.05,19.5,20260530_093320
5e06aeff84a466044adc1db2aae029cb,Western Bulldogs,Collingwood Magpies,2026-05-30T09:35:58Z,tabtouch,TABtouch,,player_disposals_over,Ryley Sanders,Over,15.0,39.5,20260530_093320
5e06aeff84a466044adc1db2aae029cb,Western Bulldogs,Collingwood Magpies,2026-05-30T09:35:58Z,tabtouch,TABtouch,,player_disposals_over,Ryley Sanders,Over,5.8,34.5,20260530_093320
5e06aeff84a466044adc1db2aae029cb,Western Bulldogs,Collingwood Magpies,2026-05-30T09:35:58Z,tabtouch,TABtouch,,player_disposals_over,Beau McCreery,Over,31.0,29.5,20260530_093320
5e06aeff84a466044adc1db2aae029cb,Western Bulldogs,Collingwood Magpies,2026-05-30T09:35:58Z,tabtouch,TABtouch,,player_disposals_over,Brayden Maynard,Over,16.0,29.5,20260530_093320
5e06aeff84a466044adc1db2aae029cb,Western Bulldogs,Collingwood Magpies,2026-05-30T09:35:58Z,tabtouch,TABtouch,,player_disposals_over,Brayden Maynard,Over,5.4,24.5,20260530_093320
5e06aeff84a466044adc1db2aae029cb,Western Bulldogs,Collingwood Magpies,2026-05-30T09:35:58Z,tabtouch,TABtouch,,player_disposals_over,Brayden Maynard,Over,41.0,34.5,20260530_093320
5e06aeff84a466044adc1db2aae029cb,Western Bulldogs,Collingwood Magpies,2026-05-30T09:35:58Z,tabtouch,TABtouch,,player_disposals_over,Dan Houston,Over,1.16,19.5,20260530_093320
5e06aeff84a466044adc1db2aae029cb,Western Bulldogs,Collingwood Magpies,2026-05-30T09:35:58Z,tabtouch,TABtouch,,player_disposals_over,Daniel McStay,Over,4.8,14.5,20260530_093320
5e06aeff84a466044adc1db2aae029cb,Western Bulldogs,Collingwood Magpies,2026-05-30T09:35:58Z,tabtouch,TABtouch,,player_disposals_over,Darcy Cameron,Over,16.0,29.5,20260530_093320
5e06aeff84a466044adc1db2aae029cb,Western Bulldogs,Collingwood Magpies,2026-05-30T09:35:58Z,tabtouch,TABtouch,,player_disposals_over,Edward Allan,Over,1.06,9.5,20260530_093320
5e06aeff84a466044adc1db2aae029cb,Western Bulldogs,Collingwood Magpies,2026-05-30T09:35:58Z,tabtouch,TABtouch,,player_disposals_over,Edward Allan,Over,16.0,24.5,20260530_093320
5e06aeff84a466044adc1db2aae029cb,Western Bulldogs,Collingwood Magpies,2026-05-30T09:35:58Z,tabtouch,TABtouch,,player_disposals_over,Isaac Quaynor,Over,12.0,29.5,20260530_093320
5e06aeff84a466044adc1db2aae029cb,Western Bulldogs,Collingwood Magpies,2026-05-30T09:35:58Z,tabtouch,TABtouch,,player_disposals_over,Isaac Quaynor,Over,31.0,34.5,20260530_093320
5e06aeff84a466044adc1db2aae029cb,Western Bulldogs,Collingwood Magpies,2026-05-30T09:35:58Z,tabtouch,TABtouch,,player_disposals_over,Jack Crisp,Over,31.0,39.5,20260530_093320
5e06aeff84a466044adc1db2aae029cb,Western Bulldogs,Collingwood Magpies,2026-05-30T09:35:58Z,tabtouch,TABtouch,,player_disposals_over,Jordan De Goey,Over,5.6,29.5,20260530_093320
5e06aeff84a466044adc1db2aae029cb,Western Bulldogs,Collingwood Magpies,2026-05-30T09:35:58Z,tabtouch,TABtouch,,player_disposals_over,Jordan De Goey,Over,36.0,39.5,20260530_093320
5e06aeff84a466044adc1db2aae029cb,Western Bulldogs,Collingwood Magpies,2026-05-30T09:35:58Z,tabtouch,TABtouch,,player_disposals_over,Josh Daicos,Over,3.1,29.5,20260530_093320
5e06aeff84a466044adc1db2aae029cb,Western Bulldogs,Collingwood Magpies,2026-05-30T09:35:58Z,tabtouch,TABtouch,,player_disposals_over,Lachlan Schultz,Over,1.5,14.5,20260530_093320
5e06aeff84a466044adc1db2aae029cb,Western Bulldogs,Collingwood Magpies,2026-05-30T09:35:58Z,tabtouch,TABtouch,,player_disposals_over,Ned Long,Over,1.61,14.5,20260530_093320
5e06aeff84a466044adc1db2aae029cb,Western Bulldogs,Collingwood Magpies,2026-05-30T09:35:58Z,tabtouch,TABtouch,,player_disposals_over,Nick Daicos,Over,1.05,24.5,20260530_093320
5e06aeff84a466044adc1db2aae029cb,Western Bulldogs,Collingwood Magpies,2026-05-30T09:35:58Z,tabtouch,TABtouch,,player_disposals_over,Patrick Lipinski,Over,1.82,19.5,20260530_093320
5e06aeff84a466044adc1db2aae029cb,Western Bulldogs,Collingwood Magpies,2026-05-30T09:35:58Z,tabtouch,TABtouch,,player_disposals_over,Roan Steele,Over,3.45,19.5,20260530_093320
5e06aeff84a466044adc1db2aae029cb,Western Bulldogs,Collingwood Magpies,2026-05-30T09:35:58Z,tabtouch,TABtouch,,player_disposals_over,Scott Pendlebury,Over,4.6,29.5,20260530_093320
5e06aeff84a466044adc1db2aae029cb,Western Bulldogs,Collingwood Magpies,2026-05-30T09:35:58Z,tabtouch,TABtouch,,player_disposals_over,Scott Pendlebury,Over,12.0,34.5,20260530_093320
5e06aeff84a466044adc1db2aae029cb,Western Bulldogs,Collingwood Magpies,2026-05-30T09:35:58Z,tabtouch,TABtouch,,player_disposals_over,Steele Sidebottom,Over,26.0,29.5,20260530_093320
5e06aeff84a466044adc1db2aae029cb,Western Bulldogs,Collingwood Magpies,2026-05-30T09:35:58Z,tabtouch,TABtouch,,player_disposals_over,Wil Parker,Over,2.6,14.5,20260530_093320
5e06aeff84a466044adc1db2aae029cb,Western Bulldogs,Collingwood Magpies,2026-05-30T09:35:58Z,tabtouch,TABtouch,,player_disposals_over,Aaron Naughton,Over,11.0,19.5,20260530_093320
5e06aeff84a466044adc1db2aae029cb,Western Bulldogs,Collingwood Magpies,2026-05-30T09:35:58Z,tabtouch,TABtouch,,player_disposals_over,Adam Treloar,Over,16.0,34.5,20260530_093320
5e06aeff84a466044adc1db2aae029cb,Western Bulldogs,Collingwood Magpies,2026-05-30T09:35:58Z,tabtouch,TABtouch,,player_disposals_over,Adam Treloar,Over,5.8,29.5,20260530_093320
5e06aeff84a466044adc1db2aae029cb,Western Bulldogs,Collingwood Magpies,2026-05-30T09:35:58Z,tabtouch,TABtouch,,player_disposals_over,Angus Anderson,Over,4.7,19.5,20260530_093320
5e06aeff84a466044adc1db2aae029cb,Western Bulldogs,Collingwood Magpies,2026-05-30T09:35:58Z,tabtouch,TABtouch,,player_disposals_over,Angus Anderson,Over,1.8,14.5,20260530_093320
5e06aeff84a466044adc1db2aae029cb,Western Bulldogs,Collingwood Magpies,2026-05-30T09:35:58Z,tabtouch,TABtouch,,player_disposals_over,Arthur Jones,Over,2.28,14.5,20260530_093320
5e06aeff84a466044adc1db2aae029cb,Western Bulldogs,Collingwood Magpies,2026-05-30T09:35:58Z,tabtouch,TABtouch,,player_disposals_over,Arthur Jones,Over,1.14,9.5,20260530_093320
5e06aeff84a466044adc1db2aae029cb,Western Bulldogs,Collingwood Magpies,2026-05-30T09:35:58Z,tabtouch,TABtouch,,player_disposals_over,Bailey Dale,Over,3.3,34.5,20260530_093320
5e06aeff84a466044adc1db2aae029cb,Western Bulldogs,Collingwood Magpies,2026-05-30T09:35:58Z,tabtouch,TABtouch,,player_disposals_over,Connor Budarick,Over,46.0,39.5,20260530_093320
5e06aeff84a466044adc1db2aae029cb,Western Bulldogs,Collingwood Magpies,2026-05-30T09:35:58Z,tabtouch,TABtouch,,player_disposals_over,Connor Budarick,Over,6.5,29.5,20260530_093320
5e06aeff84a466044adc1db2aae029cb,Western Bulldogs,Collingwood Magpies,2026-05-30T09:35:58Z,tabtouch,TABtouch,,player_disposals_over,Cooper Hynes,Over,1.47,9.5,20260530_093320
5e06aeff84a466044adc1db2aae029cb,Western Bulldogs,Collingwood Magpies,2026-05-30T09:35:58Z,tabtouch,TABtouch,,player_disposals_over,Ed Richards,Over,1.6,24.5,20260530_093320
5e06aeff84a466044adc1db2aae029cb,Western Bulldogs,Collingwood Magpies,2026-05-30T09:35:58Z,tabtouch,TABtouch,,player_disposals_over,Ed Richards,Over,3.05,29.5,20260530_093320
5e06aeff84a466044adc1db2aae029cb,Western Bulldogs,Collingwood Magpies,2026-05-30T09:35:58Z,tabtouch,TABtouch,,player_disposals_over,Ed Richards,Over,18.0,39.5,20260530_093320
5e06aeff84a466044adc1db2aae029cb,Western Bulldogs,Collingwood Magpies,2026-05-30T09:35:58Z,tabtouch,TABtouch,,player_disposals_over,James O'Donnell,Over,3.05,14.5,20260530_093320
5e06aeff84a466044adc1db2aae029cb,Western Bulldogs,Collingwood Magpies,2026-05-30T09:35:58Z,tabtouch,TABtouch,,player_disposals_over,Joel Freijah,Over,36.0,34.5,20260530_093320
5e06aeff84a466044adc1db2aae029cb,Western Bulldogs,Collingwood Magpies,2026-05-30T09:35:58Z,tabtouch,TABtouch,,player_disposals_over,Joel Freijah,Over,14.0,29.5,20260530_093320
5e06aeff84a466044adc1db2aae029cb,Western Bulldogs,Collingwood Magpies,2026-05-30T09:35:58Z,tabtouch,TABtouch,,player_disposals_over,Lachie Jaques,Over,10.0,24.5,20260530_093320
5e06aeff84a466044adc1db2aae029cb,Western Bulldogs,Collingwood Magpies,2026-05-30T09:35:58Z,tabtouch,TABtouch,,player_disposals_over,Lachlan Bramble,Over,3.3,19.5,20260530_093320
5e06aeff84a466044adc1db2aae029cb,Western Bulldogs,Collingwood Magpies,2026-05-30T09:35:58Z,tabtouch,TABtouch,,player_disposals_over,Lachie McNeil,Over,12.0,19.5,20260530_093320
5e06aeff84a466044adc1db2aae029cb,Western Bulldogs,Collingwood Magpies,2026-05-30T09:35:58Z,tabtouch,TABtouch,,player_disposals_over,Marcus Bontempelli,Over,4.1,34.5,20260530_093320
5e06aeff84a466044adc1db2aae029cb,Western Bulldogs,Collingwood Magpies,2026-05-30T09:35:58Z,tabtouch,TABtouch,,player_disposals_over,Marcus Bontempelli,Over,9.5,39.5,20260530_093320
5e06aeff84a466044adc1db2aae029cb,Western Bulldogs,Collingwood Magpies,2026-05-30T09:35:58Z,tabtouch,TABtouch,,player_disposals_over,Matthew Kennedy,Over,29.0,39.5,20260530_093320
5e06aeff84a466044adc1db2aae029cb,Western Bulldogs,Collingwood Magpies,2026-05-30T09:35:58Z,tabtouch,TABtouch,,player_disposals_over,Matthew Kennedy,Over,1.22,19.5,20260530_093320
5e06aeff84a466044adc1db2aae029cb,Western Bulldogs,Collingwood Magpies,2026-05-30T09:35:58Z,tabtouch,TABtouch,,player_disposals_over,Michael Sellwood,Over,4.8,19.5,20260530_093320
5e06aeff84a466044adc1db2aae029cb,Western Bulldogs,Collingwood Magpies,2026-05-30T09:35:58Z,tabtouch,TABtouch,,player_disposals_over,Nicholas Coffield,Over,8.5,24.5,20260530_093320
5e06aeff84a466044adc1db2aae029cb,Western Bulldogs,Collingwood Magpies,2026-05-30T09:35:58Z,tabtouch,TABtouch,,player_disposals_over,Rory Lobb,Over,6.5,19.5,20260530_093320
5e06aeff84a466044adc1db2aae029cb,Western Bulldogs,Collingwood Magpies,2026-05-30T09:35:58Z,tabtouch,TABtouch,,player_disposals_over,Ryley Sanders,Over,1.45,24.5,20260530_093320
5e06aeff84a466044adc1db2aae029cb,Western Bulldogs,Collingwood Magpies,2026-05-30T09:35:58Z,tabtouch,TABtouch,,player_disposals_over,Ryley Sanders,Over,2.63,29.5,20260530_093320
5e06aeff84a466044adc1db2aae029cb,Western Bulldogs,Collingwood Magpies,2026-05-30T09:35:58Z,tabtouch,TABtouch,,player_disposals_over,Beau McCreery,Over,3.5,19.5,20260530_093320
5e06aeff84a466044adc1db2aae029cb,Western Bulldogs,Collingwood Magpies,2026-05-30T09:35:58Z,tabtouch,TABtouch,,player_disposals_over,Billy Frampton,Over,2.8,14.5,20260530_093320
5e06aeff84a466044adc1db2aae029cb,Western Bulldogs,Collingwood Magpies,2026-05-30T09:35:58Z,tabtouch,TABtouch,,player_disposals_over,Billy Frampton,Over,9.5,19.5,20260530_093320
5e06aeff84a466044adc1db2aae029cb,Western Bulldogs,Collingwood Magpies,2026-05-30T09:35:58Z,tabtouch,TABtouch,,player_disposals_over,Brayden Maynard,Over,2.15,19.5,20260530_093320
5e06aeff84a466044adc1db2aae029cb,Western Bulldogs,Collingwood Magpies,2026-05-30T09:35:58Z,tabtouch,TABtouch,,player_disposals_over,Dan Houston,Over,1.83,24.5,20260530_093320
5e06aeff84a466044adc1db2aae029cb,Western Bulldogs,Collingwood Magpies,2026-05-30T09:35:58Z,tabtouch,TABtouch,,player_disposals_over,Dan Houston,Over,9.5,34.5,20260530_093320
5e06aeff84a466044adc1db2aae029cb,Western Bulldogs,Collingwood Magpies,2026-05-30T09:35:58Z,tabtouch,TABtouch,,player_disposals_over,Darcy Cameron,Over,1.2,14.5,20260530_093320
5e06aeff84a466044adc1db2aae029cb,Western Bulldogs,Collingwood Magpies,2026-05-30T09:35:58Z,tabtouch,TABtouch,,player_disposals_over,Darcy Cameron,Over,41.0,34.5,20260530_093320
5e06aeff84a466044adc1db2aae029cb,Western Bulldogs,Collingwood Magpies,2026-05-30T09:35:58Z,tabtouch,TABtouch,,player_disposals_over,Darcy Cameron,Over,2.15,19.5,20260530_093320
5e06aeff84a466044adc1db2aae029cb,Western Bulldogs,Collingwood Magpies,2026-05-30T09:35:58Z,tabtouch,TABtouch,,player_disposals_over,Edward Allan,Over,4.9,19.5,20260530_093320
5e06aeff84a466044adc1db2aae029cb,Western Bulldogs,Collingwood Magpies,2026-05-30T09:35:58Z,tabtouch,TABtouch,,player_disposals_over,Edward Allan,Over,1.83,14.5,20260530_093320
5e06aeff84a466044adc1db2aae029cb,Western Bulldogs,Collingwood Magpies,2026-05-30T09:35:58Z,tabtouch,TABtouch,,player_disposals_over,Isaac Quaynor,Over,1.12,14.5,20260530_093320
5e06aeff84a466044adc1db2aae029cb,Western Bulldogs,Collingwood Magpies,2026-05-30T09:35:58Z,tabtouch,TABtouch,,player_disposals_over,Jack Crisp,Over,4.75,29.5,20260530_093320
5e06aeff84a466044adc1db2aae029cb,Western Bulldogs,Collingwood Magpies,2026-05-30T09:35:58Z,tabtouch,TABtouch,,player_disposals_over,Jack Crisp,Over,2.14,24.5,20260530_093320
5e06aeff84a466044adc1db2aae029cb,Western Bulldogs,Collingwood Magpies,2026-05-30T09:35:58Z,tabtouch,TABtouch,,player_disposals_over,Jeremy Howe,Over,15.0,29.5,20260530_093320
5e06aeff84a466044adc1db2aae029cb,Western Bulldogs,Collingwood Magpies,2026-05-30T09:35:58Z,tabtouch,TABtouch,,player_disposals_over,Jordan De Goey,Over,15.0,34.5,20260530_093320
5e06aeff84a466044adc1db2aae029cb,Western Bulldogs,Collingwood Magpies,2026-05-30T09:35:58Z,tabtouch,TABtouch,,player_disposals_over,Jordan De Goey,Over,1.32,19.5,20260530_093320
5e06aeff84a466044adc1db2aae029cb,Western Bulldogs,Collingwood Magpies,2026-05-30T09:35:58Z,tabtouch,TABtouch,,player_disposals_over,Josh Daicos,Over,19.0,39.5,20260530_093320
5e06aeff84a466044adc1db2aae029cb,Western Bulldogs,Collingwood Magpies,2026-05-30T09:35:58Z,tabtouch,TABtouch,,player_disposals_over,Josh Daicos,Over,1.09,19.5,20260530_093320
5e06aeff84a466044adc1db2aae029cb,Western Bulldogs,Collingwood Magpies,2026-05-30T09:35:58Z,tabtouch,TABtouch,,player_disposals_over,Josh Daicos,Over,1.61,24.5,20260530_093320
5e06aeff84a466044adc1db2aae029cb,Western Bulldogs,Collingwood Magpies,2026-05-30T09:35:58Z,tabtouch,TABtouch,,player_disposals_over,Nick Daicos,Over,4.6,39.5,20260530_093320
5e06aeff84a466044adc1db2aae029cb,Western Bulldogs,Collingwood Magpies,2026-05-30T09:35:58Z,tabtouch,TABtouch,,player_disposals_over,Nick Daicos,Over,2.28,34.5,20260530_093320
5e06aeff84a466044adc1db2aae029cb,Western Bulldogs,Collingwood Magpies,2026-05-30T09:35:58Z,tabtouch,TABtouch,,player_disposals_over,Nick Daicos,Over,1.4,29.5,20260530_093320
5e06aeff84a466044adc1db2aae029cb,Western Bulldogs,Collingwood Magpies,2026-05-30T09:35:58Z,tabtouch,TABtouch,,player_disposals_over,Patrick Lipinski,Over,4.2,24.5,20260530_093320
5e06aeff84a466044adc1db2aae029cb,Western Bulldogs,Collingwood Magpies,2026-05-30T09:35:58Z,tabtouch,TABtouch,,player_disposals_over,Patrick Lipinski,Over,1.11,14.5,20260530_093320
5e06aeff84a466044adc1db2aae029cb,Western Bulldogs,Collingwood Magpies,2026-05-30T09:35:58Z,tabtouch,TABtouch,,player_disposals_over,Scott Pendlebury,Over,2.1,24.5,20260530_093320
5e06aeff84a466044adc1db2aae029cb,Western Bulldogs,Collingwood Magpies,2026-05-30T09:35:58Z,tabtouch,TABtouch,,player_disposals_over,Scott Pendlebury,Over,1.24,19.5,20260530_093320
5e06aeff84a466044adc1db2aae029cb,Western Bulldogs,Collingwood Magpies,2026-05-30T09:35:58Z,tabtouch,TABtouch,,player_disposals_over,Steele Sidebottom,Over,1.4,14.5,20260530_093320
5e06aeff84a466044adc1db2aae029cb,Western Bulldogs,Collingwood Magpies,2026-05-30T09:35:58Z,tabtouch,TABtouch,,player_disposals_over,Steele Sidebottom,Over,8.5,24.5,20260530_093320
5e06aeff84a466044adc1db2aae029cb,Western Bulldogs,Collingwood Magpies,2026-05-30T09:35:58Z,tabtouch,TABtouch,,player_disposals_over,Tim Membrey,Over,1.57,9.5,20260530_093320
5e06aeff84a466044adc1db2aae029cb,Western Bulldogs,Collingwood Magpies,2026-05-30T09:35:58Z,tabtouch,TABtouch,,player_disposals_over,Wil Parker,Over,1.2,9.5,20260530_093320
5e06aeff84a466044adc1db2aae029cb,Western Bulldogs,Collingwood Magpies,2026-05-30T09:35:58Z,tabtouch,TABtouch,,player_disposals_over,Aaron Naughton,Over,1.32,9.5,20260530_093320
5e06aeff84a466044adc1db2aae029cb,Western Bulldogs,Collingwood Magpies,2026-05-30T09:35:58Z,tabtouch,TABtouch,,player_disposals_over,Adam Treloar,Over,41.0,39.5,20260530_093320
5e06aeff84a466044adc1db2aae029cb,Western Bulldogs,Collingwood Magpies,2026-05-30T09:35:58Z,tabtouch,TABtouch,,player_disposals_over,Adam Treloar,Over,2.45,24.5,20260530_093320
5e06aeff84a466044adc1db2aae029cb,Western Bulldogs,Collingwood Magpies,2026-05-30T09:35:58Z,tabtouch,TABtouch,,player_disposals_over,Angus Anderson,Over,15.0,24.5,20260530_093320
5e06aeff84a466044adc1db2aae029cb,Western Bulldogs,Collingwood Magpies,2026-05-30T09:35:58Z,tabtouch,TABtouch,,player_disposals_over,Angus Anderson,Over,1.05,9.5,20260530_093320
5e06aeff84a466044adc1db2aae029cb,Western Bulldogs,Collingwood Magpies,2026-05-30T09:35:58Z,tabtouch,TABtouch,,player_disposals_over,Arthur Jones,Over,6.75,19.5,20260530_093320
5e06aeff84a466044adc1db2aae029cb,Western Bulldogs,Collingwood Magpies,2026-05-30T09:35:58Z,tabtouch,TABtouch,,player_disposals_over,Bailey Dale,Over,1.17,24.5,20260530_093320
5e06aeff84a466044adc1db2aae029cb,Western Bulldogs,Collingwood Magpies,2026-05-30T09:35:58Z,tabtouch,TABtouch,,player_disposals_over,Bailey Dale,Over,7.5,39.5,20260530_093320
5e06aeff84a466044adc1db2aae029cb,Western Bulldogs,Collingwood Magpies,2026-05-30T09:35:58Z,tabtouch,TABtouch,,player_disposals_over,Buku Khamis,Over,5.6,19.5,20260530_093320
5e06aeff84a466044adc1db2aae029cb,Western Bulldogs,Collingwood Magpies,2026-05-30T09:35:58Z,tabtouch,TABtouch,,player_disposals_over,Buku Khamis,Over,2.0,14.5,20260530_093320
5e06aeff84a466044adc1db2aae029cb,Western Bulldogs,Collingwood Magpies,2026-05-30T09:35:58Z,tabtouch,TABtouch,,player_disposals_over,Connor Budarick,Over,1.42,19.5,20260530_093320
5e06aeff84a466044adc1db2aae029cb,Western Bulldogs,Collingwood Magpies,2026-05-30T09:35:58Z,tabtouch,TABtouch,,player_disposals_over,Connor Budarick,Over,2.7,24.5,20260530_093320
5e06aeff84a466044adc1db2aae029cb,Western Bulldogs,Collingwood Magpies,2026-05-30T09:35:58Z,tabtouch,TABtouch,,player_disposals_over,Cooper Hynes,Over,4.0,14.5,20260530_093320
5e06aeff84a466044adc1db2aae029cb,Western Bulldogs,Collingwood Magpies,2026-05-30T09:35:58Z,tabtouch,TABtouch,,player_disposals_over,Joel Freijah,Over,4.8,24.5,20260530_093320
5e06aeff84a466044adc1db2aae029cb,Western Bulldogs,Collingwood Magpies,2026-05-30T09:35:58Z,tabtouch,TABtouch,,player_disposals_over,Joel Freijah,Over,2.02,19.5,20260530_093320
5e06aeff84a466044adc1db2aae029cb,Western Bulldogs,Collingwood Magpies,2026-05-30T09:35:58Z,tabtouch,TABtouch,,player_disposals_over,Lachie Jaques,Over,1.47,14.5,20260530_093320
5e06aeff84a466044adc1db2aae029cb,Western Bulldogs,Collingwood Magpies,2026-05-30T09:35:58Z,tabtouch,TABtouch,,player_disposals_over,Lachie Jaques,Over,29.0,29.5,20260530_093320
5e06aeff84a466044adc1db2aae029cb,Western Bulldogs,Collingwood Magpies,2026-05-30T09:35:58Z,tabtouch,TABtouch,,player_disposals_over,Lachlan Bramble,Over,9.5,24.5,20260530_093320
5e06aeff84a466044adc1db2aae029cb,Western Bulldogs,Collingwood Magpies,2026-05-30T09:35:58Z,tabtouch,TABtouch,,player_disposals_over,Lachlan Bramble,Over,1.47,14.5,20260530_093320
5e06aeff84a466044adc1db2aae029cb,Western Bulldogs,Collingwood Magpies,2026-05-30T09:35:58Z,tabtouch,TABtouch,,player_disposals_over,Marcus Bontempelli,Over,2.04,29.5,20260530_093320
5e06aeff84a466044adc1db2aae029cb,Western Bulldogs,Collingwood Magpies,2026-05-30T09:35:58Z,tabtouch,TABtouch,,player_disposals_over,Matthew Kennedy,Over,4.4,29.5,20260530_093320
5e06aeff84a466044adc1db2aae029cb,Western Bulldogs,Collingwood Magpies,2026-05-30T09:35:58Z,tabtouch,TABtouch,,player_disposals_over,Michael Sellwood,Over,16.0,24.5,20260530_093320
5e06aeff84a466044adc1db2aae029cb,Western Bulldogs,Collingwood Magpies,2026-05-30T09:35:58Z,tabtouch,TABtouch,,player_disposals_over,Nicholas Coffield,Over,1.41,14.5,20260530_093320
5e06aeff84a466044adc1db2aae029cb,Western Bulldogs,Collingwood Magpies,2026-05-30T09:35:58Z,tabtouch,TABtouch,,player_disposals_over,Rhylee West,Over,6.5,19.5,20260530_093320
5e06aeff84a466044adc1db2aae029cb,Western Bulldogs,Collingwood Magpies,2026-05-30T09:35:58Z,tabtouch,TABtouch,,player_disposals_over,Rhylee West,Over,1.13,9.5,20260530_093320
5e06aeff84a466044adc1db2aae029cb,Western Bulldogs,Collingwood Magpies,2026-05-30T09:35:58Z,tabtouch,TABtouch,,player_disposals_over,Rory Lobb,Over,2.23,14.5,20260530_093320
5e06aeff84a466044adc1db2aae029cb,Western Bulldogs,Collingwood Magpies,2026-05-30T09:35:58Z,tabtouch,TABtouch,,player_disposals_over,Will Lewis,Over,4.6,14.5,20260530_093320
5e06aeff84a466044adc1db2aae029cb,Western Bulldogs,Collingwood Magpies,2026-05-30T09:35:58Z,tabtouch,TABtouch,,player_disposals_over,Will Lewis,Over,1.54,9.5,20260530_093320
5e06aeff84a466044adc1db2aae029cb,Western Bulldogs,Collingwood Magpies,2026-05-30T09:35:58Z,tabtouch,TABtouch,,player_disposals_over,Beau McCreery,Over,10.5,24.5,20260530_093320
5e06aeff84a466044adc1db2aae029cb,Western Bulldogs,Collingwood Magpies,2026-05-30T09:35:58Z,tabtouch,TABtouch,,player_disposals_over,Beau McCreery,Over,1.51,14.5,20260530_093320
5e06aeff84a466044adc1db2aae029cb,Western Bulldogs,Collingwood Magpies,2026-05-30T09:35:58Z,tabtouch,TABtouch,,player_disposals_over,Billy Frampton,Over,1.23,9.5,20260530_093320
5e06aeff84a466044adc1db2aae029cb,Western Bulldogs,Collingwood Magpies,2026-05-30T09:35:58Z,tabtouch,TABtouch,,player_disposals_over,Brayden Maynard,Over,1.19,14.5,20260530_093320
5e06aeff84a466044adc1db2aae029cb,Western Bulldogs,Collingwood Magpies,2026-05-30T09:35:58Z,tabtouch,TABtouch,,player_disposals_over,Dan Houston,Over,25.0,39.5,20260530_093320
5e06aeff84a466044adc1db2aae029cb,Western Bulldogs,Collingwood Magpies,2026-05-30T09:35:58Z,tabtouch,TABtouch,,player_disposals_over,Dan Houston,Over,3.8,29.5,20260530_093320
5e06aeff84a466044adc1db2aae029cb,Western Bulldogs,Collingwood Magpies,2026-05-30T09:35:58Z,tabtouch,TABtouch,,player_disposals_over,Daniel McStay,Over,1.57,9.5,20260530_093320
5e06aeff84a466044adc1db2aae029cb,Western Bulldogs,Collingwood Magpies,2026-05-30T09:35:58Z,tabtouch,TABtouch,,player_disposals_over,Darcy Cameron,Over,5.4,24.5,20260530_093320
5e06aeff84a466044adc1db2aae029cb,Western Bulldogs,Collingwood Magpies,2026-05-30T09:35:58Z,tabtouch,TABtouch,,player_disposals_over,Isaac Quaynor,Over,1.83,19.5,20260530_093320
5e06aeff84a466044adc1db2aae029cb,Western Bulldogs,Collingwood Magpies,2026-05-30T09:35:58Z,tabtouch,TABtouch,,player_disposals_over,Isaac Quaynor,Over,4.25,24.5,20260530_093320
5e06aeff84a466044adc1db2aae029cb,Western Bulldogs,Collingwood Magpies,2026-05-30T09:35:58Z,tabtouch,TABtouch,,player_disposals_over,Jack Crisp,Over,1.25,19.5,20260530_093320
5e06aeff84a466044adc1db2aae029cb,Western Bulldogs,Collingwood Magpies,2026-05-30T09:35:58Z,tabtouch,TABtouch,,player_disposals_over,Jack Crisp,Over,12.0,34.5,20260530_093320
5e06aeff84a466044adc1db2aae029cb,Western Bulldogs,Collingwood Magpies,2026-05-30T09:35:58Z,tabtouch,TABtouch,,player_disposals_over,Jeremy Howe,Over,2.1,19.5,20260530_093320
5e06aeff84a466044adc1db2aae029cb,Western Bulldogs,Collingwood Magpies,2026-05-30T09:35:58Z,tabtouch,TABtouch,,player_disposals_over,Jeremy Howe,Over,1.18,14.5,20260530_093320
5e06aeff84a466044adc1db2aae029cb,Western Bulldogs,Collingwood Magpies,2026-05-30T09:35:58Z,tabtouch,TABtouch,,player_disposals_over,Jeremy Howe,Over,5.2,24.5,20260530_093320
5e06aeff84a466044adc1db2aae029cb,Western Bulldogs,Collingwood Magpies,2026-05-30T09:35:58Z,tabtouch,TABtouch,,player_disposals_over,Jeremy Howe,Over,41.0,34.5,20260530_093320
5e06aeff84a466044adc1db2aae029cb,Western Bulldogs,Collingwood Magpies,2026-05-30T09:35:58Z,tabtouch,TABtouch,,player_disposals_over,Jordan De Goey,Over,2.38,24.5,20260530_093320
5e06aeff84a466044adc1db2aae029cb,Western Bulldogs,Collingwood Magpies,2026-05-30T09:35:58Z,tabtouch,TABtouch,,player_disposals_over,Josh Daicos,Over,7.5,34.5,20260530_093320
5e06aeff84a466044adc1db2aae029cb,Western Bulldogs,Collingwood Magpies,2026-05-30T09:35:58Z,tabtouch,TABtouch,,player_disposals_over,Lachlan Schultz,Over,10.5,24.5,20260530_093320
5e06aeff84a466044adc1db2aae029cb,Western Bulldogs,Collingwood Magpies,2026-05-30T09:35:58Z,tabtouch,TABtouch,,player_disposals_over,Lachlan Schultz,Over,3.4,19.5,20260530_093320
5e06aeff84a466044adc1db2aae029cb,Western Bulldogs,Collingwood Magpies,2026-05-30T09:35:58Z,tabtouch,TABtouch,,player_disposals_over,Lachlan Schultz,Over,31.0,29.5,20260530_093320
5e06aeff84a466044adc1db2aae029cb,Western Bulldogs,Collingwood Magpies,2026-05-30T09:35:58Z,tabtouch,TABtouch,,player_disposals_over,Ned Long,Over,3.9,19.5,20260530_093320
5e06aeff84a466044adc1db2aae029cb,Western Bulldogs,Collingwood Magpies,2026-05-30T09:35:58Z,tabtouch,TABtouch,,player_disposals_over,Ned Long,Over,12.0,24.5,20260530_093320
5e06aeff84a466044adc1db2aae029cb,Western Bulldogs,Collingwood Magpies,2026-05-30T09:35:58Z,tabtouch,TABtouch,,player_disposals_over,Patrick Lipinski,Over,11.5,29.5,20260530_093320
5e06aeff84a466044adc1db2aae029cb,Western Bulldogs,Collingwood Magpies,2026-05-30T09:35:58Z,tabtouch,TABtouch,,player_disposals_over,Patrick Lipinski,Over,31.0,34.5,20260530_093320
5e06aeff84a466044adc1db2aae029cb,Western Bulldogs,Collingwood Magpies,2026-05-30T09:35:58Z,tabtouch,TABtouch,,player_disposals_over,Roan Steele,Over,1.5,14.5,20260530_093320
5e06aeff84a466044adc1db2aae029cb,Western Bulldogs,Collingwood Magpies,2026-05-30T09:35:58Z,tabtouch,TABtouch,,player_disposals_over,Roan Steele,Over,10.5,24.5,20260530_093320
5e06aeff84a466044adc1db2aae029cb,Western Bulldogs,Collingwood Magpies,2026-05-30T09:35:58Z,tabtouch,TABtouch,,player_disposals_over,Roan Steele,Over,31.0,29.5,20260530_093320
5e06aeff84a466044adc1db2aae029cb,Western Bulldogs,Collingwood Magpies,2026-05-30T09:35:58Z,tabtouch,TABtouch,,player_disposals_over,Scott Pendlebury,Over,30.0,39.5,20260530_093320
5e06aeff84a466044adc1db2aae029cb,Western Bulldogs,Collingwood Magpies,2026-05-30T09:35:58Z,tabtouch,TABtouch,,player_disposals_over,Steele Sidebottom,Over,2.95,19.5,20260530_093320
5e06aeff84a466044adc1db2aae029cb,Western Bulldogs,Collingwood Magpies,2026-05-30T09:35:58Z,tabtouch,TABtouch,,player_disposals_over,Tim Membrey,Over,4.8,14.5,20260530_093320
5e06aeff84a466044adc1db2aae029cb,Western Bulldogs,Collingwood Magpies,2026-05-30T09:35:58Z,tabtouch,TABtouch,,player_disposals_over,Wil Parker,Over,8.5,19.5,20260530_093320
5e06aeff84a466044adc1db2aae029cb,Western Bulldogs,Collingwood Magpies,2026-05-30T09:35:58Z,tabtouch,TABtouch,,player_disposals_over,Timothy English,Over,26.0,29.5,20260530_093320
5e06aeff84a466044adc1db2aae029cb,Western Bulldogs,Collingwood Magpies,2026-05-30T09:35:58Z,tabtouch,TABtouch,,player_disposals_over,Timothy English,Over,3.0,19.5,20260530_093320
5e06aeff84a466044adc1db2aae029cb,Western Bulldogs,Collingwood Magpies,2026-05-30T09:35:58Z,tabtouch,TABtouch,,player_disposals_over,Jordan Croft,Over,6.0,14.5,20260530_093320
5e06aeff84a466044adc1db2aae029cb,Western Bulldogs,Collingwood Magpies,2026-05-30T09:35:58Z,tabtouch,TABtouch,,player_disposals_over,Timothy English,Over,1.41,14.5,20260530_093320
5e06aeff84a466044adc1db2aae029cb,Western Bulldogs,Collingwood Magpies,2026-05-30T09:35:58Z,tabtouch,TABtouch,,player_disposals_over,Jordan Croft,Over,1.79,9.5,20260530_093320
5e06aeff84a466044adc1db2aae029cb,Western Bulldogs,Collingwood Magpies,2026-05-30T09:35:58Z,tabtouch,TABtouch,,player_disposals_over,Timothy English,Over,8.5,24.5,20260530_093320
5e06aeff84a466044adc1db2aae029cb,Western Bulldogs,Collingwood Magpies,2026-05-30T09:35:58Z,tabtouch,TABtouch,,player_goal_scorer_anytime,Arthur Jones,Yes,1.41,,20260530_093320
5e06aeff84a466044adc1db2aae029cb,Western Bulldogs,Collingwood Magpies,2026-05-30T09:35:58Z,tabtouch,TABtouch,,player_goal_scorer_anytime,Joel Freijah,Yes,2.43,,20260530_093320
5e06aeff84a466044adc1db2aae029cb,Western Bulldogs,Collingwood Magpies,2026-05-30T09:35:58Z,tabtouch,TABtouch,,player_goal_scorer_anytime,Rhylee West,Yes,1.11,,20260530_093320
5e06aeff84a466044adc1db2aae029cb,Western Bulldogs,Collingwood Magpies,2026-05-30T09:35:58Z,tabtouch,TABtouch,,player_goal_scorer_anytime,Lachlan Bramble,Yes,2.75,,20260530_093320
5e06aeff84a466044adc1db2aae029cb,Western Bulldogs,Collingwood Magpies,2026-05-30T09:35:58Z,tabtouch,TABtouch,,player_goal_scorer_anytime,Lachie McNeil,Yes,1.97,,20260530_093320
5e06aeff84a466044adc1db2aae029cb,Western Bulldogs,Collingwood Magpies,2026-05-30T09:35:58Z,tabtouch,TABtouch,,player_goal_scorer_anytime,Adam Treloar,Yes,2.9,,20260530_093320
5e06aeff84a466044adc1db2aae029cb,Western Bulldogs,Collingwood Magpies,2026-05-30T09:35:58Z,tabtouch,TABtouch,,player_goal_scorer_anytime,Marcus Bontempelli,Yes,1.26,,20260530_093320
5e06aeff84a466044adc1db2aae029cb,Western Bulldogs,Collingwood Magpies,2026-05-30T09:35:58Z,tabtouch,TABtouch,,player_goal_scorer_anytime,Jordan Croft,Yes,1.49,,20260530_093320
5e06aeff84a466044adc1db2aae029cb,Western Bulldogs,Collingwood Magpies,2026-05-30T09:35:58Z,tabtouch,TABtouch,,player_goal_scorer_anytime,Will Lewis,Yes,1.25,,20260530_093320
5e06aeff84a466044adc1db2aae029cb,Western Bulldogs,Collingwood Magpies,2026-05-30T09:35:58Z,tabtouch,TABtouch,,player_goal_scorer_anytime,Patrick Lipinski,Yes,2.6,,20260530_093320
5e06aeff84a466044adc1db2aae029cb,Western Bulldogs,Collingwood Magpies,2026-05-30T09:35:58Z,tabtouch,TABtouch,,player_goal_scorer_anytime,Darcy Cameron,Yes,3.5,,20260530_093320
5e06aeff84a466044adc1db2aae029cb,Western Bulldogs,Collingwood Magpies,2026-05-30T09:35:58Z,tabtouch,TABtouch,,player_goal_scorer_anytime,Ned Long,Yes,2.35,,20260530_093320
5e06aeff84a466044adc1db2aae029cb,Western Bulldogs,Collingwood Magpies,2026-05-30T09:35:58Z,tabtouch,TABtouch,,player_goal_scorer_anytime,Nick Daicos,Yes,1.19,,20260530_093320
5e06aeff84a466044adc1db2aae029cb,Western Bulldogs,Collingwood Magpies,2026-05-30T09:35:58Z,tabtouch,TABtouch,,player_goal_scorer_anytime,Angus Anderson,Yes,1.76,,20260530_093320
5e06aeff84a466044adc1db2aae029cb,Western Bulldogs,Collingwood Magpies,2026-05-30T09:35:58Z,tabtouch,TABtouch,,player_goal_scorer_anytime,Ryley Sanders,Yes,2.55,,20260530_093320
5e06aeff84a466044adc1db2aae029cb,Western Bulldogs,Collingwood Magpies,2026-05-30T09:35:58Z,tabtouch,TABtouch,,player_goal_scorer_anytime,Matthew Kennedy,Yes,3.2,,20260530_093320
5e06aeff84a466044adc1db2aae029cb,Western Bulldogs,Collingwood Magpies,2026-05-30T09:35:58Z,tabtouch,TABtouch,,player_goal_scorer_anytime,Ed Richards,Yes,1.7,,20260530_093320
5e06aeff84a466044adc1db2aae029cb,Western Bulldogs,Collingwood Magpies,2026-05-30T09:35:58Z,tabtouch,TABtouch,,player_goal_scorer_anytime,Cooper Hynes,Yes,1.87,,20260530_093320
5e06aeff84a466044adc1db2aae029cb,Western Bulldogs,Collingwood Magpies,2026-05-30T09:35:58Z,tabtouch,TABtouch,,player_goal_scorer_anytime,Steele Sidebottom,Yes,2.95,,20260530_093320
5e06aeff84a466044adc1db2aae029cb,Western Bulldogs,Collingwood Magpies,2026-05-30T09:35:58Z,tabtouch,TABtouch,,player_goal_scorer_anytime,Lachlan Schultz,Yes,1.4,,20260530_093320
5e06aeff84a466044adc1db2aae029cb,Western Bulldogs,Collingwood Magpies,2026-05-30T09:35:58Z,tabtouch,TABtouch,,player_goal_scorer_anytime,Tim Membrey,Yes,1.17,,20260530_093320
5e06aeff84a466044adc1db2aae029cb,Western Bulldogs,Collingwood Magpies,2026-05-30T09:35:58Z,tabtouch,TABtouch,,player_goal_scorer_anytime,Roan Steele,Yes,1.78,,20260530_093320
5e06aeff84a466044adc1db2aae029cb,Western Bulldogs,Collingwood Magpies,2026-05-30T09:35:58Z,tabtouch,TABtouch,,player_goal_scorer_anytime,Scott Pendlebury,Yes,2.85,,20260530_093320
5e06aeff84a466044adc1db2aae029cb,Western Bulldogs,Collingwood Magpies,2026-05-30T09:35:58Z,tabtouch,TABtouch,,player_goal_scorer_anytime,Daniel McStay,Yes,1.12,,20260530_093320
5e06aeff84a466044adc1db2aae029cb,Western Bulldogs,Collingwood Magpies,2026-05-30T09:35:58Z,tabtouch,TABtouch,,player_goal_scorer_anytime,Beau McCreery,Yes,1.95,,20260530_093320
5e06aeff84a466044adc1db2aae029cb,Western Bulldogs,Collingwood Magpies,2026-05-30T09:35:58Z,tabtouch,TABtouch,,player_goal_scorer_anytime,Jordan De Goey,Yes,1.32,,20260530_093320
5e06aeff84a466044adc1db2aae029cb,Western Bulldogs,Collingwood Magpies,2026-05-30T09:35:58Z,tabtouch,TABtouch,,player_goal_scorer_anytime,Dan Houston,Yes,3.25,,20260530_093320
5e06aeff84a466044adc1db2aae029cb,Western Bulldogs,Collingwood Magpies,2026-05-30T09:35:58Z,tabtouch,TABtouch,,player_goal_scorer_anytime,Jack Crisp,Yes,2.95,,20260530_093320
5e06aeff84a466044adc1db2aae029cb,Western Bulldogs,Collingwood Magpies,2026-05-30T09:35:58Z,tabtouch,TABtouch,,player_goal_scorer_anytime,Timothy English,Yes,2.14,,20260530_093320
5e06aeff84a466044adc1db2aae029cb,Western Bulldogs,Collingwood Magpies,2026-05-30T09:35:58Z,tabtouch,TABtouch,,player_goal_scorer_anytime,Harvey Harrison,Yes,1.91,,20260530_093320
5e06aeff84a466044adc1db2aae029cb,Western Bulldogs,Collingwood Magpies,2026-05-30T09:35:58Z,dabble_au,Dabble AU,,player_disposals,Bailey Dale,Over,1.85,30.5,20260530_093320
5e06aeff84a466044adc1db2aae029cb,Western Bulldogs,Collingwood Magpies,2026-05-30T09:35:58Z,dabble_au,Dabble AU,,player_disposals,Bailey Dale,Under,1.85,30.5,20260530_093320
5e06aeff84a466044adc1db2aae029cb,Western Bulldogs,Collingwood Magpies,2026-05-30T09:35:58Z,dabble_au,Dabble AU,,player_disposals,Marcus Bontempelli,Under,1.85,28.5,20260530_093320
5e06aeff84a466044adc1db2aae029cb,Western Bulldogs,Collingwood Magpies,2026-05-30T09:35:58Z,dabble_au,Dabble AU,,player_disposals,Marcus Bontempelli,Over,1.85,28.5,20260530_093320
5e06aeff84a466044adc1db2aae029cb,Western Bulldogs,Collingwood Magpies,2026-05-30T09:35:58Z,dabble_au,Dabble AU,,player_disposals,Ryley Sanders,Under,1.85,26.5,20260530_093320
5e06aeff84a466044adc1db2aae029cb,Western Bulldogs,Collingwood Magpies,2026-05-30T09:35:58Z,dabble_au,Dabble AU,,player_disposals,Ryley Sanders,Over,1.85,26.5,20260530_093320
5e06aeff84a466044adc1db2aae029cb,Western Bulldogs,Collingwood Magpies,2026-05-30T09:35:58Z,dabble_au,Dabble AU,,player_disposals,Ed Richards,Over,1.85,25.5,20260530_093320
5e06aeff84a466044adc1db2aae029cb,Western Bulldogs,Collingwood Magpies,2026-05-30T09:35:58Z,dabble_au,Dabble AU,,player_disposals,Ed Richards,Under,1.85,25.5,20260530_093320
5e06aeff84a466044adc1db2aae029cb,Western Bulldogs,Collingwood Magpies,2026-05-30T09:35:58Z,dabble_au,Dabble AU,,player_disposals,Nick Daicos,Under,1.85,32.5,20260530_093320
5e06aeff84a466044adc1db2aae029cb,Western Bulldogs,Collingwood Magpies,2026-05-30T09:35:58Z,dabble_au,Dabble AU,,player_disposals,Nick Daicos,Over,1.85,32.5,20260530_093320
5e06aeff84a466044adc1db2aae029cb,Western Bulldogs,Collingwood Magpies,2026-05-30T09:35:58Z,dabble_au,Dabble AU,,player_disposals,Josh Daicos,Over,1.85,25.5,20260530_093320
5e06aeff84a466044adc1db2aae029cb,Western Bulldogs,Collingwood Magpies,2026-05-30T09:35:58Z,dabble_au,Dabble AU,,player_disposals,Josh Daicos,Under,1.85,25.5,20260530_093320
5e06aeff84a466044adc1db2aae029cb,Western Bulldogs,Collingwood Magpies,2026-05-30T09:35:58Z,dabble_au,Dabble AU,,player_disposals,Dan Houston,Over,1.78,23.5,20260530_093320
5e06aeff84a466044adc1db2aae029cb,Western Bulldogs,Collingwood Magpies,2026-05-30T09:35:58Z,dabble_au,Dabble AU,,player_disposals,Dan Houston,Under,1.92,23.5,20260530_093320
5e06aeff84a466044adc1db2aae029cb,Western Bulldogs,Collingwood Magpies,2026-05-30T09:35:58Z,dabble_au,Dabble AU,,player_disposals,Jack Crisp,Under,1.85,23.5,20260530_093320
5e06aeff84a466044adc1db2aae029cb,Western Bulldogs,Collingwood Magpies,2026-05-30T09:35:58Z,dabble_au,Dabble AU,,player_disposals,Jack Crisp,Over,1.85,23.5,20260530_093320
5e06aeff84a466044adc1db2aae029cb,Western Bulldogs,Collingwood Magpies,2026-05-30T09:35:58Z,dabble_au,Dabble AU,,player_disposals_over,Connor Budarick,Over,1.06,14.5,20260530_093320
5e06aeff84a466044adc1db2aae029cb,Western Bulldogs,Collingwood Magpies,2026-05-30T09:35:58Z,dabble_au,Dabble AU,,player_disposals_over,Patrick Lipinski,Over,1.12,14.5,20260530_093320
5e06aeff84a466044adc1db2aae029cb,Western Bulldogs,Collingwood Magpies,2026-05-30T09:35:58Z,dabble_au,Dabble AU,,player_disposals_over,Isaac Quaynor,Over,1.14,14.5,20260530_093320
5e06aeff84a466044adc1db2aae029cb,Western Bulldogs,Collingwood Magpies,2026-05-30T09:35:58Z,dabble_au,Dabble AU,,player_disposals_over,Brayden Maynard,Over,1.17,14.5,20260530_093320
5e06aeff84a466044adc1db2aae029cb,Western Bulldogs,Collingwood Magpies,2026-05-30T09:35:58Z,dabble_au,Dabble AU,,player_disposals_over,Joel Freijah,Over,1.17,14.5,20260530_093320
5e06aeff84a466044adc1db2aae029cb,Western Bulldogs,Collingwood Magpies,2026-05-30T09:35:58Z,dabble_au,Dabble AU,,player_disposals_over,Darcy Cameron,Over,1.2,14.5,20260530_093320
5e06aeff84a466044adc1db2aae029cb,Western Bulldogs,Collingwood Magpies,2026-05-30T09:35:58Z,dabble_au,Dabble AU,,player_disposals_over,Jeremy Howe,Over,1.2,14.5,20260530_093320
5e06aeff84a466044adc1db2aae029cb,Western Bulldogs,Collingwood Magpies,2026-05-30T09:35:58Z,dabble_au,Dabble AU,,player_disposals_over,Lachie Jaques,Over,1.37,14.5,20260530_093320
5e06aeff84a466044adc1db2aae029cb,Western Bulldogs,Collingwood Magpies,2026-05-30T09:35:58Z,dabble_au,Dabble AU,,player_disposals_over,Timothy English,Over,1.42,14.5,20260530_093320
5e06aeff84a466044adc1db2aae029cb,Western Bulldogs,Collingwood Magpies,2026-05-30T09:35:58Z,dabble_au,Dabble AU,,player_disposals_over,Steele Sidebottom,Over,1.42,14.5,20260530_093320
5e06aeff84a466044adc1db2aae029cb,Western Bulldogs,Collingwood Magpies,2026-05-30T09:35:58Z,dabble_au,Dabble AU,,player_disposals_over,Nicholas Coffield,Over,1.45,14.5,20260530_093320
5e06aeff84a466044adc1db2aae029cb,Western Bulldogs,Collingwood Magpies,2026-05-30T09:35:58Z,dabble_au,Dabble AU,,player_disposals_over,Lachlan Bramble,Over,1.45,14.5,20260530_093320
5e06aeff84a466044adc1db2aae029cb,Western Bulldogs,Collingwood Magpies,2026-05-30T09:35:58Z,dabble_au,Dabble AU,,player_disposals_over,Lachlan Schultz,Over,1.53,14.5,20260530_093320
5e06aeff84a466044adc1db2aae029cb,Western Bulldogs,Collingwood Magpies,2026-05-30T09:35:58Z,dabble_au,Dabble AU,,player_disposals_over,Beau McCreery,Over,1.53,14.5,20260530_093320
5e06aeff84a466044adc1db2aae029cb,Western Bulldogs,Collingwood Magpies,2026-05-30T09:35:58Z,dabble_au,Dabble AU,,player_disposals_over,Roan Steele,Over,1.53,14.5,20260530_093320
5e06aeff84a466044adc1db2aae029cb,Western Bulldogs,Collingwood Magpies,2026-05-30T09:35:58Z,dabble_au,Dabble AU,,player_disposals_over,Michael Sellwood,Over,1.88,14.5,20260530_093320
5e06aeff84a466044adc1db2aae029cb,Western Bulldogs,Collingwood Magpies,2026-05-30T09:35:58Z,dabble_au,Dabble AU,,player_disposals_over,Buku Khamis,Over,1.95,14.5,20260530_093320
5e06aeff84a466044adc1db2aae029cb,Western Bulldogs,Collingwood Magpies,2026-05-30T09:35:58Z,dabble_au,Dabble AU,,player_disposals_over,Rory Lobb,Over,2.15,14.5,20260530_093320
5e06aeff84a466044adc1db2aae029cb,Western Bulldogs,Collingwood Magpies,2026-05-30T09:35:58Z,dabble_au,Dabble AU,,player_disposals_over,Josh Daicos,Over,1.07,19.5,20260530_093320
5e06aeff84a466044adc1db2aae029cb,Western Bulldogs,Collingwood Magpies,2026-05-30T09:35:58Z,dabble_au,Dabble AU,,player_disposals_over,Ryley Sanders,Over,1.08,19.5,20260530_093320
5e06aeff84a466044adc1db2aae029cb,Western Bulldogs,Collingwood Magpies,2026-05-30T09:35:58Z,dabble_au,Dabble AU,,player_disposals_over,Ed Richards,Over,1.14,19.5,20260530_093320
5e06aeff84a466044adc1db2aae029cb,Western Bulldogs,Collingwood Magpies,2026-05-30T09:35:58Z,dabble_au,Dabble AU,,player_disposals_over,Jack Crisp,Over,1.17,19.5,20260530_093320
5e06aeff84a466044adc1db2aae029cb,Western Bulldogs,Collingwood Magpies,2026-05-30T09:35:58Z,dabble_au,Dabble AU,,player_disposals_over,Dan Houston,Over,1.17,19.5,20260530_093320
5e06aeff84a466044adc1db2aae029cb,Western Bulldogs,Collingwood Magpies,2026-05-30T09:35:58Z,dabble_au,Dabble AU,,player_disposals_over,Scott Pendlebury,Over,1.17,19.5,20260530_093320
5e06aeff84a466044adc1db2aae029cb,Western Bulldogs,Collingwood Magpies,2026-05-30T09:35:58Z,dabble_au,Dabble AU,,player_disposals_over,Jordan De Goey,Over,1.2,19.5,20260530_093320
5e06aeff84a466044adc1db2aae029cb,Western Bulldogs,Collingwood Magpies,2026-05-30T09:35:58Z,dabble_au,Dabble AU,,player_disposals_over,Matthew Kennedy,Over,1.25,19.5,20260530_093320
5e06aeff84a466044adc1db2aae029cb,Western Bulldogs,Collingwood Magpies,2026-05-30T09:35:58Z,dabble_au,Dabble AU,,player_disposals_over,Adam Treloar,Over,1.35,19.5,20260530_093320
5e06aeff84a466044adc1db2aae029cb,Western Bulldogs,Collingwood Magpies,2026-05-30T09:35:58Z,dabble_au,Dabble AU,,player_disposals_over,Connor Budarick,Over,1.4,19.5,20260530_093320
5e06aeff84a466044adc1db2aae029cb,Western Bulldogs,Collingwood Magpies,2026-05-30T09:35:58Z,dabble_au,Dabble AU,,player_disposals_over,Patrick Lipinski,Over,1.65,19.5,20260530_093320
5e06aeff84a466044adc1db2aae029cb,Western Bulldogs,Collingwood Magpies,2026-05-30T09:35:58Z,dabble_au,Dabble AU,,player_disposals_over,Isaac Quaynor,Over,1.75,19.5,20260530_093320
5e06aeff84a466044adc1db2aae029cb,Western Bulldogs,Collingwood Magpies,2026-05-30T09:35:58Z,dabble_au,Dabble AU,,player_disposals_over,Brayden Maynard,Over,1.82,19.5,20260530_093320
5e06aeff84a466044adc1db2aae029cb,Western Bulldogs,Collingwood Magpies,2026-05-30T09:35:58Z,dabble_au,Dabble AU,,player_disposals_over,Joel Freijah,Over,1.82,19.5,20260530_093320
5e06aeff84a466044adc1db2aae029cb,Western Bulldogs,Collingwood Magpies,2026-05-30T09:35:58Z,dabble_au,Dabble AU,,player_disposals_over,Darcy Cameron,Over,2.0,19.5,20260530_093320
5e06aeff84a466044adc1db2aae029cb,Western Bulldogs,Collingwood Magpies,2026-05-30T09:35:58Z,dabble_au,Dabble AU,,player_disposals_over,Jeremy Howe,Over,2.0,19.5,20260530_093320
5e06aeff84a466044adc1db2aae029cb,Western Bulldogs,Collingwood Magpies,2026-05-30T09:35:58Z,dabble_au,Dabble AU,,player_disposals_over,Lachie Jaques,Over,2.7,19.5,20260530_093320
5e06aeff84a466044adc1db2aae029cb,Western Bulldogs,Collingwood Magpies,2026-05-30T09:35:58Z,dabble_au,Dabble AU,,player_disposals_over,Steele Sidebottom,Over,2.9,19.5,20260530_093320
5e06aeff84a466044adc1db2aae029cb,Western Bulldogs,Collingwood Magpies,2026-05-30T09:35:58Z,dabble_au,Dabble AU,,player_disposals_over,Timothy English,Over,2.9,19.5,20260530_093320
5e06aeff84a466044adc1db2aae029cb,Western Bulldogs,Collingwood Magpies,2026-05-30T09:35:58Z,dabble_au,Dabble AU,,player_disposals_over,Lachlan Bramble,Over,3.0,19.5,20260530_093320
5e06aeff84a466044adc1db2aae029cb,Western Bulldogs,Collingwood Magpies,2026-05-30T09:35:58Z,dabble_au,Dabble AU,,player_disposals_over,Nicholas Coffield,Over,3.0,19.5,20260530_093320
5e06aeff84a466044adc1db2aae029cb,Western Bulldogs,Collingwood Magpies,2026-05-30T09:35:58Z,dabble_au,Dabble AU,,player_disposals_over,Roan Steele,Over,3.4,19.5,20260530_093320
5e06aeff84a466044adc1db2aae029cb,Western Bulldogs,Collingwood Magpies,2026-05-30T09:35:58Z,dabble_au,Dabble AU,,player_disposals_over,Beau McCreery,Over,3.4,19.5,20260530_093320
5e06aeff84a466044adc1db2aae029cb,Western Bulldogs,Collingwood Magpies,2026-05-30T09:35:58Z,dabble_au,Dabble AU,,player_disposals_over,Lachlan Schultz,Over,3.4,19.5,20260530_093320
5e06aeff84a466044adc1db2aae029cb,Western Bulldogs,Collingwood Magpies,2026-05-30T09:35:58Z,dabble_au,Dabble AU,,player_disposals_over,Michael Sellwood,Over,5.0,19.5,20260530_093320
5e06aeff84a466044adc1db2aae029cb,Western Bulldogs,Collingwood Magpies,2026-05-30T09:35:58Z,dabble_au,Dabble AU,,player_disposals_over,Buku Khamis,Over,5.25,19.5,20260530_093320
5e06aeff84a466044adc1db2aae029cb,Western Bulldogs,Collingwood Magpies,2026-05-30T09:35:58Z,dabble_au,Dabble AU,,player_disposals_over,Rory Lobb,Over,6.0,19.5,20260530_093320
5e06aeff84a466044adc1db2aae029cb,Western Bulldogs,Collingwood Magpies,2026-05-30T09:35:58Z,dabble_au,Dabble AU,,player_disposals_over,Nick Daicos,Over,1.07,24.5,20260530_093320
5e06aeff84a466044adc1db2aae029cb,Western Bulldogs,Collingwood Magpies,2026-05-30T09:35:58Z,dabble_au,Dabble AU,,player_disposals_over,Bailey Dale,Over,1.17,24.5,20260530_093320
5e06aeff84a466044adc1db2aae029cb,Western Bulldogs,Collingwood Magpies,2026-05-30T09:35:58Z,dabble_au,Dabble AU,,player_disposals_over,Marcus Bontempelli,Over,1.28,24.5,20260530_093320
5e06aeff84a466044adc1db2aae029cb,Western Bulldogs,Collingwood Magpies,2026-05-30T09:35:58Z,dabble_au,Dabble AU,,player_disposals_over,Josh Daicos,Over,1.38,24.5,20260530_093320
5e06aeff84a466044adc1db2aae029cb,Western Bulldogs,Collingwood Magpies,2026-05-30T09:35:58Z,dabble_au,Dabble AU,,player_disposals_over,Ryley Sanders,Over,1.44,24.5,20260530_093320
5e06aeff84a466044adc1db2aae029cb,Western Bulldogs,Collingwood Magpies,2026-05-30T09:35:58Z,dabble_au,Dabble AU,,player_disposals_over,Ed Richards,Over,1.64,24.5,20260530_093320
5e06aeff84a466044adc1db2aae029cb,Western Bulldogs,Collingwood Magpies,2026-05-30T09:35:58Z,dabble_au,Dabble AU,,player_disposals_over,Dan Houston,Over,1.75,24.5,20260530_093320
5e06aeff84a466044adc1db2aae029cb,Western Bulldogs,Collingwood Magpies,2026-05-30T09:35:58Z,dabble_au,Dabble AU,,player_disposals_over,Jack Crisp,Over,1.75,24.5,20260530_093320
5e06aeff84a466044adc1db2aae029cb,Western Bulldogs,Collingwood Magpies,2026-05-30T09:35:58Z,dabble_au,Dabble AU,,player_disposals_over,Scott Pendlebury,Over,1.75,24.5,20260530_093320
5e06aeff84a466044adc1db2aae029cb,Western Bulldogs,Collingwood Magpies,2026-05-30T09:35:58Z,dabble_au,Dabble AU,,player_disposals_over,Jordan De Goey,Over,1.85,24.5,20260530_093320
5e06aeff84a466044adc1db2aae029cb,Western Bulldogs,Collingwood Magpies,2026-05-30T09:35:58Z,dabble_au,Dabble AU,,player_disposals_over,Matthew Kennedy,Over,2.02,24.5,20260530_093320
5e06aeff84a466044adc1db2aae029cb,Western Bulldogs,Collingwood Magpies,2026-05-30T09:35:58Z,dabble_au,Dabble AU,,player_disposals_over,Adam Treloar,Over,2.45,24.5,20260530_093320
5e06aeff84a466044adc1db2aae029cb,Western Bulldogs,Collingwood Magpies,2026-05-30T09:35:58Z,dabble_au,Dabble AU,,player_disposals_over,Connor Budarick,Over,2.6,24.5,20260530_093320
5e06aeff84a466044adc1db2aae029cb,Western Bulldogs,Collingwood Magpies,2026-05-30T09:35:58Z,dabble_au,Dabble AU,,player_disposals_over,Patrick Lipinski,Over,3.6,24.5,20260530_093320
5e06aeff84a466044adc1db2aae029cb,Western Bulldogs,Collingwood Magpies,2026-05-30T09:35:58Z,dabble_au,Dabble AU,,player_disposals_over,Isaac Quaynor,Over,4.0,24.5,20260530_093320
5e06aeff84a466044adc1db2aae029cb,Western Bulldogs,Collingwood Magpies,2026-05-30T09:35:58Z,dabble_au,Dabble AU,,player_disposals_over,Brayden Maynard,Over,4.4,24.5,20260530_093320
5e06aeff84a466044adc1db2aae029cb,Western Bulldogs,Collingwood Magpies,2026-05-30T09:35:58Z,dabble_au,Dabble AU,,player_disposals_over,Joel Freijah,Over,4.4,24.5,20260530_093320
5e06aeff84a466044adc1db2aae029cb,Western Bulldogs,Collingwood Magpies,2026-05-30T09:35:58Z,dabble_au,Dabble AU,,player_disposals_over,Darcy Cameron,Over,5.0,24.5,20260530_093320
5e06aeff84a466044adc1db2aae029cb,Western Bulldogs,Collingwood Magpies,2026-05-30T09:35:58Z,dabble_au,Dabble AU,,player_disposals_over,Jeremy Howe,Over,5.0,24.5,20260530_093320
5e06aeff84a466044adc1db2aae029cb,Western Bulldogs,Collingwood Magpies,2026-05-30T09:35:58Z,dabble_au,Dabble AU,,player_disposals_over,Lachie Jaques,Over,8.0,24.5,20260530_093320
5e06aeff84a466044adc1db2aae029cb,Western Bulldogs,Collingwood Magpies,2026-05-30T09:35:58Z,dabble_au,Dabble AU,,player_disposals_over,Timothy English,Over,9.0,24.5,20260530_093320
5e06aeff84a466044adc1db2aae029cb,Western Bulldogs,Collingwood Magpies,2026-05-30T09:35:58Z,dabble_au,Dabble AU,,player_disposals_over,Steele Sidebottom,Over,9.0,24.5,20260530_093320
5e06aeff84a466044adc1db2aae029cb,Western Bulldogs,Collingwood Magpies,2026-05-30T09:35:58Z,dabble_au,Dabble AU,,player_disposals_over,Nicholas Coffield,Over,9.5,24.5,20260530_093320
5e06aeff84a466044adc1db2aae029cb,Western Bulldogs,Collingwood Magpies,2026-05-30T09:35:58Z,dabble_au,Dabble AU,,player_disposals_over,Lachlan Bramble,Over,9.5,24.5,20260530_093320
5e06aeff84a466044adc1db2aae029cb,Western Bulldogs,Collingwood Magpies,2026-05-30T09:35:58Z,dabble_au,Dabble AU,,player_disposals_over,Beau McCreery,Over,11.0,24.5,20260530_093320
5e06aeff84a466044adc1db2aae029cb,Western Bulldogs,Collingwood Magpies,2026-05-30T09:35:58Z,dabble_au,Dabble AU,,player_disposals_over,Lachlan Schultz,Over,11.0,24.5,20260530_093320
5e06aeff84a466044adc1db2aae029cb,Western Bulldogs,Collingwood Magpies,2026-05-30T09:35:58Z,dabble_au,Dabble AU,,player_disposals_over,Roan Steele,Over,11.0,24.5,20260530_093320
5e06aeff84a466044adc1db2aae029cb,Western Bulldogs,Collingwood Magpies,2026-05-30T09:35:58Z,dabble_au,Dabble AU,,player_disposals_over,Michael Sellwood,Over,15.0,24.5,20260530_093320
5e06aeff84a466044adc1db2aae029cb,Western Bulldogs,Collingwood Magpies,2026-05-30T09:35:58Z,dabble_au,Dabble AU,,player_disposals_over,Buku Khamis,Over,17.0,24.5,20260530_093320
5e06aeff84a466044adc1db2aae029cb,Western Bulldogs,Collingwood Magpies,2026-05-30T09:35:58Z,dabble_au,Dabble AU,,player_disposals_over,Rory Lobb,Over,19.0,24.5,20260530_093320
5e06aeff84a466044adc1db2aae029cb,Western Bulldogs,Collingwood Magpies,2026-05-30T09:35:58Z,dabble_au,Dabble AU,,player_disposals_over,Nick Daicos,Over,1.38,29.5,20260530_093320
5e06aeff84a466044adc1db2aae029cb,Western Bulldogs,Collingwood Magpies,2026-05-30T09:35:58Z,dabble_au,Dabble AU,,player_disposals_over,Bailey Dale,Over,1.68,29.5,20260530_093320
5e06aeff84a466044adc1db2aae029cb,Western Bulldogs,Collingwood Magpies,2026-05-30T09:35:58Z,dabble_au,Dabble AU,,player_disposals_over,Marcus Bontempelli,Over,2.1,29.5,20260530_093320
5e06aeff84a466044adc1db2aae029cb,Western Bulldogs,Collingwood Magpies,2026-05-30T09:35:58Z,dabble_au,Dabble AU,,player_disposals_over,Josh Daicos,Over,2.4,29.5,20260530_093320
5e06aeff84a466044adc1db2aae029cb,Western Bulldogs,Collingwood Magpies,2026-05-30T09:35:58Z,dabble_au,Dabble AU,,player_disposals_over,Ryley Sanders,Over,2.6,29.5,20260530_093320
5e06aeff84a466044adc1db2aae029cb,Western Bulldogs,Collingwood Magpies,2026-05-30T09:35:58Z,dabble_au,Dabble AU,,player_disposals_over,Ed Richards,Over,3.3,29.5,20260530_093320
5e06aeff84a466044adc1db2aae029cb,Western Bulldogs,Collingwood Magpies,2026-05-30T09:35:58Z,dabble_au,Dabble AU,,player_disposals_over,Jack Crisp,Over,3.75,29.5,20260530_093320
5e06aeff84a466044adc1db2aae029cb,Western Bulldogs,Collingwood Magpies,2026-05-30T09:35:58Z,dabble_au,Dabble AU,,player_disposals_over,Dan Houston,Over,3.75,29.5,20260530_093320
5e06aeff84a466044adc1db2aae029cb,Western Bulldogs,Collingwood Magpies,2026-05-30T09:35:58Z,dabble_au,Dabble AU,,player_disposals_over,Scott Pendlebury,Over,3.75,29.5,20260530_093320
5e06aeff84a466044adc1db2aae029cb,Western Bulldogs,Collingwood Magpies,2026-05-30T09:35:58Z,dabble_au,Dabble AU,,player_disposals_over,Jordan De Goey,Over,4.0,29.5,20260530_093320
5e06aeff84a466044adc1db2aae029cb,Western Bulldogs,Collingwood Magpies,2026-05-30T09:35:58Z,dabble_au,Dabble AU,,player_disposals_over,Matthew Kennedy,Over,4.75,29.5,20260530_093320
5e06aeff84a466044adc1db2aae029cb,Western Bulldogs,Collingwood Magpies,2026-05-30T09:35:58Z,dabble_au,Dabble AU,,player_disposals_over,Adam Treloar,Over,6.5,29.5,20260530_093320
5e06aeff84a466044adc1db2aae029cb,Western Bulldogs,Collingwood Magpies,2026-05-30T09:35:58Z,dabble_au,Dabble AU,,player_disposals_over,Connor Budarick,Over,7.0,29.5,20260530_093320
5e06aeff84a466044adc1db2aae029cb,Western Bulldogs,Collingwood Magpies,2026-05-30T09:35:58Z,dabble_au,Dabble AU,,player_disposals_over,Patrick Lipinski,Over,10.0,29.5,20260530_093320
5e06aeff84a466044adc1db2aae029cb,Western Bulldogs,Collingwood Magpies,2026-05-30T09:35:58Z,dabble_au,Dabble AU,,player_disposals_over,Isaac Quaynor,Over,11.0,29.5,20260530_093320
5e06aeff84a466044adc1db2aae029cb,Western Bulldogs,Collingwood Magpies,2026-05-30T09:35:58Z,dabble_au,Dabble AU,,player_disposals_over,Brayden Maynard,Over,13.0,29.5,20260530_093320
5e06aeff84a466044adc1db2aae029cb,Western Bulldogs,Collingwood Magpies,2026-05-30T09:35:58Z,dabble_au,Dabble AU,,player_disposals_over,Joel Freijah,Over,13.0,29.5,20260530_093320
5e06aeff84a466044adc1db2aae029cb,Western Bulldogs,Collingwood Magpies,2026-05-30T09:35:58Z,dabble_au,Dabble AU,,player_disposals_over,Jeremy Howe,Over,15.0,29.5,20260530_093320
5e06aeff84a466044adc1db2aae029cb,Western Bulldogs,Collingwood Magpies,2026-05-30T09:35:58Z,dabble_au,Dabble AU,,player_disposals_over,Darcy Cameron,Over,15.0,29.5,20260530_093320
5e06aeff84a466044adc1db2aae029cb,Western Bulldogs,Collingwood Magpies,2026-05-30T09:35:58Z,dabble_au,Dabble AU,,player_disposals_over,Lachie Jaques,Over,21.0,29.5,20260530_093320
5e06aeff84a466044adc1db2aae029cb,Western Bulldogs,Collingwood Magpies,2026-05-30T09:35:58Z,dabble_au,Dabble AU,,player_disposals_over,Steele Sidebottom,Over,21.0,29.5,20260530_093320
5e06aeff84a466044adc1db2aae029cb,Western Bulldogs,Collingwood Magpies,2026-05-30T09:35:58Z,dabble_au,Dabble AU,,player_disposals_over,Timothy English,Over,21.0,29.5,20260530_093320
5e06aeff84a466044adc1db2aae029cb,Western Bulldogs,Collingwood Magpies,2026-05-30T09:35:58Z,dabble_au,Dabble AU,,player_disposals_over,Lachlan Bramble,Over,23.0,29.5,20260530_093320
5e06aeff84a466044adc1db2aae029cb,Western Bulldogs,Collingwood Magpies,2026-05-30T09:35:58Z,dabble_au,Dabble AU,,player_disposals_over,Nicholas Coffield,Over,23.0,29.5,20260530_093320
5e06aeff84a466044adc1db2aae029cb,Western Bulldogs,Collingwood Magpies,2026-05-30T09:35:58Z,dabble_au,Dabble AU,,player_disposals_over,Lachlan Schultz,Over,31.0,29.5,20260530_093320
5e06aeff84a466044adc1db2aae029cb,Western Bulldogs,Collingwood Magpies,2026-05-30T09:35:58Z,dabble_au,Dabble AU,,player_disposals_over,Beau McCreery,Over,31.0,29.5,20260530_093320
5e06aeff84a466044adc1db2aae029cb,Western Bulldogs,Collingwood Magpies,2026-05-30T09:35:58Z,dabble_au,Dabble AU,,player_disposals_over,Roan Steele,Over,31.0,29.5,20260530_093320
5e06aeff84a466044adc1db2aae029cb,Western Bulldogs,Collingwood Magpies,2026-05-30T09:35:58Z,dabble_au,Dabble AU,,player_disposals_over,Michael Sellwood,Over,41.0,29.5,20260530_093320
5e06aeff84a466044adc1db2aae029cb,Western Bulldogs,Collingwood Magpies,2026-05-30T09:35:58Z,dabble_au,Dabble AU,,player_disposals_over,Buku Khamis,Over,41.0,29.5,20260530_093320
5e06aeff84a466044adc1db2aae029cb,Western Bulldogs,Collingwood Magpies,2026-05-30T09:35:58Z,dabble_au,Dabble AU,,player_disposals_over,Rory Lobb,Over,41.0,29.5,20260530_093320
5e06aeff84a466044adc1db2aae029cb,Western Bulldogs,Collingwood Magpies,2026-05-30T09:35:58Z,dabble_au,Dabble AU,,player_disposals_over,Nick Daicos,Over,2.25,34.5,20260530_093320
5e06aeff84a466044adc1db2aae029cb,Western Bulldogs,Collingwood Magpies,2026-05-30T09:35:58Z,dabble_au,Dabble AU,,player_disposals_over,Bailey Dale,Over,3.3,34.5,20260530_093320
5e06aeff84a466044adc1db2aae029cb,Western Bulldogs,Collingwood Magpies,2026-05-30T09:35:58Z,dabble_au,Dabble AU,,player_disposals_over,Marcus Bontempelli,Over,4.75,34.5,20260530_093320
5e06aeff84a466044adc1db2aae029cb,Western Bulldogs,Collingwood Magpies,2026-05-30T09:35:58Z,dabble_au,Dabble AU,,player_disposals_over,Josh Daicos,Over,5.75,34.5,20260530_093320
5e06aeff84a466044adc1db2aae029cb,Western Bulldogs,Collingwood Magpies,2026-05-30T09:35:58Z,dabble_au,Dabble AU,,player_disposals_over,Ryley Sanders,Over,6.5,34.5,20260530_093320
5e06aeff84a466044adc1db2aae029cb,Western Bulldogs,Collingwood Magpies,2026-05-30T09:35:58Z,dabble_au,Dabble AU,,player_disposals_over,Ed Richards,Over,9.0,34.5,20260530_093320
5e06aeff84a466044adc1db2aae029cb,Western Bulldogs,Collingwood Magpies,2026-05-30T09:35:58Z,dabble_au,Dabble AU,,player_disposals_over,Scott Pendlebury,Over,10.0,34.5,20260530_093320
5e06aeff84a466044adc1db2aae029cb,Western Bulldogs,Collingwood Magpies,2026-05-30T09:35:58Z,dabble_au,Dabble AU,,player_disposals_over,Jack Crisp,Over,10.0,34.5,20260530_093320
5e06aeff84a466044adc1db2aae029cb,Western Bulldogs,Collingwood Magpies,2026-05-30T09:35:58Z,dabble_au,Dabble AU,,player_disposals_over,Dan Houston,Over,10.0,34.5,20260530_093320
5e06aeff84a466044adc1db2aae029cb,Western Bulldogs,Collingwood Magpies,2026-05-30T09:35:58Z,dabble_au,Dabble AU,,player_disposals_over,Jordan De Goey,Over,11.0,34.5,20260530_093320
5e06aeff84a466044adc1db2aae029cb,Western Bulldogs,Collingwood Magpies,2026-05-30T09:35:58Z,dabble_au,Dabble AU,,player_disposals_over,Matthew Kennedy,Over,13.0,34.5,20260530_093320
5e06aeff84a466044adc1db2aae029cb,Western Bulldogs,Collingwood Magpies,2026-05-30T09:35:58Z,dabble_au,Dabble AU,,player_disposals_over,Adam Treloar,Over,17.0,34.5,20260530_093320
5e06aeff84a466044adc1db2aae029cb,Western Bulldogs,Collingwood Magpies,2026-05-30T09:35:58Z,dabble_au,Dabble AU,,player_disposals_over,Connor Budarick,Over,19.0,34.5,20260530_093320
5e06aeff84a466044adc1db2aae029cb,Western Bulldogs,Collingwood Magpies,2026-05-30T09:35:58Z,dabble_au,Dabble AU,,player_disposals_over,Patrick Lipinski,Over,23.0,34.5,20260530_093320
5e06aeff84a466044adc1db2aae029cb,Western Bulldogs,Collingwood Magpies,2026-05-30T09:35:58Z,dabble_au,Dabble AU,,player_disposals_over,Isaac Quaynor,Over,31.0,34.5,20260530_093320
5e06aeff84a466044adc1db2aae029cb,Western Bulldogs,Collingwood Magpies,2026-05-30T09:35:58Z,dabble_au,Dabble AU,,player_disposals_over,Jeremy Howe,Over,34.0,34.5,20260530_093320
5e06aeff84a466044adc1db2aae029cb,Western Bulldogs,Collingwood Magpies,2026-05-30T09:35:58Z,dabble_au,Dabble AU,,player_disposals_over,Brayden Maynard,Over,34.0,34.5,20260530_093320
5e06aeff84a466044adc1db2aae029cb,Western Bulldogs,Collingwood Magpies,2026-05-30T09:35:58Z,dabble_au,Dabble AU,,player_disposals_over,Darcy Cameron,Over,34.0,34.5,20260530_093320
5e06aeff84a466044adc1db2aae029cb,Western Bulldogs,Collingwood Magpies,2026-05-30T09:35:58Z,dabble_au,Dabble AU,,player_disposals_over,Joel Freijah,Over,34.0,34.5,20260530_093320
5e06aeff84a466044adc1db2aae029cb,Western Bulldogs,Collingwood Magpies,2026-05-30T09:35:58Z,dabble_au,Dabble AU,,player_disposals_over,Lachie Jaques,Over,41.0,34.5,20260530_093320
5e06aeff84a466044adc1db2aae029cb,Western Bulldogs,Collingwood Magpies,2026-05-30T09:35:58Z,dabble_au,Dabble AU,,player_disposals_over,Lachlan Schultz,Over,51.0,34.5,20260530_093320
5e06aeff84a466044adc1db2aae029cb,Western Bulldogs,Collingwood Magpies,2026-05-30T09:35:58Z,dabble_au,Dabble AU,,player_disposals_over,Lachlan Bramble,Over,51.0,34.5,20260530_093320
5e06aeff84a466044adc1db2aae029cb,Western Bulldogs,Collingwood Magpies,2026-05-30T09:35:58Z,dabble_au,Dabble AU,,player_disposals_over,Timothy English,Over,51.0,34.5,20260530_093320
5e06aeff84a466044adc1db2aae029cb,Western Bulldogs,Collingwood Magpies,2026-05-30T09:35:58Z,dabble_au,Dabble AU,,player_disposals_over,Nicholas Coffield,Over,51.0,34.5,20260530_093320
5e06aeff84a466044adc1db2aae029cb,Western Bulldogs,Collingwood Magpies,2026-05-30T09:35:58Z,dabble_au,Dabble AU,,player_disposals_over,Steele Sidebottom,Over,51.0,34.5,20260530_093320
5e06aeff84a466044adc1db2aae029cb,Western Bulldogs,Collingwood Magpies,2026-05-30T09:35:58Z,dabble_au,Dabble AU,,player_disposals_over,Beau McCreery,Over,51.0,34.5,20260530_093320
5e06aeff84a466044adc1db2aae029cb,Western Bulldogs,Collingwood Magpies,2026-05-30T09:35:58Z,dabble_au,Dabble AU,,player_disposals_over,Roan Steele,Over,51.0,34.5,20260530_093320
5e06aeff84a466044adc1db2aae029cb,Western Bulldogs,Collingwood Magpies,2026-05-30T09:35:58Z,dabble_au,Dabble AU,,player_disposals_over,Michael Sellwood,Over,81.0,34.5,20260530_093320
5e06aeff84a466044adc1db2aae029cb,Western Bulldogs,Collingwood Magpies,2026-05-30T09:35:58Z,dabble_au,Dabble AU,,player_disposals_over,Rory Lobb,Over,81.0,34.5,20260530_093320
5e06aeff84a466044adc1db2aae029cb,Western Bulldogs,Collingwood Magpies,2026-05-30T09:35:58Z,dabble_au,Dabble AU,,player_disposals_over,Buku Khamis,Over,81.0,34.5,20260530_093320
5e06aeff84a466044adc1db2aae029cb,Western Bulldogs,Collingwood Magpies,2026-05-30T09:35:58Z,dabble_au,Dabble AU,,player_disposals_over,Nick Daicos,Over,5.5,39.5,20260530_093320
5e06aeff84a466044adc1db2aae029cb,Western Bulldogs,Collingwood Magpies,2026-05-30T09:35:58Z,dabble_au,Dabble AU,,player_disposals_over,Bailey Dale,Over,9.5,39.5,20260530_093320
5e06aeff84a466044adc1db2aae029cb,Western Bulldogs,Collingwood Magpies,2026-05-30T09:35:58Z,dabble_au,Dabble AU,,player_disposals_over,Marcus Bontempelli,Over,15.0,39.5,20260530_093320
5e06aeff84a466044adc1db2aae029cb,Western Bulldogs,Collingwood Magpies,2026-05-30T09:35:58Z,dabble_au,Dabble AU,,player_disposals_over,Josh Daicos,Over,19.0,39.5,20260530_093320
5e06aeff84a466044adc1db2aae029cb,Western Bulldogs,Collingwood Magpies,2026-05-30T09:35:58Z,dabble_au,Dabble AU,,player_disposals_over,Ryley Sanders,Over,23.0,39.5,20260530_093320
5e06aeff84a466044adc1db2aae029cb,Western Bulldogs,Collingwood Magpies,2026-05-30T09:35:58Z,dabble_au,Dabble AU,,player_disposals_over,Ed Richards,Over,31.0,39.5,20260530_093320
5e06aeff84a466044adc1db2aae029cb,Western Bulldogs,Collingwood Magpies,2026-05-30T09:35:58Z,dabble_au,Dabble AU,,player_disposals_over,Dan Houston,Over,34.0,39.5,20260530_093320
5e06aeff84a466044adc1db2aae029cb,Western Bulldogs,Collingwood Magpies,2026-05-30T09:35:58Z,dabble_au,Dabble AU,,player_disposals_over,Scott Pendlebury,Over,34.0,39.5,20260530_093320
5e06aeff84a466044adc1db2aae029cb,Western Bulldogs,Collingwood Magpies,2026-05-30T09:35:58Z,dabble_au,Dabble AU,,player_disposals_over,Jordan De Goey,Over,34.0,39.5,20260530_093320
5e06aeff84a466044adc1db2aae029cb,Western Bulldogs,Collingwood Magpies,2026-05-30T09:35:58Z,dabble_au,Dabble AU,,player_disposals_over,Jack Crisp,Over,34.0,39.5,20260530_093320
5e06aeff84a466044adc1db2aae029cb,Western Bulldogs,Collingwood Magpies,2026-05-30T09:35:58Z,dabble_au,Dabble AU,,player_disposals_over,Matthew Kennedy,Over,41.0,39.5,20260530_093320
5e06aeff84a466044adc1db2aae029cb,Western Bulldogs,Collingwood Magpies,2026-05-30T09:35:58Z,dabble_au,Dabble AU,,player_disposals_over,Adam Treloar,Over,41.0,39.5,20260530_093320
5e06aeff84a466044adc1db2aae029cb,Western Bulldogs,Collingwood Magpies,2026-05-30T09:35:58Z,dabble_au,Dabble AU,,player_disposals_over,Connor Budarick,Over,41.0,39.5,20260530_093320
5e06aeff84a466044adc1db2aae029cb,Western Bulldogs,Collingwood Magpies,2026-05-30T09:35:58Z,dabble_au,Dabble AU,,player_disposals_over,Patrick Lipinski,Over,41.0,39.5,20260530_093320
5e06aeff84a466044adc1db2aae029cb,Western Bulldogs,Collingwood Magpies,2026-05-30T09:35:58Z,dabble_au,Dabble AU,,player_disposals_over,Brayden Maynard,Over,51.0,39.5,20260530_093320
5e06aeff84a466044adc1db2aae029cb,Western Bulldogs,Collingwood Magpies,2026-05-30T09:35:58Z,dabble_au,Dabble AU,,player_disposals_over,Jeremy Howe,Over,51.0,39.5,20260530_093320
5e06aeff84a466044adc1db2aae029cb,Western Bulldogs,Collingwood Magpies,2026-05-30T09:35:58Z,dabble_au,Dabble AU,,player_disposals_over,Darcy Cameron,Over,51.0,39.5,20260530_093320
5e06aeff84a466044adc1db2aae029cb,Western Bulldogs,Collingwood Magpies,2026-05-30T09:35:58Z,dabble_au,Dabble AU,,player_disposals_over,Joel Freijah,Over,51.0,39.5,20260530_093320
5e06aeff84a466044adc1db2aae029cb,Western Bulldogs,Collingwood Magpies,2026-05-30T09:35:58Z,dabble_au,Dabble AU,,player_disposals_over,Isaac Quaynor,Over,51.0,39.5,20260530_093320
5e06aeff84a466044adc1db2aae029cb,Western Bulldogs,Collingwood Magpies,2026-05-30T09:35:58Z,dabble_au,Dabble AU,,player_disposals_over,Lachlan Schultz,Over,81.0,39.5,20260530_093320
5e06aeff84a466044adc1db2aae029cb,Western Bulldogs,Collingwood Magpies,2026-05-30T09:35:58Z,dabble_au,Dabble AU,,player_disposals_over,Lachlan Bramble,Over,81.0,39.5,20260530_093320
5e06aeff84a466044adc1db2aae029cb,Western Bulldogs,Collingwood Magpies,2026-05-30T09:35:58Z,dabble_au,Dabble AU,,player_disposals_over,Timothy English,Over,81.0,39.5,20260530_093320
5e06aeff84a466044adc1db2aae029cb,Western Bulldogs,Collingwood Magpies,2026-05-30T09:35:58Z,dabble_au,Dabble AU,,player_disposals_over,Lachie Jaques,Over,81.0,39.5,20260530_093320
5e06aeff84a466044adc1db2aae029cb,Western Bulldogs,Collingwood Magpies,2026-05-30T09:35:58Z,dabble_au,Dabble AU,,player_disposals_over,Nicholas Coffield,Over,81.0,39.5,20260530_093320
5e06aeff84a466044adc1db2aae029cb,Western Bulldogs,Collingwood Magpies,2026-05-30T09:35:58Z,dabble_au,Dabble AU,,player_disposals_over,Steele Sidebottom,Over,81.0,39.5,20260530_093320
5e06aeff84a466044adc1db2aae029cb,Western Bulldogs,Collingwood Magpies,2026-05-30T09:35:58Z,dabble_au,Dabble AU,,player_disposals_over,Beau McCreery,Over,81.0,39.5,20260530_093320
5e06aeff84a466044adc1db2aae029cb,Western Bulldogs,Collingwood Magpies,2026-05-30T09:35:58Z,dabble_au,Dabble AU,,player_disposals_over,Roan Steele,Over,81.0,39.5,20260530_093320
5e06aeff84a466044adc1db2aae029cb,Western Bulldogs,Collingwood Magpies,2026-05-30T09:35:58Z,dabble_au,Dabble AU,,player_disposals_over,Michael Sellwood,Over,101.0,39.5,20260530_093320
5e06aeff84a466044adc1db2aae029cb,Western Bulldogs,Collingwood Magpies,2026-05-30T09:35:58Z,dabble_au,Dabble AU,,player_disposals_over,Buku Khamis,Over,101.0,39.5,20260530_093320
5e06aeff84a466044adc1db2aae029cb,Western Bulldogs,Collingwood Magpies,2026-05-30T09:35:58Z,dabble_au,Dabble AU,,player_disposals_over,Rory Lobb,Over,101.0,39.5,20260530_093320
5e06aeff84a466044adc1db2aae029cb,Western Bulldogs,Collingwood Magpies,2026-05-30T09:35:58Z,dabble_au,Dabble AU,,player_goal_scorer_anytime,Aaron Naughton,Yes,1.02,,20260530_093320
5e06aeff84a466044adc1db2aae029cb,Western Bulldogs,Collingwood Magpies,2026-05-30T09:35:58Z,dabble_au,Dabble AU,,player_goal_scorer_anytime,Rhylee West,Yes,1.11,,20260530_093320
5e06aeff84a466044adc1db2aae029cb,Western Bulldogs,Collingwood Magpies,2026-05-30T09:35:58Z,dabble_au,Dabble AU,,player_goal_scorer_anytime,Daniel McStay,Yes,1.13,,20260530_093320
5e06aeff84a466044adc1db2aae029cb,Western Bulldogs,Collingwood Magpies,2026-05-30T09:35:58Z,dabble_au,Dabble AU,,player_goal_scorer_anytime,Nick Daicos,Yes,1.15,,20260530_093320
5e06aeff84a466044adc1db2aae029cb,Western Bulldogs,Collingwood Magpies,2026-05-30T09:35:58Z,dabble_au,Dabble AU,,player_goal_scorer_anytime,Tim Membrey,Yes,1.18,,20260530_093320
5e06aeff84a466044adc1db2aae029cb,Western Bulldogs,Collingwood Magpies,2026-05-30T09:35:58Z,dabble_au,Dabble AU,,player_goal_scorer_anytime,Will Lewis,Yes,1.26,,20260530_093320
5e06aeff84a466044adc1db2aae029cb,Western Bulldogs,Collingwood Magpies,2026-05-30T09:35:58Z,dabble_au,Dabble AU,,player_goal_scorer_anytime,Marcus Bontempelli,Yes,1.26,,20260530_093320
5e06aeff84a466044adc1db2aae029cb,Western Bulldogs,Collingwood Magpies,2026-05-30T09:35:58Z,dabble_au,Dabble AU,,player_goal_scorer_anytime,Jordan De Goey,Yes,1.33,,20260530_093320
5e06aeff84a466044adc1db2aae029cb,Western Bulldogs,Collingwood Magpies,2026-05-30T09:35:58Z,dabble_au,Dabble AU,,player_goal_scorer_anytime,Arthur Jones,Yes,1.38,,20260530_093320
5e06aeff84a466044adc1db2aae029cb,Western Bulldogs,Collingwood Magpies,2026-05-30T09:35:58Z,dabble_au,Dabble AU,,player_goal_scorer_anytime,Lachlan Schultz,Yes,1.4,,20260530_093320
5e06aeff84a466044adc1db2aae029cb,Western Bulldogs,Collingwood Magpies,2026-05-30T09:35:58Z,dabble_au,Dabble AU,,player_goal_scorer_anytime,Jordan Croft,Yes,1.6,,20260530_093320
5e06aeff84a466044adc1db2aae029cb,Western Bulldogs,Collingwood Magpies,2026-05-30T09:35:58Z,dabble_au,Dabble AU,,player_goal_scorer_anytime,Ed Richards,Yes,1.68,,20260530_093320
5e06aeff84a466044adc1db2aae029cb,Western Bulldogs,Collingwood Magpies,2026-05-30T09:35:58Z,dabble_au,Dabble AU,,player_goal_scorer_anytime,Roan Steele,Yes,1.78,,20260530_093320
5e06aeff84a466044adc1db2aae029cb,Western Bulldogs,Collingwood Magpies,2026-05-30T09:35:58Z,dabble_au,Dabble AU,,player_goal_scorer_anytime,Angus Anderson,Yes,1.8,,20260530_093320
5e06aeff84a466044adc1db2aae029cb,Western Bulldogs,Collingwood Magpies,2026-05-30T09:35:58Z,dabble_au,Dabble AU,,player_goal_scorer_anytime,Beau McCreery,Yes,1.92,,20260530_093320
5e06aeff84a466044adc1db2aae029cb,Western Bulldogs,Collingwood Magpies,2026-05-30T09:35:58Z,dabble_au,Dabble AU,,player_goal_scorer_anytime,Cooper Hynes,Yes,1.92,,20260530_093320
5e06aeff84a466044adc1db2aae029cb,Western Bulldogs,Collingwood Magpies,2026-05-30T09:35:58Z,dabble_au,Dabble AU,,player_goal_scorer_anytime,Harvey Harrison,Yes,1.95,,20260530_093320
5e06aeff84a466044adc1db2aae029cb,Western Bulldogs,Collingwood Magpies,2026-05-30T09:35:58Z,dabble_au,Dabble AU,,player_goal_scorer_anytime,Lachie McNeil,Yes,2.0,,20260530_093320
5e06aeff84a466044adc1db2aae029cb,Western Bulldogs,Collingwood Magpies,2026-05-30T09:35:58Z,dabble_au,Dabble AU,,player_goal_scorer_anytime,Timothy English,Yes,2.3,,20260530_093320
5e06aeff84a466044adc1db2aae029cb,Western Bulldogs,Collingwood Magpies,2026-05-30T09:35:58Z,dabble_au,Dabble AU,,player_goal_scorer_anytime,Ned Long,Yes,2.3,,20260530_093320
5e06aeff84a466044adc1db2aae029cb,Western Bulldogs,Collingwood Magpies,2026-05-30T09:35:58Z,dabble_au,Dabble AU,,player_goal_scorer_anytime,Joel Freijah,Yes,2.38,,20260530_093320
5e06aeff84a466044adc1db2aae029cb,Western Bulldogs,Collingwood Magpies,2026-05-30T09:35:58Z,dabble_au,Dabble AU,,player_goal_scorer_anytime,Lachie Jaques,Yes,2.5,,20260530_093320
5e06aeff84a466044adc1db2aae029cb,Western Bulldogs,Collingwood Magpies,2026-05-30T09:35:58Z,dabble_au,Dabble AU,,player_goal_scorer_anytime,Adam Treloar,Yes,2.6,,20260530_093320
5e06aeff84a466044adc1db2aae029cb,Western Bulldogs,Collingwood Magpies,2026-05-30T09:35:58Z,dabble_au,Dabble AU,,player_goal_scorer_anytime,Rory Lobb,Yes,2.63,,20260530_093320
5e06aeff84a466044adc1db2aae029cb,Western Bulldogs,Collingwood Magpies,2026-05-30T09:35:58Z,dabble_au,Dabble AU,,player_goal_scorer_anytime,Ryley Sanders,Yes,2.63,,20260530_093320
5e06aeff84a466044adc1db2aae029cb,Western Bulldogs,Collingwood Magpies,2026-05-30T09:35:58Z,dabble_au,Dabble AU,,player_goal_scorer_anytime,Patrick Lipinski,Yes,2.63,,20260530_093320
5e06aeff84a466044adc1db2aae029cb,Western Bulldogs,Collingwood Magpies,2026-05-30T09:35:58Z,dabble_au,Dabble AU,,player_goal_scorer_anytime,Jack Crisp,Yes,2.9,,20260530_093320
5e06aeff84a466044adc1db2aae029cb,Western Bulldogs,Collingwood Magpies,2026-05-30T09:35:58Z,dabble_au,Dabble AU,,player_goal_scorer_anytime,Steele Sidebottom,Yes,2.9,,20260530_093320
5e06aeff84a466044adc1db2aae029cb,Western Bulldogs,Collingwood Magpies,2026-05-30T09:35:58Z,dabble_au,Dabble AU,,player_goal_scorer_anytime,Lachlan Bramble,Yes,2.9,,20260530_093320
5e06aeff84a466044adc1db2aae029cb,Western Bulldogs,Collingwood Magpies,2026-05-30T09:35:58Z,dabble_au,Dabble AU,,player_goal_scorer_anytime,Brayden Maynard,Yes,3.0,,20260530_093320
5e06aeff84a466044adc1db2aae029cb,Western Bulldogs,Collingwood Magpies,2026-05-30T09:35:58Z,dabble_au,Dabble AU,,player_goal_scorer_anytime,Nicholas Coffield,Yes,3.0,,20260530_093320
5e06aeff84a466044adc1db2aae029cb,Western Bulldogs,Collingwood Magpies,2026-05-30T09:35:58Z,dabble_au,Dabble AU,,player_goal_scorer_anytime,Michael Sellwood,Yes,3.0,,20260530_093320
5e06aeff84a466044adc1db2aae029cb,Western Bulldogs,Collingwood Magpies,2026-05-30T09:35:58Z,dabble_au,Dabble AU,,player_goal_scorer_anytime,Billy Frampton,Yes,3.0,,20260530_093320
5e06aeff84a466044adc1db2aae029cb,Western Bulldogs,Collingwood Magpies,2026-05-30T09:35:58Z,dabble_au,Dabble AU,,player_goal_scorer_anytime,Isaac Quaynor,Yes,3.0,,20260530_093320
5e06aeff84a466044adc1db2aae029cb,Western Bulldogs,Collingwood Magpies,2026-05-30T09:35:58Z,dabble_au,Dabble AU,,player_goal_scorer_anytime,Wil Parker,Yes,3.0,,20260530_093320
5e06aeff84a466044adc1db2aae029cb,Western Bulldogs,Collingwood Magpies,2026-05-30T09:35:58Z,dabble_au,Dabble AU,,player_goal_scorer_anytime,Edward Allan,Yes,3.0,,20260530_093320
5e06aeff84a466044adc1db2aae029cb,Western Bulldogs,Collingwood Magpies,2026-05-30T09:35:58Z,dabble_au,Dabble AU,,player_goal_scorer_anytime,Connor Budarick,Yes,3.0,,20260530_093320
5e06aeff84a466044adc1db2aae029cb,Western Bulldogs,Collingwood Magpies,2026-05-30T09:35:58Z,dabble_au,Dabble AU,,player_goal_scorer_anytime,Buku Khamis,Yes,3.0,,20260530_093320
5e06aeff84a466044adc1db2aae029cb,Western Bulldogs,Collingwood Magpies,2026-05-30T09:35:58Z,dabble_au,Dabble AU,,player_goal_scorer_anytime,Josh Daicos,Yes,3.0,,20260530_093320
5e06aeff84a466044adc1db2aae029cb,Western Bulldogs,Collingwood Magpies,2026-05-30T09:35:58Z,dabble_au,Dabble AU,,player_goal_scorer_anytime,Bailey Dale,Yes,3.0,,20260530_093320
5e06aeff84a466044adc1db2aae029cb,Western Bulldogs,Collingwood Magpies,2026-05-30T09:35:58Z,dabble_au,Dabble AU,,player_goal_scorer_anytime,Scott Pendlebury,Yes,3.0,,20260530_093320
5e06aeff84a466044adc1db2aae029cb,Western Bulldogs,Collingwood Magpies,2026-05-30T09:35:58Z,dabble_au,Dabble AU,,player_goal_scorer_anytime,Matthew Kennedy,Yes,3.0,,20260530_093320
5e06aeff84a466044adc1db2aae029cb,Western Bulldogs,Collingwood Magpies,2026-05-30T09:35:58Z,dabble_au,Dabble AU,,player_goal_scorer_anytime,Darcy Cameron,Yes,3.0,,20260530_093320
5e06aeff84a466044adc1db2aae029cb,Western Bulldogs,Collingwood Magpies,2026-05-30T09:35:58Z,dabble_au,Dabble AU,,player_goal_scorer_anytime,Dan Houston,Yes,3.0,,20260530_093320
