event_id,home_team,away_team,commence_time,bookmaker,bookmaker_title,last_update,market,player,outcome_name,price,point,snapshot_utc
c2359222d8b43b27ad6d7cbc6f780932,Greater Western Sydney Giants,Brisbane Lions,2026-05-24T02:30:07Z,sportsbet,SportsBet,,player_disposals,Clayton Oliver,Over,1.87,30.5,20260524_013131
c2359222d8b43b27ad6d7cbc6f780932,Greater Western Sydney Giants,Brisbane Lions,2026-05-24T02:30:07Z,sportsbet,SportsBet,,player_disposals,Clayton Oliver,Under,1.86,30.5,20260524_013131
c2359222d8b43b27ad6d7cbc6f780932,Greater Western Sydney Giants,Brisbane Lions,2026-05-24T02:30:07Z,sportsbet,SportsBet,,player_disposals,Finn Callaghan,Over,1.9,27.5,20260524_013131
c2359222d8b43b27ad6d7cbc6f780932,Greater Western Sydney Giants,Brisbane Lions,2026-05-24T02:30:07Z,sportsbet,SportsBet,,player_disposals,Finn Callaghan,Under,1.83,27.5,20260524_013131
c2359222d8b43b27ad6d7cbc6f780932,Greater Western Sydney Giants,Brisbane Lions,2026-05-24T02:30:07Z,sportsbet,SportsBet,,player_disposals,Lachlan Ash,Over,1.86,28.5,20260524_013131
c2359222d8b43b27ad6d7cbc6f780932,Greater Western Sydney Giants,Brisbane Lions,2026-05-24T02:30:07Z,sportsbet,SportsBet,,player_disposals,Lachlan Ash,Under,1.87,28.5,20260524_013131
c2359222d8b43b27ad6d7cbc6f780932,Greater Western Sydney Giants,Brisbane Lions,2026-05-24T02:30:07Z,sportsbet,SportsBet,,player_disposals,Lachie Whitfield,Over,1.88,29.5,20260524_013131
c2359222d8b43b27ad6d7cbc6f780932,Greater Western Sydney Giants,Brisbane Lions,2026-05-24T02:30:07Z,sportsbet,SportsBet,,player_disposals,Lachie Whitfield,Under,1.85,29.5,20260524_013131
c2359222d8b43b27ad6d7cbc6f780932,Greater Western Sydney Giants,Brisbane Lions,2026-05-24T02:30:07Z,sportsbet,SportsBet,,player_disposals,Harvey Thomas,Over,1.86,20.5,20260524_013131
c2359222d8b43b27ad6d7cbc6f780932,Greater Western Sydney Giants,Brisbane Lions,2026-05-24T02:30:07Z,sportsbet,SportsBet,,player_disposals,Harvey Thomas,Under,1.87,20.5,20260524_013131
c2359222d8b43b27ad6d7cbc6f780932,Greater Western Sydney Giants,Brisbane Lions,2026-05-24T02:30:07Z,sportsbet,SportsBet,,player_disposals,Connor Idun,Over,1.88,19.5,20260524_013131
c2359222d8b43b27ad6d7cbc6f780932,Greater Western Sydney Giants,Brisbane Lions,2026-05-24T02:30:07Z,sportsbet,SportsBet,,player_disposals,Connor Idun,Under,1.85,19.5,20260524_013131
c2359222d8b43b27ad6d7cbc6f780932,Greater Western Sydney Giants,Brisbane Lions,2026-05-24T02:30:07Z,sportsbet,SportsBet,,player_disposals,Brent Daniels,Over,1.89,16.5,20260524_013131
c2359222d8b43b27ad6d7cbc6f780932,Greater Western Sydney Giants,Brisbane Lions,2026-05-24T02:30:07Z,sportsbet,SportsBet,,player_disposals,Brent Daniels,Under,1.83,16.5,20260524_013131
c2359222d8b43b27ad6d7cbc6f780932,Greater Western Sydney Giants,Brisbane Lions,2026-05-24T02:30:07Z,sportsbet,SportsBet,,player_disposals,Toby Greene,Over,1.93,17.5,20260524_013131
c2359222d8b43b27ad6d7cbc6f780932,Greater Western Sydney Giants,Brisbane Lions,2026-05-24T02:30:07Z,sportsbet,SportsBet,,player_disposals,Toby Greene,Under,1.81,17.5,20260524_013131
c2359222d8b43b27ad6d7cbc6f780932,Greater Western Sydney Giants,Brisbane Lions,2026-05-24T02:30:07Z,sportsbet,SportsBet,,player_disposals,Stephen Coniglio,Over,1.89,16.5,20260524_013131
c2359222d8b43b27ad6d7cbc6f780932,Greater Western Sydney Giants,Brisbane Lions,2026-05-24T02:30:07Z,sportsbet,SportsBet,,player_disposals,Stephen Coniglio,Under,1.84,16.5,20260524_013131
c2359222d8b43b27ad6d7cbc6f780932,Greater Western Sydney Giants,Brisbane Lions,2026-05-24T02:30:07Z,sportsbet,SportsBet,,player_disposals,Harrison Himmelberg,Over,1.88,16.5,20260524_013131
c2359222d8b43b27ad6d7cbc6f780932,Greater Western Sydney Giants,Brisbane Lions,2026-05-24T02:30:07Z,sportsbet,SportsBet,,player_disposals,Harrison Himmelberg,Under,1.85,16.5,20260524_013131
c2359222d8b43b27ad6d7cbc6f780932,Greater Western Sydney Giants,Brisbane Lions,2026-05-24T02:30:07Z,sportsbet,SportsBet,,player_disposals,Joseph Fonti,Over,1.88,15.5,20260524_013131
c2359222d8b43b27ad6d7cbc6f780932,Greater Western Sydney Giants,Brisbane Lions,2026-05-24T02:30:07Z,sportsbet,SportsBet,,player_disposals,Joseph Fonti,Under,1.85,15.5,20260524_013131
c2359222d8b43b27ad6d7cbc6f780932,Greater Western Sydney Giants,Brisbane Lions,2026-05-24T02:30:07Z,sportsbet,SportsBet,,player_disposals,Jayden Laverde,Over,1.88,14.5,20260524_013131
c2359222d8b43b27ad6d7cbc6f780932,Greater Western Sydney Giants,Brisbane Lions,2026-05-24T02:30:07Z,sportsbet,SportsBet,,player_disposals,Jayden Laverde,Under,1.85,14.5,20260524_013131
c2359222d8b43b27ad6d7cbc6f780932,Greater Western Sydney Giants,Brisbane Lions,2026-05-24T02:30:07Z,sportsbet,SportsBet,,player_disposals,Will Ashcroft,Over,1.81,27.5,20260524_013131
c2359222d8b43b27ad6d7cbc6f780932,Greater Western Sydney Giants,Brisbane Lions,2026-05-24T02:30:07Z,sportsbet,SportsBet,,player_disposals,Will Ashcroft,Under,1.93,27.5,20260524_013131
c2359222d8b43b27ad6d7cbc6f780932,Greater Western Sydney Giants,Brisbane Lions,2026-05-24T02:30:07Z,sportsbet,SportsBet,,player_disposals,Lachie Neale,Over,1.8,29.5,20260524_013131
c2359222d8b43b27ad6d7cbc6f780932,Greater Western Sydney Giants,Brisbane Lions,2026-05-24T02:30:07Z,sportsbet,SportsBet,,player_disposals,Lachie Neale,Under,1.93,29.5,20260524_013131
c2359222d8b43b27ad6d7cbc6f780932,Greater Western Sydney Giants,Brisbane Lions,2026-05-24T02:30:07Z,sportsbet,SportsBet,,player_disposals,Hugh McCluggage,Over,1.85,23.5,20260524_013131
c2359222d8b43b27ad6d7cbc6f780932,Greater Western Sydney Giants,Brisbane Lions,2026-05-24T02:30:07Z,sportsbet,SportsBet,,player_disposals,Hugh McCluggage,Under,1.88,23.5,20260524_013131
c2359222d8b43b27ad6d7cbc6f780932,Greater Western Sydney Giants,Brisbane Lions,2026-05-24T02:30:07Z,sportsbet,SportsBet,,player_disposals,Darcy Wilmot,Over,1.83,24.5,20260524_013131
c2359222d8b43b27ad6d7cbc6f780932,Greater Western Sydney Giants,Brisbane Lions,2026-05-24T02:30:07Z,sportsbet,SportsBet,,player_disposals,Darcy Wilmot,Under,1.89,24.5,20260524_013131
c2359222d8b43b27ad6d7cbc6f780932,Greater Western Sydney Giants,Brisbane Lions,2026-05-24T02:30:07Z,sportsbet,SportsBet,,player_disposals,Levi Ashcroft,Over,1.81,20.5,20260524_013131
c2359222d8b43b27ad6d7cbc6f780932,Greater Western Sydney Giants,Brisbane Lions,2026-05-24T02:30:07Z,sportsbet,SportsBet,,player_disposals,Levi Ashcroft,Under,1.92,20.5,20260524_013131
c2359222d8b43b27ad6d7cbc6f780932,Greater Western Sydney Giants,Brisbane Lions,2026-05-24T02:30:07Z,sportsbet,SportsBet,,player_disposals,Josh Dunkley,Over,1.79,20.5,20260524_013131
c2359222d8b43b27ad6d7cbc6f780932,Greater Western Sydney Giants,Brisbane Lions,2026-05-24T02:30:07Z,sportsbet,SportsBet,,player_disposals,Josh Dunkley,Under,1.95,20.5,20260524_013131
c2359222d8b43b27ad6d7cbc6f780932,Greater Western Sydney Giants,Brisbane Lions,2026-05-24T02:30:07Z,sportsbet,SportsBet,,player_disposals,Keidean Coleman,Over,1.85,19.5,20260524_013131
c2359222d8b43b27ad6d7cbc6f780932,Greater Western Sydney Giants,Brisbane Lions,2026-05-24T02:30:07Z,sportsbet,SportsBet,,player_disposals,Keidean Coleman,Under,1.88,19.5,20260524_013131
c2359222d8b43b27ad6d7cbc6f780932,Greater Western Sydney Giants,Brisbane Lions,2026-05-24T02:30:07Z,sportsbet,SportsBet,,player_disposals,Zac Bailey,Over,1.82,18.5,20260524_013131
c2359222d8b43b27ad6d7cbc6f780932,Greater Western Sydney Giants,Brisbane Lions,2026-05-24T02:30:07Z,sportsbet,SportsBet,,player_disposals,Zac Bailey,Under,1.91,18.5,20260524_013131
c2359222d8b43b27ad6d7cbc6f780932,Greater Western Sydney Giants,Brisbane Lions,2026-05-24T02:30:07Z,sportsbet,SportsBet,,player_disposals,Jaspa Fletcher,Over,1.82,18.5,20260524_013131
c2359222d8b43b27ad6d7cbc6f780932,Greater Western Sydney Giants,Brisbane Lions,2026-05-24T02:30:07Z,sportsbet,SportsBet,,player_disposals,Jaspa Fletcher,Under,1.91,18.5,20260524_013131
c2359222d8b43b27ad6d7cbc6f780932,Greater Western Sydney Giants,Brisbane Lions,2026-05-24T02:30:07Z,sportsbet,SportsBet,,player_disposals,Bruce Reville,Over,1.85,17.5,20260524_013131
c2359222d8b43b27ad6d7cbc6f780932,Greater Western Sydney Giants,Brisbane Lions,2026-05-24T02:30:07Z,sportsbet,SportsBet,,player_disposals,Bruce Reville,Under,1.88,17.5,20260524_013131
c2359222d8b43b27ad6d7cbc6f780932,Greater Western Sydney Giants,Brisbane Lions,2026-05-24T02:30:07Z,sportsbet,SportsBet,,player_disposals,Cameron Rayner,Over,1.85,14.5,20260524_013131
c2359222d8b43b27ad6d7cbc6f780932,Greater Western Sydney Giants,Brisbane Lions,2026-05-24T02:30:07Z,sportsbet,SportsBet,,player_disposals,Cameron Rayner,Under,1.87,14.5,20260524_013131
c2359222d8b43b27ad6d7cbc6f780932,Greater Western Sydney Giants,Brisbane Lions,2026-05-24T02:30:07Z,sportsbet,SportsBet,,player_disposals,Harris Andrews,Over,1.83,14.5,20260524_013131
c2359222d8b43b27ad6d7cbc6f780932,Greater Western Sydney Giants,Brisbane Lions,2026-05-24T02:30:07Z,sportsbet,SportsBet,,player_disposals,Harris Andrews,Under,1.89,14.5,20260524_013131
c2359222d8b43b27ad6d7cbc6f780932,Greater Western Sydney Giants,Brisbane Lions,2026-05-24T02:30:07Z,sportsbet,SportsBet,,player_disposals_over,Aaron Cadman,Over,1.25,9.5,20260524_013131
c2359222d8b43b27ad6d7cbc6f780932,Greater Western Sydney Giants,Brisbane Lions,2026-05-24T02:30:07Z,sportsbet,SportsBet,,player_disposals_over,Brent Daniels,Over,1.03,9.5,20260524_013131
c2359222d8b43b27ad6d7cbc6f780932,Greater Western Sydney Giants,Brisbane Lions,2026-05-24T02:30:07Z,sportsbet,SportsBet,,player_disposals_over,Callum Brown,Over,1.6,9.5,20260524_013131
c2359222d8b43b27ad6d7cbc6f780932,Greater Western Sydney Giants,Brisbane Lions,2026-05-24T02:30:07Z,sportsbet,SportsBet,,player_disposals_over,Conor Stone,Over,1.11,9.5,20260524_013131
c2359222d8b43b27ad6d7cbc6f780932,Greater Western Sydney Giants,Brisbane Lions,2026-05-24T02:30:07Z,sportsbet,SportsBet,,player_disposals_over,Jack Buckley,Over,1.17,9.5,20260524_013131
c2359222d8b43b27ad6d7cbc6f780932,Greater Western Sydney Giants,Brisbane Lions,2026-05-24T02:30:07Z,sportsbet,SportsBet,,player_disposals_over,Jake Riccardi,Over,1.34,9.5,20260524_013131
c2359222d8b43b27ad6d7cbc6f780932,Greater Western Sydney Giants,Brisbane Lions,2026-05-24T02:30:07Z,sportsbet,SportsBet,,player_disposals_over,Jake Stringer,Over,1.34,9.5,20260524_013131
c2359222d8b43b27ad6d7cbc6f780932,Greater Western Sydney Giants,Brisbane Lions,2026-05-24T02:30:07Z,sportsbet,SportsBet,,player_disposals_over,Jayden Laverde,Over,1.08,9.5,20260524_013131
c2359222d8b43b27ad6d7cbc6f780932,Greater Western Sydney Giants,Brisbane Lions,2026-05-24T02:30:07Z,sportsbet,SportsBet,,player_disposals_over,Joseph Fonti,Over,1.06,9.5,20260524_013131
c2359222d8b43b27ad6d7cbc6f780932,Greater Western Sydney Giants,Brisbane Lions,2026-05-24T02:30:07Z,sportsbet,SportsBet,,player_disposals_over,Kieren Briggs,Over,1.17,9.5,20260524_013131
c2359222d8b43b27ad6d7cbc6f780932,Greater Western Sydney Giants,Brisbane Lions,2026-05-24T02:30:07Z,sportsbet,SportsBet,,player_disposals_over,Phoenix Gothard,Over,1.17,9.5,20260524_013131
c2359222d8b43b27ad6d7cbc6f780932,Greater Western Sydney Giants,Brisbane Lions,2026-05-24T02:30:07Z,sportsbet,SportsBet,,player_disposals_over,Stephen Coniglio,Over,1.04,9.5,20260524_013131
c2359222d8b43b27ad6d7cbc6f780932,Greater Western Sydney Giants,Brisbane Lions,2026-05-24T02:30:07Z,sportsbet,SportsBet,,player_disposals_over,Toby Bedford,Over,1.17,9.5,20260524_013131
c2359222d8b43b27ad6d7cbc6f780932,Greater Western Sydney Giants,Brisbane Lions,2026-05-24T02:30:07Z,sportsbet,SportsBet,,player_disposals_over,Toby McMullin,Over,1.55,9.5,20260524_013131
c2359222d8b43b27ad6d7cbc6f780932,Greater Western Sydney Giants,Brisbane Lions,2026-05-24T02:30:07Z,sportsbet,SportsBet,,player_disposals_over,Max Gruzewski,Over,2.37,9.5,20260524_013131
c2359222d8b43b27ad6d7cbc6f780932,Greater Western Sydney Giants,Brisbane Lions,2026-05-24T02:30:07Z,sportsbet,SportsBet,,player_disposals_over,Cameron Rayner,Over,1.11,9.5,20260524_013131
c2359222d8b43b27ad6d7cbc6f780932,Greater Western Sydney Giants,Brisbane Lions,2026-05-24T02:30:07Z,sportsbet,SportsBet,,player_disposals_over,Charlie Cameron,Over,1.13,9.5,20260524_013131
c2359222d8b43b27ad6d7cbc6f780932,Greater Western Sydney Giants,Brisbane Lions,2026-05-24T02:30:07Z,sportsbet,SportsBet,,player_disposals_over,Conor McKenna,Over,1.25,9.5,20260524_013131
c2359222d8b43b27ad6d7cbc6f780932,Greater Western Sydney Giants,Brisbane Lions,2026-05-24T02:30:07Z,sportsbet,SportsBet,,player_disposals_over,Darcy Fort,Over,1.13,9.5,20260524_013131
c2359222d8b43b27ad6d7cbc6f780932,Greater Western Sydney Giants,Brisbane Lions,2026-05-24T02:30:07Z,sportsbet,SportsBet,,player_disposals_over,Darcy Gardiner,Over,1.38,9.5,20260524_013131
c2359222d8b43b27ad6d7cbc6f780932,Greater Western Sydney Giants,Brisbane Lions,2026-05-24T02:30:07Z,sportsbet,SportsBet,,player_disposals_over,Harris Andrews,Over,1.07,9.5,20260524_013131
c2359222d8b43b27ad6d7cbc6f780932,Greater Western Sydney Giants,Brisbane Lions,2026-05-24T02:30:07Z,sportsbet,SportsBet,,player_disposals_over,James Tunstill,Over,1.13,9.5,20260524_013131
c2359222d8b43b27ad6d7cbc6f780932,Greater Western Sydney Giants,Brisbane Lions,2026-05-24T02:30:07Z,sportsbet,SportsBet,,player_disposals_over,Kai Lohmann,Over,1.14,9.5,20260524_013131
c2359222d8b43b27ad6d7cbc6f780932,Greater Western Sydney Giants,Brisbane Lions,2026-05-24T02:30:07Z,sportsbet,SportsBet,,player_disposals_over,Logan Morris,Over,1.31,9.5,20260524_013131
c2359222d8b43b27ad6d7cbc6f780932,Greater Western Sydney Giants,Brisbane Lions,2026-05-24T02:30:07Z,sportsbet,SportsBet,,player_disposals_over,Sam Draper,Over,1.25,9.5,20260524_013131
c2359222d8b43b27ad6d7cbc6f780932,Greater Western Sydney Giants,Brisbane Lions,2026-05-24T02:30:07Z,sportsbet,SportsBet,,player_disposals_over,Sam Marshall,Over,1.14,9.5,20260524_013131
c2359222d8b43b27ad6d7cbc6f780932,Greater Western Sydney Giants,Brisbane Lions,2026-05-24T02:30:07Z,sportsbet,SportsBet,,player_disposals_over,Ty Gallop,Over,1.89,9.5,20260524_013131
c2359222d8b43b27ad6d7cbc6f780932,Greater Western Sydney Giants,Brisbane Lions,2026-05-24T02:30:07Z,sportsbet,SportsBet,,player_disposals_over,Will McLachlan,Over,1.89,9.5,20260524_013131
c2359222d8b43b27ad6d7cbc6f780932,Greater Western Sydney Giants,Brisbane Lions,2026-05-24T02:30:07Z,sportsbet,SportsBet,,player_disposals_over,Aaron Cadman,Over,1.41,10.5,20260524_013131
c2359222d8b43b27ad6d7cbc6f780932,Greater Western Sydney Giants,Brisbane Lions,2026-05-24T02:30:07Z,sportsbet,SportsBet,,player_disposals_over,Brent Daniels,Over,1.06,10.5,20260524_013131
c2359222d8b43b27ad6d7cbc6f780932,Greater Western Sydney Giants,Brisbane Lions,2026-05-24T02:30:07Z,sportsbet,SportsBet,,player_disposals_over,Callum Brown,Over,1.89,10.5,20260524_013131
c2359222d8b43b27ad6d7cbc6f780932,Greater Western Sydney Giants,Brisbane Lions,2026-05-24T02:30:07Z,sportsbet,SportsBet,,player_disposals_over,Conor Stone,Over,1.17,10.5,20260524_013131
c2359222d8b43b27ad6d7cbc6f780932,Greater Western Sydney Giants,Brisbane Lions,2026-05-24T02:30:07Z,sportsbet,SportsBet,,player_disposals_over,Harrison Himmelberg,Over,1.05,10.5,20260524_013131
c2359222d8b43b27ad6d7cbc6f780932,Greater Western Sydney Giants,Brisbane Lions,2026-05-24T02:30:07Z,sportsbet,SportsBet,,player_disposals_over,Jack Buckley,Over,1.28,10.5,20260524_013131
c2359222d8b43b27ad6d7cbc6f780932,Greater Western Sydney Giants,Brisbane Lions,2026-05-24T02:30:07Z,sportsbet,SportsBet,,player_disposals_over,Jake Riccardi,Over,1.49,10.5,20260524_013131
c2359222d8b43b27ad6d7cbc6f780932,Greater Western Sydney Giants,Brisbane Lions,2026-05-24T02:30:07Z,sportsbet,SportsBet,,player_disposals_over,Jake Stringer,Over,1.49,10.5,20260524_013131
c2359222d8b43b27ad6d7cbc6f780932,Greater Western Sydney Giants,Brisbane Lions,2026-05-24T02:30:07Z,sportsbet,SportsBet,,player_disposals_over,Jayden Laverde,Over,1.14,10.5,20260524_013131
c2359222d8b43b27ad6d7cbc6f780932,Greater Western Sydney Giants,Brisbane Lions,2026-05-24T02:30:07Z,sportsbet,SportsBet,,player_disposals_over,Joseph Fonti,Over,1.13,10.5,20260524_013131
c2359222d8b43b27ad6d7cbc6f780932,Greater Western Sydney Giants,Brisbane Lions,2026-05-24T02:30:07Z,sportsbet,SportsBet,,player_disposals_over,Kieren Briggs,Over,1.28,10.5,20260524_013131
c2359222d8b43b27ad6d7cbc6f780932,Greater Western Sydney Giants,Brisbane Lions,2026-05-24T02:30:07Z,sportsbet,SportsBet,,player_disposals_over,Phoenix Gothard,Over,1.28,10.5,20260524_013131
c2359222d8b43b27ad6d7cbc6f780932,Greater Western Sydney Giants,Brisbane Lions,2026-05-24T02:30:07Z,sportsbet,SportsBet,,player_disposals_over,Stephen Coniglio,Over,1.07,10.5,20260524_013131
c2359222d8b43b27ad6d7cbc6f780932,Greater Western Sydney Giants,Brisbane Lions,2026-05-24T02:30:07Z,sportsbet,SportsBet,,player_disposals_over,Toby Bedford,Over,1.28,10.5,20260524_013131
c2359222d8b43b27ad6d7cbc6f780932,Greater Western Sydney Giants,Brisbane Lions,2026-05-24T02:30:07Z,sportsbet,SportsBet,,player_disposals_over,Toby Greene,Over,1.04,10.5,20260524_013131
c2359222d8b43b27ad6d7cbc6f780932,Greater Western Sydney Giants,Brisbane Lions,2026-05-24T02:30:07Z,sportsbet,SportsBet,,player_disposals_over,Toby McMullin,Over,1.72,10.5,20260524_013131
c2359222d8b43b27ad6d7cbc6f780932,Greater Western Sydney Giants,Brisbane Lions,2026-05-24T02:30:07Z,sportsbet,SportsBet,,player_disposals_over,Max Gruzewski,Over,3.02,10.5,20260524_013131
c2359222d8b43b27ad6d7cbc6f780932,Greater Western Sydney Giants,Brisbane Lions,2026-05-24T02:30:07Z,sportsbet,SportsBet,,player_disposals_over,Bruce Reville,Over,1.04,10.5,20260524_013131
c2359222d8b43b27ad6d7cbc6f780932,Greater Western Sydney Giants,Brisbane Lions,2026-05-24T02:30:07Z,sportsbet,SportsBet,,player_disposals_over,Cameron Rayner,Over,1.17,10.5,20260524_013131
c2359222d8b43b27ad6d7cbc6f780932,Greater Western Sydney Giants,Brisbane Lions,2026-05-24T02:30:07Z,sportsbet,SportsBet,,player_disposals_over,Charlie Cameron,Over,1.22,10.5,20260524_013131
c2359222d8b43b27ad6d7cbc6f780932,Greater Western Sydney Giants,Brisbane Lions,2026-05-24T02:30:07Z,sportsbet,SportsBet,,player_disposals_over,Conor McKenna,Over,1.38,10.5,20260524_013131
c2359222d8b43b27ad6d7cbc6f780932,Greater Western Sydney Giants,Brisbane Lions,2026-05-24T02:30:07Z,sportsbet,SportsBet,,player_disposals_over,Darcy Fort,Over,1.2,10.5,20260524_013131
c2359222d8b43b27ad6d7cbc6f780932,Greater Western Sydney Giants,Brisbane Lions,2026-05-24T02:30:07Z,sportsbet,SportsBet,,player_disposals_over,Darcy Gardiner,Over,1.59,10.5,20260524_013131
c2359222d8b43b27ad6d7cbc6f780932,Greater Western Sydney Giants,Brisbane Lions,2026-05-24T02:30:07Z,sportsbet,SportsBet,,player_disposals_over,Harris Andrews,Over,1.13,10.5,20260524_013131
c2359222d8b43b27ad6d7cbc6f780932,Greater Western Sydney Giants,Brisbane Lions,2026-05-24T02:30:07Z,sportsbet,SportsBet,,player_disposals_over,James Tunstill,Over,1.2,10.5,20260524_013131
c2359222d8b43b27ad6d7cbc6f780932,Greater Western Sydney Giants,Brisbane Lions,2026-05-24T02:30:07Z,sportsbet,SportsBet,,player_disposals_over,Kai Lohmann,Over,1.25,10.5,20260524_013131
c2359222d8b43b27ad6d7cbc6f780932,Greater Western Sydney Giants,Brisbane Lions,2026-05-24T02:30:07Z,sportsbet,SportsBet,,player_disposals_over,Logan Morris,Over,1.47,10.5,20260524_013131
c2359222d8b43b27ad6d7cbc6f780932,Greater Western Sydney Giants,Brisbane Lions,2026-05-24T02:30:07Z,sportsbet,SportsBet,,player_disposals_over,Sam Draper,Over,1.38,10.5,20260524_013131
c2359222d8b43b27ad6d7cbc6f780932,Greater Western Sydney Giants,Brisbane Lions,2026-05-24T02:30:07Z,sportsbet,SportsBet,,player_disposals_over,Sam Marshall,Over,1.22,10.5,20260524_013131
c2359222d8b43b27ad6d7cbc6f780932,Greater Western Sydney Giants,Brisbane Lions,2026-05-24T02:30:07Z,sportsbet,SportsBet,,player_disposals_over,Ty Gallop,Over,2.33,10.5,20260524_013131
c2359222d8b43b27ad6d7cbc6f780932,Greater Western Sydney Giants,Brisbane Lions,2026-05-24T02:30:07Z,sportsbet,SportsBet,,player_disposals_over,Will McLachlan,Over,2.3,10.5,20260524_013131
c2359222d8b43b27ad6d7cbc6f780932,Greater Western Sydney Giants,Brisbane Lions,2026-05-24T02:30:07Z,sportsbet,SportsBet,,player_disposals_over,Aaron Cadman,Over,1.63,11.5,20260524_013131
c2359222d8b43b27ad6d7cbc6f780932,Greater Western Sydney Giants,Brisbane Lions,2026-05-24T02:30:07Z,sportsbet,SportsBet,,player_disposals_over,Brent Daniels,Over,1.13,11.5,20260524_013131
c2359222d8b43b27ad6d7cbc6f780932,Greater Western Sydney Giants,Brisbane Lions,2026-05-24T02:30:07Z,sportsbet,SportsBet,,player_disposals_over,Conor Stone,Over,1.3,11.5,20260524_013131
c2359222d8b43b27ad6d7cbc6f780932,Greater Western Sydney Giants,Brisbane Lions,2026-05-24T02:30:07Z,sportsbet,SportsBet,,player_disposals_over,Harrison Himmelberg,Over,1.1,11.5,20260524_013131
c2359222d8b43b27ad6d7cbc6f780932,Greater Western Sydney Giants,Brisbane Lions,2026-05-24T02:30:07Z,sportsbet,SportsBet,,player_disposals_over,Jack Buckley,Over,1.42,11.5,20260524_013131
c2359222d8b43b27ad6d7cbc6f780932,Greater Western Sydney Giants,Brisbane Lions,2026-05-24T02:30:07Z,sportsbet,SportsBet,,player_disposals_over,Jake Riccardi,Over,1.68,11.5,20260524_013131
c2359222d8b43b27ad6d7cbc6f780932,Greater Western Sydney Giants,Brisbane Lions,2026-05-24T02:30:07Z,sportsbet,SportsBet,,player_disposals_over,Jake Stringer,Over,1.69,11.5,20260524_013131
c2359222d8b43b27ad6d7cbc6f780932,Greater Western Sydney Giants,Brisbane Lions,2026-05-24T02:30:07Z,sportsbet,SportsBet,,player_disposals_over,Jayden Laverde,Over,1.25,11.5,20260524_013131
c2359222d8b43b27ad6d7cbc6f780932,Greater Western Sydney Giants,Brisbane Lions,2026-05-24T02:30:07Z,sportsbet,SportsBet,,player_disposals_over,Joseph Fonti,Over,1.17,11.5,20260524_013131
c2359222d8b43b27ad6d7cbc6f780932,Greater Western Sydney Giants,Brisbane Lions,2026-05-24T02:30:07Z,sportsbet,SportsBet,,player_disposals_over,Kieren Briggs,Over,1.42,11.5,20260524_013131
c2359222d8b43b27ad6d7cbc6f780932,Greater Western Sydney Giants,Brisbane Lions,2026-05-24T02:30:07Z,sportsbet,SportsBet,,player_disposals_over,Phoenix Gothard,Over,1.42,11.5,20260524_013131
c2359222d8b43b27ad6d7cbc6f780932,Greater Western Sydney Giants,Brisbane Lions,2026-05-24T02:30:07Z,sportsbet,SportsBet,,player_disposals_over,Stephen Coniglio,Over,1.13,11.5,20260524_013131
c2359222d8b43b27ad6d7cbc6f780932,Greater Western Sydney Giants,Brisbane Lions,2026-05-24T02:30:07Z,sportsbet,SportsBet,,player_disposals_over,Toby Bedford,Over,1.41,11.5,20260524_013131
c2359222d8b43b27ad6d7cbc6f780932,Greater Western Sydney Giants,Brisbane Lions,2026-05-24T02:30:07Z,sportsbet,SportsBet,,player_disposals_over,Toby Greene,Over,1.08,11.5,20260524_013131
c2359222d8b43b27ad6d7cbc6f780932,Greater Western Sydney Giants,Brisbane Lions,2026-05-24T02:30:07Z,sportsbet,SportsBet,,player_disposals_over,Toby McMullin,Over,1.91,11.5,20260524_013131
c2359222d8b43b27ad6d7cbc6f780932,Greater Western Sydney Giants,Brisbane Lions,2026-05-24T02:30:07Z,sportsbet,SportsBet,,player_disposals_over,Callum Brown,Over,2.31,11.5,20260524_013131
c2359222d8b43b27ad6d7cbc6f780932,Greater Western Sydney Giants,Brisbane Lions,2026-05-24T02:30:07Z,sportsbet,SportsBet,,player_disposals_over,Max Gruzewski,Over,4.0,11.5,20260524_013131
c2359222d8b43b27ad6d7cbc6f780932,Greater Western Sydney Giants,Brisbane Lions,2026-05-24T02:30:07Z,sportsbet,SportsBet,,player_disposals_over,Bruce Reville,Over,1.07,11.5,20260524_013131
c2359222d8b43b27ad6d7cbc6f780932,Greater Western Sydney Giants,Brisbane Lions,2026-05-24T02:30:07Z,sportsbet,SportsBet,,player_disposals_over,Cameron Rayner,Over,1.28,11.5,20260524_013131
c2359222d8b43b27ad6d7cbc6f780932,Greater Western Sydney Giants,Brisbane Lions,2026-05-24T02:30:07Z,sportsbet,SportsBet,,player_disposals_over,Charlie Cameron,Over,1.34,11.5,20260524_013131
c2359222d8b43b27ad6d7cbc6f780932,Greater Western Sydney Giants,Brisbane Lions,2026-05-24T02:30:07Z,sportsbet,SportsBet,,player_disposals_over,Conor McKenna,Over,1.59,11.5,20260524_013131
c2359222d8b43b27ad6d7cbc6f780932,Greater Western Sydney Giants,Brisbane Lions,2026-05-24T02:30:07Z,sportsbet,SportsBet,,player_disposals_over,Darcy Fort,Over,1.34,11.5,20260524_013131
c2359222d8b43b27ad6d7cbc6f780932,Greater Western Sydney Giants,Brisbane Lions,2026-05-24T02:30:07Z,sportsbet,SportsBet,,player_disposals_over,Darcy Gardiner,Over,1.87,11.5,20260524_013131
c2359222d8b43b27ad6d7cbc6f780932,Greater Western Sydney Giants,Brisbane Lions,2026-05-24T02:30:07Z,sportsbet,SportsBet,,player_disposals_over,Harris Andrews,Over,1.22,11.5,20260524_013131
c2359222d8b43b27ad6d7cbc6f780932,Greater Western Sydney Giants,Brisbane Lions,2026-05-24T02:30:07Z,sportsbet,SportsBet,,player_disposals_over,James Tunstill,Over,1.33,11.5,20260524_013131
c2359222d8b43b27ad6d7cbc6f780932,Greater Western Sydney Giants,Brisbane Lions,2026-05-24T02:30:07Z,sportsbet,SportsBet,,player_disposals_over,Jaspa Fletcher,Over,1.03,11.5,20260524_013131
c2359222d8b43b27ad6d7cbc6f780932,Greater Western Sydney Giants,Brisbane Lions,2026-05-24T02:30:07Z,sportsbet,SportsBet,,player_disposals_over,Kai Lohmann,Over,1.39,11.5,20260524_013131
c2359222d8b43b27ad6d7cbc6f780932,Greater Western Sydney Giants,Brisbane Lions,2026-05-24T02:30:07Z,sportsbet,SportsBet,,player_disposals_over,Logan Morris,Over,1.67,11.5,20260524_013131
c2359222d8b43b27ad6d7cbc6f780932,Greater Western Sydney Giants,Brisbane Lions,2026-05-24T02:30:07Z,sportsbet,SportsBet,,player_disposals_over,Sam Draper,Over,1.59,11.5,20260524_013131
c2359222d8b43b27ad6d7cbc6f780932,Greater Western Sydney Giants,Brisbane Lions,2026-05-24T02:30:07Z,sportsbet,SportsBet,,player_disposals_over,Sam Marshall,Over,1.33,11.5,20260524_013131
c2359222d8b43b27ad6d7cbc6f780932,Greater Western Sydney Giants,Brisbane Lions,2026-05-24T02:30:07Z,sportsbet,SportsBet,,player_disposals_over,Zac Bailey,Over,1.03,11.5,20260524_013131
c2359222d8b43b27ad6d7cbc6f780932,Greater Western Sydney Giants,Brisbane Lions,2026-05-24T02:30:07Z,sportsbet,SportsBet,,player_disposals_over,Ty Gallop,Over,2.98,11.5,20260524_013131
c2359222d8b43b27ad6d7cbc6f780932,Greater Western Sydney Giants,Brisbane Lions,2026-05-24T02:30:07Z,sportsbet,SportsBet,,player_disposals_over,Will McLachlan,Over,2.86,11.5,20260524_013131
c2359222d8b43b27ad6d7cbc6f780932,Greater Western Sydney Giants,Brisbane Lions,2026-05-24T02:30:07Z,sportsbet,SportsBet,,player_disposals_over,Aaron Cadman,Over,1.93,12.5,20260524_013131
c2359222d8b43b27ad6d7cbc6f780932,Greater Western Sydney Giants,Brisbane Lions,2026-05-24T02:30:07Z,sportsbet,SportsBet,,player_disposals_over,Brent Daniels,Over,1.2,12.5,20260524_013131
c2359222d8b43b27ad6d7cbc6f780932,Greater Western Sydney Giants,Brisbane Lions,2026-05-24T02:30:07Z,sportsbet,SportsBet,,player_disposals_over,Connor Idun,Over,1.04,12.5,20260524_013131
c2359222d8b43b27ad6d7cbc6f780932,Greater Western Sydney Giants,Brisbane Lions,2026-05-24T02:30:07Z,sportsbet,SportsBet,,player_disposals_over,Conor Stone,Over,1.43,12.5,20260524_013131
c2359222d8b43b27ad6d7cbc6f780932,Greater Western Sydney Giants,Brisbane Lions,2026-05-24T02:30:07Z,sportsbet,SportsBet,,player_disposals_over,Harrison Himmelberg,Over,1.17,12.5,20260524_013131
c2359222d8b43b27ad6d7cbc6f780932,Greater Western Sydney Giants,Brisbane Lions,2026-05-24T02:30:07Z,sportsbet,SportsBet,,player_disposals_over,Jack Buckley,Over,1.62,12.5,20260524_013131
c2359222d8b43b27ad6d7cbc6f780932,Greater Western Sydney Giants,Brisbane Lions,2026-05-24T02:30:07Z,sportsbet,SportsBet,,player_disposals_over,Jake Riccardi,Over,1.93,12.5,20260524_013131
c2359222d8b43b27ad6d7cbc6f780932,Greater Western Sydney Giants,Brisbane Lions,2026-05-24T02:30:07Z,sportsbet,SportsBet,,player_disposals_over,Jake Stringer,Over,1.95,12.5,20260524_013131
c2359222d8b43b27ad6d7cbc6f780932,Greater Western Sydney Giants,Brisbane Lions,2026-05-24T02:30:07Z,sportsbet,SportsBet,,player_disposals_over,Jayden Laverde,Over,1.38,12.5,20260524_013131
c2359222d8b43b27ad6d7cbc6f780932,Greater Western Sydney Giants,Brisbane Lions,2026-05-24T02:30:07Z,sportsbet,SportsBet,,player_disposals_over,Joseph Fonti,Over,1.3,12.5,20260524_013131
c2359222d8b43b27ad6d7cbc6f780932,Greater Western Sydney Giants,Brisbane Lions,2026-05-24T02:30:07Z,sportsbet,SportsBet,,player_disposals_over,Kieren Briggs,Over,1.62,12.5,20260524_013131
c2359222d8b43b27ad6d7cbc6f780932,Greater Western Sydney Giants,Brisbane Lions,2026-05-24T02:30:07Z,sportsbet,SportsBet,,player_disposals_over,Phoenix Gothard,Over,1.63,12.5,20260524_013131
c2359222d8b43b27ad6d7cbc6f780932,Greater Western Sydney Giants,Brisbane Lions,2026-05-24T02:30:07Z,sportsbet,SportsBet,,player_disposals_over,Stephen Coniglio,Over,1.2,12.5,20260524_013131
c2359222d8b43b27ad6d7cbc6f780932,Greater Western Sydney Giants,Brisbane Lions,2026-05-24T02:30:07Z,sportsbet,SportsBet,,player_disposals_over,Toby Bedford,Over,1.63,12.5,20260524_013131
c2359222d8b43b27ad6d7cbc6f780932,Greater Western Sydney Giants,Brisbane Lions,2026-05-24T02:30:07Z,sportsbet,SportsBet,,player_disposals_over,Toby Greene,Over,1.14,12.5,20260524_013131
c2359222d8b43b27ad6d7cbc6f780932,Greater Western Sydney Giants,Brisbane Lions,2026-05-24T02:30:07Z,sportsbet,SportsBet,,player_disposals_over,Callum Brown,Over,2.9,12.5,20260524_013131
c2359222d8b43b27ad6d7cbc6f780932,Greater Western Sydney Giants,Brisbane Lions,2026-05-24T02:30:07Z,sportsbet,SportsBet,,player_disposals_over,Toby McMullin,Over,2.17,12.5,20260524_013131
c2359222d8b43b27ad6d7cbc6f780932,Greater Western Sydney Giants,Brisbane Lions,2026-05-24T02:30:07Z,sportsbet,SportsBet,,player_disposals_over,Max Gruzewski,Over,5.2,12.5,20260524_013131
c2359222d8b43b27ad6d7cbc6f780932,Greater Western Sydney Giants,Brisbane Lions,2026-05-24T02:30:07Z,sportsbet,SportsBet,,player_disposals_over,Bruce Reville,Over,1.13,12.5,20260524_013131
c2359222d8b43b27ad6d7cbc6f780932,Greater Western Sydney Giants,Brisbane Lions,2026-05-24T02:30:07Z,sportsbet,SportsBet,,player_disposals_over,Cameron Rayner,Over,1.41,12.5,20260524_013131
c2359222d8b43b27ad6d7cbc6f780932,Greater Western Sydney Giants,Brisbane Lions,2026-05-24T02:30:07Z,sportsbet,SportsBet,,player_disposals_over,Charlie Cameron,Over,1.54,12.5,20260524_013131
c2359222d8b43b27ad6d7cbc6f780932,Greater Western Sydney Giants,Brisbane Lions,2026-05-24T02:30:07Z,sportsbet,SportsBet,,player_disposals_over,Conor McKenna,Over,1.85,12.5,20260524_013131
c2359222d8b43b27ad6d7cbc6f780932,Greater Western Sydney Giants,Brisbane Lions,2026-05-24T02:30:07Z,sportsbet,SportsBet,,player_disposals_over,Darcy Fort,Over,1.53,12.5,20260524_013131
c2359222d8b43b27ad6d7cbc6f780932,Greater Western Sydney Giants,Brisbane Lions,2026-05-24T02:30:07Z,sportsbet,SportsBet,,player_disposals_over,Harris Andrews,Over,1.36,12.5,20260524_013131
c2359222d8b43b27ad6d7cbc6f780932,Greater Western Sydney Giants,Brisbane Lions,2026-05-24T02:30:07Z,sportsbet,SportsBet,,player_disposals_over,James Tunstill,Over,1.52,12.5,20260524_013131
c2359222d8b43b27ad6d7cbc6f780932,Greater Western Sydney Giants,Brisbane Lions,2026-05-24T02:30:07Z,sportsbet,SportsBet,,player_disposals_over,Jaspa Fletcher,Over,1.05,12.5,20260524_013131
c2359222d8b43b27ad6d7cbc6f780932,Greater Western Sydney Giants,Brisbane Lions,2026-05-24T02:30:07Z,sportsbet,SportsBet,,player_disposals_over,Kai Lohmann,Over,1.59,12.5,20260524_013131
c2359222d8b43b27ad6d7cbc6f780932,Greater Western Sydney Giants,Brisbane Lions,2026-05-24T02:30:07Z,sportsbet,SportsBet,,player_disposals_over,Keidean Coleman,Over,1.04,12.5,20260524_013131
c2359222d8b43b27ad6d7cbc6f780932,Greater Western Sydney Giants,Brisbane Lions,2026-05-24T02:30:07Z,sportsbet,SportsBet,,player_disposals_over,Logan Morris,Over,1.91,12.5,20260524_013131
c2359222d8b43b27ad6d7cbc6f780932,Greater Western Sydney Giants,Brisbane Lions,2026-05-24T02:30:07Z,sportsbet,SportsBet,,player_disposals_over,Sam Draper,Over,1.86,12.5,20260524_013131
c2359222d8b43b27ad6d7cbc6f780932,Greater Western Sydney Giants,Brisbane Lions,2026-05-24T02:30:07Z,sportsbet,SportsBet,,player_disposals_over,Sam Marshall,Over,1.48,12.5,20260524_013131
c2359222d8b43b27ad6d7cbc6f780932,Greater Western Sydney Giants,Brisbane Lions,2026-05-24T02:30:07Z,sportsbet,SportsBet,,player_disposals_over,Zac Bailey,Over,1.05,12.5,20260524_013131
c2359222d8b43b27ad6d7cbc6f780932,Greater Western Sydney Giants,Brisbane Lions,2026-05-24T02:30:07Z,sportsbet,SportsBet,,player_disposals_over,Darcy Gardiner,Over,2.26,12.5,20260524_013131
c2359222d8b43b27ad6d7cbc6f780932,Greater Western Sydney Giants,Brisbane Lions,2026-05-24T02:30:07Z,sportsbet,SportsBet,,player_disposals_over,Ty Gallop,Over,3.78,12.5,20260524_013131
c2359222d8b43b27ad6d7cbc6f780932,Greater Western Sydney Giants,Brisbane Lions,2026-05-24T02:30:07Z,sportsbet,SportsBet,,player_disposals_over,Will McLachlan,Over,3.69,12.5,20260524_013131
c2359222d8b43b27ad6d7cbc6f780932,Greater Western Sydney Giants,Brisbane Lions,2026-05-24T02:30:07Z,sportsbet,SportsBet,,player_disposals_over,Brent Daniels,Over,1.3,13.5,20260524_013131
c2359222d8b43b27ad6d7cbc6f780932,Greater Western Sydney Giants,Brisbane Lions,2026-05-24T02:30:07Z,sportsbet,SportsBet,,player_disposals_over,Connor Idun,Over,1.07,13.5,20260524_013131
c2359222d8b43b27ad6d7cbc6f780932,Greater Western Sydney Giants,Brisbane Lions,2026-05-24T02:30:07Z,sportsbet,SportsBet,,player_disposals_over,Conor Stone,Over,1.63,13.5,20260524_013131
c2359222d8b43b27ad6d7cbc6f780932,Greater Western Sydney Giants,Brisbane Lions,2026-05-24T02:30:07Z,sportsbet,SportsBet,,player_disposals_over,Harrison Himmelberg,Over,1.28,13.5,20260524_013131
c2359222d8b43b27ad6d7cbc6f780932,Greater Western Sydney Giants,Brisbane Lions,2026-05-24T02:30:07Z,sportsbet,SportsBet,,player_disposals_over,Harvey Thomas,Over,1.04,13.5,20260524_013131
c2359222d8b43b27ad6d7cbc6f780932,Greater Western Sydney Giants,Brisbane Lions,2026-05-24T02:30:07Z,sportsbet,SportsBet,,player_disposals_over,Jack Buckley,Over,1.9,13.5,20260524_013131
c2359222d8b43b27ad6d7cbc6f780932,Greater Western Sydney Giants,Brisbane Lions,2026-05-24T02:30:07Z,sportsbet,SportsBet,,player_disposals_over,Jayden Laverde,Over,1.59,13.5,20260524_013131
c2359222d8b43b27ad6d7cbc6f780932,Greater Western Sydney Giants,Brisbane Lions,2026-05-24T02:30:07Z,sportsbet,SportsBet,,player_disposals_over,Joseph Fonti,Over,1.44,13.5,20260524_013131
c2359222d8b43b27ad6d7cbc6f780932,Greater Western Sydney Giants,Brisbane Lions,2026-05-24T02:30:07Z,sportsbet,SportsBet,,player_disposals_over,Kieren Briggs,Over,1.9,13.5,20260524_013131
c2359222d8b43b27ad6d7cbc6f780932,Greater Western Sydney Giants,Brisbane Lions,2026-05-24T02:30:07Z,sportsbet,SportsBet,,player_disposals_over,Phoenix Gothard,Over,1.91,13.5,20260524_013131
c2359222d8b43b27ad6d7cbc6f780932,Greater Western Sydney Giants,Brisbane Lions,2026-05-24T02:30:07Z,sportsbet,SportsBet,,player_disposals_over,Stephen Coniglio,Over,1.3,13.5,20260524_013131
c2359222d8b43b27ad6d7cbc6f780932,Greater Western Sydney Giants,Brisbane Lions,2026-05-24T02:30:07Z,sportsbet,SportsBet,,player_disposals_over,Toby Bedford,Over,1.92,13.5,20260524_013131
c2359222d8b43b27ad6d7cbc6f780932,Greater Western Sydney Giants,Brisbane Lions,2026-05-24T02:30:07Z,sportsbet,SportsBet,,player_disposals_over,Toby Greene,Over,1.22,13.5,20260524_013131
c2359222d8b43b27ad6d7cbc6f780932,Greater Western Sydney Giants,Brisbane Lions,2026-05-24T02:30:07Z,sportsbet,SportsBet,,player_disposals_over,Aaron Cadman,Over,2.34,13.5,20260524_013131
c2359222d8b43b27ad6d7cbc6f780932,Greater Western Sydney Giants,Brisbane Lions,2026-05-24T02:30:07Z,sportsbet,SportsBet,,player_disposals_over,Jake Riccardi,Over,2.26,13.5,20260524_013131
c2359222d8b43b27ad6d7cbc6f780932,Greater Western Sydney Giants,Brisbane Lions,2026-05-24T02:30:07Z,sportsbet,SportsBet,,player_disposals_over,Jake Stringer,Over,2.29,13.5,20260524_013131
c2359222d8b43b27ad6d7cbc6f780932,Greater Western Sydney Giants,Brisbane Lions,2026-05-24T02:30:07Z,sportsbet,SportsBet,,player_disposals_over,Toby McMullin,Over,2.5,13.5,20260524_013131
c2359222d8b43b27ad6d7cbc6f780932,Greater Western Sydney Giants,Brisbane Lions,2026-05-24T02:30:07Z,sportsbet,SportsBet,,player_disposals_over,Callum Brown,Over,3.7,13.5,20260524_013131
c2359222d8b43b27ad6d7cbc6f780932,Greater Western Sydney Giants,Brisbane Lions,2026-05-24T02:30:07Z,sportsbet,SportsBet,,player_disposals_over,Max Gruzewski,Over,6.0,13.5,20260524_013131
c2359222d8b43b27ad6d7cbc6f780932,Greater Western Sydney Giants,Brisbane Lions,2026-05-24T02:30:07Z,sportsbet,SportsBet,,player_disposals_over,Bruce Reville,Over,1.2,13.5,20260524_013131
c2359222d8b43b27ad6d7cbc6f780932,Greater Western Sydney Giants,Brisbane Lions,2026-05-24T02:30:07Z,sportsbet,SportsBet,,player_disposals_over,Cameron Rayner,Over,1.61,13.5,20260524_013131
c2359222d8b43b27ad6d7cbc6f780932,Greater Western Sydney Giants,Brisbane Lions,2026-05-24T02:30:07Z,sportsbet,SportsBet,,player_disposals_over,Charlie Cameron,Over,1.82,13.5,20260524_013131
c2359222d8b43b27ad6d7cbc6f780932,Greater Western Sydney Giants,Brisbane Lions,2026-05-24T02:30:07Z,sportsbet,SportsBet,,player_disposals_over,Darcy Fort,Over,1.81,13.5,20260524_013131
c2359222d8b43b27ad6d7cbc6f780932,Greater Western Sydney Giants,Brisbane Lions,2026-05-24T02:30:07Z,sportsbet,SportsBet,,player_disposals_over,Harris Andrews,Over,1.56,13.5,20260524_013131
c2359222d8b43b27ad6d7cbc6f780932,Greater Western Sydney Giants,Brisbane Lions,2026-05-24T02:30:07Z,sportsbet,SportsBet,,player_disposals_over,James Tunstill,Over,1.8,13.5,20260524_013131
c2359222d8b43b27ad6d7cbc6f780932,Greater Western Sydney Giants,Brisbane Lions,2026-05-24T02:30:07Z,sportsbet,SportsBet,,player_disposals_over,Jaspa Fletcher,Over,1.11,13.5,20260524_013131
c2359222d8b43b27ad6d7cbc6f780932,Greater Western Sydney Giants,Brisbane Lions,2026-05-24T02:30:07Z,sportsbet,SportsBet,,player_disposals_over,Josh Dunkley,Over,1.03,13.5,20260524_013131
c2359222d8b43b27ad6d7cbc6f780932,Greater Western Sydney Giants,Brisbane Lions,2026-05-24T02:30:07Z,sportsbet,SportsBet,,player_disposals_over,Kai Lohmann,Over,1.85,13.5,20260524_013131
c2359222d8b43b27ad6d7cbc6f780932,Greater Western Sydney Giants,Brisbane Lions,2026-05-24T02:30:07Z,sportsbet,SportsBet,,player_disposals_over,Keidean Coleman,Over,1.08,13.5,20260524_013131
c2359222d8b43b27ad6d7cbc6f780932,Greater Western Sydney Giants,Brisbane Lions,2026-05-24T02:30:07Z,sportsbet,SportsBet,,player_disposals_over,Levi Ashcroft,Over,1.04,13.5,20260524_013131
c2359222d8b43b27ad6d7cbc6f780932,Greater Western Sydney Giants,Brisbane Lions,2026-05-24T02:30:07Z,sportsbet,SportsBet,,player_disposals_over,Sam Marshall,Over,1.67,13.5,20260524_013131
c2359222d8b43b27ad6d7cbc6f780932,Greater Western Sydney Giants,Brisbane Lions,2026-05-24T02:30:07Z,sportsbet,SportsBet,,player_disposals_over,Zac Bailey,Over,1.11,13.5,20260524_013131
c2359222d8b43b27ad6d7cbc6f780932,Greater Western Sydney Giants,Brisbane Lions,2026-05-24T02:30:07Z,sportsbet,SportsBet,,player_disposals_over,Conor McKenna,Over,2.22,13.5,20260524_013131
c2359222d8b43b27ad6d7cbc6f780932,Greater Western Sydney Giants,Brisbane Lions,2026-05-24T02:30:07Z,sportsbet,SportsBet,,player_disposals_over,Darcy Gardiner,Over,2.79,13.5,20260524_013131
c2359222d8b43b27ad6d7cbc6f780932,Greater Western Sydney Giants,Brisbane Lions,2026-05-24T02:30:07Z,sportsbet,SportsBet,,player_disposals_over,Logan Morris,Over,2.24,13.5,20260524_013131
c2359222d8b43b27ad6d7cbc6f780932,Greater Western Sydney Giants,Brisbane Lions,2026-05-24T02:30:07Z,sportsbet,SportsBet,,player_disposals_over,Sam Draper,Over,2.24,13.5,20260524_013131
c2359222d8b43b27ad6d7cbc6f780932,Greater Western Sydney Giants,Brisbane Lions,2026-05-24T02:30:07Z,sportsbet,SportsBet,,player_disposals_over,Will McLachlan,Over,4.65,13.5,20260524_013131
c2359222d8b43b27ad6d7cbc6f780932,Greater Western Sydney Giants,Brisbane Lions,2026-05-24T02:30:07Z,sportsbet,SportsBet,,player_disposals_over,Ty Gallop,Over,5.0,13.5,20260524_013131
c2359222d8b43b27ad6d7cbc6f780932,Greater Western Sydney Giants,Brisbane Lions,2026-05-24T02:30:07Z,sportsbet,SportsBet,,player_disposals_over,Brent Daniels,Over,1.45,14.5,20260524_013131
c2359222d8b43b27ad6d7cbc6f780932,Greater Western Sydney Giants,Brisbane Lions,2026-05-24T02:30:07Z,sportsbet,SportsBet,,player_disposals_over,Connor Idun,Over,1.13,14.5,20260524_013131
c2359222d8b43b27ad6d7cbc6f780932,Greater Western Sydney Giants,Brisbane Lions,2026-05-24T02:30:07Z,sportsbet,SportsBet,,player_disposals_over,Conor Stone,Over,1.9,14.5,20260524_013131
c2359222d8b43b27ad6d7cbc6f780932,Greater Western Sydney Giants,Brisbane Lions,2026-05-24T02:30:07Z,sportsbet,SportsBet,,player_disposals_over,Harrison Himmelberg,Over,1.4,14.5,20260524_013131
c2359222d8b43b27ad6d7cbc6f780932,Greater Western Sydney Giants,Brisbane Lions,2026-05-24T02:30:07Z,sportsbet,SportsBet,,player_disposals_over,Harvey Thomas,Over,1.07,14.5,20260524_013131
c2359222d8b43b27ad6d7cbc6f780932,Greater Western Sydney Giants,Brisbane Lions,2026-05-24T02:30:07Z,sportsbet,SportsBet,,player_disposals_over,Jayden Laverde,Over,1.88,14.5,20260524_013131
c2359222d8b43b27ad6d7cbc6f780932,Greater Western Sydney Giants,Brisbane Lions,2026-05-24T02:30:07Z,sportsbet,SportsBet,,player_disposals_over,Joseph Fonti,Over,1.63,14.5,20260524_013131
c2359222d8b43b27ad6d7cbc6f780932,Greater Western Sydney Giants,Brisbane Lions,2026-05-24T02:30:07Z,sportsbet,SportsBet,,player_disposals_over,Stephen Coniglio,Over,1.44,14.5,20260524_013131
c2359222d8b43b27ad6d7cbc6f780932,Greater Western Sydney Giants,Brisbane Lions,2026-05-24T02:30:07Z,sportsbet,SportsBet,,player_disposals_over,Toby Greene,Over,1.31,14.5,20260524_013131
c2359222d8b43b27ad6d7cbc6f780932,Greater Western Sydney Giants,Brisbane Lions,2026-05-24T02:30:07Z,sportsbet,SportsBet,,player_disposals_over,Aaron Cadman,Over,2.91,14.5,20260524_013131
c2359222d8b43b27ad6d7cbc6f780932,Greater Western Sydney Giants,Brisbane Lions,2026-05-24T02:30:07Z,sportsbet,SportsBet,,player_disposals_over,Jack Buckley,Over,2.3,14.5,20260524_013131
c2359222d8b43b27ad6d7cbc6f780932,Greater Western Sydney Giants,Brisbane Lions,2026-05-24T02:30:07Z,sportsbet,SportsBet,,player_disposals_over,Jake Riccardi,Over,2.67,14.5,20260524_013131
c2359222d8b43b27ad6d7cbc6f780932,Greater Western Sydney Giants,Brisbane Lions,2026-05-24T02:30:07Z,sportsbet,SportsBet,,player_disposals_over,Jake Stringer,Over,2.74,14.5,20260524_013131
c2359222d8b43b27ad6d7cbc6f780932,Greater Western Sydney Giants,Brisbane Lions,2026-05-24T02:30:07Z,sportsbet,SportsBet,,player_disposals_over,Kieren Briggs,Over,2.27,14.5,20260524_013131
c2359222d8b43b27ad6d7cbc6f780932,Greater Western Sydney Giants,Brisbane Lions,2026-05-24T02:30:07Z,sportsbet,SportsBet,,player_disposals_over,Phoenix Gothard,Over,2.3,14.5,20260524_013131
c2359222d8b43b27ad6d7cbc6f780932,Greater Western Sydney Giants,Brisbane Lions,2026-05-24T02:30:07Z,sportsbet,SportsBet,,player_disposals_over,Toby Bedford,Over,2.31,14.5,20260524_013131
c2359222d8b43b27ad6d7cbc6f780932,Greater Western Sydney Giants,Brisbane Lions,2026-05-24T02:30:07Z,sportsbet,SportsBet,,player_disposals_over,Toby McMullin,Over,2.92,14.5,20260524_013131
c2359222d8b43b27ad6d7cbc6f780932,Greater Western Sydney Giants,Brisbane Lions,2026-05-24T02:30:07Z,sportsbet,SportsBet,,player_disposals_over,Callum Brown,Over,4.65,14.5,20260524_013131
c2359222d8b43b27ad6d7cbc6f780932,Greater Western Sydney Giants,Brisbane Lions,2026-05-24T02:30:07Z,sportsbet,SportsBet,,player_disposals_over,Max Gruzewski,Over,8.5,14.5,20260524_013131
c2359222d8b43b27ad6d7cbc6f780932,Greater Western Sydney Giants,Brisbane Lions,2026-05-24T02:30:07Z,sportsbet,SportsBet,,player_disposals_over,Bruce Reville,Over,1.3,14.5,20260524_013131
c2359222d8b43b27ad6d7cbc6f780932,Greater Western Sydney Giants,Brisbane Lions,2026-05-24T02:30:07Z,sportsbet,SportsBet,,player_disposals_over,Cameron Rayner,Over,1.85,14.5,20260524_013131
c2359222d8b43b27ad6d7cbc6f780932,Greater Western Sydney Giants,Brisbane Lions,2026-05-24T02:30:07Z,sportsbet,SportsBet,,player_disposals_over,Harris Andrews,Over,1.83,14.5,20260524_013131
c2359222d8b43b27ad6d7cbc6f780932,Greater Western Sydney Giants,Brisbane Lions,2026-05-24T02:30:07Z,sportsbet,SportsBet,,player_disposals_over,Jaspa Fletcher,Over,1.17,14.5,20260524_013131
c2359222d8b43b27ad6d7cbc6f780932,Greater Western Sydney Giants,Brisbane Lions,2026-05-24T02:30:07Z,sportsbet,SportsBet,,player_disposals_over,Josh Dunkley,Over,1.06,14.5,20260524_013131
c2359222d8b43b27ad6d7cbc6f780932,Greater Western Sydney Giants,Brisbane Lions,2026-05-24T02:30:07Z,sportsbet,SportsBet,,player_disposals_over,Keidean Coleman,Over,1.14,14.5,20260524_013131
c2359222d8b43b27ad6d7cbc6f780932,Greater Western Sydney Giants,Brisbane Lions,2026-05-24T02:30:07Z,sportsbet,SportsBet,,player_disposals_over,Levi Ashcroft,Over,1.07,14.5,20260524_013131
c2359222d8b43b27ad6d7cbc6f780932,Greater Western Sydney Giants,Brisbane Lions,2026-05-24T02:30:07Z,sportsbet,SportsBet,,player_disposals_over,Sam Marshall,Over,1.91,14.5,20260524_013131
c2359222d8b43b27ad6d7cbc6f780932,Greater Western Sydney Giants,Brisbane Lions,2026-05-24T02:30:07Z,sportsbet,SportsBet,,player_disposals_over,Zac Bailey,Over,1.17,14.5,20260524_013131
c2359222d8b43b27ad6d7cbc6f780932,Greater Western Sydney Giants,Brisbane Lions,2026-05-24T02:30:07Z,sportsbet,SportsBet,,player_disposals_over,Charlie Cameron,Over,2.23,14.5,20260524_013131
c2359222d8b43b27ad6d7cbc6f780932,Greater Western Sydney Giants,Brisbane Lions,2026-05-24T02:30:07Z,sportsbet,SportsBet,,player_disposals_over,Conor McKenna,Over,2.73,14.5,20260524_013131
c2359222d8b43b27ad6d7cbc6f780932,Greater Western Sydney Giants,Brisbane Lions,2026-05-24T02:30:07Z,sportsbet,SportsBet,,player_disposals_over,Darcy Fort,Over,2.2,14.5,20260524_013131
c2359222d8b43b27ad6d7cbc6f780932,Greater Western Sydney Giants,Brisbane Lions,2026-05-24T02:30:07Z,sportsbet,SportsBet,,player_disposals_over,James Tunstill,Over,2.19,14.5,20260524_013131
c2359222d8b43b27ad6d7cbc6f780932,Greater Western Sydney Giants,Brisbane Lions,2026-05-24T02:30:07Z,sportsbet,SportsBet,,player_disposals_over,Kai Lohmann,Over,2.2,14.5,20260524_013131
c2359222d8b43b27ad6d7cbc6f780932,Greater Western Sydney Giants,Brisbane Lions,2026-05-24T02:30:07Z,sportsbet,SportsBet,,player_disposals_over,Logan Morris,Over,2.68,14.5,20260524_013131
c2359222d8b43b27ad6d7cbc6f780932,Greater Western Sydney Giants,Brisbane Lions,2026-05-24T02:30:07Z,sportsbet,SportsBet,,player_disposals_over,Sam Draper,Over,2.74,14.5,20260524_013131
c2359222d8b43b27ad6d7cbc6f780932,Greater Western Sydney Giants,Brisbane Lions,2026-05-24T02:30:07Z,sportsbet,SportsBet,,player_disposals_over,Darcy Gardiner,Over,3.45,14.5,20260524_013131
c2359222d8b43b27ad6d7cbc6f780932,Greater Western Sydney Giants,Brisbane Lions,2026-05-24T02:30:07Z,sportsbet,SportsBet,,player_disposals_over,Will McLachlan,Over,5.7,14.5,20260524_013131
c2359222d8b43b27ad6d7cbc6f780932,Greater Western Sydney Giants,Brisbane Lions,2026-05-24T02:30:07Z,sportsbet,SportsBet,,player_disposals_over,Ty Gallop,Over,6.0,14.5,20260524_013131
c2359222d8b43b27ad6d7cbc6f780932,Greater Western Sydney Giants,Brisbane Lions,2026-05-24T02:30:07Z,sportsbet,SportsBet,,player_disposals_over,Brent Daniels,Over,1.65,15.5,20260524_013131
c2359222d8b43b27ad6d7cbc6f780932,Greater Western Sydney Giants,Brisbane Lions,2026-05-24T02:30:07Z,sportsbet,SportsBet,,player_disposals_over,Connor Idun,Over,1.2,15.5,20260524_013131
c2359222d8b43b27ad6d7cbc6f780932,Greater Western Sydney Giants,Brisbane Lions,2026-05-24T02:30:07Z,sportsbet,SportsBet,,player_disposals_over,Harrison Himmelberg,Over,1.61,15.5,20260524_013131
c2359222d8b43b27ad6d7cbc6f780932,Greater Western Sydney Giants,Brisbane Lions,2026-05-24T02:30:07Z,sportsbet,SportsBet,,player_disposals_over,Harvey Thomas,Over,1.13,15.5,20260524_013131
c2359222d8b43b27ad6d7cbc6f780932,Greater Western Sydney Giants,Brisbane Lions,2026-05-24T02:30:07Z,sportsbet,SportsBet,,player_disposals_over,Joseph Fonti,Over,1.88,15.5,20260524_013131
c2359222d8b43b27ad6d7cbc6f780932,Greater Western Sydney Giants,Brisbane Lions,2026-05-24T02:30:07Z,sportsbet,SportsBet,,player_disposals_over,Stephen Coniglio,Over,1.64,15.5,20260524_013131
c2359222d8b43b27ad6d7cbc6f780932,Greater Western Sydney Giants,Brisbane Lions,2026-05-24T02:30:07Z,sportsbet,SportsBet,,player_disposals_over,Toby Greene,Over,1.47,15.5,20260524_013131
c2359222d8b43b27ad6d7cbc6f780932,Greater Western Sydney Giants,Brisbane Lions,2026-05-24T02:30:07Z,sportsbet,SportsBet,,player_disposals_over,Conor Stone,Over,2.27,15.5,20260524_013131
c2359222d8b43b27ad6d7cbc6f780932,Greater Western Sydney Giants,Brisbane Lions,2026-05-24T02:30:07Z,sportsbet,SportsBet,,player_disposals_over,Jack Buckley,Over,2.84,15.5,20260524_013131
c2359222d8b43b27ad6d7cbc6f780932,Greater Western Sydney Giants,Brisbane Lions,2026-05-24T02:30:07Z,sportsbet,SportsBet,,player_disposals_over,Jayden Laverde,Over,2.29,15.5,20260524_013131
c2359222d8b43b27ad6d7cbc6f780932,Greater Western Sydney Giants,Brisbane Lions,2026-05-24T02:30:07Z,sportsbet,SportsBet,,player_disposals_over,Kieren Briggs,Over,2.82,15.5,20260524_013131
c2359222d8b43b27ad6d7cbc6f780932,Greater Western Sydney Giants,Brisbane Lions,2026-05-24T02:30:07Z,sportsbet,SportsBet,,player_disposals_over,Phoenix Gothard,Over,2.83,15.5,20260524_013131
c2359222d8b43b27ad6d7cbc6f780932,Greater Western Sydney Giants,Brisbane Lions,2026-05-24T02:30:07Z,sportsbet,SportsBet,,player_disposals_over,Toby Bedford,Over,2.84,15.5,20260524_013131
c2359222d8b43b27ad6d7cbc6f780932,Greater Western Sydney Giants,Brisbane Lions,2026-05-24T02:30:07Z,sportsbet,SportsBet,,player_disposals_over,Aaron Cadman,Over,3.69,15.5,20260524_013131
c2359222d8b43b27ad6d7cbc6f780932,Greater Western Sydney Giants,Brisbane Lions,2026-05-24T02:30:07Z,sportsbet,SportsBet,,player_disposals_over,Jake Riccardi,Over,3.2,15.5,20260524_013131
c2359222d8b43b27ad6d7cbc6f780932,Greater Western Sydney Giants,Brisbane Lions,2026-05-24T02:30:07Z,sportsbet,SportsBet,,player_disposals_over,Jake Stringer,Over,3.32,15.5,20260524_013131
c2359222d8b43b27ad6d7cbc6f780932,Greater Western Sydney Giants,Brisbane Lions,2026-05-24T02:30:07Z,sportsbet,SportsBet,,player_disposals_over,Toby McMullin,Over,3.4,15.5,20260524_013131
c2359222d8b43b27ad6d7cbc6f780932,Greater Western Sydney Giants,Brisbane Lions,2026-05-24T02:30:07Z,sportsbet,SportsBet,,player_disposals_over,Callum Brown,Over,6.0,15.5,20260524_013131
c2359222d8b43b27ad6d7cbc6f780932,Greater Western Sydney Giants,Brisbane Lions,2026-05-24T02:30:07Z,sportsbet,SportsBet,,player_disposals_over,Max Gruzewski,Over,10.0,15.5,20260524_013131
c2359222d8b43b27ad6d7cbc6f780932,Greater Western Sydney Giants,Brisbane Lions,2026-05-24T02:30:07Z,sportsbet,SportsBet,,player_disposals_over,Bruce Reville,Over,1.43,15.5,20260524_013131
c2359222d8b43b27ad6d7cbc6f780932,Greater Western Sydney Giants,Brisbane Lions,2026-05-24T02:30:07Z,sportsbet,SportsBet,,player_disposals_over,Hugh McCluggage,Over,1.04,15.5,20260524_013131
c2359222d8b43b27ad6d7cbc6f780932,Greater Western Sydney Giants,Brisbane Lions,2026-05-24T02:30:07Z,sportsbet,SportsBet,,player_disposals_over,Jaspa Fletcher,Over,1.25,15.5,20260524_013131
c2359222d8b43b27ad6d7cbc6f780932,Greater Western Sydney Giants,Brisbane Lions,2026-05-24T02:30:07Z,sportsbet,SportsBet,,player_disposals_over,Josh Dunkley,Over,1.11,15.5,20260524_013131
c2359222d8b43b27ad6d7cbc6f780932,Greater Western Sydney Giants,Brisbane Lions,2026-05-24T02:30:07Z,sportsbet,SportsBet,,player_disposals_over,Keidean Coleman,Over,1.2,15.5,20260524_013131
c2359222d8b43b27ad6d7cbc6f780932,Greater Western Sydney Giants,Brisbane Lions,2026-05-24T02:30:07Z,sportsbet,SportsBet,,player_disposals_over,Levi Ashcroft,Over,1.13,15.5,20260524_013131
c2359222d8b43b27ad6d7cbc6f780932,Greater Western Sydney Giants,Brisbane Lions,2026-05-24T02:30:07Z,sportsbet,SportsBet,,player_disposals_over,Zac Bailey,Over,1.28,15.5,20260524_013131
c2359222d8b43b27ad6d7cbc6f780932,Greater Western Sydney Giants,Brisbane Lions,2026-05-24T02:30:07Z,sportsbet,SportsBet,,player_disposals_over,Cameron Rayner,Over,2.21,15.5,20260524_013131
c2359222d8b43b27ad6d7cbc6f780932,Greater Western Sydney Giants,Brisbane Lions,2026-05-24T02:30:07Z,sportsbet,SportsBet,,player_disposals_over,Charlie Cameron,Over,2.78,15.5,20260524_013131
c2359222d8b43b27ad6d7cbc6f780932,Greater Western Sydney Giants,Brisbane Lions,2026-05-24T02:30:07Z,sportsbet,SportsBet,,player_disposals_over,Darcy Fort,Over,2.76,15.5,20260524_013131
c2359222d8b43b27ad6d7cbc6f780932,Greater Western Sydney Giants,Brisbane Lions,2026-05-24T02:30:07Z,sportsbet,SportsBet,,player_disposals_over,Harris Andrews,Over,2.24,15.5,20260524_013131
c2359222d8b43b27ad6d7cbc6f780932,Greater Western Sydney Giants,Brisbane Lions,2026-05-24T02:30:07Z,sportsbet,SportsBet,,player_disposals_over,James Tunstill,Over,2.76,15.5,20260524_013131
c2359222d8b43b27ad6d7cbc6f780932,Greater Western Sydney Giants,Brisbane Lions,2026-05-24T02:30:07Z,sportsbet,SportsBet,,player_disposals_over,Kai Lohmann,Over,2.67,15.5,20260524_013131
c2359222d8b43b27ad6d7cbc6f780932,Greater Western Sydney Giants,Brisbane Lions,2026-05-24T02:30:07Z,sportsbet,SportsBet,,player_disposals_over,Sam Marshall,Over,2.21,15.5,20260524_013131
c2359222d8b43b27ad6d7cbc6f780932,Greater Western Sydney Giants,Brisbane Lions,2026-05-24T02:30:07Z,sportsbet,SportsBet,,player_disposals_over,Conor McKenna,Over,3.4,15.5,20260524_013131
c2359222d8b43b27ad6d7cbc6f780932,Greater Western Sydney Giants,Brisbane Lions,2026-05-24T02:30:07Z,sportsbet,SportsBet,,player_disposals_over,Logan Morris,Over,3.25,15.5,20260524_013131
c2359222d8b43b27ad6d7cbc6f780932,Greater Western Sydney Giants,Brisbane Lions,2026-05-24T02:30:07Z,sportsbet,SportsBet,,player_disposals_over,Sam Draper,Over,3.32,15.5,20260524_013131
c2359222d8b43b27ad6d7cbc6f780932,Greater Western Sydney Giants,Brisbane Lions,2026-05-24T02:30:07Z,sportsbet,SportsBet,,player_disposals_over,Darcy Gardiner,Over,4.3,15.5,20260524_013131
c2359222d8b43b27ad6d7cbc6f780932,Greater Western Sydney Giants,Brisbane Lions,2026-05-24T02:30:07Z,sportsbet,SportsBet,,player_disposals_over,Will McLachlan,Over,7.5,15.5,20260524_013131
c2359222d8b43b27ad6d7cbc6f780932,Greater Western Sydney Giants,Brisbane Lions,2026-05-24T02:30:07Z,sportsbet,SportsBet,,player_disposals_over,Ty Gallop,Over,8.5,15.5,20260524_013131
c2359222d8b43b27ad6d7cbc6f780932,Greater Western Sydney Giants,Brisbane Lions,2026-05-24T02:30:07Z,sportsbet,SportsBet,,player_disposals_over,Brent Daniels,Over,1.89,16.5,20260524_013131
c2359222d8b43b27ad6d7cbc6f780932,Greater Western Sydney Giants,Brisbane Lions,2026-05-24T02:30:07Z,sportsbet,SportsBet,,player_disposals_over,Connor Idun,Over,1.3,16.5,20260524_013131
c2359222d8b43b27ad6d7cbc6f780932,Greater Western Sydney Giants,Brisbane Lions,2026-05-24T02:30:07Z,sportsbet,SportsBet,,player_disposals_over,Harrison Himmelberg,Over,1.88,16.5,20260524_013131
c2359222d8b43b27ad6d7cbc6f780932,Greater Western Sydney Giants,Brisbane Lions,2026-05-24T02:30:07Z,sportsbet,SportsBet,,player_disposals_over,Harvey Thomas,Over,1.2,16.5,20260524_013131
c2359222d8b43b27ad6d7cbc6f780932,Greater Western Sydney Giants,Brisbane Lions,2026-05-24T02:30:07Z,sportsbet,SportsBet,,player_disposals_over,Stephen Coniglio,Over,1.89,16.5,20260524_013131
c2359222d8b43b27ad6d7cbc6f780932,Greater Western Sydney Giants,Brisbane Lions,2026-05-24T02:30:07Z,sportsbet,SportsBet,,player_disposals_over,Toby Greene,Over,1.66,16.5,20260524_013131
c2359222d8b43b27ad6d7cbc6f780932,Greater Western Sydney Giants,Brisbane Lions,2026-05-24T02:30:07Z,sportsbet,SportsBet,,player_disposals_over,Conor Stone,Over,2.77,16.5,20260524_013131
c2359222d8b43b27ad6d7cbc6f780932,Greater Western Sydney Giants,Brisbane Lions,2026-05-24T02:30:07Z,sportsbet,SportsBet,,player_disposals_over,Jayden Laverde,Over,2.88,16.5,20260524_013131
c2359222d8b43b27ad6d7cbc6f780932,Greater Western Sydney Giants,Brisbane Lions,2026-05-24T02:30:07Z,sportsbet,SportsBet,,player_disposals_over,Joseph Fonti,Over,2.24,16.5,20260524_013131
c2359222d8b43b27ad6d7cbc6f780932,Greater Western Sydney Giants,Brisbane Lions,2026-05-24T02:30:07Z,sportsbet,SportsBet,,player_disposals_over,Jack Buckley,Over,3.45,16.5,20260524_013131
c2359222d8b43b27ad6d7cbc6f780932,Greater Western Sydney Giants,Brisbane Lions,2026-05-24T02:30:07Z,sportsbet,SportsBet,,player_disposals_over,Jake Riccardi,Over,3.96,16.5,20260524_013131
c2359222d8b43b27ad6d7cbc6f780932,Greater Western Sydney Giants,Brisbane Lions,2026-05-24T02:30:07Z,sportsbet,SportsBet,,player_disposals_over,Kieren Briggs,Over,3.45,16.5,20260524_013131
c2359222d8b43b27ad6d7cbc6f780932,Greater Western Sydney Giants,Brisbane Lions,2026-05-24T02:30:07Z,sportsbet,SportsBet,,player_disposals_over,Phoenix Gothard,Over,3.45,16.5,20260524_013131
c2359222d8b43b27ad6d7cbc6f780932,Greater Western Sydney Giants,Brisbane Lions,2026-05-24T02:30:07Z,sportsbet,SportsBet,,player_disposals_over,Toby Bedford,Over,3.45,16.5,20260524_013131
c2359222d8b43b27ad6d7cbc6f780932,Greater Western Sydney Giants,Brisbane Lions,2026-05-24T02:30:07Z,sportsbet,SportsBet,,player_disposals_over,Aaron Cadman,Over,4.6,16.5,20260524_013131
c2359222d8b43b27ad6d7cbc6f780932,Greater Western Sydney Giants,Brisbane Lions,2026-05-24T02:30:07Z,sportsbet,SportsBet,,player_disposals_over,Jake Stringer,Over,4.0,16.5,20260524_013131
c2359222d8b43b27ad6d7cbc6f780932,Greater Western Sydney Giants,Brisbane Lions,2026-05-24T02:30:07Z,sportsbet,SportsBet,,player_disposals_over,Toby McMullin,Over,4.0,16.5,20260524_013131
c2359222d8b43b27ad6d7cbc6f780932,Greater Western Sydney Giants,Brisbane Lions,2026-05-24T02:30:07Z,sportsbet,SportsBet,,player_disposals_over,Callum Brown,Over,7.5,16.5,20260524_013131
c2359222d8b43b27ad6d7cbc6f780932,Greater Western Sydney Giants,Brisbane Lions,2026-05-24T02:30:07Z,sportsbet,SportsBet,,player_disposals_over,Bruce Reville,Over,1.61,16.5,20260524_013131
c2359222d8b43b27ad6d7cbc6f780932,Greater Western Sydney Giants,Brisbane Lions,2026-05-24T02:30:07Z,sportsbet,SportsBet,,player_disposals_over,Darcy Wilmot,Over,1.04,16.5,20260524_013131
c2359222d8b43b27ad6d7cbc6f780932,Greater Western Sydney Giants,Brisbane Lions,2026-05-24T02:30:07Z,sportsbet,SportsBet,,player_disposals_over,Hugh McCluggage,Over,1.06,16.5,20260524_013131
c2359222d8b43b27ad6d7cbc6f780932,Greater Western Sydney Giants,Brisbane Lions,2026-05-24T02:30:07Z,sportsbet,SportsBet,,player_disposals_over,Jaspa Fletcher,Over,1.39,16.5,20260524_013131
c2359222d8b43b27ad6d7cbc6f780932,Greater Western Sydney Giants,Brisbane Lions,2026-05-24T02:30:07Z,sportsbet,SportsBet,,player_disposals_over,Josh Dunkley,Over,1.17,16.5,20260524_013131
c2359222d8b43b27ad6d7cbc6f780932,Greater Western Sydney Giants,Brisbane Lions,2026-05-24T02:30:07Z,sportsbet,SportsBet,,player_disposals_over,Keidean Coleman,Over,1.3,16.5,20260524_013131
c2359222d8b43b27ad6d7cbc6f780932,Greater Western Sydney Giants,Brisbane Lions,2026-05-24T02:30:07Z,sportsbet,SportsBet,,player_disposals_over,Levi Ashcroft,Over,1.17,16.5,20260524_013131
c2359222d8b43b27ad6d7cbc6f780932,Greater Western Sydney Giants,Brisbane Lions,2026-05-24T02:30:07Z,sportsbet,SportsBet,,player_disposals_over,Zac Bailey,Over,1.39,16.5,20260524_013131
c2359222d8b43b27ad6d7cbc6f780932,Greater Western Sydney Giants,Brisbane Lions,2026-05-24T02:30:07Z,sportsbet,SportsBet,,player_disposals_over,Cameron Rayner,Over,2.68,16.5,20260524_013131
c2359222d8b43b27ad6d7cbc6f780932,Greater Western Sydney Giants,Brisbane Lions,2026-05-24T02:30:07Z,sportsbet,SportsBet,,player_disposals_over,Harris Andrews,Over,2.78,16.5,20260524_013131
c2359222d8b43b27ad6d7cbc6f780932,Greater Western Sydney Giants,Brisbane Lions,2026-05-24T02:30:07Z,sportsbet,SportsBet,,player_disposals_over,Sam Marshall,Over,2.6,16.5,20260524_013131
c2359222d8b43b27ad6d7cbc6f780932,Greater Western Sydney Giants,Brisbane Lions,2026-05-24T02:30:07Z,sportsbet,SportsBet,,player_disposals_over,Charlie Cameron,Over,3.45,16.5,20260524_013131
c2359222d8b43b27ad6d7cbc6f780932,Greater Western Sydney Giants,Brisbane Lions,2026-05-24T02:30:07Z,sportsbet,SportsBet,,player_disposals_over,Darcy Fort,Over,3.45,16.5,20260524_013131
c2359222d8b43b27ad6d7cbc6f780932,Greater Western Sydney Giants,Brisbane Lions,2026-05-24T02:30:07Z,sportsbet,SportsBet,,player_disposals_over,James Tunstill,Over,3.45,16.5,20260524_013131
c2359222d8b43b27ad6d7cbc6f780932,Greater Western Sydney Giants,Brisbane Lions,2026-05-24T02:30:07Z,sportsbet,SportsBet,,player_disposals_over,Kai Lohmann,Over,3.32,16.5,20260524_013131
c2359222d8b43b27ad6d7cbc6f780932,Greater Western Sydney Giants,Brisbane Lions,2026-05-24T02:30:07Z,sportsbet,SportsBet,,player_disposals_over,Conor McKenna,Over,4.25,16.5,20260524_013131
c2359222d8b43b27ad6d7cbc6f780932,Greater Western Sydney Giants,Brisbane Lions,2026-05-24T02:30:07Z,sportsbet,SportsBet,,player_disposals_over,Logan Morris,Over,4.0,16.5,20260524_013131
c2359222d8b43b27ad6d7cbc6f780932,Greater Western Sydney Giants,Brisbane Lions,2026-05-24T02:30:07Z,sportsbet,SportsBet,,player_disposals_over,Sam Draper,Over,4.25,16.5,20260524_013131
c2359222d8b43b27ad6d7cbc6f780932,Greater Western Sydney Giants,Brisbane Lions,2026-05-24T02:30:07Z,sportsbet,SportsBet,,player_disposals_over,Darcy Gardiner,Over,5.4,16.5,20260524_013131
c2359222d8b43b27ad6d7cbc6f780932,Greater Western Sydney Giants,Brisbane Lions,2026-05-24T02:30:07Z,sportsbet,SportsBet,,player_disposals_over,Will McLachlan,Over,9.5,16.5,20260524_013131
c2359222d8b43b27ad6d7cbc6f780932,Greater Western Sydney Giants,Brisbane Lions,2026-05-24T02:30:07Z,sportsbet,SportsBet,,player_disposals_over,Ty Gallop,Over,10.0,16.5,20260524_013131
c2359222d8b43b27ad6d7cbc6f780932,Greater Western Sydney Giants,Brisbane Lions,2026-05-24T02:30:07Z,sportsbet,SportsBet,,player_disposals_over,Connor Idun,Over,1.42,17.5,20260524_013131
c2359222d8b43b27ad6d7cbc6f780932,Greater Western Sydney Giants,Brisbane Lions,2026-05-24T02:30:07Z,sportsbet,SportsBet,,player_disposals_over,Harvey Thomas,Over,1.3,17.5,20260524_013131
c2359222d8b43b27ad6d7cbc6f780932,Greater Western Sydney Giants,Brisbane Lions,2026-05-24T02:30:07Z,sportsbet,SportsBet,,player_disposals_over,Toby Greene,Over,1.93,17.5,20260524_013131
c2359222d8b43b27ad6d7cbc6f780932,Greater Western Sydney Giants,Brisbane Lions,2026-05-24T02:30:07Z,sportsbet,SportsBet,,player_disposals_over,Brent Daniels,Over,2.24,17.5,20260524_013131
c2359222d8b43b27ad6d7cbc6f780932,Greater Western Sydney Giants,Brisbane Lions,2026-05-24T02:30:07Z,sportsbet,SportsBet,,player_disposals_over,Harrison Himmelberg,Over,2.26,17.5,20260524_013131
c2359222d8b43b27ad6d7cbc6f780932,Greater Western Sydney Giants,Brisbane Lions,2026-05-24T02:30:07Z,sportsbet,SportsBet,,player_disposals_over,Joseph Fonti,Over,2.73,17.5,20260524_013131
c2359222d8b43b27ad6d7cbc6f780932,Greater Western Sydney Giants,Brisbane Lions,2026-05-24T02:30:07Z,sportsbet,SportsBet,,player_disposals_over,Stephen Coniglio,Over,2.24,17.5,20260524_013131
c2359222d8b43b27ad6d7cbc6f780932,Greater Western Sydney Giants,Brisbane Lions,2026-05-24T02:30:07Z,sportsbet,SportsBet,,player_disposals_over,Conor Stone,Over,3.32,17.5,20260524_013131
c2359222d8b43b27ad6d7cbc6f780932,Greater Western Sydney Giants,Brisbane Lions,2026-05-24T02:30:07Z,sportsbet,SportsBet,,player_disposals_over,Jayden Laverde,Over,3.7,17.5,20260524_013131
c2359222d8b43b27ad6d7cbc6f780932,Greater Western Sydney Giants,Brisbane Lions,2026-05-24T02:30:07Z,sportsbet,SportsBet,,player_disposals_over,Jack Buckley,Over,4.6,17.5,20260524_013131
c2359222d8b43b27ad6d7cbc6f780932,Greater Western Sydney Giants,Brisbane Lions,2026-05-24T02:30:07Z,sportsbet,SportsBet,,player_disposals_over,Jake Riccardi,Over,4.65,17.5,20260524_013131
c2359222d8b43b27ad6d7cbc6f780932,Greater Western Sydney Giants,Brisbane Lions,2026-05-24T02:30:07Z,sportsbet,SportsBet,,player_disposals_over,Jake Stringer,Over,4.8,17.5,20260524_013131
c2359222d8b43b27ad6d7cbc6f780932,Greater Western Sydney Giants,Brisbane Lions,2026-05-24T02:30:07Z,sportsbet,SportsBet,,player_disposals_over,Kieren Briggs,Over,4.5,17.5,20260524_013131
c2359222d8b43b27ad6d7cbc6f780932,Greater Western Sydney Giants,Brisbane Lions,2026-05-24T02:30:07Z,sportsbet,SportsBet,,player_disposals_over,Phoenix Gothard,Over,4.25,17.5,20260524_013131
c2359222d8b43b27ad6d7cbc6f780932,Greater Western Sydney Giants,Brisbane Lions,2026-05-24T02:30:07Z,sportsbet,SportsBet,,player_disposals_over,Toby Bedford,Over,4.6,17.5,20260524_013131
c2359222d8b43b27ad6d7cbc6f780932,Greater Western Sydney Giants,Brisbane Lions,2026-05-24T02:30:07Z,sportsbet,SportsBet,,player_disposals_over,Toby McMullin,Over,4.8,17.5,20260524_013131
c2359222d8b43b27ad6d7cbc6f780932,Greater Western Sydney Giants,Brisbane Lions,2026-05-24T02:30:07Z,sportsbet,SportsBet,,player_disposals_over,Aaron Cadman,Over,5.4,17.5,20260524_013131
c2359222d8b43b27ad6d7cbc6f780932,Greater Western Sydney Giants,Brisbane Lions,2026-05-24T02:30:07Z,sportsbet,SportsBet,,player_disposals_over,Callum Brown,Over,9.5,17.5,20260524_013131
c2359222d8b43b27ad6d7cbc6f780932,Greater Western Sydney Giants,Brisbane Lions,2026-05-24T02:30:07Z,sportsbet,SportsBet,,player_disposals_over,Bruce Reville,Over,1.85,17.5,20260524_013131
c2359222d8b43b27ad6d7cbc6f780932,Greater Western Sydney Giants,Brisbane Lions,2026-05-24T02:30:07Z,sportsbet,SportsBet,,player_disposals_over,Darcy Wilmot,Over,1.07,17.5,20260524_013131
c2359222d8b43b27ad6d7cbc6f780932,Greater Western Sydney Giants,Brisbane Lions,2026-05-24T02:30:07Z,sportsbet,SportsBet,,player_disposals_over,Hugh McCluggage,Over,1.11,17.5,20260524_013131
c2359222d8b43b27ad6d7cbc6f780932,Greater Western Sydney Giants,Brisbane Lions,2026-05-24T02:30:07Z,sportsbet,SportsBet,,player_disposals_over,Jaspa Fletcher,Over,1.58,17.5,20260524_013131
c2359222d8b43b27ad6d7cbc6f780932,Greater Western Sydney Giants,Brisbane Lions,2026-05-24T02:30:07Z,sportsbet,SportsBet,,player_disposals_over,Josh Dunkley,Over,1.28,17.5,20260524_013131
c2359222d8b43b27ad6d7cbc6f780932,Greater Western Sydney Giants,Brisbane Lions,2026-05-24T02:30:07Z,sportsbet,SportsBet,,player_disposals_over,Keidean Coleman,Over,1.44,17.5,20260524_013131
c2359222d8b43b27ad6d7cbc6f780932,Greater Western Sydney Giants,Brisbane Lions,2026-05-24T02:30:07Z,sportsbet,SportsBet,,player_disposals_over,Levi Ashcroft,Over,1.28,17.5,20260524_013131
c2359222d8b43b27ad6d7cbc6f780932,Greater Western Sydney Giants,Brisbane Lions,2026-05-24T02:30:07Z,sportsbet,SportsBet,,player_disposals_over,Zac Bailey,Over,1.58,17.5,20260524_013131
c2359222d8b43b27ad6d7cbc6f780932,Greater Western Sydney Giants,Brisbane Lions,2026-05-24T02:30:07Z,sportsbet,SportsBet,,player_disposals_over,Cameron Rayner,Over,3.32,17.5,20260524_013131
c2359222d8b43b27ad6d7cbc6f780932,Greater Western Sydney Giants,Brisbane Lions,2026-05-24T02:30:07Z,sportsbet,SportsBet,,player_disposals_over,Harris Andrews,Over,3.45,17.5,20260524_013131
c2359222d8b43b27ad6d7cbc6f780932,Greater Western Sydney Giants,Brisbane Lions,2026-05-24T02:30:07Z,sportsbet,SportsBet,,player_disposals_over,Sam Marshall,Over,3.1,17.5,20260524_013131
c2359222d8b43b27ad6d7cbc6f780932,Greater Western Sydney Giants,Brisbane Lions,2026-05-24T02:30:07Z,sportsbet,SportsBet,,player_disposals_over,Charlie Cameron,Over,4.65,17.5,20260524_013131
c2359222d8b43b27ad6d7cbc6f780932,Greater Western Sydney Giants,Brisbane Lions,2026-05-24T02:30:07Z,sportsbet,SportsBet,,player_disposals_over,Darcy Fort,Over,4.6,17.5,20260524_013131
c2359222d8b43b27ad6d7cbc6f780932,Greater Western Sydney Giants,Brisbane Lions,2026-05-24T02:30:07Z,sportsbet,SportsBet,,player_disposals_over,James Tunstill,Over,4.6,17.5,20260524_013131
c2359222d8b43b27ad6d7cbc6f780932,Greater Western Sydney Giants,Brisbane Lions,2026-05-24T02:30:07Z,sportsbet,SportsBet,,player_disposals_over,Kai Lohmann,Over,4.1,17.5,20260524_013131
c2359222d8b43b27ad6d7cbc6f780932,Greater Western Sydney Giants,Brisbane Lions,2026-05-24T02:30:07Z,sportsbet,SportsBet,,player_disposals_over,Logan Morris,Over,4.65,17.5,20260524_013131
c2359222d8b43b27ad6d7cbc6f780932,Greater Western Sydney Giants,Brisbane Lions,2026-05-24T02:30:07Z,sportsbet,SportsBet,,player_disposals_over,Conor McKenna,Over,5.4,17.5,20260524_013131
c2359222d8b43b27ad6d7cbc6f780932,Greater Western Sydney Giants,Brisbane Lions,2026-05-24T02:30:07Z,sportsbet,SportsBet,,player_disposals_over,Sam Draper,Over,5.2,17.5,20260524_013131
c2359222d8b43b27ad6d7cbc6f780932,Greater Western Sydney Giants,Brisbane Lions,2026-05-24T02:30:07Z,sportsbet,SportsBet,,player_disposals_over,Darcy Gardiner,Over,6.5,17.5,20260524_013131
c2359222d8b43b27ad6d7cbc6f780932,Greater Western Sydney Giants,Brisbane Lions,2026-05-24T02:30:07Z,sportsbet,SportsBet,,player_disposals_over,Will McLachlan,Over,11.0,17.5,20260524_013131
c2359222d8b43b27ad6d7cbc6f780932,Greater Western Sydney Giants,Brisbane Lions,2026-05-24T02:30:07Z,sportsbet,SportsBet,,player_disposals_over,Ty Gallop,Over,12.0,17.5,20260524_013131
c2359222d8b43b27ad6d7cbc6f780932,Greater Western Sydney Giants,Brisbane Lions,2026-05-24T02:30:07Z,sportsbet,SportsBet,,player_disposals_over,Connor Idun,Over,1.63,18.5,20260524_013131
c2359222d8b43b27ad6d7cbc6f780932,Greater Western Sydney Giants,Brisbane Lions,2026-05-24T02:30:07Z,sportsbet,SportsBet,,player_disposals_over,Finn Callaghan,Over,1.03,18.5,20260524_013131
c2359222d8b43b27ad6d7cbc6f780932,Greater Western Sydney Giants,Brisbane Lions,2026-05-24T02:30:07Z,sportsbet,SportsBet,,player_disposals_over,Harvey Thomas,Over,1.42,18.5,20260524_013131
c2359222d8b43b27ad6d7cbc6f780932,Greater Western Sydney Giants,Brisbane Lions,2026-05-24T02:30:07Z,sportsbet,SportsBet,,player_disposals_over,Brent Daniels,Over,2.73,18.5,20260524_013131
c2359222d8b43b27ad6d7cbc6f780932,Greater Western Sydney Giants,Brisbane Lions,2026-05-24T02:30:07Z,sportsbet,SportsBet,,player_disposals_over,Harrison Himmelberg,Over,2.78,18.5,20260524_013131
c2359222d8b43b27ad6d7cbc6f780932,Greater Western Sydney Giants,Brisbane Lions,2026-05-24T02:30:07Z,sportsbet,SportsBet,,player_disposals_over,Stephen Coniglio,Over,2.72,18.5,20260524_013131
c2359222d8b43b27ad6d7cbc6f780932,Greater Western Sydney Giants,Brisbane Lions,2026-05-24T02:30:07Z,sportsbet,SportsBet,,player_disposals_over,Toby Greene,Over,2.26,18.5,20260524_013131
c2359222d8b43b27ad6d7cbc6f780932,Greater Western Sydney Giants,Brisbane Lions,2026-05-24T02:30:07Z,sportsbet,SportsBet,,player_disposals_over,Joseph Fonti,Over,3.32,18.5,20260524_013131
c2359222d8b43b27ad6d7cbc6f780932,Greater Western Sydney Giants,Brisbane Lions,2026-05-24T02:30:07Z,sportsbet,SportsBet,,player_disposals_over,Conor Stone,Over,4.25,18.5,20260524_013131
c2359222d8b43b27ad6d7cbc6f780932,Greater Western Sydney Giants,Brisbane Lions,2026-05-24T02:30:07Z,sportsbet,SportsBet,,player_disposals_over,Jayden Laverde,Over,4.65,18.5,20260524_013131
c2359222d8b43b27ad6d7cbc6f780932,Greater Western Sydney Giants,Brisbane Lions,2026-05-24T02:30:07Z,sportsbet,SportsBet,,player_disposals_over,Jack Buckley,Over,5.4,18.5,20260524_013131
c2359222d8b43b27ad6d7cbc6f780932,Greater Western Sydney Giants,Brisbane Lions,2026-05-24T02:30:07Z,sportsbet,SportsBet,,player_disposals_over,Jake Riccardi,Over,5.5,18.5,20260524_013131
c2359222d8b43b27ad6d7cbc6f780932,Greater Western Sydney Giants,Brisbane Lions,2026-05-24T02:30:07Z,sportsbet,SportsBet,,player_disposals_over,Kieren Briggs,Over,5.4,18.5,20260524_013131
c2359222d8b43b27ad6d7cbc6f780932,Greater Western Sydney Giants,Brisbane Lions,2026-05-24T02:30:07Z,sportsbet,SportsBet,,player_disposals_over,Phoenix Gothard,Over,5.4,18.5,20260524_013131
c2359222d8b43b27ad6d7cbc6f780932,Greater Western Sydney Giants,Brisbane Lions,2026-05-24T02:30:07Z,sportsbet,SportsBet,,player_disposals_over,Toby Bedford,Over,5.4,18.5,20260524_013131
c2359222d8b43b27ad6d7cbc6f780932,Greater Western Sydney Giants,Brisbane Lions,2026-05-24T02:30:07Z,sportsbet,SportsBet,,player_disposals_over,Toby McMullin,Over,5.5,18.5,20260524_013131
c2359222d8b43b27ad6d7cbc6f780932,Greater Western Sydney Giants,Brisbane Lions,2026-05-24T02:30:07Z,sportsbet,SportsBet,,player_disposals_over,Aaron Cadman,Over,6.5,18.5,20260524_013131
c2359222d8b43b27ad6d7cbc6f780932,Greater Western Sydney Giants,Brisbane Lions,2026-05-24T02:30:07Z,sportsbet,SportsBet,,player_disposals_over,Jake Stringer,Over,6.0,18.5,20260524_013131
c2359222d8b43b27ad6d7cbc6f780932,Greater Western Sydney Giants,Brisbane Lions,2026-05-24T02:30:07Z,sportsbet,SportsBet,,player_disposals_over,Callum Brown,Over,11.0,18.5,20260524_013131
c2359222d8b43b27ad6d7cbc6f780932,Greater Western Sydney Giants,Brisbane Lions,2026-05-24T02:30:07Z,sportsbet,SportsBet,,player_disposals_over,Darcy Wilmot,Over,1.13,18.5,20260524_013131
c2359222d8b43b27ad6d7cbc6f780932,Greater Western Sydney Giants,Brisbane Lions,2026-05-24T02:30:07Z,sportsbet,SportsBet,,player_disposals_over,Hugh McCluggage,Over,1.17,18.5,20260524_013131
c2359222d8b43b27ad6d7cbc6f780932,Greater Western Sydney Giants,Brisbane Lions,2026-05-24T02:30:07Z,sportsbet,SportsBet,,player_disposals_over,Jaspa Fletcher,Over,1.82,18.5,20260524_013131
c2359222d8b43b27ad6d7cbc6f780932,Greater Western Sydney Giants,Brisbane Lions,2026-05-24T02:30:07Z,sportsbet,SportsBet,,player_disposals_over,Josh Dunkley,Over,1.38,18.5,20260524_013131
c2359222d8b43b27ad6d7cbc6f780932,Greater Western Sydney Giants,Brisbane Lions,2026-05-24T02:30:07Z,sportsbet,SportsBet,,player_disposals_over,Keidean Coleman,Over,1.62,18.5,20260524_013131
c2359222d8b43b27ad6d7cbc6f780932,Greater Western Sydney Giants,Brisbane Lions,2026-05-24T02:30:07Z,sportsbet,SportsBet,,player_disposals_over,Levi Ashcroft,Over,1.41,18.5,20260524_013131
c2359222d8b43b27ad6d7cbc6f780932,Greater Western Sydney Giants,Brisbane Lions,2026-05-24T02:30:07Z,sportsbet,SportsBet,,player_disposals_over,Will Ashcroft,Over,1.03,18.5,20260524_013131
c2359222d8b43b27ad6d7cbc6f780932,Greater Western Sydney Giants,Brisbane Lions,2026-05-24T02:30:07Z,sportsbet,SportsBet,,player_disposals_over,Zac Bailey,Over,1.82,18.5,20260524_013131
c2359222d8b43b27ad6d7cbc6f780932,Greater Western Sydney Giants,Brisbane Lions,2026-05-24T02:30:07Z,sportsbet,SportsBet,,player_disposals_over,Bruce Reville,Over,2.16,18.5,20260524_013131
c2359222d8b43b27ad6d7cbc6f780932,Greater Western Sydney Giants,Brisbane Lions,2026-05-24T02:30:07Z,sportsbet,SportsBet,,player_disposals_over,Sam Marshall,Over,3.7,18.5,20260524_013131
c2359222d8b43b27ad6d7cbc6f780932,Greater Western Sydney Giants,Brisbane Lions,2026-05-24T02:30:07Z,sportsbet,SportsBet,,player_disposals_over,Cameron Rayner,Over,4.05,18.5,20260524_013131
c2359222d8b43b27ad6d7cbc6f780932,Greater Western Sydney Giants,Brisbane Lions,2026-05-24T02:30:07Z,sportsbet,SportsBet,,player_disposals_over,Harris Andrews,Over,4.6,18.5,20260524_013131
c2359222d8b43b27ad6d7cbc6f780932,Greater Western Sydney Giants,Brisbane Lions,2026-05-24T02:30:07Z,sportsbet,SportsBet,,player_disposals_over,Darcy Fort,Over,5.9,18.5,20260524_013131
c2359222d8b43b27ad6d7cbc6f780932,Greater Western Sydney Giants,Brisbane Lions,2026-05-24T02:30:07Z,sportsbet,SportsBet,,player_disposals_over,James Tunstill,Over,5.5,18.5,20260524_013131
c2359222d8b43b27ad6d7cbc6f780932,Greater Western Sydney Giants,Brisbane Lions,2026-05-24T02:30:07Z,sportsbet,SportsBet,,player_disposals_over,Kai Lohmann,Over,5.2,18.5,20260524_013131
c2359222d8b43b27ad6d7cbc6f780932,Greater Western Sydney Giants,Brisbane Lions,2026-05-24T02:30:07Z,sportsbet,SportsBet,,player_disposals_over,Logan Morris,Over,5.9,18.5,20260524_013131
c2359222d8b43b27ad6d7cbc6f780932,Greater Western Sydney Giants,Brisbane Lions,2026-05-24T02:30:07Z,sportsbet,SportsBet,,player_disposals_over,Charlie Cameron,Over,6.0,18.5,20260524_013131
c2359222d8b43b27ad6d7cbc6f780932,Greater Western Sydney Giants,Brisbane Lions,2026-05-24T02:30:07Z,sportsbet,SportsBet,,player_disposals_over,Conor McKenna,Over,6.5,18.5,20260524_013131
c2359222d8b43b27ad6d7cbc6f780932,Greater Western Sydney Giants,Brisbane Lions,2026-05-24T02:30:07Z,sportsbet,SportsBet,,player_disposals_over,Sam Draper,Over,6.0,18.5,20260524_013131
c2359222d8b43b27ad6d7cbc6f780932,Greater Western Sydney Giants,Brisbane Lions,2026-05-24T02:30:07Z,sportsbet,SportsBet,,player_disposals_over,Darcy Gardiner,Over,8.5,18.5,20260524_013131
c2359222d8b43b27ad6d7cbc6f780932,Greater Western Sydney Giants,Brisbane Lions,2026-05-24T02:30:07Z,sportsbet,SportsBet,,player_disposals_over,Will McLachlan,Over,13.0,18.5,20260524_013131
c2359222d8b43b27ad6d7cbc6f780932,Greater Western Sydney Giants,Brisbane Lions,2026-05-24T02:30:07Z,sportsbet,SportsBet,,player_disposals_over,Connor Idun,Over,1.88,19.5,20260524_013131
c2359222d8b43b27ad6d7cbc6f780932,Greater Western Sydney Giants,Brisbane Lions,2026-05-24T02:30:07Z,sportsbet,SportsBet,,player_disposals_over,Finn Callaghan,Over,1.05,19.5,20260524_013131
c2359222d8b43b27ad6d7cbc6f780932,Greater Western Sydney Giants,Brisbane Lions,2026-05-24T02:30:07Z,sportsbet,SportsBet,,player_disposals_over,Harvey Thomas,Over,1.61,19.5,20260524_013131
c2359222d8b43b27ad6d7cbc6f780932,Greater Western Sydney Giants,Brisbane Lions,2026-05-24T02:30:07Z,sportsbet,SportsBet,,player_disposals_over,Lachlan Ash,Over,1.03,19.5,20260524_013131
c2359222d8b43b27ad6d7cbc6f780932,Greater Western Sydney Giants,Brisbane Lions,2026-05-24T02:30:07Z,sportsbet,SportsBet,,player_disposals_over,Toby Greene,Over,2.7,19.5,20260524_013131
c2359222d8b43b27ad6d7cbc6f780932,Greater Western Sydney Giants,Brisbane Lions,2026-05-24T02:30:07Z,sportsbet,SportsBet,,player_disposals_over,Brent Daniels,Over,3.32,19.5,20260524_013131
c2359222d8b43b27ad6d7cbc6f780932,Greater Western Sydney Giants,Brisbane Lions,2026-05-24T02:30:07Z,sportsbet,SportsBet,,player_disposals_over,Harrison Himmelberg,Over,3.45,19.5,20260524_013131
c2359222d8b43b27ad6d7cbc6f780932,Greater Western Sydney Giants,Brisbane Lions,2026-05-24T02:30:07Z,sportsbet,SportsBet,,player_disposals_over,Stephen Coniglio,Over,3.32,19.5,20260524_013131
c2359222d8b43b27ad6d7cbc6f780932,Greater Western Sydney Giants,Brisbane Lions,2026-05-24T02:30:07Z,sportsbet,SportsBet,,player_disposals_over,Joseph Fonti,Over,4.25,19.5,20260524_013131
c2359222d8b43b27ad6d7cbc6f780932,Greater Western Sydney Giants,Brisbane Lions,2026-05-24T02:30:07Z,sportsbet,SportsBet,,player_disposals_over,Conor Stone,Over,5.2,19.5,20260524_013131
c2359222d8b43b27ad6d7cbc6f780932,Greater Western Sydney Giants,Brisbane Lions,2026-05-24T02:30:07Z,sportsbet,SportsBet,,player_disposals_over,Jack Buckley,Over,6.5,19.5,20260524_013131
c2359222d8b43b27ad6d7cbc6f780932,Greater Western Sydney Giants,Brisbane Lions,2026-05-24T02:30:07Z,sportsbet,SportsBet,,player_disposals_over,Jake Riccardi,Over,6.5,19.5,20260524_013131
c2359222d8b43b27ad6d7cbc6f780932,Greater Western Sydney Giants,Brisbane Lions,2026-05-24T02:30:07Z,sportsbet,SportsBet,,player_disposals_over,Jayden Laverde,Over,6.0,19.5,20260524_013131
c2359222d8b43b27ad6d7cbc6f780932,Greater Western Sydney Giants,Brisbane Lions,2026-05-24T02:30:07Z,sportsbet,SportsBet,,player_disposals_over,Kieren Briggs,Over,6.5,19.5,20260524_013131
c2359222d8b43b27ad6d7cbc6f780932,Greater Western Sydney Giants,Brisbane Lions,2026-05-24T02:30:07Z,sportsbet,SportsBet,,player_disposals_over,Phoenix Gothard,Over,6.5,19.5,20260524_013131
c2359222d8b43b27ad6d7cbc6f780932,Greater Western Sydney Giants,Brisbane Lions,2026-05-24T02:30:07Z,sportsbet,SportsBet,,player_disposals_over,Toby Bedford,Over,6.5,19.5,20260524_013131
c2359222d8b43b27ad6d7cbc6f780932,Greater Western Sydney Giants,Brisbane Lions,2026-05-24T02:30:07Z,sportsbet,SportsBet,,player_disposals_over,Toby McMullin,Over,6.5,19.5,20260524_013131
c2359222d8b43b27ad6d7cbc6f780932,Greater Western Sydney Giants,Brisbane Lions,2026-05-24T02:30:07Z,sportsbet,SportsBet,,player_disposals_over,Jake Stringer,Over,7.0,19.5,20260524_013131
c2359222d8b43b27ad6d7cbc6f780932,Greater Western Sydney Giants,Brisbane Lions,2026-05-24T02:30:07Z,sportsbet,SportsBet,,player_disposals_over,Aaron Cadman,Over,9.5,19.5,20260524_013131
c2359222d8b43b27ad6d7cbc6f780932,Greater Western Sydney Giants,Brisbane Lions,2026-05-24T02:30:07Z,sportsbet,SportsBet,,player_disposals_over,Callum Brown,Over,13.0,19.5,20260524_013131
c2359222d8b43b27ad6d7cbc6f780932,Greater Western Sydney Giants,Brisbane Lions,2026-05-24T02:30:07Z,sportsbet,SportsBet,,player_disposals_over,Darcy Wilmot,Over,1.17,19.5,20260524_013131
c2359222d8b43b27ad6d7cbc6f780932,Greater Western Sydney Giants,Brisbane Lions,2026-05-24T02:30:07Z,sportsbet,SportsBet,,player_disposals_over,Hugh McCluggage,Over,1.23,19.5,20260524_013131
c2359222d8b43b27ad6d7cbc6f780932,Greater Western Sydney Giants,Brisbane Lions,2026-05-24T02:30:07Z,sportsbet,SportsBet,,player_disposals_over,Josh Dunkley,Over,1.55,19.5,20260524_013131
c2359222d8b43b27ad6d7cbc6f780932,Greater Western Sydney Giants,Brisbane Lions,2026-05-24T02:30:07Z,sportsbet,SportsBet,,player_disposals_over,Keidean Coleman,Over,1.85,19.5,20260524_013131
c2359222d8b43b27ad6d7cbc6f780932,Greater Western Sydney Giants,Brisbane Lions,2026-05-24T02:30:07Z,sportsbet,SportsBet,,player_disposals_over,Levi Ashcroft,Over,1.59,19.5,20260524_013131
c2359222d8b43b27ad6d7cbc6f780932,Greater Western Sydney Giants,Brisbane Lions,2026-05-24T02:30:07Z,sportsbet,SportsBet,,player_disposals_over,Will Ashcroft,Over,1.05,19.5,20260524_013131
c2359222d8b43b27ad6d7cbc6f780932,Greater Western Sydney Giants,Brisbane Lions,2026-05-24T02:30:07Z,sportsbet,SportsBet,,player_disposals_over,Bruce Reville,Over,2.56,19.5,20260524_013131
c2359222d8b43b27ad6d7cbc6f780932,Greater Western Sydney Giants,Brisbane Lions,2026-05-24T02:30:07Z,sportsbet,SportsBet,,player_disposals_over,Jaspa Fletcher,Over,2.15,19.5,20260524_013131
c2359222d8b43b27ad6d7cbc6f780932,Greater Western Sydney Giants,Brisbane Lions,2026-05-24T02:30:07Z,sportsbet,SportsBet,,player_disposals_over,Zac Bailey,Over,2.14,19.5,20260524_013131
c2359222d8b43b27ad6d7cbc6f780932,Greater Western Sydney Giants,Brisbane Lions,2026-05-24T02:30:07Z,sportsbet,SportsBet,,player_disposals_over,Sam Marshall,Over,4.6,19.5,20260524_013131
c2359222d8b43b27ad6d7cbc6f780932,Greater Western Sydney Giants,Brisbane Lions,2026-05-24T02:30:07Z,sportsbet,SportsBet,,player_disposals_over,Cameron Rayner,Over,5.2,19.5,20260524_013131
c2359222d8b43b27ad6d7cbc6f780932,Greater Western Sydney Giants,Brisbane Lions,2026-05-24T02:30:07Z,sportsbet,SportsBet,,player_disposals_over,Harris Andrews,Over,5.5,19.5,20260524_013131
c2359222d8b43b27ad6d7cbc6f780932,Greater Western Sydney Giants,Brisbane Lions,2026-05-24T02:30:07Z,sportsbet,SportsBet,,player_disposals_over,Kai Lohmann,Over,6.0,19.5,20260524_013131
c2359222d8b43b27ad6d7cbc6f780932,Greater Western Sydney Giants,Brisbane Lions,2026-05-24T02:30:07Z,sportsbet,SportsBet,,player_disposals_over,Charlie Cameron,Over,7.75,19.5,20260524_013131
c2359222d8b43b27ad6d7cbc6f780932,Greater Western Sydney Giants,Brisbane Lions,2026-05-24T02:30:07Z,sportsbet,SportsBet,,player_disposals_over,Darcy Fort,Over,7.5,19.5,20260524_013131
c2359222d8b43b27ad6d7cbc6f780932,Greater Western Sydney Giants,Brisbane Lions,2026-05-24T02:30:07Z,sportsbet,SportsBet,,player_disposals_over,James Tunstill,Over,7.5,19.5,20260524_013131
c2359222d8b43b27ad6d7cbc6f780932,Greater Western Sydney Giants,Brisbane Lions,2026-05-24T02:30:07Z,sportsbet,SportsBet,,player_disposals_over,Logan Morris,Over,7.0,19.5,20260524_013131
c2359222d8b43b27ad6d7cbc6f780932,Greater Western Sydney Giants,Brisbane Lions,2026-05-24T02:30:07Z,sportsbet,SportsBet,,player_disposals_over,Conor McKenna,Over,8.5,19.5,20260524_013131
c2359222d8b43b27ad6d7cbc6f780932,Greater Western Sydney Giants,Brisbane Lions,2026-05-24T02:30:07Z,sportsbet,SportsBet,,player_disposals_over,Sam Draper,Over,8.5,19.5,20260524_013131
c2359222d8b43b27ad6d7cbc6f780932,Greater Western Sydney Giants,Brisbane Lions,2026-05-24T02:30:07Z,sportsbet,SportsBet,,player_disposals_over,Darcy Gardiner,Over,10.0,19.5,20260524_013131
c2359222d8b43b27ad6d7cbc6f780932,Greater Western Sydney Giants,Brisbane Lions,2026-05-24T02:30:07Z,sportsbet,SportsBet,,player_disposals_over,Finn Callaghan,Over,1.09,20.5,20260524_013131
c2359222d8b43b27ad6d7cbc6f780932,Greater Western Sydney Giants,Brisbane Lions,2026-05-24T02:30:07Z,sportsbet,SportsBet,,player_disposals_over,Harvey Thomas,Over,1.86,20.5,20260524_013131
c2359222d8b43b27ad6d7cbc6f780932,Greater Western Sydney Giants,Brisbane Lions,2026-05-24T02:30:07Z,sportsbet,SportsBet,,player_disposals_over,Lachlan Ash,Over,1.05,20.5,20260524_013131
c2359222d8b43b27ad6d7cbc6f780932,Greater Western Sydney Giants,Brisbane Lions,2026-05-24T02:30:07Z,sportsbet,SportsBet,,player_disposals_over,Lachie Whitfield,Over,1.03,20.5,20260524_013131
c2359222d8b43b27ad6d7cbc6f780932,Greater Western Sydney Giants,Brisbane Lions,2026-05-24T02:30:07Z,sportsbet,SportsBet,,player_disposals_over,Connor Idun,Over,2.21,20.5,20260524_013131
c2359222d8b43b27ad6d7cbc6f780932,Greater Western Sydney Giants,Brisbane Lions,2026-05-24T02:30:07Z,sportsbet,SportsBet,,player_disposals_over,Toby Greene,Over,3.3,20.5,20260524_013131
c2359222d8b43b27ad6d7cbc6f780932,Greater Western Sydney Giants,Brisbane Lions,2026-05-24T02:30:07Z,sportsbet,SportsBet,,player_disposals_over,Brent Daniels,Over,4.0,20.5,20260524_013131
c2359222d8b43b27ad6d7cbc6f780932,Greater Western Sydney Giants,Brisbane Lions,2026-05-24T02:30:07Z,sportsbet,SportsBet,,player_disposals_over,Harrison Himmelberg,Over,4.3,20.5,20260524_013131
c2359222d8b43b27ad6d7cbc6f780932,Greater Western Sydney Giants,Brisbane Lions,2026-05-24T02:30:07Z,sportsbet,SportsBet,,player_disposals_over,Stephen Coniglio,Over,4.0,20.5,20260524_013131
c2359222d8b43b27ad6d7cbc6f780932,Greater Western Sydney Giants,Brisbane Lions,2026-05-24T02:30:07Z,sportsbet,SportsBet,,player_disposals_over,Joseph Fonti,Over,5.2,20.5,20260524_013131
c2359222d8b43b27ad6d7cbc6f780932,Greater Western Sydney Giants,Brisbane Lions,2026-05-24T02:30:07Z,sportsbet,SportsBet,,player_disposals_over,Conor Stone,Over,6.0,20.5,20260524_013131
c2359222d8b43b27ad6d7cbc6f780932,Greater Western Sydney Giants,Brisbane Lions,2026-05-24T02:30:07Z,sportsbet,SportsBet,,player_disposals_over,Jayden Laverde,Over,7.75,20.5,20260524_013131
c2359222d8b43b27ad6d7cbc6f780932,Greater Western Sydney Giants,Brisbane Lions,2026-05-24T02:30:07Z,sportsbet,SportsBet,,player_disposals_over,Jack Buckley,Over,8.5,20.5,20260524_013131
c2359222d8b43b27ad6d7cbc6f780932,Greater Western Sydney Giants,Brisbane Lions,2026-05-24T02:30:07Z,sportsbet,SportsBet,,player_disposals_over,Jake Riccardi,Over,8.5,20.5,20260524_013131
c2359222d8b43b27ad6d7cbc6f780932,Greater Western Sydney Giants,Brisbane Lions,2026-05-24T02:30:07Z,sportsbet,SportsBet,,player_disposals_over,Kieren Briggs,Over,8.5,20.5,20260524_013131
c2359222d8b43b27ad6d7cbc6f780932,Greater Western Sydney Giants,Brisbane Lions,2026-05-24T02:30:07Z,sportsbet,SportsBet,,player_disposals_over,Phoenix Gothard,Over,8.5,20.5,20260524_013131
c2359222d8b43b27ad6d7cbc6f780932,Greater Western Sydney Giants,Brisbane Lions,2026-05-24T02:30:07Z,sportsbet,SportsBet,,player_disposals_over,Toby Bedford,Over,8.5,20.5,20260524_013131
c2359222d8b43b27ad6d7cbc6f780932,Greater Western Sydney Giants,Brisbane Lions,2026-05-24T02:30:07Z,sportsbet,SportsBet,,player_disposals_over,Toby McMullin,Over,8.5,20.5,20260524_013131
c2359222d8b43b27ad6d7cbc6f780932,Greater Western Sydney Giants,Brisbane Lions,2026-05-24T02:30:07Z,sportsbet,SportsBet,,player_disposals_over,Jake Stringer,Over,9.5,20.5,20260524_013131
c2359222d8b43b27ad6d7cbc6f780932,Greater Western Sydney Giants,Brisbane Lions,2026-05-24T02:30:07Z,sportsbet,SportsBet,,player_disposals_over,Aaron Cadman,Over,10.0,20.5,20260524_013131
c2359222d8b43b27ad6d7cbc6f780932,Greater Western Sydney Giants,Brisbane Lions,2026-05-24T02:30:07Z,sportsbet,SportsBet,,player_disposals_over,Callum Brown,Over,21.0,20.5,20260524_013131
c2359222d8b43b27ad6d7cbc6f780932,Greater Western Sydney Giants,Brisbane Lions,2026-05-24T02:30:07Z,sportsbet,SportsBet,,player_disposals_over,Darcy Wilmot,Over,1.25,20.5,20260524_013131
c2359222d8b43b27ad6d7cbc6f780932,Greater Western Sydney Giants,Brisbane Lions,2026-05-24T02:30:07Z,sportsbet,SportsBet,,player_disposals_over,Hugh McCluggage,Over,1.33,20.5,20260524_013131
c2359222d8b43b27ad6d7cbc6f780932,Greater Western Sydney Giants,Brisbane Lions,2026-05-24T02:30:07Z,sportsbet,SportsBet,,player_disposals_over,Josh Dunkley,Over,1.79,20.5,20260524_013131
c2359222d8b43b27ad6d7cbc6f780932,Greater Western Sydney Giants,Brisbane Lions,2026-05-24T02:30:07Z,sportsbet,SportsBet,,player_disposals_over,Lachie Neale,Over,1.03,20.5,20260524_013131
c2359222d8b43b27ad6d7cbc6f780932,Greater Western Sydney Giants,Brisbane Lions,2026-05-24T02:30:07Z,sportsbet,SportsBet,,player_disposals_over,Levi Ashcroft,Over,1.81,20.5,20260524_013131
c2359222d8b43b27ad6d7cbc6f780932,Greater Western Sydney Giants,Brisbane Lions,2026-05-24T02:30:07Z,sportsbet,SportsBet,,player_disposals_over,Will Ashcroft,Over,1.09,20.5,20260524_013131
c2359222d8b43b27ad6d7cbc6f780932,Greater Western Sydney Giants,Brisbane Lions,2026-05-24T02:30:07Z,sportsbet,SportsBet,,player_disposals_over,Jaspa Fletcher,Over,2.63,20.5,20260524_013131
c2359222d8b43b27ad6d7cbc6f780932,Greater Western Sydney Giants,Brisbane Lions,2026-05-24T02:30:07Z,sportsbet,SportsBet,,player_disposals_over,Keidean Coleman,Over,2.17,20.5,20260524_013131
c2359222d8b43b27ad6d7cbc6f780932,Greater Western Sydney Giants,Brisbane Lions,2026-05-24T02:30:07Z,sportsbet,SportsBet,,player_disposals_over,Zac Bailey,Over,2.61,20.5,20260524_013131
c2359222d8b43b27ad6d7cbc6f780932,Greater Western Sydney Giants,Brisbane Lions,2026-05-24T02:30:07Z,sportsbet,SportsBet,,player_disposals_over,Bruce Reville,Over,3.12,20.5,20260524_013131
c2359222d8b43b27ad6d7cbc6f780932,Greater Western Sydney Giants,Brisbane Lions,2026-05-24T02:30:07Z,sportsbet,SportsBet,,player_disposals_over,Sam Marshall,Over,5.4,20.5,20260524_013131
c2359222d8b43b27ad6d7cbc6f780932,Greater Western Sydney Giants,Brisbane Lions,2026-05-24T02:30:07Z,sportsbet,SportsBet,,player_disposals_over,Cameron Rayner,Over,6.0,20.5,20260524_013131
c2359222d8b43b27ad6d7cbc6f780932,Greater Western Sydney Giants,Brisbane Lions,2026-05-24T02:30:07Z,sportsbet,SportsBet,,player_disposals_over,Harris Andrews,Over,7.0,20.5,20260524_013131
c2359222d8b43b27ad6d7cbc6f780932,Greater Western Sydney Giants,Brisbane Lions,2026-05-24T02:30:07Z,sportsbet,SportsBet,,player_disposals_over,Kai Lohmann,Over,8.0,20.5,20260524_013131
c2359222d8b43b27ad6d7cbc6f780932,Greater Western Sydney Giants,Brisbane Lions,2026-05-24T02:30:07Z,sportsbet,SportsBet,,player_disposals_over,Logan Morris,Over,8.5,20.5,20260524_013131
c2359222d8b43b27ad6d7cbc6f780932,Greater Western Sydney Giants,Brisbane Lions,2026-05-24T02:30:07Z,sportsbet,SportsBet,,player_disposals_over,Charlie Cameron,Over,9.5,20.5,20260524_013131
c2359222d8b43b27ad6d7cbc6f780932,Greater Western Sydney Giants,Brisbane Lions,2026-05-24T02:30:07Z,sportsbet,SportsBet,,player_disposals_over,Darcy Fort,Over,9.5,20.5,20260524_013131
c2359222d8b43b27ad6d7cbc6f780932,Greater Western Sydney Giants,Brisbane Lions,2026-05-24T02:30:07Z,sportsbet,SportsBet,,player_disposals_over,James Tunstill,Over,9.5,20.5,20260524_013131
c2359222d8b43b27ad6d7cbc6f780932,Greater Western Sydney Giants,Brisbane Lions,2026-05-24T02:30:07Z,sportsbet,SportsBet,,player_disposals_over,Conor McKenna,Over,10.0,20.5,20260524_013131
c2359222d8b43b27ad6d7cbc6f780932,Greater Western Sydney Giants,Brisbane Lions,2026-05-24T02:30:07Z,sportsbet,SportsBet,,player_disposals_over,Sam Draper,Over,10.0,20.5,20260524_013131
c2359222d8b43b27ad6d7cbc6f780932,Greater Western Sydney Giants,Brisbane Lions,2026-05-24T02:30:07Z,sportsbet,SportsBet,,player_disposals_over,Darcy Gardiner,Over,12.0,20.5,20260524_013131
c2359222d8b43b27ad6d7cbc6f780932,Greater Western Sydney Giants,Brisbane Lions,2026-05-24T02:30:07Z,sportsbet,SportsBet,,player_disposals_over,Clayton Oliver,Over,1.04,21.5,20260524_013131
c2359222d8b43b27ad6d7cbc6f780932,Greater Western Sydney Giants,Brisbane Lions,2026-05-24T02:30:07Z,sportsbet,SportsBet,,player_disposals_over,Finn Callaghan,Over,1.14,21.5,20260524_013131
c2359222d8b43b27ad6d7cbc6f780932,Greater Western Sydney Giants,Brisbane Lions,2026-05-24T02:30:07Z,sportsbet,SportsBet,,player_disposals_over,Lachlan Ash,Over,1.08,21.5,20260524_013131
c2359222d8b43b27ad6d7cbc6f780932,Greater Western Sydney Giants,Brisbane Lions,2026-05-24T02:30:07Z,sportsbet,SportsBet,,player_disposals_over,Lachie Whitfield,Over,1.05,21.5,20260524_013131
c2359222d8b43b27ad6d7cbc6f780932,Greater Western Sydney Giants,Brisbane Lions,2026-05-24T02:30:07Z,sportsbet,SportsBet,,player_disposals_over,Connor Idun,Over,2.69,21.5,20260524_013131
c2359222d8b43b27ad6d7cbc6f780932,Greater Western Sydney Giants,Brisbane Lions,2026-05-24T02:30:07Z,sportsbet,SportsBet,,player_disposals_over,Harvey Thomas,Over,2.21,21.5,20260524_013131
c2359222d8b43b27ad6d7cbc6f780932,Greater Western Sydney Giants,Brisbane Lions,2026-05-24T02:30:07Z,sportsbet,SportsBet,,player_disposals_over,Toby Greene,Over,4.0,21.5,20260524_013131
c2359222d8b43b27ad6d7cbc6f780932,Greater Western Sydney Giants,Brisbane Lions,2026-05-24T02:30:07Z,sportsbet,SportsBet,,player_disposals_over,Brent Daniels,Over,5.2,21.5,20260524_013131
c2359222d8b43b27ad6d7cbc6f780932,Greater Western Sydney Giants,Brisbane Lions,2026-05-24T02:30:07Z,sportsbet,SportsBet,,player_disposals_over,Harrison Himmelberg,Over,5.4,21.5,20260524_013131
c2359222d8b43b27ad6d7cbc6f780932,Greater Western Sydney Giants,Brisbane Lions,2026-05-24T02:30:07Z,sportsbet,SportsBet,,player_disposals_over,Stephen Coniglio,Over,5.2,21.5,20260524_013131
c2359222d8b43b27ad6d7cbc6f780932,Greater Western Sydney Giants,Brisbane Lions,2026-05-24T02:30:07Z,sportsbet,SportsBet,,player_disposals_over,Joseph Fonti,Over,6.0,21.5,20260524_013131
c2359222d8b43b27ad6d7cbc6f780932,Greater Western Sydney Giants,Brisbane Lions,2026-05-24T02:30:07Z,sportsbet,SportsBet,,player_disposals_over,Conor Stone,Over,7.75,21.5,20260524_013131
c2359222d8b43b27ad6d7cbc6f780932,Greater Western Sydney Giants,Brisbane Lions,2026-05-24T02:30:07Z,sportsbet,SportsBet,,player_disposals_over,Jayden Laverde,Over,9.5,21.5,20260524_013131
c2359222d8b43b27ad6d7cbc6f780932,Greater Western Sydney Giants,Brisbane Lions,2026-05-24T02:30:07Z,sportsbet,SportsBet,,player_disposals_over,Toby McMullin,Over,9.5,21.5,20260524_013131
c2359222d8b43b27ad6d7cbc6f780932,Greater Western Sydney Giants,Brisbane Lions,2026-05-24T02:30:07Z,sportsbet,SportsBet,,player_disposals_over,Jack Buckley,Over,10.0,21.5,20260524_013131
c2359222d8b43b27ad6d7cbc6f780932,Greater Western Sydney Giants,Brisbane Lions,2026-05-24T02:30:07Z,sportsbet,SportsBet,,player_disposals_over,Jake Riccardi,Over,10.0,21.5,20260524_013131
c2359222d8b43b27ad6d7cbc6f780932,Greater Western Sydney Giants,Brisbane Lions,2026-05-24T02:30:07Z,sportsbet,SportsBet,,player_disposals_over,Jake Stringer,Over,10.0,21.5,20260524_013131
c2359222d8b43b27ad6d7cbc6f780932,Greater Western Sydney Giants,Brisbane Lions,2026-05-24T02:30:07Z,sportsbet,SportsBet,,player_disposals_over,Kieren Briggs,Over,10.0,21.5,20260524_013131
c2359222d8b43b27ad6d7cbc6f780932,Greater Western Sydney Giants,Brisbane Lions,2026-05-24T02:30:07Z,sportsbet,SportsBet,,player_disposals_over,Phoenix Gothard,Over,10.0,21.5,20260524_013131
c2359222d8b43b27ad6d7cbc6f780932,Greater Western Sydney Giants,Brisbane Lions,2026-05-24T02:30:07Z,sportsbet,SportsBet,,player_disposals_over,Toby Bedford,Over,10.0,21.5,20260524_013131
c2359222d8b43b27ad6d7cbc6f780932,Greater Western Sydney Giants,Brisbane Lions,2026-05-24T02:30:07Z,sportsbet,SportsBet,,player_disposals_over,Aaron Cadman,Over,12.0,21.5,20260524_013131
c2359222d8b43b27ad6d7cbc6f780932,Greater Western Sydney Giants,Brisbane Lions,2026-05-24T02:30:07Z,sportsbet,SportsBet,,player_disposals_over,Darcy Wilmot,Over,1.34,21.5,20260524_013131
c2359222d8b43b27ad6d7cbc6f780932,Greater Western Sydney Giants,Brisbane Lions,2026-05-24T02:30:07Z,sportsbet,SportsBet,,player_disposals_over,Hugh McCluggage,Over,1.46,21.5,20260524_013131
c2359222d8b43b27ad6d7cbc6f780932,Greater Western Sydney Giants,Brisbane Lions,2026-05-24T02:30:07Z,sportsbet,SportsBet,,player_disposals_over,Lachie Neale,Over,1.05,21.5,20260524_013131
c2359222d8b43b27ad6d7cbc6f780932,Greater Western Sydney Giants,Brisbane Lions,2026-05-24T02:30:07Z,sportsbet,SportsBet,,player_disposals_over,Will Ashcroft,Over,1.13,21.5,20260524_013131
c2359222d8b43b27ad6d7cbc6f780932,Greater Western Sydney Giants,Brisbane Lions,2026-05-24T02:30:07Z,sportsbet,SportsBet,,player_disposals_over,Josh Dunkley,Over,2.09,21.5,20260524_013131
c2359222d8b43b27ad6d7cbc6f780932,Greater Western Sydney Giants,Brisbane Lions,2026-05-24T02:30:07Z,sportsbet,SportsBet,,player_disposals_over,Keidean Coleman,Over,2.56,21.5,20260524_013131
c2359222d8b43b27ad6d7cbc6f780932,Greater Western Sydney Giants,Brisbane Lions,2026-05-24T02:30:07Z,sportsbet,SportsBet,,player_disposals_over,Levi Ashcroft,Over,2.1,21.5,20260524_013131
c2359222d8b43b27ad6d7cbc6f780932,Greater Western Sydney Giants,Brisbane Lions,2026-05-24T02:30:07Z,sportsbet,SportsBet,,player_disposals_over,Bruce Reville,Over,3.78,21.5,20260524_013131
c2359222d8b43b27ad6d7cbc6f780932,Greater Western Sydney Giants,Brisbane Lions,2026-05-24T02:30:07Z,sportsbet,SportsBet,,player_disposals_over,Jaspa Fletcher,Over,3.24,21.5,20260524_013131
c2359222d8b43b27ad6d7cbc6f780932,Greater Western Sydney Giants,Brisbane Lions,2026-05-24T02:30:07Z,sportsbet,SportsBet,,player_disposals_over,Zac Bailey,Over,3.25,21.5,20260524_013131
c2359222d8b43b27ad6d7cbc6f780932,Greater Western Sydney Giants,Brisbane Lions,2026-05-24T02:30:07Z,sportsbet,SportsBet,,player_disposals_over,Sam Marshall,Over,6.0,21.5,20260524_013131
c2359222d8b43b27ad6d7cbc6f780932,Greater Western Sydney Giants,Brisbane Lions,2026-05-24T02:30:07Z,sportsbet,SportsBet,,player_disposals_over,Cameron Rayner,Over,7.75,21.5,20260524_013131
c2359222d8b43b27ad6d7cbc6f780932,Greater Western Sydney Giants,Brisbane Lions,2026-05-24T02:30:07Z,sportsbet,SportsBet,,player_disposals_over,Harris Andrews,Over,9.5,21.5,20260524_013131
c2359222d8b43b27ad6d7cbc6f780932,Greater Western Sydney Giants,Brisbane Lions,2026-05-24T02:30:07Z,sportsbet,SportsBet,,player_disposals_over,Kai Lohmann,Over,9.5,21.5,20260524_013131
c2359222d8b43b27ad6d7cbc6f780932,Greater Western Sydney Giants,Brisbane Lions,2026-05-24T02:30:07Z,sportsbet,SportsBet,,player_disposals_over,Logan Morris,Over,10.0,21.5,20260524_013131
c2359222d8b43b27ad6d7cbc6f780932,Greater Western Sydney Giants,Brisbane Lions,2026-05-24T02:30:07Z,sportsbet,SportsBet,,player_disposals_over,Charlie Cameron,Over,12.0,21.5,20260524_013131
c2359222d8b43b27ad6d7cbc6f780932,Greater Western Sydney Giants,Brisbane Lions,2026-05-24T02:30:07Z,sportsbet,SportsBet,,player_disposals_over,Conor McKenna,Over,12.0,21.5,20260524_013131
c2359222d8b43b27ad6d7cbc6f780932,Greater Western Sydney Giants,Brisbane Lions,2026-05-24T02:30:07Z,sportsbet,SportsBet,,player_disposals_over,Darcy Fort,Over,12.0,21.5,20260524_013131
c2359222d8b43b27ad6d7cbc6f780932,Greater Western Sydney Giants,Brisbane Lions,2026-05-24T02:30:07Z,sportsbet,SportsBet,,player_disposals_over,James Tunstill,Over,12.0,21.5,20260524_013131
c2359222d8b43b27ad6d7cbc6f780932,Greater Western Sydney Giants,Brisbane Lions,2026-05-24T02:30:07Z,sportsbet,SportsBet,,player_disposals_over,Sam Draper,Over,12.0,21.5,20260524_013131
c2359222d8b43b27ad6d7cbc6f780932,Greater Western Sydney Giants,Brisbane Lions,2026-05-24T02:30:07Z,sportsbet,SportsBet,,player_disposals_over,Darcy Gardiner,Over,15.0,21.5,20260524_013131
c2359222d8b43b27ad6d7cbc6f780932,Greater Western Sydney Giants,Brisbane Lions,2026-05-24T02:30:07Z,sportsbet,SportsBet,,player_disposals_over,Clayton Oliver,Over,1.06,22.5,20260524_013131
c2359222d8b43b27ad6d7cbc6f780932,Greater Western Sydney Giants,Brisbane Lions,2026-05-24T02:30:07Z,sportsbet,SportsBet,,player_disposals_over,Finn Callaghan,Over,1.17,22.5,20260524_013131
c2359222d8b43b27ad6d7cbc6f780932,Greater Western Sydney Giants,Brisbane Lions,2026-05-24T02:30:07Z,sportsbet,SportsBet,,player_disposals_over,Lachlan Ash,Over,1.13,22.5,20260524_013131
c2359222d8b43b27ad6d7cbc6f780932,Greater Western Sydney Giants,Brisbane Lions,2026-05-24T02:30:07Z,sportsbet,SportsBet,,player_disposals_over,Lachie Whitfield,Over,1.1,22.5,20260524_013131
c2359222d8b43b27ad6d7cbc6f780932,Greater Western Sydney Giants,Brisbane Lions,2026-05-24T02:30:07Z,sportsbet,SportsBet,,player_disposals_over,Harvey Thomas,Over,2.68,22.5,20260524_013131
c2359222d8b43b27ad6d7cbc6f780932,Greater Western Sydney Giants,Brisbane Lions,2026-05-24T02:30:07Z,sportsbet,SportsBet,,player_disposals_over,Connor Idun,Over,3.32,22.5,20260524_013131
c2359222d8b43b27ad6d7cbc6f780932,Greater Western Sydney Giants,Brisbane Lions,2026-05-24T02:30:07Z,sportsbet,SportsBet,,player_disposals_over,Toby Greene,Over,4.8,22.5,20260524_013131
c2359222d8b43b27ad6d7cbc6f780932,Greater Western Sydney Giants,Brisbane Lions,2026-05-24T02:30:07Z,sportsbet,SportsBet,,player_disposals_over,Brent Daniels,Over,6.0,22.5,20260524_013131
c2359222d8b43b27ad6d7cbc6f780932,Greater Western Sydney Giants,Brisbane Lions,2026-05-24T02:30:07Z,sportsbet,SportsBet,,player_disposals_over,Harrison Himmelberg,Over,6.5,22.5,20260524_013131
c2359222d8b43b27ad6d7cbc6f780932,Greater Western Sydney Giants,Brisbane Lions,2026-05-24T02:30:07Z,sportsbet,SportsBet,,player_disposals_over,Stephen Coniglio,Over,6.0,22.5,20260524_013131
c2359222d8b43b27ad6d7cbc6f780932,Greater Western Sydney Giants,Brisbane Lions,2026-05-24T02:30:07Z,sportsbet,SportsBet,,player_disposals_over,Joseph Fonti,Over,8.0,22.5,20260524_013131
c2359222d8b43b27ad6d7cbc6f780932,Greater Western Sydney Giants,Brisbane Lions,2026-05-24T02:30:07Z,sportsbet,SportsBet,,player_disposals_over,Conor Stone,Over,9.5,22.5,20260524_013131
c2359222d8b43b27ad6d7cbc6f780932,Greater Western Sydney Giants,Brisbane Lions,2026-05-24T02:30:07Z,sportsbet,SportsBet,,player_disposals_over,Jack Buckley,Over,12.0,22.5,20260524_013131
c2359222d8b43b27ad6d7cbc6f780932,Greater Western Sydney Giants,Brisbane Lions,2026-05-24T02:30:07Z,sportsbet,SportsBet,,player_disposals_over,Jake Riccardi,Over,12.0,22.5,20260524_013131
c2359222d8b43b27ad6d7cbc6f780932,Greater Western Sydney Giants,Brisbane Lions,2026-05-24T02:30:07Z,sportsbet,SportsBet,,player_disposals_over,Jake Stringer,Over,12.0,22.5,20260524_013131
c2359222d8b43b27ad6d7cbc6f780932,Greater Western Sydney Giants,Brisbane Lions,2026-05-24T02:30:07Z,sportsbet,SportsBet,,player_disposals_over,Jayden Laverde,Over,12.0,22.5,20260524_013131
c2359222d8b43b27ad6d7cbc6f780932,Greater Western Sydney Giants,Brisbane Lions,2026-05-24T02:30:07Z,sportsbet,SportsBet,,player_disposals_over,Kieren Briggs,Over,12.0,22.5,20260524_013131
c2359222d8b43b27ad6d7cbc6f780932,Greater Western Sydney Giants,Brisbane Lions,2026-05-24T02:30:07Z,sportsbet,SportsBet,,player_disposals_over,Phoenix Gothard,Over,12.0,22.5,20260524_013131
c2359222d8b43b27ad6d7cbc6f780932,Greater Western Sydney Giants,Brisbane Lions,2026-05-24T02:30:07Z,sportsbet,SportsBet,,player_disposals_over,Toby Bedford,Over,12.0,22.5,20260524_013131
c2359222d8b43b27ad6d7cbc6f780932,Greater Western Sydney Giants,Brisbane Lions,2026-05-24T02:30:07Z,sportsbet,SportsBet,,player_disposals_over,Toby McMullin,Over,12.0,22.5,20260524_013131
c2359222d8b43b27ad6d7cbc6f780932,Greater Western Sydney Giants,Brisbane Lions,2026-05-24T02:30:07Z,sportsbet,SportsBet,,player_disposals_over,Aaron Cadman,Over,15.0,22.5,20260524_013131
c2359222d8b43b27ad6d7cbc6f780932,Greater Western Sydney Giants,Brisbane Lions,2026-05-24T02:30:07Z,sportsbet,SportsBet,,player_disposals_over,Darcy Wilmot,Over,1.47,22.5,20260524_013131
c2359222d8b43b27ad6d7cbc6f780932,Greater Western Sydney Giants,Brisbane Lions,2026-05-24T02:30:07Z,sportsbet,SportsBet,,player_disposals_over,Hugh McCluggage,Over,1.63,22.5,20260524_013131
c2359222d8b43b27ad6d7cbc6f780932,Greater Western Sydney Giants,Brisbane Lions,2026-05-24T02:30:07Z,sportsbet,SportsBet,,player_disposals_over,Lachie Neale,Over,1.09,22.5,20260524_013131
c2359222d8b43b27ad6d7cbc6f780932,Greater Western Sydney Giants,Brisbane Lions,2026-05-24T02:30:07Z,sportsbet,SportsBet,,player_disposals_over,Will Ashcroft,Over,1.17,22.5,20260524_013131
c2359222d8b43b27ad6d7cbc6f780932,Greater Western Sydney Giants,Brisbane Lions,2026-05-24T02:30:07Z,sportsbet,SportsBet,,player_disposals_over,Josh Dunkley,Over,2.5,22.5,20260524_013131
c2359222d8b43b27ad6d7cbc6f780932,Greater Western Sydney Giants,Brisbane Lions,2026-05-24T02:30:07Z,sportsbet,SportsBet,,player_disposals_over,Levi Ashcroft,Over,2.53,22.5,20260524_013131
c2359222d8b43b27ad6d7cbc6f780932,Greater Western Sydney Giants,Brisbane Lions,2026-05-24T02:30:07Z,sportsbet,SportsBet,,player_disposals_over,Keidean Coleman,Over,3.12,22.5,20260524_013131
c2359222d8b43b27ad6d7cbc6f780932,Greater Western Sydney Giants,Brisbane Lions,2026-05-24T02:30:07Z,sportsbet,SportsBet,,player_disposals_over,Bruce Reville,Over,4.65,22.5,20260524_013131
c2359222d8b43b27ad6d7cbc6f780932,Greater Western Sydney Giants,Brisbane Lions,2026-05-24T02:30:07Z,sportsbet,SportsBet,,player_disposals_over,Jaspa Fletcher,Over,4.0,22.5,20260524_013131
c2359222d8b43b27ad6d7cbc6f780932,Greater Western Sydney Giants,Brisbane Lions,2026-05-24T02:30:07Z,sportsbet,SportsBet,,player_disposals_over,Zac Bailey,Over,4.0,22.5,20260524_013131
c2359222d8b43b27ad6d7cbc6f780932,Greater Western Sydney Giants,Brisbane Lions,2026-05-24T02:30:07Z,sportsbet,SportsBet,,player_disposals_over,Sam Marshall,Over,8.0,22.5,20260524_013131
c2359222d8b43b27ad6d7cbc6f780932,Greater Western Sydney Giants,Brisbane Lions,2026-05-24T02:30:07Z,sportsbet,SportsBet,,player_disposals_over,Cameron Rayner,Over,9.5,22.5,20260524_013131
c2359222d8b43b27ad6d7cbc6f780932,Greater Western Sydney Giants,Brisbane Lions,2026-05-24T02:30:07Z,sportsbet,SportsBet,,player_disposals_over,Harris Andrews,Over,12.0,22.5,20260524_013131
c2359222d8b43b27ad6d7cbc6f780932,Greater Western Sydney Giants,Brisbane Lions,2026-05-24T02:30:07Z,sportsbet,SportsBet,,player_disposals_over,Kai Lohmann,Over,12.0,22.5,20260524_013131
c2359222d8b43b27ad6d7cbc6f780932,Greater Western Sydney Giants,Brisbane Lions,2026-05-24T02:30:07Z,sportsbet,SportsBet,,player_disposals_over,Logan Morris,Over,12.0,22.5,20260524_013131
c2359222d8b43b27ad6d7cbc6f780932,Greater Western Sydney Giants,Brisbane Lions,2026-05-24T02:30:07Z,sportsbet,SportsBet,,player_disposals_over,Charlie Cameron,Over,14.0,22.5,20260524_013131
c2359222d8b43b27ad6d7cbc6f780932,Greater Western Sydney Giants,Brisbane Lions,2026-05-24T02:30:07Z,sportsbet,SportsBet,,player_disposals_over,Conor McKenna,Over,14.0,22.5,20260524_013131
c2359222d8b43b27ad6d7cbc6f780932,Greater Western Sydney Giants,Brisbane Lions,2026-05-24T02:30:07Z,sportsbet,SportsBet,,player_disposals_over,Darcy Fort,Over,14.0,22.5,20260524_013131
c2359222d8b43b27ad6d7cbc6f780932,Greater Western Sydney Giants,Brisbane Lions,2026-05-24T02:30:07Z,sportsbet,SportsBet,,player_disposals_over,James Tunstill,Over,14.0,22.5,20260524_013131
c2359222d8b43b27ad6d7cbc6f780932,Greater Western Sydney Giants,Brisbane Lions,2026-05-24T02:30:07Z,sportsbet,SportsBet,,player_disposals_over,Sam Draper,Over,14.0,22.5,20260524_013131
c2359222d8b43b27ad6d7cbc6f780932,Greater Western Sydney Giants,Brisbane Lions,2026-05-24T02:30:07Z,sportsbet,SportsBet,,player_disposals_over,Clayton Oliver,Over,1.1,23.5,20260524_013131
c2359222d8b43b27ad6d7cbc6f780932,Greater Western Sydney Giants,Brisbane Lions,2026-05-24T02:30:07Z,sportsbet,SportsBet,,player_disposals_over,Finn Callaghan,Over,1.28,23.5,20260524_013131
c2359222d8b43b27ad6d7cbc6f780932,Greater Western Sydney Giants,Brisbane Lions,2026-05-24T02:30:07Z,sportsbet,SportsBet,,player_disposals_over,Lachlan Ash,Over,1.17,23.5,20260524_013131
c2359222d8b43b27ad6d7cbc6f780932,Greater Western Sydney Giants,Brisbane Lions,2026-05-24T02:30:07Z,sportsbet,SportsBet,,player_disposals_over,Lachie Whitfield,Over,1.14,23.5,20260524_013131
c2359222d8b43b27ad6d7cbc6f780932,Greater Western Sydney Giants,Brisbane Lions,2026-05-24T02:30:07Z,sportsbet,SportsBet,,player_disposals_over,Harvey Thomas,Over,3.28,23.5,20260524_013131
c2359222d8b43b27ad6d7cbc6f780932,Greater Western Sydney Giants,Brisbane Lions,2026-05-24T02:30:07Z,sportsbet,SportsBet,,player_disposals_over,Connor Idun,Over,4.0,23.5,20260524_013131
c2359222d8b43b27ad6d7cbc6f780932,Greater Western Sydney Giants,Brisbane Lions,2026-05-24T02:30:07Z,sportsbet,SportsBet,,player_disposals_over,Toby Greene,Over,5.9,23.5,20260524_013131
c2359222d8b43b27ad6d7cbc6f780932,Greater Western Sydney Giants,Brisbane Lions,2026-05-24T02:30:07Z,sportsbet,SportsBet,,player_disposals_over,Brent Daniels,Over,7.5,23.5,20260524_013131
c2359222d8b43b27ad6d7cbc6f780932,Greater Western Sydney Giants,Brisbane Lions,2026-05-24T02:30:07Z,sportsbet,SportsBet,,player_disposals_over,Stephen Coniglio,Over,7.5,23.5,20260524_013131
c2359222d8b43b27ad6d7cbc6f780932,Greater Western Sydney Giants,Brisbane Lions,2026-05-24T02:30:07Z,sportsbet,SportsBet,,player_disposals_over,Harrison Himmelberg,Over,8.5,23.5,20260524_013131
c2359222d8b43b27ad6d7cbc6f780932,Greater Western Sydney Giants,Brisbane Lions,2026-05-24T02:30:07Z,sportsbet,SportsBet,,player_disposals_over,Joseph Fonti,Over,9.5,23.5,20260524_013131
c2359222d8b43b27ad6d7cbc6f780932,Greater Western Sydney Giants,Brisbane Lions,2026-05-24T02:30:07Z,sportsbet,SportsBet,,player_disposals_over,Conor Stone,Over,11.0,23.5,20260524_013131
c2359222d8b43b27ad6d7cbc6f780932,Greater Western Sydney Giants,Brisbane Lions,2026-05-24T02:30:07Z,sportsbet,SportsBet,,player_disposals_over,Toby McMullin,Over,13.0,23.5,20260524_013131
c2359222d8b43b27ad6d7cbc6f780932,Greater Western Sydney Giants,Brisbane Lions,2026-05-24T02:30:07Z,sportsbet,SportsBet,,player_disposals_over,Jack Buckley,Over,14.0,23.5,20260524_013131
c2359222d8b43b27ad6d7cbc6f780932,Greater Western Sydney Giants,Brisbane Lions,2026-05-24T02:30:07Z,sportsbet,SportsBet,,player_disposals_over,Jake Riccardi,Over,14.0,23.5,20260524_013131
c2359222d8b43b27ad6d7cbc6f780932,Greater Western Sydney Giants,Brisbane Lions,2026-05-24T02:30:07Z,sportsbet,SportsBet,,player_disposals_over,Jake Stringer,Over,14.0,23.5,20260524_013131
c2359222d8b43b27ad6d7cbc6f780932,Greater Western Sydney Giants,Brisbane Lions,2026-05-24T02:30:07Z,sportsbet,SportsBet,,player_disposals_over,Jayden Laverde,Over,14.0,23.5,20260524_013131
c2359222d8b43b27ad6d7cbc6f780932,Greater Western Sydney Giants,Brisbane Lions,2026-05-24T02:30:07Z,sportsbet,SportsBet,,player_disposals_over,Kieren Briggs,Over,14.0,23.5,20260524_013131
c2359222d8b43b27ad6d7cbc6f780932,Greater Western Sydney Giants,Brisbane Lions,2026-05-24T02:30:07Z,sportsbet,SportsBet,,player_disposals_over,Phoenix Gothard,Over,14.0,23.5,20260524_013131
c2359222d8b43b27ad6d7cbc6f780932,Greater Western Sydney Giants,Brisbane Lions,2026-05-24T02:30:07Z,sportsbet,SportsBet,,player_disposals_over,Toby Bedford,Over,14.0,23.5,20260524_013131
c2359222d8b43b27ad6d7cbc6f780932,Greater Western Sydney Giants,Brisbane Lions,2026-05-24T02:30:07Z,sportsbet,SportsBet,,player_disposals_over,Darcy Wilmot,Over,1.62,23.5,20260524_013131
c2359222d8b43b27ad6d7cbc6f780932,Greater Western Sydney Giants,Brisbane Lions,2026-05-24T02:30:07Z,sportsbet,SportsBet,,player_disposals_over,Hugh McCluggage,Over,1.85,23.5,20260524_013131
c2359222d8b43b27ad6d7cbc6f780932,Greater Western Sydney Giants,Brisbane Lions,2026-05-24T02:30:07Z,sportsbet,SportsBet,,player_disposals_over,Lachie Neale,Over,1.13,23.5,20260524_013131
c2359222d8b43b27ad6d7cbc6f780932,Greater Western Sydney Giants,Brisbane Lions,2026-05-24T02:30:07Z,sportsbet,SportsBet,,player_disposals_over,Will Ashcroft,Over,1.25,23.5,20260524_013131
c2359222d8b43b27ad6d7cbc6f780932,Greater Western Sydney Giants,Brisbane Lions,2026-05-24T02:30:07Z,sportsbet,SportsBet,,player_disposals_over,Josh Dunkley,Over,3.08,23.5,20260524_013131
c2359222d8b43b27ad6d7cbc6f780932,Greater Western Sydney Giants,Brisbane Lions,2026-05-24T02:30:07Z,sportsbet,SportsBet,,player_disposals_over,Keidean Coleman,Over,3.7,23.5,20260524_013131
c2359222d8b43b27ad6d7cbc6f780932,Greater Western Sydney Giants,Brisbane Lions,2026-05-24T02:30:07Z,sportsbet,SportsBet,,player_disposals_over,Levi Ashcroft,Over,3.09,23.5,20260524_013131
c2359222d8b43b27ad6d7cbc6f780932,Greater Western Sydney Giants,Brisbane Lions,2026-05-24T02:30:07Z,sportsbet,SportsBet,,player_disposals_over,Bruce Reville,Over,5.4,23.5,20260524_013131
c2359222d8b43b27ad6d7cbc6f780932,Greater Western Sydney Giants,Brisbane Lions,2026-05-24T02:30:07Z,sportsbet,SportsBet,,player_disposals_over,Jaspa Fletcher,Over,5.0,23.5,20260524_013131
c2359222d8b43b27ad6d7cbc6f780932,Greater Western Sydney Giants,Brisbane Lions,2026-05-24T02:30:07Z,sportsbet,SportsBet,,player_disposals_over,Zac Bailey,Over,5.2,23.5,20260524_013131
c2359222d8b43b27ad6d7cbc6f780932,Greater Western Sydney Giants,Brisbane Lions,2026-05-24T02:30:07Z,sportsbet,SportsBet,,player_disposals_over,Sam Marshall,Over,9.5,23.5,20260524_013131
c2359222d8b43b27ad6d7cbc6f780932,Greater Western Sydney Giants,Brisbane Lions,2026-05-24T02:30:07Z,sportsbet,SportsBet,,player_disposals_over,Cameron Rayner,Over,12.0,23.5,20260524_013131
c2359222d8b43b27ad6d7cbc6f780932,Greater Western Sydney Giants,Brisbane Lions,2026-05-24T02:30:07Z,sportsbet,SportsBet,,player_disposals_over,Harris Andrews,Over,13.0,23.5,20260524_013131
c2359222d8b43b27ad6d7cbc6f780932,Greater Western Sydney Giants,Brisbane Lions,2026-05-24T02:30:07Z,sportsbet,SportsBet,,player_disposals_over,Kai Lohmann,Over,13.0,23.5,20260524_013131
c2359222d8b43b27ad6d7cbc6f780932,Greater Western Sydney Giants,Brisbane Lions,2026-05-24T02:30:07Z,sportsbet,SportsBet,,player_disposals_over,Logan Morris,Over,14.0,23.5,20260524_013131
c2359222d8b43b27ad6d7cbc6f780932,Greater Western Sydney Giants,Brisbane Lions,2026-05-24T02:30:07Z,sportsbet,SportsBet,,player_disposals_over,Clayton Oliver,Over,1.14,24.5,20260524_013131
c2359222d8b43b27ad6d7cbc6f780932,Greater Western Sydney Giants,Brisbane Lions,2026-05-24T02:30:07Z,sportsbet,SportsBet,,player_disposals_over,Finn Callaghan,Over,1.36,24.5,20260524_013131
c2359222d8b43b27ad6d7cbc6f780932,Greater Western Sydney Giants,Brisbane Lions,2026-05-24T02:30:07Z,sportsbet,SportsBet,,player_disposals_over,Lachlan Ash,Over,1.28,24.5,20260524_013131
c2359222d8b43b27ad6d7cbc6f780932,Greater Western Sydney Giants,Brisbane Lions,2026-05-24T02:30:07Z,sportsbet,SportsBet,,player_disposals_over,Lachie Whitfield,Over,1.2,24.5,20260524_013131
c2359222d8b43b27ad6d7cbc6f780932,Greater Western Sydney Giants,Brisbane Lions,2026-05-24T02:30:07Z,sportsbet,SportsBet,,player_disposals_over,Harvey Thomas,Over,4.0,24.5,20260524_013131
c2359222d8b43b27ad6d7cbc6f780932,Greater Western Sydney Giants,Brisbane Lions,2026-05-24T02:30:07Z,sportsbet,SportsBet,,player_disposals_over,Connor Idun,Over,5.2,24.5,20260524_013131
c2359222d8b43b27ad6d7cbc6f780932,Greater Western Sydney Giants,Brisbane Lions,2026-05-24T02:30:07Z,sportsbet,SportsBet,,player_disposals_over,Toby Greene,Over,7.0,24.5,20260524_013131
c2359222d8b43b27ad6d7cbc6f780932,Greater Western Sydney Giants,Brisbane Lions,2026-05-24T02:30:07Z,sportsbet,SportsBet,,player_disposals_over,Brent Daniels,Over,9.5,24.5,20260524_013131
c2359222d8b43b27ad6d7cbc6f780932,Greater Western Sydney Giants,Brisbane Lions,2026-05-24T02:30:07Z,sportsbet,SportsBet,,player_disposals_over,Stephen Coniglio,Over,9.5,24.5,20260524_013131
c2359222d8b43b27ad6d7cbc6f780932,Greater Western Sydney Giants,Brisbane Lions,2026-05-24T02:30:07Z,sportsbet,SportsBet,,player_disposals_over,Harrison Himmelberg,Over,10.0,24.5,20260524_013131
c2359222d8b43b27ad6d7cbc6f780932,Greater Western Sydney Giants,Brisbane Lions,2026-05-24T02:30:07Z,sportsbet,SportsBet,,player_disposals_over,Joseph Fonti,Over,12.0,24.5,20260524_013131
c2359222d8b43b27ad6d7cbc6f780932,Greater Western Sydney Giants,Brisbane Lions,2026-05-24T02:30:07Z,sportsbet,SportsBet,,player_disposals_over,Conor Stone,Over,13.0,24.5,20260524_013131
c2359222d8b43b27ad6d7cbc6f780932,Greater Western Sydney Giants,Brisbane Lions,2026-05-24T02:30:07Z,sportsbet,SportsBet,,player_disposals_over,Toby McMullin,Over,17.0,24.5,20260524_013131
c2359222d8b43b27ad6d7cbc6f780932,Greater Western Sydney Giants,Brisbane Lions,2026-05-24T02:30:07Z,sportsbet,SportsBet,,player_disposals_over,Jake Riccardi,Over,21.0,24.5,20260524_013131
c2359222d8b43b27ad6d7cbc6f780932,Greater Western Sydney Giants,Brisbane Lions,2026-05-24T02:30:07Z,sportsbet,SportsBet,,player_disposals_over,Phoenix Gothard,Over,21.0,24.5,20260524_013131
c2359222d8b43b27ad6d7cbc6f780932,Greater Western Sydney Giants,Brisbane Lions,2026-05-24T02:30:07Z,sportsbet,SportsBet,,player_disposals_over,Jack Buckley,Over,34.0,24.5,20260524_013131
c2359222d8b43b27ad6d7cbc6f780932,Greater Western Sydney Giants,Brisbane Lions,2026-05-24T02:30:07Z,sportsbet,SportsBet,,player_disposals_over,Jake Stringer,Over,34.0,24.5,20260524_013131
c2359222d8b43b27ad6d7cbc6f780932,Greater Western Sydney Giants,Brisbane Lions,2026-05-24T02:30:07Z,sportsbet,SportsBet,,player_disposals_over,Jayden Laverde,Over,34.0,24.5,20260524_013131
c2359222d8b43b27ad6d7cbc6f780932,Greater Western Sydney Giants,Brisbane Lions,2026-05-24T02:30:07Z,sportsbet,SportsBet,,player_disposals_over,Kieren Briggs,Over,34.0,24.5,20260524_013131
c2359222d8b43b27ad6d7cbc6f780932,Greater Western Sydney Giants,Brisbane Lions,2026-05-24T02:30:07Z,sportsbet,SportsBet,,player_disposals_over,Toby Bedford,Over,34.0,24.5,20260524_013131
c2359222d8b43b27ad6d7cbc6f780932,Greater Western Sydney Giants,Brisbane Lions,2026-05-24T02:30:07Z,sportsbet,SportsBet,,player_disposals_over,Darcy Wilmot,Over,1.83,24.5,20260524_013131
c2359222d8b43b27ad6d7cbc6f780932,Greater Western Sydney Giants,Brisbane Lions,2026-05-24T02:30:07Z,sportsbet,SportsBet,,player_disposals_over,Lachie Neale,Over,1.17,24.5,20260524_013131
c2359222d8b43b27ad6d7cbc6f780932,Greater Western Sydney Giants,Brisbane Lions,2026-05-24T02:30:07Z,sportsbet,SportsBet,,player_disposals_over,Will Ashcroft,Over,1.35,24.5,20260524_013131
c2359222d8b43b27ad6d7cbc6f780932,Greater Western Sydney Giants,Brisbane Lions,2026-05-24T02:30:07Z,sportsbet,SportsBet,,player_disposals_over,Hugh McCluggage,Over,2.13,24.5,20260524_013131
c2359222d8b43b27ad6d7cbc6f780932,Greater Western Sydney Giants,Brisbane Lions,2026-05-24T02:30:07Z,sportsbet,SportsBet,,player_disposals_over,Josh Dunkley,Over,3.75,24.5,20260524_013131
c2359222d8b43b27ad6d7cbc6f780932,Greater Western Sydney Giants,Brisbane Lions,2026-05-24T02:30:07Z,sportsbet,SportsBet,,player_disposals_over,Levi Ashcroft,Over,3.7,24.5,20260524_013131
c2359222d8b43b27ad6d7cbc6f780932,Greater Western Sydney Giants,Brisbane Lions,2026-05-24T02:30:07Z,sportsbet,SportsBet,,player_disposals_over,Keidean Coleman,Over,4.6,24.5,20260524_013131
c2359222d8b43b27ad6d7cbc6f780932,Greater Western Sydney Giants,Brisbane Lions,2026-05-24T02:30:07Z,sportsbet,SportsBet,,player_disposals_over,Bruce Reville,Over,6.5,24.5,20260524_013131
c2359222d8b43b27ad6d7cbc6f780932,Greater Western Sydney Giants,Brisbane Lions,2026-05-24T02:30:07Z,sportsbet,SportsBet,,player_disposals_over,Jaspa Fletcher,Over,6.0,24.5,20260524_013131
c2359222d8b43b27ad6d7cbc6f780932,Greater Western Sydney Giants,Brisbane Lions,2026-05-24T02:30:07Z,sportsbet,SportsBet,,player_disposals_over,Zac Bailey,Over,6.0,24.5,20260524_013131
c2359222d8b43b27ad6d7cbc6f780932,Greater Western Sydney Giants,Brisbane Lions,2026-05-24T02:30:07Z,sportsbet,SportsBet,,player_disposals_over,Sam Marshall,Over,11.0,24.5,20260524_013131
c2359222d8b43b27ad6d7cbc6f780932,Greater Western Sydney Giants,Brisbane Lions,2026-05-24T02:30:07Z,sportsbet,SportsBet,,player_disposals_over,Cameron Rayner,Over,13.0,24.5,20260524_013131
c2359222d8b43b27ad6d7cbc6f780932,Greater Western Sydney Giants,Brisbane Lions,2026-05-24T02:30:07Z,sportsbet,SportsBet,,player_disposals_over,Kai Lohmann,Over,21.0,24.5,20260524_013131
c2359222d8b43b27ad6d7cbc6f780932,Greater Western Sydney Giants,Brisbane Lions,2026-05-24T02:30:07Z,sportsbet,SportsBet,,player_disposals_over,Harris Andrews,Over,34.0,24.5,20260524_013131
c2359222d8b43b27ad6d7cbc6f780932,Greater Western Sydney Giants,Brisbane Lions,2026-05-24T02:30:07Z,sportsbet,SportsBet,,player_disposals_over,Logan Morris,Over,34.0,24.5,20260524_013131
c2359222d8b43b27ad6d7cbc6f780932,Greater Western Sydney Giants,Brisbane Lions,2026-05-24T02:30:07Z,sportsbet,SportsBet,,player_disposals_over,Clayton Oliver,Over,1.2,25.5,20260524_013131
c2359222d8b43b27ad6d7cbc6f780932,Greater Western Sydney Giants,Brisbane Lions,2026-05-24T02:30:07Z,sportsbet,SportsBet,,player_disposals_over,Finn Callaghan,Over,1.5,25.5,20260524_013131
c2359222d8b43b27ad6d7cbc6f780932,Greater Western Sydney Giants,Brisbane Lions,2026-05-24T02:30:07Z,sportsbet,SportsBet,,player_disposals_over,Lachlan Ash,Over,1.36,25.5,20260524_013131
c2359222d8b43b27ad6d7cbc6f780932,Greater Western Sydney Giants,Brisbane Lions,2026-05-24T02:30:07Z,sportsbet,SportsBet,,player_disposals_over,Lachie Whitfield,Over,1.28,25.5,20260524_013131
c2359222d8b43b27ad6d7cbc6f780932,Greater Western Sydney Giants,Brisbane Lions,2026-05-24T02:30:07Z,sportsbet,SportsBet,,player_disposals_over,Harvey Thomas,Over,5.2,25.5,20260524_013131
c2359222d8b43b27ad6d7cbc6f780932,Greater Western Sydney Giants,Brisbane Lions,2026-05-24T02:30:07Z,sportsbet,SportsBet,,player_disposals_over,Connor Idun,Over,6.0,25.5,20260524_013131
c2359222d8b43b27ad6d7cbc6f780932,Greater Western Sydney Giants,Brisbane Lions,2026-05-24T02:30:07Z,sportsbet,SportsBet,,player_disposals_over,Toby Greene,Over,9.5,25.5,20260524_013131
c2359222d8b43b27ad6d7cbc6f780932,Greater Western Sydney Giants,Brisbane Lions,2026-05-24T02:30:07Z,sportsbet,SportsBet,,player_disposals_over,Stephen Coniglio,Over,10.0,25.5,20260524_013131
c2359222d8b43b27ad6d7cbc6f780932,Greater Western Sydney Giants,Brisbane Lions,2026-05-24T02:30:07Z,sportsbet,SportsBet,,player_disposals_over,Brent Daniels,Over,11.0,25.5,20260524_013131
c2359222d8b43b27ad6d7cbc6f780932,Greater Western Sydney Giants,Brisbane Lions,2026-05-24T02:30:07Z,sportsbet,SportsBet,,player_disposals_over,Harrison Himmelberg,Over,12.0,25.5,20260524_013131
c2359222d8b43b27ad6d7cbc6f780932,Greater Western Sydney Giants,Brisbane Lions,2026-05-24T02:30:07Z,sportsbet,SportsBet,,player_disposals_over,Joseph Fonti,Over,14.0,25.5,20260524_013131
c2359222d8b43b27ad6d7cbc6f780932,Greater Western Sydney Giants,Brisbane Lions,2026-05-24T02:30:07Z,sportsbet,SportsBet,,player_disposals_over,Conor Stone,Over,17.0,25.5,20260524_013131
c2359222d8b43b27ad6d7cbc6f780932,Greater Western Sydney Giants,Brisbane Lions,2026-05-24T02:30:07Z,sportsbet,SportsBet,,player_disposals_over,Toby McMullin,Over,34.0,25.5,20260524_013131
c2359222d8b43b27ad6d7cbc6f780932,Greater Western Sydney Giants,Brisbane Lions,2026-05-24T02:30:07Z,sportsbet,SportsBet,,player_disposals_over,Jack Buckley,Over,41.0,25.5,20260524_013131
c2359222d8b43b27ad6d7cbc6f780932,Greater Western Sydney Giants,Brisbane Lions,2026-05-24T02:30:07Z,sportsbet,SportsBet,,player_disposals_over,Jake Riccardi,Over,41.0,25.5,20260524_013131
c2359222d8b43b27ad6d7cbc6f780932,Greater Western Sydney Giants,Brisbane Lions,2026-05-24T02:30:07Z,sportsbet,SportsBet,,player_disposals_over,Jake Stringer,Over,41.0,25.5,20260524_013131
c2359222d8b43b27ad6d7cbc6f780932,Greater Western Sydney Giants,Brisbane Lions,2026-05-24T02:30:07Z,sportsbet,SportsBet,,player_disposals_over,Jayden Laverde,Over,41.0,25.5,20260524_013131
c2359222d8b43b27ad6d7cbc6f780932,Greater Western Sydney Giants,Brisbane Lions,2026-05-24T02:30:07Z,sportsbet,SportsBet,,player_disposals_over,Kieren Briggs,Over,41.0,25.5,20260524_013131
c2359222d8b43b27ad6d7cbc6f780932,Greater Western Sydney Giants,Brisbane Lions,2026-05-24T02:30:07Z,sportsbet,SportsBet,,player_disposals_over,Phoenix Gothard,Over,41.0,25.5,20260524_013131
c2359222d8b43b27ad6d7cbc6f780932,Greater Western Sydney Giants,Brisbane Lions,2026-05-24T02:30:07Z,sportsbet,SportsBet,,player_disposals_over,Toby Bedford,Over,41.0,25.5,20260524_013131
c2359222d8b43b27ad6d7cbc6f780932,Greater Western Sydney Giants,Brisbane Lions,2026-05-24T02:30:07Z,sportsbet,SportsBet,,player_disposals_over,Lachie Neale,Over,1.25,25.5,20260524_013131
c2359222d8b43b27ad6d7cbc6f780932,Greater Western Sydney Giants,Brisbane Lions,2026-05-24T02:30:07Z,sportsbet,SportsBet,,player_disposals_over,Will Ashcroft,Over,1.48,25.5,20260524_013131
c2359222d8b43b27ad6d7cbc6f780932,Greater Western Sydney Giants,Brisbane Lions,2026-05-24T02:30:07Z,sportsbet,SportsBet,,player_disposals_over,Darcy Wilmot,Over,2.1,25.5,20260524_013131
c2359222d8b43b27ad6d7cbc6f780932,Greater Western Sydney Giants,Brisbane Lions,2026-05-24T02:30:07Z,sportsbet,SportsBet,,player_disposals_over,Hugh McCluggage,Over,2.47,25.5,20260524_013131
c2359222d8b43b27ad6d7cbc6f780932,Greater Western Sydney Giants,Brisbane Lions,2026-05-24T02:30:07Z,sportsbet,SportsBet,,player_disposals_over,Josh Dunkley,Over,4.65,25.5,20260524_013131
c2359222d8b43b27ad6d7cbc6f780932,Greater Western Sydney Giants,Brisbane Lions,2026-05-24T02:30:07Z,sportsbet,SportsBet,,player_disposals_over,Levi Ashcroft,Over,4.65,25.5,20260524_013131
c2359222d8b43b27ad6d7cbc6f780932,Greater Western Sydney Giants,Brisbane Lions,2026-05-24T02:30:07Z,sportsbet,SportsBet,,player_disposals_over,Keidean Coleman,Over,5.4,25.5,20260524_013131
c2359222d8b43b27ad6d7cbc6f780932,Greater Western Sydney Giants,Brisbane Lions,2026-05-24T02:30:07Z,sportsbet,SportsBet,,player_disposals_over,Jaspa Fletcher,Over,7.5,25.5,20260524_013131
c2359222d8b43b27ad6d7cbc6f780932,Greater Western Sydney Giants,Brisbane Lions,2026-05-24T02:30:07Z,sportsbet,SportsBet,,player_disposals_over,Zac Bailey,Over,7.75,25.5,20260524_013131
c2359222d8b43b27ad6d7cbc6f780932,Greater Western Sydney Giants,Brisbane Lions,2026-05-24T02:30:07Z,sportsbet,SportsBet,,player_disposals_over,Bruce Reville,Over,8.5,25.5,20260524_013131
c2359222d8b43b27ad6d7cbc6f780932,Greater Western Sydney Giants,Brisbane Lions,2026-05-24T02:30:07Z,sportsbet,SportsBet,,player_disposals_over,Sam Marshall,Over,13.0,25.5,20260524_013131
c2359222d8b43b27ad6d7cbc6f780932,Greater Western Sydney Giants,Brisbane Lions,2026-05-24T02:30:07Z,sportsbet,SportsBet,,player_disposals_over,Cameron Rayner,Over,17.0,25.5,20260524_013131
c2359222d8b43b27ad6d7cbc6f780932,Greater Western Sydney Giants,Brisbane Lions,2026-05-24T02:30:07Z,sportsbet,SportsBet,,player_disposals_over,Harris Andrews,Over,41.0,25.5,20260524_013131
c2359222d8b43b27ad6d7cbc6f780932,Greater Western Sydney Giants,Brisbane Lions,2026-05-24T02:30:07Z,sportsbet,SportsBet,,player_disposals_over,Kai Lohmann,Over,41.0,25.5,20260524_013131
c2359222d8b43b27ad6d7cbc6f780932,Greater Western Sydney Giants,Brisbane Lions,2026-05-24T02:30:07Z,sportsbet,SportsBet,,player_disposals_over,Logan Morris,Over,41.0,25.5,20260524_013131
c2359222d8b43b27ad6d7cbc6f780932,Greater Western Sydney Giants,Brisbane Lions,2026-05-24T02:30:07Z,sportsbet,SportsBet,,player_disposals_over,Clayton Oliver,Over,1.28,26.5,20260524_013131
c2359222d8b43b27ad6d7cbc6f780932,Greater Western Sydney Giants,Brisbane Lions,2026-05-24T02:30:07Z,sportsbet,SportsBet,,player_disposals_over,Finn Callaghan,Over,1.67,26.5,20260524_013131
c2359222d8b43b27ad6d7cbc6f780932,Greater Western Sydney Giants,Brisbane Lions,2026-05-24T02:30:07Z,sportsbet,SportsBet,,player_disposals_over,Lachlan Ash,Over,1.5,26.5,20260524_013131
c2359222d8b43b27ad6d7cbc6f780932,Greater Western Sydney Giants,Brisbane Lions,2026-05-24T02:30:07Z,sportsbet,SportsBet,,player_disposals_over,Lachie Whitfield,Over,1.36,26.5,20260524_013131
c2359222d8b43b27ad6d7cbc6f780932,Greater Western Sydney Giants,Brisbane Lions,2026-05-24T02:30:07Z,sportsbet,SportsBet,,player_disposals_over,Harvey Thomas,Over,6.0,26.5,20260524_013131
c2359222d8b43b27ad6d7cbc6f780932,Greater Western Sydney Giants,Brisbane Lions,2026-05-24T02:30:07Z,sportsbet,SportsBet,,player_disposals_over,Connor Idun,Over,7.75,26.5,20260524_013131
c2359222d8b43b27ad6d7cbc6f780932,Greater Western Sydney Giants,Brisbane Lions,2026-05-24T02:30:07Z,sportsbet,SportsBet,,player_disposals_over,Toby Greene,Over,10.0,26.5,20260524_013131
c2359222d8b43b27ad6d7cbc6f780932,Greater Western Sydney Giants,Brisbane Lions,2026-05-24T02:30:07Z,sportsbet,SportsBet,,player_disposals_over,Stephen Coniglio,Over,12.0,26.5,20260524_013131
c2359222d8b43b27ad6d7cbc6f780932,Greater Western Sydney Giants,Brisbane Lions,2026-05-24T02:30:07Z,sportsbet,SportsBet,,player_disposals_over,Brent Daniels,Over,13.0,26.5,20260524_013131
c2359222d8b43b27ad6d7cbc6f780932,Greater Western Sydney Giants,Brisbane Lions,2026-05-24T02:30:07Z,sportsbet,SportsBet,,player_disposals_over,Harrison Himmelberg,Over,15.0,26.5,20260524_013131
c2359222d8b43b27ad6d7cbc6f780932,Greater Western Sydney Giants,Brisbane Lions,2026-05-24T02:30:07Z,sportsbet,SportsBet,,player_disposals_over,Joseph Fonti,Over,21.0,26.5,20260524_013131
c2359222d8b43b27ad6d7cbc6f780932,Greater Western Sydney Giants,Brisbane Lions,2026-05-24T02:30:07Z,sportsbet,SportsBet,,player_disposals_over,Conor Stone,Over,34.0,26.5,20260524_013131
c2359222d8b43b27ad6d7cbc6f780932,Greater Western Sydney Giants,Brisbane Lions,2026-05-24T02:30:07Z,sportsbet,SportsBet,,player_disposals_over,Toby McMullin,Over,41.0,26.5,20260524_013131
c2359222d8b43b27ad6d7cbc6f780932,Greater Western Sydney Giants,Brisbane Lions,2026-05-24T02:30:07Z,sportsbet,SportsBet,,player_disposals_over,Lachie Neale,Over,1.34,26.5,20260524_013131
c2359222d8b43b27ad6d7cbc6f780932,Greater Western Sydney Giants,Brisbane Lions,2026-05-24T02:30:07Z,sportsbet,SportsBet,,player_disposals_over,Will Ashcroft,Over,1.63,26.5,20260524_013131
c2359222d8b43b27ad6d7cbc6f780932,Greater Western Sydney Giants,Brisbane Lions,2026-05-24T02:30:07Z,sportsbet,SportsBet,,player_disposals_over,Darcy Wilmot,Over,2.44,26.5,20260524_013131
c2359222d8b43b27ad6d7cbc6f780932,Greater Western Sydney Giants,Brisbane Lions,2026-05-24T02:30:07Z,sportsbet,SportsBet,,player_disposals_over,Hugh McCluggage,Over,2.93,26.5,20260524_013131
c2359222d8b43b27ad6d7cbc6f780932,Greater Western Sydney Giants,Brisbane Lions,2026-05-24T02:30:07Z,sportsbet,SportsBet,,player_disposals_over,Josh Dunkley,Over,5.7,26.5,20260524_013131
c2359222d8b43b27ad6d7cbc6f780932,Greater Western Sydney Giants,Brisbane Lions,2026-05-24T02:30:07Z,sportsbet,SportsBet,,player_disposals_over,Levi Ashcroft,Over,5.4,26.5,20260524_013131
c2359222d8b43b27ad6d7cbc6f780932,Greater Western Sydney Giants,Brisbane Lions,2026-05-24T02:30:07Z,sportsbet,SportsBet,,player_disposals_over,Keidean Coleman,Over,6.5,26.5,20260524_013131
c2359222d8b43b27ad6d7cbc6f780932,Greater Western Sydney Giants,Brisbane Lions,2026-05-24T02:30:07Z,sportsbet,SportsBet,,player_disposals_over,Bruce Reville,Over,9.5,26.5,20260524_013131
c2359222d8b43b27ad6d7cbc6f780932,Greater Western Sydney Giants,Brisbane Lions,2026-05-24T02:30:07Z,sportsbet,SportsBet,,player_disposals_over,Jaspa Fletcher,Over,9.5,26.5,20260524_013131
c2359222d8b43b27ad6d7cbc6f780932,Greater Western Sydney Giants,Brisbane Lions,2026-05-24T02:30:07Z,sportsbet,SportsBet,,player_disposals_over,Zac Bailey,Over,9.5,26.5,20260524_013131
c2359222d8b43b27ad6d7cbc6f780932,Greater Western Sydney Giants,Brisbane Lions,2026-05-24T02:30:07Z,sportsbet,SportsBet,,player_disposals_over,Sam Marshall,Over,15.0,26.5,20260524_013131
c2359222d8b43b27ad6d7cbc6f780932,Greater Western Sydney Giants,Brisbane Lions,2026-05-24T02:30:07Z,sportsbet,SportsBet,,player_disposals_over,Cameron Rayner,Over,41.0,26.5,20260524_013131
c2359222d8b43b27ad6d7cbc6f780932,Greater Western Sydney Giants,Brisbane Lions,2026-05-24T02:30:07Z,sportsbet,SportsBet,,player_disposals_over,Clayton Oliver,Over,1.38,27.5,20260524_013131
c2359222d8b43b27ad6d7cbc6f780932,Greater Western Sydney Giants,Brisbane Lions,2026-05-24T02:30:07Z,sportsbet,SportsBet,,player_disposals_over,Finn Callaghan,Over,1.9,27.5,20260524_013131
c2359222d8b43b27ad6d7cbc6f780932,Greater Western Sydney Giants,Brisbane Lions,2026-05-24T02:30:07Z,sportsbet,SportsBet,,player_disposals_over,Lachlan Ash,Over,1.67,27.5,20260524_013131
c2359222d8b43b27ad6d7cbc6f780932,Greater Western Sydney Giants,Brisbane Lions,2026-05-24T02:30:07Z,sportsbet,SportsBet,,player_disposals_over,Lachie Whitfield,Over,1.5,27.5,20260524_013131
c2359222d8b43b27ad6d7cbc6f780932,Greater Western Sydney Giants,Brisbane Lions,2026-05-24T02:30:07Z,sportsbet,SportsBet,,player_disposals_over,Harvey Thomas,Over,7.75,27.5,20260524_013131
c2359222d8b43b27ad6d7cbc6f780932,Greater Western Sydney Giants,Brisbane Lions,2026-05-24T02:30:07Z,sportsbet,SportsBet,,player_disposals_over,Connor Idun,Over,9.5,27.5,20260524_013131
c2359222d8b43b27ad6d7cbc6f780932,Greater Western Sydney Giants,Brisbane Lions,2026-05-24T02:30:07Z,sportsbet,SportsBet,,player_disposals_over,Toby Greene,Over,12.0,27.5,20260524_013131
c2359222d8b43b27ad6d7cbc6f780932,Greater Western Sydney Giants,Brisbane Lions,2026-05-24T02:30:07Z,sportsbet,SportsBet,,player_disposals_over,Brent Daniels,Over,15.0,27.5,20260524_013131
c2359222d8b43b27ad6d7cbc6f780932,Greater Western Sydney Giants,Brisbane Lions,2026-05-24T02:30:07Z,sportsbet,SportsBet,,player_disposals_over,Stephen Coniglio,Over,15.0,27.5,20260524_013131
c2359222d8b43b27ad6d7cbc6f780932,Greater Western Sydney Giants,Brisbane Lions,2026-05-24T02:30:07Z,sportsbet,SportsBet,,player_disposals_over,Harrison Himmelberg,Over,34.0,27.5,20260524_013131
c2359222d8b43b27ad6d7cbc6f780932,Greater Western Sydney Giants,Brisbane Lions,2026-05-24T02:30:07Z,sportsbet,SportsBet,,player_disposals_over,Joseph Fonti,Over,41.0,27.5,20260524_013131
c2359222d8b43b27ad6d7cbc6f780932,Greater Western Sydney Giants,Brisbane Lions,2026-05-24T02:30:07Z,sportsbet,SportsBet,,player_disposals_over,Lachie Neale,Over,1.46,27.5,20260524_013131
c2359222d8b43b27ad6d7cbc6f780932,Greater Western Sydney Giants,Brisbane Lions,2026-05-24T02:30:07Z,sportsbet,SportsBet,,player_disposals_over,Will Ashcroft,Over,1.81,27.5,20260524_013131
c2359222d8b43b27ad6d7cbc6f780932,Greater Western Sydney Giants,Brisbane Lions,2026-05-24T02:30:07Z,sportsbet,SportsBet,,player_disposals_over,Darcy Wilmot,Over,2.88,27.5,20260524_013131
c2359222d8b43b27ad6d7cbc6f780932,Greater Western Sydney Giants,Brisbane Lions,2026-05-24T02:30:07Z,sportsbet,SportsBet,,player_disposals_over,Hugh McCluggage,Over,3.45,27.5,20260524_013131
c2359222d8b43b27ad6d7cbc6f780932,Greater Western Sydney Giants,Brisbane Lions,2026-05-24T02:30:07Z,sportsbet,SportsBet,,player_disposals_over,Levi Ashcroft,Over,6.5,27.5,20260524_013131
c2359222d8b43b27ad6d7cbc6f780932,Greater Western Sydney Giants,Brisbane Lions,2026-05-24T02:30:07Z,sportsbet,SportsBet,,player_disposals_over,Josh Dunkley,Over,7.0,27.5,20260524_013131
c2359222d8b43b27ad6d7cbc6f780932,Greater Western Sydney Giants,Brisbane Lions,2026-05-24T02:30:07Z,sportsbet,SportsBet,,player_disposals_over,Keidean Coleman,Over,8.0,27.5,20260524_013131
c2359222d8b43b27ad6d7cbc6f780932,Greater Western Sydney Giants,Brisbane Lions,2026-05-24T02:30:07Z,sportsbet,SportsBet,,player_disposals_over,Jaspa Fletcher,Over,11.0,27.5,20260524_013131
c2359222d8b43b27ad6d7cbc6f780932,Greater Western Sydney Giants,Brisbane Lions,2026-05-24T02:30:07Z,sportsbet,SportsBet,,player_disposals_over,Zac Bailey,Over,11.0,27.5,20260524_013131
c2359222d8b43b27ad6d7cbc6f780932,Greater Western Sydney Giants,Brisbane Lions,2026-05-24T02:30:07Z,sportsbet,SportsBet,,player_disposals_over,Bruce Reville,Over,12.0,27.5,20260524_013131
c2359222d8b43b27ad6d7cbc6f780932,Greater Western Sydney Giants,Brisbane Lions,2026-05-24T02:30:07Z,sportsbet,SportsBet,,player_disposals_over,Sam Marshall,Over,34.0,27.5,20260524_013131
c2359222d8b43b27ad6d7cbc6f780932,Greater Western Sydney Giants,Brisbane Lions,2026-05-24T02:30:07Z,sportsbet,SportsBet,,player_disposals_over,Clayton Oliver,Over,1.51,28.5,20260524_013131
c2359222d8b43b27ad6d7cbc6f780932,Greater Western Sydney Giants,Brisbane Lions,2026-05-24T02:30:07Z,sportsbet,SportsBet,,player_disposals_over,Lachlan Ash,Over,1.86,28.5,20260524_013131
c2359222d8b43b27ad6d7cbc6f780932,Greater Western Sydney Giants,Brisbane Lions,2026-05-24T02:30:07Z,sportsbet,SportsBet,,player_disposals_over,Lachie Whitfield,Over,1.67,28.5,20260524_013131
c2359222d8b43b27ad6d7cbc6f780932,Greater Western Sydney Giants,Brisbane Lions,2026-05-24T02:30:07Z,sportsbet,SportsBet,,player_disposals_over,Finn Callaghan,Over,2.16,28.5,20260524_013131
c2359222d8b43b27ad6d7cbc6f780932,Greater Western Sydney Giants,Brisbane Lions,2026-05-24T02:30:07Z,sportsbet,SportsBet,,player_disposals_over,Harvey Thomas,Over,9.5,28.5,20260524_013131
c2359222d8b43b27ad6d7cbc6f780932,Greater Western Sydney Giants,Brisbane Lions,2026-05-24T02:30:07Z,sportsbet,SportsBet,,player_disposals_over,Connor Idun,Over,11.0,28.5,20260524_013131
c2359222d8b43b27ad6d7cbc6f780932,Greater Western Sydney Giants,Brisbane Lions,2026-05-24T02:30:07Z,sportsbet,SportsBet,,player_disposals_over,Toby Greene,Over,14.0,28.5,20260524_013131
c2359222d8b43b27ad6d7cbc6f780932,Greater Western Sydney Giants,Brisbane Lions,2026-05-24T02:30:07Z,sportsbet,SportsBet,,player_disposals_over,Brent Daniels,Over,34.0,28.5,20260524_013131
c2359222d8b43b27ad6d7cbc6f780932,Greater Western Sydney Giants,Brisbane Lions,2026-05-24T02:30:07Z,sportsbet,SportsBet,,player_disposals_over,Stephen Coniglio,Over,34.0,28.5,20260524_013131
c2359222d8b43b27ad6d7cbc6f780932,Greater Western Sydney Giants,Brisbane Lions,2026-05-24T02:30:07Z,sportsbet,SportsBet,,player_disposals_over,Lachie Neale,Over,1.62,28.5,20260524_013131
c2359222d8b43b27ad6d7cbc6f780932,Greater Western Sydney Giants,Brisbane Lions,2026-05-24T02:30:07Z,sportsbet,SportsBet,,player_disposals_over,Will Ashcroft,Over,2.05,28.5,20260524_013131
c2359222d8b43b27ad6d7cbc6f780932,Greater Western Sydney Giants,Brisbane Lions,2026-05-24T02:30:07Z,sportsbet,SportsBet,,player_disposals_over,Darcy Wilmot,Over,3.4,28.5,20260524_013131
c2359222d8b43b27ad6d7cbc6f780932,Greater Western Sydney Giants,Brisbane Lions,2026-05-24T02:30:07Z,sportsbet,SportsBet,,player_disposals_over,Hugh McCluggage,Over,4.2,28.5,20260524_013131
c2359222d8b43b27ad6d7cbc6f780932,Greater Western Sydney Giants,Brisbane Lions,2026-05-24T02:30:07Z,sportsbet,SportsBet,,player_disposals_over,Levi Ashcroft,Over,8.5,28.5,20260524_013131
c2359222d8b43b27ad6d7cbc6f780932,Greater Western Sydney Giants,Brisbane Lions,2026-05-24T02:30:07Z,sportsbet,SportsBet,,player_disposals_over,Josh Dunkley,Over,9.5,28.5,20260524_013131
c2359222d8b43b27ad6d7cbc6f780932,Greater Western Sydney Giants,Brisbane Lions,2026-05-24T02:30:07Z,sportsbet,SportsBet,,player_disposals_over,Keidean Coleman,Over,9.5,28.5,20260524_013131
c2359222d8b43b27ad6d7cbc6f780932,Greater Western Sydney Giants,Brisbane Lions,2026-05-24T02:30:07Z,sportsbet,SportsBet,,player_disposals_over,Bruce Reville,Over,13.0,28.5,20260524_013131
c2359222d8b43b27ad6d7cbc6f780932,Greater Western Sydney Giants,Brisbane Lions,2026-05-24T02:30:07Z,sportsbet,SportsBet,,player_disposals_over,Jaspa Fletcher,Over,13.0,28.5,20260524_013131
c2359222d8b43b27ad6d7cbc6f780932,Greater Western Sydney Giants,Brisbane Lions,2026-05-24T02:30:07Z,sportsbet,SportsBet,,player_disposals_over,Zac Bailey,Over,13.0,28.5,20260524_013131
c2359222d8b43b27ad6d7cbc6f780932,Greater Western Sydney Giants,Brisbane Lions,2026-05-24T02:30:07Z,sportsbet,SportsBet,,player_disposals_over,Sam Marshall,Over,41.0,28.5,20260524_013131
c2359222d8b43b27ad6d7cbc6f780932,Greater Western Sydney Giants,Brisbane Lions,2026-05-24T02:30:07Z,sportsbet,SportsBet,,player_disposals_over,Clayton Oliver,Over,1.67,29.5,20260524_013131
c2359222d8b43b27ad6d7cbc6f780932,Greater Western Sydney Giants,Brisbane Lions,2026-05-24T02:30:07Z,sportsbet,SportsBet,,player_disposals_over,Lachie Whitfield,Over,1.88,29.5,20260524_013131
c2359222d8b43b27ad6d7cbc6f780932,Greater Western Sydney Giants,Brisbane Lions,2026-05-24T02:30:07Z,sportsbet,SportsBet,,player_disposals_over,Finn Callaghan,Over,2.5,29.5,20260524_013131
c2359222d8b43b27ad6d7cbc6f780932,Greater Western Sydney Giants,Brisbane Lions,2026-05-24T02:30:07Z,sportsbet,SportsBet,,player_disposals_over,Lachlan Ash,Over,2.14,29.5,20260524_013131
c2359222d8b43b27ad6d7cbc6f780932,Greater Western Sydney Giants,Brisbane Lions,2026-05-24T02:30:07Z,sportsbet,SportsBet,,player_disposals_over,Harvey Thomas,Over,12.0,29.5,20260524_013131
c2359222d8b43b27ad6d7cbc6f780932,Greater Western Sydney Giants,Brisbane Lions,2026-05-24T02:30:07Z,sportsbet,SportsBet,,player_disposals_over,Connor Idun,Over,13.0,29.5,20260524_013131
c2359222d8b43b27ad6d7cbc6f780932,Greater Western Sydney Giants,Brisbane Lions,2026-05-24T02:30:07Z,sportsbet,SportsBet,,player_disposals_over,Toby Greene,Over,34.0,29.5,20260524_013131
c2359222d8b43b27ad6d7cbc6f780932,Greater Western Sydney Giants,Brisbane Lions,2026-05-24T02:30:07Z,sportsbet,SportsBet,,player_disposals_over,Brent Daniels,Over,41.0,29.5,20260524_013131
c2359222d8b43b27ad6d7cbc6f780932,Greater Western Sydney Giants,Brisbane Lions,2026-05-24T02:30:07Z,sportsbet,SportsBet,,player_disposals_over,Stephen Coniglio,Over,41.0,29.5,20260524_013131
c2359222d8b43b27ad6d7cbc6f780932,Greater Western Sydney Giants,Brisbane Lions,2026-05-24T02:30:07Z,sportsbet,SportsBet,,player_disposals_over,Lachie Neale,Over,1.8,29.5,20260524_013131
c2359222d8b43b27ad6d7cbc6f780932,Greater Western Sydney Giants,Brisbane Lions,2026-05-24T02:30:07Z,sportsbet,SportsBet,,player_disposals_over,Will Ashcroft,Over,2.35,29.5,20260524_013131
c2359222d8b43b27ad6d7cbc6f780932,Greater Western Sydney Giants,Brisbane Lions,2026-05-24T02:30:07Z,sportsbet,SportsBet,,player_disposals_over,Darcy Wilmot,Over,4.05,29.5,20260524_013131
c2359222d8b43b27ad6d7cbc6f780932,Greater Western Sydney Giants,Brisbane Lions,2026-05-24T02:30:07Z,sportsbet,SportsBet,,player_disposals_over,Hugh McCluggage,Over,5.2,29.5,20260524_013131
c2359222d8b43b27ad6d7cbc6f780932,Greater Western Sydney Giants,Brisbane Lions,2026-05-24T02:30:07Z,sportsbet,SportsBet,,player_disposals_over,Josh Dunkley,Over,10.0,29.5,20260524_013131
c2359222d8b43b27ad6d7cbc6f780932,Greater Western Sydney Giants,Brisbane Lions,2026-05-24T02:30:07Z,sportsbet,SportsBet,,player_disposals_over,Levi Ashcroft,Over,10.0,29.5,20260524_013131
c2359222d8b43b27ad6d7cbc6f780932,Greater Western Sydney Giants,Brisbane Lions,2026-05-24T02:30:07Z,sportsbet,SportsBet,,player_disposals_over,Keidean Coleman,Over,11.0,29.5,20260524_013131
c2359222d8b43b27ad6d7cbc6f780932,Greater Western Sydney Giants,Brisbane Lions,2026-05-24T02:30:07Z,sportsbet,SportsBet,,player_disposals_over,Jaspa Fletcher,Over,15.0,29.5,20260524_013131
c2359222d8b43b27ad6d7cbc6f780932,Greater Western Sydney Giants,Brisbane Lions,2026-05-24T02:30:07Z,sportsbet,SportsBet,,player_disposals_over,Bruce Reville,Over,17.0,29.5,20260524_013131
c2359222d8b43b27ad6d7cbc6f780932,Greater Western Sydney Giants,Brisbane Lions,2026-05-24T02:30:07Z,sportsbet,SportsBet,,player_disposals_over,Zac Bailey,Over,17.0,29.5,20260524_013131
c2359222d8b43b27ad6d7cbc6f780932,Greater Western Sydney Giants,Brisbane Lions,2026-05-24T02:30:07Z,sportsbet,SportsBet,,player_disposals_over,Clayton Oliver,Over,1.87,30.5,20260524_013131
c2359222d8b43b27ad6d7cbc6f780932,Greater Western Sydney Giants,Brisbane Lions,2026-05-24T02:30:07Z,sportsbet,SportsBet,,player_disposals_over,Finn Callaghan,Over,2.95,30.5,20260524_013131
c2359222d8b43b27ad6d7cbc6f780932,Greater Western Sydney Giants,Brisbane Lions,2026-05-24T02:30:07Z,sportsbet,SportsBet,,player_disposals_over,Lachlan Ash,Over,2.5,30.5,20260524_013131
c2359222d8b43b27ad6d7cbc6f780932,Greater Western Sydney Giants,Brisbane Lions,2026-05-24T02:30:07Z,sportsbet,SportsBet,,player_disposals_over,Lachie Whitfield,Over,2.14,30.5,20260524_013131
c2359222d8b43b27ad6d7cbc6f780932,Greater Western Sydney Giants,Brisbane Lions,2026-05-24T02:30:07Z,sportsbet,SportsBet,,player_disposals_over,Harvey Thomas,Over,13.0,30.5,20260524_013131
c2359222d8b43b27ad6d7cbc6f780932,Greater Western Sydney Giants,Brisbane Lions,2026-05-24T02:30:07Z,sportsbet,SportsBet,,player_disposals_over,Connor Idun,Over,15.0,30.5,20260524_013131
c2359222d8b43b27ad6d7cbc6f780932,Greater Western Sydney Giants,Brisbane Lions,2026-05-24T02:30:07Z,sportsbet,SportsBet,,player_disposals_over,Toby Greene,Over,41.0,30.5,20260524_013131
c2359222d8b43b27ad6d7cbc6f780932,Greater Western Sydney Giants,Brisbane Lions,2026-05-24T02:30:07Z,sportsbet,SportsBet,,player_disposals_over,Lachie Neale,Over,2.05,30.5,20260524_013131
c2359222d8b43b27ad6d7cbc6f780932,Greater Western Sydney Giants,Brisbane Lions,2026-05-24T02:30:07Z,sportsbet,SportsBet,,player_disposals_over,Will Ashcroft,Over,2.74,30.5,20260524_013131
c2359222d8b43b27ad6d7cbc6f780932,Greater Western Sydney Giants,Brisbane Lions,2026-05-24T02:30:07Z,sportsbet,SportsBet,,player_disposals_over,Darcy Wilmot,Over,4.8,30.5,20260524_013131
c2359222d8b43b27ad6d7cbc6f780932,Greater Western Sydney Giants,Brisbane Lions,2026-05-24T02:30:07Z,sportsbet,SportsBet,,player_disposals_over,Hugh McCluggage,Over,5.7,30.5,20260524_013131
c2359222d8b43b27ad6d7cbc6f780932,Greater Western Sydney Giants,Brisbane Lions,2026-05-24T02:30:07Z,sportsbet,SportsBet,,player_disposals_over,Josh Dunkley,Over,12.0,30.5,20260524_013131
c2359222d8b43b27ad6d7cbc6f780932,Greater Western Sydney Giants,Brisbane Lions,2026-05-24T02:30:07Z,sportsbet,SportsBet,,player_disposals_over,Levi Ashcroft,Over,12.0,30.5,20260524_013131
c2359222d8b43b27ad6d7cbc6f780932,Greater Western Sydney Giants,Brisbane Lions,2026-05-24T02:30:07Z,sportsbet,SportsBet,,player_disposals_over,Keidean Coleman,Over,13.0,30.5,20260524_013131
c2359222d8b43b27ad6d7cbc6f780932,Greater Western Sydney Giants,Brisbane Lions,2026-05-24T02:30:07Z,sportsbet,SportsBet,,player_disposals_over,Bruce Reville,Over,34.0,30.5,20260524_013131
c2359222d8b43b27ad6d7cbc6f780932,Greater Western Sydney Giants,Brisbane Lions,2026-05-24T02:30:07Z,sportsbet,SportsBet,,player_disposals_over,Jaspa Fletcher,Over,34.0,30.5,20260524_013131
c2359222d8b43b27ad6d7cbc6f780932,Greater Western Sydney Giants,Brisbane Lions,2026-05-24T02:30:07Z,sportsbet,SportsBet,,player_disposals_over,Zac Bailey,Over,34.0,30.5,20260524_013131
c2359222d8b43b27ad6d7cbc6f780932,Greater Western Sydney Giants,Brisbane Lions,2026-05-24T02:30:07Z,sportsbet,SportsBet,,player_disposals_over,Clayton Oliver,Over,2.13,31.5,20260524_013131
c2359222d8b43b27ad6d7cbc6f780932,Greater Western Sydney Giants,Brisbane Lions,2026-05-24T02:30:07Z,sportsbet,SportsBet,,player_disposals_over,Lachlan Ash,Over,2.98,31.5,20260524_013131
c2359222d8b43b27ad6d7cbc6f780932,Greater Western Sydney Giants,Brisbane Lions,2026-05-24T02:30:07Z,sportsbet,SportsBet,,player_disposals_over,Lachie Whitfield,Over,2.47,31.5,20260524_013131
c2359222d8b43b27ad6d7cbc6f780932,Greater Western Sydney Giants,Brisbane Lions,2026-05-24T02:30:07Z,sportsbet,SportsBet,,player_disposals_over,Finn Callaghan,Over,3.45,31.5,20260524_013131
c2359222d8b43b27ad6d7cbc6f780932,Greater Western Sydney Giants,Brisbane Lions,2026-05-24T02:30:07Z,sportsbet,SportsBet,,player_disposals_over,Harvey Thomas,Over,17.0,31.5,20260524_013131
c2359222d8b43b27ad6d7cbc6f780932,Greater Western Sydney Giants,Brisbane Lions,2026-05-24T02:30:07Z,sportsbet,SportsBet,,player_disposals_over,Connor Idun,Over,34.0,31.5,20260524_013131
c2359222d8b43b27ad6d7cbc6f780932,Greater Western Sydney Giants,Brisbane Lions,2026-05-24T02:30:07Z,sportsbet,SportsBet,,player_disposals_over,Lachie Neale,Over,2.34,31.5,20260524_013131
c2359222d8b43b27ad6d7cbc6f780932,Greater Western Sydney Giants,Brisbane Lions,2026-05-24T02:30:07Z,sportsbet,SportsBet,,player_disposals_over,Will Ashcroft,Over,3.2,31.5,20260524_013131
c2359222d8b43b27ad6d7cbc6f780932,Greater Western Sydney Giants,Brisbane Lions,2026-05-24T02:30:07Z,sportsbet,SportsBet,,player_disposals_over,Darcy Wilmot,Over,5.7,31.5,20260524_013131
c2359222d8b43b27ad6d7cbc6f780932,Greater Western Sydney Giants,Brisbane Lions,2026-05-24T02:30:07Z,sportsbet,SportsBet,,player_disposals_over,Hugh McCluggage,Over,6.5,31.5,20260524_013131
c2359222d8b43b27ad6d7cbc6f780932,Greater Western Sydney Giants,Brisbane Lions,2026-05-24T02:30:07Z,sportsbet,SportsBet,,player_disposals_over,Josh Dunkley,Over,14.0,31.5,20260524_013131
c2359222d8b43b27ad6d7cbc6f780932,Greater Western Sydney Giants,Brisbane Lions,2026-05-24T02:30:07Z,sportsbet,SportsBet,,player_disposals_over,Levi Ashcroft,Over,14.0,31.5,20260524_013131
c2359222d8b43b27ad6d7cbc6f780932,Greater Western Sydney Giants,Brisbane Lions,2026-05-24T02:30:07Z,sportsbet,SportsBet,,player_disposals_over,Keidean Coleman,Over,15.0,31.5,20260524_013131
c2359222d8b43b27ad6d7cbc6f780932,Greater Western Sydney Giants,Brisbane Lions,2026-05-24T02:30:07Z,sportsbet,SportsBet,,player_disposals_over,Jaspa Fletcher,Over,51.0,31.5,20260524_013131
c2359222d8b43b27ad6d7cbc6f780932,Greater Western Sydney Giants,Brisbane Lions,2026-05-24T02:30:07Z,sportsbet,SportsBet,,player_disposals_over,Clayton Oliver,Over,2.47,32.5,20260524_013131
c2359222d8b43b27ad6d7cbc6f780932,Greater Western Sydney Giants,Brisbane Lions,2026-05-24T02:30:07Z,sportsbet,SportsBet,,player_disposals_over,Lachie Whitfield,Over,2.94,32.5,20260524_013131
c2359222d8b43b27ad6d7cbc6f780932,Greater Western Sydney Giants,Brisbane Lions,2026-05-24T02:30:07Z,sportsbet,SportsBet,,player_disposals_over,Lachlan Ash,Over,3.45,32.5,20260524_013131
c2359222d8b43b27ad6d7cbc6f780932,Greater Western Sydney Giants,Brisbane Lions,2026-05-24T02:30:07Z,sportsbet,SportsBet,,player_disposals_over,Finn Callaghan,Over,4.25,32.5,20260524_013131
c2359222d8b43b27ad6d7cbc6f780932,Greater Western Sydney Giants,Brisbane Lions,2026-05-24T02:30:07Z,sportsbet,SportsBet,,player_disposals_over,Harvey Thomas,Over,34.0,32.5,20260524_013131
c2359222d8b43b27ad6d7cbc6f780932,Greater Western Sydney Giants,Brisbane Lions,2026-05-24T02:30:07Z,sportsbet,SportsBet,,player_disposals_over,Connor Idun,Over,51.0,32.5,20260524_013131
c2359222d8b43b27ad6d7cbc6f780932,Greater Western Sydney Giants,Brisbane Lions,2026-05-24T02:30:07Z,sportsbet,SportsBet,,player_disposals_over,Lachie Neale,Over,2.72,32.5,20260524_013131
c2359222d8b43b27ad6d7cbc6f780932,Greater Western Sydney Giants,Brisbane Lions,2026-05-24T02:30:07Z,sportsbet,SportsBet,,player_disposals_over,Will Ashcroft,Over,3.7,32.5,20260524_013131
c2359222d8b43b27ad6d7cbc6f780932,Greater Western Sydney Giants,Brisbane Lions,2026-05-24T02:30:07Z,sportsbet,SportsBet,,player_disposals_over,Darcy Wilmot,Over,6.5,32.5,20260524_013131
c2359222d8b43b27ad6d7cbc6f780932,Greater Western Sydney Giants,Brisbane Lions,2026-05-24T02:30:07Z,sportsbet,SportsBet,,player_disposals_over,Hugh McCluggage,Over,8.5,32.5,20260524_013131
c2359222d8b43b27ad6d7cbc6f780932,Greater Western Sydney Giants,Brisbane Lions,2026-05-24T02:30:07Z,sportsbet,SportsBet,,player_disposals_over,Josh Dunkley,Over,34.0,32.5,20260524_013131
c2359222d8b43b27ad6d7cbc6f780932,Greater Western Sydney Giants,Brisbane Lions,2026-05-24T02:30:07Z,sportsbet,SportsBet,,player_disposals_over,Keidean Coleman,Over,34.0,32.5,20260524_013131
c2359222d8b43b27ad6d7cbc6f780932,Greater Western Sydney Giants,Brisbane Lions,2026-05-24T02:30:07Z,sportsbet,SportsBet,,player_disposals_over,Levi Ashcroft,Over,34.0,32.5,20260524_013131
c2359222d8b43b27ad6d7cbc6f780932,Greater Western Sydney Giants,Brisbane Lions,2026-05-24T02:30:07Z,sportsbet,SportsBet,,player_disposals_over,Clayton Oliver,Over,2.85,33.5,20260524_013131
c2359222d8b43b27ad6d7cbc6f780932,Greater Western Sydney Giants,Brisbane Lions,2026-05-24T02:30:07Z,sportsbet,SportsBet,,player_disposals_over,Lachie Whitfield,Over,3.45,33.5,20260524_013131
c2359222d8b43b27ad6d7cbc6f780932,Greater Western Sydney Giants,Brisbane Lions,2026-05-24T02:30:07Z,sportsbet,SportsBet,,player_disposals_over,Lachlan Ash,Over,4.25,33.5,20260524_013131
c2359222d8b43b27ad6d7cbc6f780932,Greater Western Sydney Giants,Brisbane Lions,2026-05-24T02:30:07Z,sportsbet,SportsBet,,player_disposals_over,Finn Callaghan,Over,5.2,33.5,20260524_013131
c2359222d8b43b27ad6d7cbc6f780932,Greater Western Sydney Giants,Brisbane Lions,2026-05-24T02:30:07Z,sportsbet,SportsBet,,player_disposals_over,Lachie Neale,Over,3.16,33.5,20260524_013131
c2359222d8b43b27ad6d7cbc6f780932,Greater Western Sydney Giants,Brisbane Lions,2026-05-24T02:30:07Z,sportsbet,SportsBet,,player_disposals_over,Will Ashcroft,Over,4.6,33.5,20260524_013131
c2359222d8b43b27ad6d7cbc6f780932,Greater Western Sydney Giants,Brisbane Lions,2026-05-24T02:30:07Z,sportsbet,SportsBet,,player_disposals_over,Darcy Wilmot,Over,8.0,33.5,20260524_013131
c2359222d8b43b27ad6d7cbc6f780932,Greater Western Sydney Giants,Brisbane Lions,2026-05-24T02:30:07Z,sportsbet,SportsBet,,player_disposals_over,Hugh McCluggage,Over,9.5,33.5,20260524_013131
c2359222d8b43b27ad6d7cbc6f780932,Greater Western Sydney Giants,Brisbane Lions,2026-05-24T02:30:07Z,sportsbet,SportsBet,,player_disposals_over,Josh Dunkley,Over,41.0,33.5,20260524_013131
c2359222d8b43b27ad6d7cbc6f780932,Greater Western Sydney Giants,Brisbane Lions,2026-05-24T02:30:07Z,sportsbet,SportsBet,,player_disposals_over,Keidean Coleman,Over,41.0,33.5,20260524_013131
c2359222d8b43b27ad6d7cbc6f780932,Greater Western Sydney Giants,Brisbane Lions,2026-05-24T02:30:07Z,sportsbet,SportsBet,,player_disposals_over,Levi Ashcroft,Over,41.0,33.5,20260524_013131
c2359222d8b43b27ad6d7cbc6f780932,Greater Western Sydney Giants,Brisbane Lions,2026-05-24T02:30:07Z,sportsbet,SportsBet,,player_disposals_over,Clayton Oliver,Over,3.32,34.5,20260524_013131
c2359222d8b43b27ad6d7cbc6f780932,Greater Western Sydney Giants,Brisbane Lions,2026-05-24T02:30:07Z,sportsbet,SportsBet,,player_disposals_over,Lachie Whitfield,Over,4.25,34.5,20260524_013131
c2359222d8b43b27ad6d7cbc6f780932,Greater Western Sydney Giants,Brisbane Lions,2026-05-24T02:30:07Z,sportsbet,SportsBet,,player_disposals_over,Finn Callaghan,Over,5.9,34.5,20260524_013131
c2359222d8b43b27ad6d7cbc6f780932,Greater Western Sydney Giants,Brisbane Lions,2026-05-24T02:30:07Z,sportsbet,SportsBet,,player_disposals_over,Lachlan Ash,Over,5.2,34.5,20260524_013131
c2359222d8b43b27ad6d7cbc6f780932,Greater Western Sydney Giants,Brisbane Lions,2026-05-24T02:30:07Z,sportsbet,SportsBet,,player_disposals_over,Lachie Neale,Over,3.7,34.5,20260524_013131
c2359222d8b43b27ad6d7cbc6f780932,Greater Western Sydney Giants,Brisbane Lions,2026-05-24T02:30:07Z,sportsbet,SportsBet,,player_disposals_over,Will Ashcroft,Over,5.2,34.5,20260524_013131
c2359222d8b43b27ad6d7cbc6f780932,Greater Western Sydney Giants,Brisbane Lions,2026-05-24T02:30:07Z,sportsbet,SportsBet,,player_disposals_over,Darcy Wilmot,Over,9.5,34.5,20260524_013131
c2359222d8b43b27ad6d7cbc6f780932,Greater Western Sydney Giants,Brisbane Lions,2026-05-24T02:30:07Z,sportsbet,SportsBet,,player_disposals_over,Hugh McCluggage,Over,11.0,34.5,20260524_013131
c2359222d8b43b27ad6d7cbc6f780932,Greater Western Sydney Giants,Brisbane Lions,2026-05-24T02:30:07Z,sportsbet,SportsBet,,player_disposals_over,Keidean Coleman,Over,67.0,34.5,20260524_013131
c2359222d8b43b27ad6d7cbc6f780932,Greater Western Sydney Giants,Brisbane Lions,2026-05-24T02:30:07Z,sportsbet,SportsBet,,player_disposals_over,Levi Ashcroft,Over,67.0,34.5,20260524_013131
c2359222d8b43b27ad6d7cbc6f780932,Greater Western Sydney Giants,Brisbane Lions,2026-05-24T02:30:07Z,sportsbet,SportsBet,,player_disposals_over,Clayton Oliver,Over,4.0,35.5,20260524_013131
c2359222d8b43b27ad6d7cbc6f780932,Greater Western Sydney Giants,Brisbane Lions,2026-05-24T02:30:07Z,sportsbet,SportsBet,,player_disposals_over,Lachie Whitfield,Over,5.2,35.5,20260524_013131
c2359222d8b43b27ad6d7cbc6f780932,Greater Western Sydney Giants,Brisbane Lions,2026-05-24T02:30:07Z,sportsbet,SportsBet,,player_disposals_over,Finn Callaghan,Over,6.5,35.5,20260524_013131
c2359222d8b43b27ad6d7cbc6f780932,Greater Western Sydney Giants,Brisbane Lions,2026-05-24T02:30:07Z,sportsbet,SportsBet,,player_disposals_over,Lachlan Ash,Over,6.0,35.5,20260524_013131
c2359222d8b43b27ad6d7cbc6f780932,Greater Western Sydney Giants,Brisbane Lions,2026-05-24T02:30:07Z,sportsbet,SportsBet,,player_disposals_over,Lachie Neale,Over,4.6,35.5,20260524_013131
c2359222d8b43b27ad6d7cbc6f780932,Greater Western Sydney Giants,Brisbane Lions,2026-05-24T02:30:07Z,sportsbet,SportsBet,,player_disposals_over,Will Ashcroft,Over,6.0,35.5,20260524_013131
c2359222d8b43b27ad6d7cbc6f780932,Greater Western Sydney Giants,Brisbane Lions,2026-05-24T02:30:07Z,sportsbet,SportsBet,,player_disposals_over,Darcy Wilmot,Over,11.0,35.5,20260524_013131
c2359222d8b43b27ad6d7cbc6f780932,Greater Western Sydney Giants,Brisbane Lions,2026-05-24T02:30:07Z,sportsbet,SportsBet,,player_disposals_over,Hugh McCluggage,Over,13.0,35.5,20260524_013131
c2359222d8b43b27ad6d7cbc6f780932,Greater Western Sydney Giants,Brisbane Lions,2026-05-24T02:30:07Z,sportsbet,SportsBet,,player_disposals_over,Clayton Oliver,Over,4.65,36.5,20260524_013131
c2359222d8b43b27ad6d7cbc6f780932,Greater Western Sydney Giants,Brisbane Lions,2026-05-24T02:30:07Z,sportsbet,SportsBet,,player_disposals_over,Lachie Whitfield,Over,5.9,36.5,20260524_013131
c2359222d8b43b27ad6d7cbc6f780932,Greater Western Sydney Giants,Brisbane Lions,2026-05-24T02:30:07Z,sportsbet,SportsBet,,player_disposals_over,Lachlan Ash,Over,7.0,36.5,20260524_013131
c2359222d8b43b27ad6d7cbc6f780932,Greater Western Sydney Giants,Brisbane Lions,2026-05-24T02:30:07Z,sportsbet,SportsBet,,player_disposals_over,Finn Callaghan,Over,8.5,36.5,20260524_013131
c2359222d8b43b27ad6d7cbc6f780932,Greater Western Sydney Giants,Brisbane Lions,2026-05-24T02:30:07Z,sportsbet,SportsBet,,player_disposals_over,Lachie Neale,Over,5.2,36.5,20260524_013131
c2359222d8b43b27ad6d7cbc6f780932,Greater Western Sydney Giants,Brisbane Lions,2026-05-24T02:30:07Z,sportsbet,SportsBet,,player_disposals_over,Will Ashcroft,Over,7.0,36.5,20260524_013131
c2359222d8b43b27ad6d7cbc6f780932,Greater Western Sydney Giants,Brisbane Lions,2026-05-24T02:30:07Z,sportsbet,SportsBet,,player_disposals_over,Darcy Wilmot,Over,12.0,36.5,20260524_013131
c2359222d8b43b27ad6d7cbc6f780932,Greater Western Sydney Giants,Brisbane Lions,2026-05-24T02:30:07Z,sportsbet,SportsBet,,player_disposals_over,Hugh McCluggage,Over,15.0,36.5,20260524_013131
c2359222d8b43b27ad6d7cbc6f780932,Greater Western Sydney Giants,Brisbane Lions,2026-05-24T02:30:07Z,sportsbet,SportsBet,,player_disposals_over,Clayton Oliver,Over,5.4,37.5,20260524_013131
c2359222d8b43b27ad6d7cbc6f780932,Greater Western Sydney Giants,Brisbane Lions,2026-05-24T02:30:07Z,sportsbet,SportsBet,,player_disposals_over,Lachie Whitfield,Over,6.5,37.5,20260524_013131
c2359222d8b43b27ad6d7cbc6f780932,Greater Western Sydney Giants,Brisbane Lions,2026-05-24T02:30:07Z,sportsbet,SportsBet,,player_disposals_over,Lachlan Ash,Over,8.5,37.5,20260524_013131
c2359222d8b43b27ad6d7cbc6f780932,Greater Western Sydney Giants,Brisbane Lions,2026-05-24T02:30:07Z,sportsbet,SportsBet,,player_disposals_over,Finn Callaghan,Over,9.5,37.5,20260524_013131
c2359222d8b43b27ad6d7cbc6f780932,Greater Western Sydney Giants,Brisbane Lions,2026-05-24T02:30:07Z,sportsbet,SportsBet,,player_disposals_over,Lachie Neale,Over,6.0,37.5,20260524_013131
c2359222d8b43b27ad6d7cbc6f780932,Greater Western Sydney Giants,Brisbane Lions,2026-05-24T02:30:07Z,sportsbet,SportsBet,,player_disposals_over,Will Ashcroft,Over,8.5,37.5,20260524_013131
c2359222d8b43b27ad6d7cbc6f780932,Greater Western Sydney Giants,Brisbane Lions,2026-05-24T02:30:07Z,sportsbet,SportsBet,,player_disposals_over,Darcy Wilmot,Over,14.0,37.5,20260524_013131
c2359222d8b43b27ad6d7cbc6f780932,Greater Western Sydney Giants,Brisbane Lions,2026-05-24T02:30:07Z,sportsbet,SportsBet,,player_disposals_over,Hugh McCluggage,Over,34.0,37.5,20260524_013131
c2359222d8b43b27ad6d7cbc6f780932,Greater Western Sydney Giants,Brisbane Lions,2026-05-24T02:30:07Z,sportsbet,SportsBet,,player_disposals_over,Clayton Oliver,Over,6.0,38.5,20260524_013131
c2359222d8b43b27ad6d7cbc6f780932,Greater Western Sydney Giants,Brisbane Lions,2026-05-24T02:30:07Z,sportsbet,SportsBet,,player_disposals_over,Lachie Whitfield,Over,8.5,38.5,20260524_013131
c2359222d8b43b27ad6d7cbc6f780932,Greater Western Sydney Giants,Brisbane Lions,2026-05-24T02:30:07Z,sportsbet,SportsBet,,player_disposals_over,Lachlan Ash,Over,10.0,38.5,20260524_013131
c2359222d8b43b27ad6d7cbc6f780932,Greater Western Sydney Giants,Brisbane Lions,2026-05-24T02:30:07Z,sportsbet,SportsBet,,player_disposals_over,Finn Callaghan,Over,12.0,38.5,20260524_013131
c2359222d8b43b27ad6d7cbc6f780932,Greater Western Sydney Giants,Brisbane Lions,2026-05-24T02:30:07Z,sportsbet,SportsBet,,player_disposals_over,Lachie Neale,Over,7.0,38.5,20260524_013131
c2359222d8b43b27ad6d7cbc6f780932,Greater Western Sydney Giants,Brisbane Lions,2026-05-24T02:30:07Z,sportsbet,SportsBet,,player_disposals_over,Will Ashcroft,Over,9.5,38.5,20260524_013131
c2359222d8b43b27ad6d7cbc6f780932,Greater Western Sydney Giants,Brisbane Lions,2026-05-24T02:30:07Z,sportsbet,SportsBet,,player_disposals_over,Darcy Wilmot,Over,34.0,38.5,20260524_013131
c2359222d8b43b27ad6d7cbc6f780932,Greater Western Sydney Giants,Brisbane Lions,2026-05-24T02:30:07Z,sportsbet,SportsBet,,player_disposals_over,Hugh McCluggage,Over,41.0,38.5,20260524_013131
c2359222d8b43b27ad6d7cbc6f780932,Greater Western Sydney Giants,Brisbane Lions,2026-05-24T02:30:07Z,sportsbet,SportsBet,,player_disposals_over,Clayton Oliver,Over,7.75,39.5,20260524_013131
c2359222d8b43b27ad6d7cbc6f780932,Greater Western Sydney Giants,Brisbane Lions,2026-05-24T02:30:07Z,sportsbet,SportsBet,,player_disposals_over,Lachie Whitfield,Over,9.5,39.5,20260524_013131
c2359222d8b43b27ad6d7cbc6f780932,Greater Western Sydney Giants,Brisbane Lions,2026-05-24T02:30:07Z,sportsbet,SportsBet,,player_disposals_over,Lachlan Ash,Over,12.0,39.5,20260524_013131
c2359222d8b43b27ad6d7cbc6f780932,Greater Western Sydney Giants,Brisbane Lions,2026-05-24T02:30:07Z,sportsbet,SportsBet,,player_disposals_over,Finn Callaghan,Over,13.0,39.5,20260524_013131
c2359222d8b43b27ad6d7cbc6f780932,Greater Western Sydney Giants,Brisbane Lions,2026-05-24T02:30:07Z,sportsbet,SportsBet,,player_disposals_over,Lachie Neale,Over,8.5,39.5,20260524_013131
c2359222d8b43b27ad6d7cbc6f780932,Greater Western Sydney Giants,Brisbane Lions,2026-05-24T02:30:07Z,sportsbet,SportsBet,,player_disposals_over,Will Ashcroft,Over,11.0,39.5,20260524_013131
c2359222d8b43b27ad6d7cbc6f780932,Greater Western Sydney Giants,Brisbane Lions,2026-05-24T02:30:07Z,sportsbet,SportsBet,,player_disposals_over,Darcy Wilmot,Over,41.0,39.5,20260524_013131
c2359222d8b43b27ad6d7cbc6f780932,Greater Western Sydney Giants,Brisbane Lions,2026-05-24T02:30:07Z,sportsbet,SportsBet,,player_disposals_over,Hugh McCluggage,Over,67.0,39.5,20260524_013131
c2359222d8b43b27ad6d7cbc6f780932,Greater Western Sydney Giants,Brisbane Lions,2026-05-24T02:30:07Z,ladbrokes_au,Ladbrokes,,player_disposals,Clayton Oliver,Over,1.82,30.5,20260524_013131
c2359222d8b43b27ad6d7cbc6f780932,Greater Western Sydney Giants,Brisbane Lions,2026-05-24T02:30:07Z,ladbrokes_au,Ladbrokes,,player_disposals,Clayton Oliver,Under,1.92,30.5,20260524_013131
c2359222d8b43b27ad6d7cbc6f780932,Greater Western Sydney Giants,Brisbane Lions,2026-05-24T02:30:07Z,ladbrokes_au,Ladbrokes,,player_disposals,Brent Daniels,Over,1.9,16.5,20260524_013131
c2359222d8b43b27ad6d7cbc6f780932,Greater Western Sydney Giants,Brisbane Lions,2026-05-24T02:30:07Z,ladbrokes_au,Ladbrokes,,player_disposals,Brent Daniels,Under,1.85,16.5,20260524_013131
c2359222d8b43b27ad6d7cbc6f780932,Greater Western Sydney Giants,Brisbane Lions,2026-05-24T02:30:07Z,ladbrokes_au,Ladbrokes,,player_disposals,Hugh McCluggage,Over,1.88,23.5,20260524_013131
c2359222d8b43b27ad6d7cbc6f780932,Greater Western Sydney Giants,Brisbane Lions,2026-05-24T02:30:07Z,ladbrokes_au,Ladbrokes,,player_disposals,Hugh McCluggage,Under,1.85,23.5,20260524_013131
c2359222d8b43b27ad6d7cbc6f780932,Greater Western Sydney Giants,Brisbane Lions,2026-05-24T02:30:07Z,ladbrokes_au,Ladbrokes,,player_disposals,Toby Greene,Over,1.92,17.5,20260524_013131
c2359222d8b43b27ad6d7cbc6f780932,Greater Western Sydney Giants,Brisbane Lions,2026-05-24T02:30:07Z,ladbrokes_au,Ladbrokes,,player_disposals,Toby Greene,Under,1.82,17.5,20260524_013131
c2359222d8b43b27ad6d7cbc6f780932,Greater Western Sydney Giants,Brisbane Lions,2026-05-24T02:30:07Z,ladbrokes_au,Ladbrokes,,player_disposals,Joseph Fonti,Over,1.87,15.5,20260524_013131
c2359222d8b43b27ad6d7cbc6f780932,Greater Western Sydney Giants,Brisbane Lions,2026-05-24T02:30:07Z,ladbrokes_au,Ladbrokes,,player_disposals,Joseph Fonti,Under,1.87,15.5,20260524_013131
c2359222d8b43b27ad6d7cbc6f780932,Greater Western Sydney Giants,Brisbane Lions,2026-05-24T02:30:07Z,ladbrokes_au,Ladbrokes,,player_disposals,Connor Idun,Over,1.85,19.5,20260524_013131
c2359222d8b43b27ad6d7cbc6f780932,Greater Western Sydney Giants,Brisbane Lions,2026-05-24T02:30:07Z,ladbrokes_au,Ladbrokes,,player_disposals,Connor Idun,Under,1.9,19.5,20260524_013131
c2359222d8b43b27ad6d7cbc6f780932,Greater Western Sydney Giants,Brisbane Lions,2026-05-24T02:30:07Z,ladbrokes_au,Ladbrokes,,player_disposals,Will Ashcroft,Over,1.94,27.5,20260524_013131
c2359222d8b43b27ad6d7cbc6f780932,Greater Western Sydney Giants,Brisbane Lions,2026-05-24T02:30:07Z,ladbrokes_au,Ladbrokes,,player_disposals,Will Ashcroft,Under,1.8,27.5,20260524_013131
c2359222d8b43b27ad6d7cbc6f780932,Greater Western Sydney Giants,Brisbane Lions,2026-05-24T02:30:07Z,ladbrokes_au,Ladbrokes,,player_disposals,Jaspa Fletcher,Over,1.85,18.5,20260524_013131
c2359222d8b43b27ad6d7cbc6f780932,Greater Western Sydney Giants,Brisbane Lions,2026-05-24T02:30:07Z,ladbrokes_au,Ladbrokes,,player_disposals,Jaspa Fletcher,Under,1.9,18.5,20260524_013131
c2359222d8b43b27ad6d7cbc6f780932,Greater Western Sydney Giants,Brisbane Lions,2026-05-24T02:30:07Z,ladbrokes_au,Ladbrokes,,player_disposals,Lachie Neale,Over,1.88,29.5,20260524_013131
c2359222d8b43b27ad6d7cbc6f780932,Greater Western Sydney Giants,Brisbane Lions,2026-05-24T02:30:07Z,ladbrokes_au,Ladbrokes,,player_disposals,Lachie Neale,Under,1.85,29.5,20260524_013131
c2359222d8b43b27ad6d7cbc6f780932,Greater Western Sydney Giants,Brisbane Lions,2026-05-24T02:30:07Z,ladbrokes_au,Ladbrokes,,player_disposals,Levi Ashcroft,Over,1.85,20.5,20260524_013131
c2359222d8b43b27ad6d7cbc6f780932,Greater Western Sydney Giants,Brisbane Lions,2026-05-24T02:30:07Z,ladbrokes_au,Ladbrokes,,player_disposals,Levi Ashcroft,Under,1.9,20.5,20260524_013131
c2359222d8b43b27ad6d7cbc6f780932,Greater Western Sydney Giants,Brisbane Lions,2026-05-24T02:30:07Z,ladbrokes_au,Ladbrokes,,player_disposals,Lachlan Ash,Over,1.96,29.5,20260524_013131
c2359222d8b43b27ad6d7cbc6f780932,Greater Western Sydney Giants,Brisbane Lions,2026-05-24T02:30:07Z,ladbrokes_au,Ladbrokes,,player_disposals,Lachlan Ash,Under,1.78,29.5,20260524_013131
c2359222d8b43b27ad6d7cbc6f780932,Greater Western Sydney Giants,Brisbane Lions,2026-05-24T02:30:07Z,ladbrokes_au,Ladbrokes,,player_disposals,Lachie Whitfield,Over,1.85,29.5,20260524_013131
c2359222d8b43b27ad6d7cbc6f780932,Greater Western Sydney Giants,Brisbane Lions,2026-05-24T02:30:07Z,ladbrokes_au,Ladbrokes,,player_disposals,Lachie Whitfield,Under,1.88,29.5,20260524_013131
c2359222d8b43b27ad6d7cbc6f780932,Greater Western Sydney Giants,Brisbane Lions,2026-05-24T02:30:07Z,ladbrokes_au,Ladbrokes,,player_disposals,Josh Dunkley,Over,1.87,20.5,20260524_013131
c2359222d8b43b27ad6d7cbc6f780932,Greater Western Sydney Giants,Brisbane Lions,2026-05-24T02:30:07Z,ladbrokes_au,Ladbrokes,,player_disposals,Josh Dunkley,Under,1.87,20.5,20260524_013131
c2359222d8b43b27ad6d7cbc6f780932,Greater Western Sydney Giants,Brisbane Lions,2026-05-24T02:30:07Z,ladbrokes_au,Ladbrokes,,player_disposals,Keidean Coleman,Over,1.85,19.5,20260524_013131
c2359222d8b43b27ad6d7cbc6f780932,Greater Western Sydney Giants,Brisbane Lions,2026-05-24T02:30:07Z,ladbrokes_au,Ladbrokes,,player_disposals,Keidean Coleman,Under,1.9,19.5,20260524_013131
c2359222d8b43b27ad6d7cbc6f780932,Greater Western Sydney Giants,Brisbane Lions,2026-05-24T02:30:07Z,ladbrokes_au,Ladbrokes,,player_disposals,Darcy Wilmot,Over,1.92,24.5,20260524_013131
c2359222d8b43b27ad6d7cbc6f780932,Greater Western Sydney Giants,Brisbane Lions,2026-05-24T02:30:07Z,ladbrokes_au,Ladbrokes,,player_disposals,Darcy Wilmot,Under,1.82,24.5,20260524_013131
c2359222d8b43b27ad6d7cbc6f780932,Greater Western Sydney Giants,Brisbane Lions,2026-05-24T02:30:07Z,ladbrokes_au,Ladbrokes,,player_disposals,Finn Callaghan,Over,1.85,28.5,20260524_013131
c2359222d8b43b27ad6d7cbc6f780932,Greater Western Sydney Giants,Brisbane Lions,2026-05-24T02:30:07Z,ladbrokes_au,Ladbrokes,,player_disposals,Finn Callaghan,Under,1.88,28.5,20260524_013131
c2359222d8b43b27ad6d7cbc6f780932,Greater Western Sydney Giants,Brisbane Lions,2026-05-24T02:30:07Z,ladbrokes_au,Ladbrokes,,player_disposals,Zac Bailey,Over,1.85,18.5,20260524_013131
c2359222d8b43b27ad6d7cbc6f780932,Greater Western Sydney Giants,Brisbane Lions,2026-05-24T02:30:07Z,ladbrokes_au,Ladbrokes,,player_disposals,Zac Bailey,Under,1.9,18.5,20260524_013131
c2359222d8b43b27ad6d7cbc6f780932,Greater Western Sydney Giants,Brisbane Lions,2026-05-24T02:30:07Z,ladbrokes_au,Ladbrokes,,player_disposals_over,Clayton Oliver,Over,1.98,31.5,20260524_013131
c2359222d8b43b27ad6d7cbc6f780932,Greater Western Sydney Giants,Brisbane Lions,2026-05-24T02:30:07Z,ladbrokes_au,Ladbrokes,,player_disposals_over,Lachie Whitfield,Over,2.3,31.5,20260524_013131
c2359222d8b43b27ad6d7cbc6f780932,Greater Western Sydney Giants,Brisbane Lions,2026-05-24T02:30:07Z,ladbrokes_au,Ladbrokes,,player_disposals_over,Lachie Neale,Over,2.35,31.5,20260524_013131
c2359222d8b43b27ad6d7cbc6f780932,Greater Western Sydney Giants,Brisbane Lions,2026-05-24T02:30:07Z,ladbrokes_au,Ladbrokes,,player_disposals_over,Lachlan Ash,Over,2.5,31.5,20260524_013131
c2359222d8b43b27ad6d7cbc6f780932,Greater Western Sydney Giants,Brisbane Lions,2026-05-24T02:30:07Z,ladbrokes_au,Ladbrokes,,player_disposals_over,Finn Callaghan,Over,2.6,31.5,20260524_013131
c2359222d8b43b27ad6d7cbc6f780932,Greater Western Sydney Giants,Brisbane Lions,2026-05-24T02:30:07Z,ladbrokes_au,Ladbrokes,,player_disposals_over,Will Ashcroft,Over,3.3,31.5,20260524_013131
c2359222d8b43b27ad6d7cbc6f780932,Greater Western Sydney Giants,Brisbane Lions,2026-05-24T02:30:07Z,ladbrokes_au,Ladbrokes,,player_disposals_over,Darcy Wilmot,Over,5.8,31.5,20260524_013131
c2359222d8b43b27ad6d7cbc6f780932,Greater Western Sydney Giants,Brisbane Lions,2026-05-24T02:30:07Z,ladbrokes_au,Ladbrokes,,player_disposals_over,Hugh McCluggage,Over,7.0,31.5,20260524_013131
c2359222d8b43b27ad6d7cbc6f780932,Greater Western Sydney Giants,Brisbane Lions,2026-05-24T02:30:07Z,ladbrokes_au,Ladbrokes,,player_disposals_over,Levi Ashcroft,Over,15.0,31.5,20260524_013131
c2359222d8b43b27ad6d7cbc6f780932,Greater Western Sydney Giants,Brisbane Lions,2026-05-24T02:30:07Z,ladbrokes_au,Ladbrokes,,player_disposals_over,Harvey Thomas,Over,16.0,31.5,20260524_013131
c2359222d8b43b27ad6d7cbc6f780932,Greater Western Sydney Giants,Brisbane Lions,2026-05-24T02:30:07Z,ladbrokes_au,Ladbrokes,,player_disposals_over,Josh Dunkley,Over,16.0,31.5,20260524_013131
c2359222d8b43b27ad6d7cbc6f780932,Greater Western Sydney Giants,Brisbane Lions,2026-05-24T02:30:07Z,ladbrokes_au,Ladbrokes,,player_disposals_over,Keidean Coleman,Over,21.0,31.5,20260524_013131
c2359222d8b43b27ad6d7cbc6f780932,Greater Western Sydney Giants,Brisbane Lions,2026-05-24T02:30:07Z,ladbrokes_au,Ladbrokes,,player_disposals_over,Connor Idun,Over,21.0,31.5,20260524_013131
c2359222d8b43b27ad6d7cbc6f780932,Greater Western Sydney Giants,Brisbane Lions,2026-05-24T02:30:07Z,ladbrokes_au,Ladbrokes,,player_disposals_over,Zac Bailey,Over,31.0,31.5,20260524_013131
c2359222d8b43b27ad6d7cbc6f780932,Greater Western Sydney Giants,Brisbane Lions,2026-05-24T02:30:07Z,ladbrokes_au,Ladbrokes,,player_disposals_over,Jaspa Fletcher,Over,31.0,31.5,20260524_013131
c2359222d8b43b27ad6d7cbc6f780932,Greater Western Sydney Giants,Brisbane Lions,2026-05-24T02:30:07Z,ladbrokes_au,Ladbrokes,,player_disposals_over,Bruce Reville,Over,34.0,31.5,20260524_013131
c2359222d8b43b27ad6d7cbc6f780932,Greater Western Sydney Giants,Brisbane Lions,2026-05-24T02:30:07Z,ladbrokes_au,Ladbrokes,,player_disposals_over,Toby Greene,Over,51.0,31.5,20260524_013131
c2359222d8b43b27ad6d7cbc6f780932,Greater Western Sydney Giants,Brisbane Lions,2026-05-24T02:30:07Z,ladbrokes_au,Ladbrokes,,player_disposals_over,Hugh McCluggage,Over,1.01,15.5,20260524_013131
c2359222d8b43b27ad6d7cbc6f780932,Greater Western Sydney Giants,Brisbane Lions,2026-05-24T02:30:07Z,ladbrokes_au,Ladbrokes,,player_disposals_over,Harvey Thomas,Over,1.14,15.5,20260524_013131
c2359222d8b43b27ad6d7cbc6f780932,Greater Western Sydney Giants,Brisbane Lions,2026-05-24T02:30:07Z,ladbrokes_au,Ladbrokes,,player_disposals_over,Levi Ashcroft,Over,1.14,15.5,20260524_013131
c2359222d8b43b27ad6d7cbc6f780932,Greater Western Sydney Giants,Brisbane Lions,2026-05-24T02:30:07Z,ladbrokes_au,Ladbrokes,,player_disposals_over,Josh Dunkley,Over,1.14,15.5,20260524_013131
c2359222d8b43b27ad6d7cbc6f780932,Greater Western Sydney Giants,Brisbane Lions,2026-05-24T02:30:07Z,ladbrokes_au,Ladbrokes,,player_disposals_over,Keidean Coleman,Over,1.22,15.5,20260524_013131
c2359222d8b43b27ad6d7cbc6f780932,Greater Western Sydney Giants,Brisbane Lions,2026-05-24T02:30:07Z,ladbrokes_au,Ladbrokes,,player_disposals_over,Connor Idun,Over,1.22,15.5,20260524_013131
c2359222d8b43b27ad6d7cbc6f780932,Greater Western Sydney Giants,Brisbane Lions,2026-05-24T02:30:07Z,ladbrokes_au,Ladbrokes,,player_disposals_over,Zac Bailey,Over,1.3,15.5,20260524_013131
c2359222d8b43b27ad6d7cbc6f780932,Greater Western Sydney Giants,Brisbane Lions,2026-05-24T02:30:07Z,ladbrokes_au,Ladbrokes,,player_disposals_over,Jaspa Fletcher,Over,1.3,15.5,20260524_013131
c2359222d8b43b27ad6d7cbc6f780932,Greater Western Sydney Giants,Brisbane Lions,2026-05-24T02:30:07Z,ladbrokes_au,Ladbrokes,,player_disposals_over,Bruce Reville,Over,1.32,15.5,20260524_013131
c2359222d8b43b27ad6d7cbc6f780932,Greater Western Sydney Giants,Brisbane Lions,2026-05-24T02:30:07Z,ladbrokes_au,Ladbrokes,,player_disposals_over,Toby Greene,Over,1.48,15.5,20260524_013131
c2359222d8b43b27ad6d7cbc6f780932,Greater Western Sydney Giants,Brisbane Lions,2026-05-24T02:30:07Z,ladbrokes_au,Ladbrokes,,player_disposals_over,Harrison Himmelberg,Over,1.64,15.5,20260524_013131
c2359222d8b43b27ad6d7cbc6f780932,Greater Western Sydney Giants,Brisbane Lions,2026-05-24T02:30:07Z,ladbrokes_au,Ladbrokes,,player_disposals_over,Brent Daniels,Over,1.65,15.5,20260524_013131
c2359222d8b43b27ad6d7cbc6f780932,Greater Western Sydney Giants,Brisbane Lions,2026-05-24T02:30:07Z,ladbrokes_au,Ladbrokes,,player_disposals_over,Stephen Coniglio,Over,1.67,15.5,20260524_013131
c2359222d8b43b27ad6d7cbc6f780932,Greater Western Sydney Giants,Brisbane Lions,2026-05-24T02:30:07Z,ladbrokes_au,Ladbrokes,,player_disposals_over,Joseph Fonti,Over,1.87,15.5,20260524_013131
c2359222d8b43b27ad6d7cbc6f780932,Greater Western Sydney Giants,Brisbane Lions,2026-05-24T02:30:07Z,ladbrokes_au,Ladbrokes,,player_disposals_over,Sam Marshall,Over,1.94,15.5,20260524_013131
c2359222d8b43b27ad6d7cbc6f780932,Greater Western Sydney Giants,Brisbane Lions,2026-05-24T02:30:07Z,ladbrokes_au,Ladbrokes,,player_disposals_over,Jayden Laverde,Over,2.1,15.5,20260524_013131
c2359222d8b43b27ad6d7cbc6f780932,Greater Western Sydney Giants,Brisbane Lions,2026-05-24T02:30:07Z,ladbrokes_au,Ladbrokes,,player_disposals_over,Cameron Rayner,Over,2.15,15.5,20260524_013131
c2359222d8b43b27ad6d7cbc6f780932,Greater Western Sydney Giants,Brisbane Lions,2026-05-24T02:30:07Z,ladbrokes_au,Ladbrokes,,player_disposals_over,James Tunstill,Over,2.15,15.5,20260524_013131
c2359222d8b43b27ad6d7cbc6f780932,Greater Western Sydney Giants,Brisbane Lions,2026-05-24T02:30:07Z,ladbrokes_au,Ladbrokes,,player_disposals_over,Darcy Fort,Over,2.15,15.5,20260524_013131
c2359222d8b43b27ad6d7cbc6f780932,Greater Western Sydney Giants,Brisbane Lions,2026-05-24T02:30:07Z,ladbrokes_au,Ladbrokes,,player_disposals_over,Harris Andrews,Over,2.15,15.5,20260524_013131
c2359222d8b43b27ad6d7cbc6f780932,Greater Western Sydney Giants,Brisbane Lions,2026-05-24T02:30:07Z,ladbrokes_au,Ladbrokes,,player_disposals_over,Kieren Briggs,Over,2.35,15.5,20260524_013131
c2359222d8b43b27ad6d7cbc6f780932,Greater Western Sydney Giants,Brisbane Lions,2026-05-24T02:30:07Z,ladbrokes_au,Ladbrokes,,player_disposals_over,Toby McMullin,Over,2.4,15.5,20260524_013131
c2359222d8b43b27ad6d7cbc6f780932,Greater Western Sydney Giants,Brisbane Lions,2026-05-24T02:30:07Z,ladbrokes_au,Ladbrokes,,player_disposals_over,Jake Stringer,Over,2.5,15.5,20260524_013131
c2359222d8b43b27ad6d7cbc6f780932,Greater Western Sydney Giants,Brisbane Lions,2026-05-24T02:30:07Z,ladbrokes_au,Ladbrokes,,player_disposals_over,Charlie Cameron,Over,2.5,15.5,20260524_013131
c2359222d8b43b27ad6d7cbc6f780932,Greater Western Sydney Giants,Brisbane Lions,2026-05-24T02:30:07Z,ladbrokes_au,Ladbrokes,,player_disposals_over,Kai Lohmann,Over,2.65,15.5,20260524_013131
c2359222d8b43b27ad6d7cbc6f780932,Greater Western Sydney Giants,Brisbane Lions,2026-05-24T02:30:07Z,ladbrokes_au,Ladbrokes,,player_disposals_over,Jake Riccardi,Over,2.7,15.5,20260524_013131
c2359222d8b43b27ad6d7cbc6f780932,Greater Western Sydney Giants,Brisbane Lions,2026-05-24T02:30:07Z,ladbrokes_au,Ladbrokes,,player_disposals_over,Toby Bedford,Over,2.7,15.5,20260524_013131
c2359222d8b43b27ad6d7cbc6f780932,Greater Western Sydney Giants,Brisbane Lions,2026-05-24T02:30:07Z,ladbrokes_au,Ladbrokes,,player_disposals_over,Jack Buckley,Over,2.7,15.5,20260524_013131
c2359222d8b43b27ad6d7cbc6f780932,Greater Western Sydney Giants,Brisbane Lions,2026-05-24T02:30:07Z,ladbrokes_au,Ladbrokes,,player_disposals_over,Aaron Cadman,Over,2.7,15.5,20260524_013131
c2359222d8b43b27ad6d7cbc6f780932,Greater Western Sydney Giants,Brisbane Lions,2026-05-24T02:30:07Z,ladbrokes_au,Ladbrokes,,player_disposals_over,Phoenix Gothard,Over,2.95,15.5,20260524_013131
c2359222d8b43b27ad6d7cbc6f780932,Greater Western Sydney Giants,Brisbane Lions,2026-05-24T02:30:07Z,ladbrokes_au,Ladbrokes,,player_disposals_over,Logan Morris,Over,3.15,15.5,20260524_013131
c2359222d8b43b27ad6d7cbc6f780932,Greater Western Sydney Giants,Brisbane Lions,2026-05-24T02:30:07Z,ladbrokes_au,Ladbrokes,,player_disposals_over,Conor McKenna,Over,3.2,15.5,20260524_013131
c2359222d8b43b27ad6d7cbc6f780932,Greater Western Sydney Giants,Brisbane Lions,2026-05-24T02:30:07Z,ladbrokes_au,Ladbrokes,,player_disposals_over,Sam Draper,Over,3.35,15.5,20260524_013131
c2359222d8b43b27ad6d7cbc6f780932,Greater Western Sydney Giants,Brisbane Lions,2026-05-24T02:30:07Z,ladbrokes_au,Ladbrokes,,player_disposals_over,Darcy Gardiner,Over,4.25,15.5,20260524_013131
c2359222d8b43b27ad6d7cbc6f780932,Greater Western Sydney Giants,Brisbane Lions,2026-05-24T02:30:07Z,ladbrokes_au,Ladbrokes,,player_disposals_over,Callum Brown,Over,4.75,15.5,20260524_013131
c2359222d8b43b27ad6d7cbc6f780932,Greater Western Sydney Giants,Brisbane Lions,2026-05-24T02:30:07Z,ladbrokes_au,Ladbrokes,,player_disposals_over,Ty Gallop,Over,4.8,15.5,20260524_013131
c2359222d8b43b27ad6d7cbc6f780932,Greater Western Sydney Giants,Brisbane Lions,2026-05-24T02:30:07Z,ladbrokes_au,Ladbrokes,,player_disposals_over,Max Gruzewski,Over,6.6,15.5,20260524_013131
c2359222d8b43b27ad6d7cbc6f780932,Greater Western Sydney Giants,Brisbane Lions,2026-05-24T02:30:07Z,ladbrokes_au,Ladbrokes,,player_disposals_over,Clayton Oliver,Over,6.25,39.5,20260524_013131
c2359222d8b43b27ad6d7cbc6f780932,Greater Western Sydney Giants,Brisbane Lions,2026-05-24T02:30:07Z,ladbrokes_au,Ladbrokes,,player_disposals_over,Lachie Whitfield,Over,8.25,39.5,20260524_013131
c2359222d8b43b27ad6d7cbc6f780932,Greater Western Sydney Giants,Brisbane Lions,2026-05-24T02:30:07Z,ladbrokes_au,Ladbrokes,,player_disposals_over,Lachie Neale,Over,8.5,39.5,20260524_013131
c2359222d8b43b27ad6d7cbc6f780932,Greater Western Sydney Giants,Brisbane Lions,2026-05-24T02:30:07Z,ladbrokes_au,Ladbrokes,,player_disposals_over,Lachlan Ash,Over,9.5,39.5,20260524_013131
c2359222d8b43b27ad6d7cbc6f780932,Greater Western Sydney Giants,Brisbane Lions,2026-05-24T02:30:07Z,ladbrokes_au,Ladbrokes,,player_disposals_over,Finn Callaghan,Over,10.5,39.5,20260524_013131
c2359222d8b43b27ad6d7cbc6f780932,Greater Western Sydney Giants,Brisbane Lions,2026-05-24T02:30:07Z,ladbrokes_au,Ladbrokes,,player_disposals_over,Will Ashcroft,Over,15.0,39.5,20260524_013131
c2359222d8b43b27ad6d7cbc6f780932,Greater Western Sydney Giants,Brisbane Lions,2026-05-24T02:30:07Z,ladbrokes_au,Ladbrokes,,player_disposals_over,Darcy Wilmot,Over,41.0,39.5,20260524_013131
c2359222d8b43b27ad6d7cbc6f780932,Greater Western Sydney Giants,Brisbane Lions,2026-05-24T02:30:07Z,ladbrokes_au,Ladbrokes,,player_disposals_over,Hugh McCluggage,Over,51.0,39.5,20260524_013131
c2359222d8b43b27ad6d7cbc6f780932,Greater Western Sydney Giants,Brisbane Lions,2026-05-24T02:30:07Z,ladbrokes_au,Ladbrokes,,player_disposals_over,Clayton Oliver,Over,3.3,35.5,20260524_013131
c2359222d8b43b27ad6d7cbc6f780932,Greater Western Sydney Giants,Brisbane Lions,2026-05-24T02:30:07Z,ladbrokes_au,Ladbrokes,,player_disposals_over,Lachie Whitfield,Over,4.0,35.5,20260524_013131
c2359222d8b43b27ad6d7cbc6f780932,Greater Western Sydney Giants,Brisbane Lions,2026-05-24T02:30:07Z,ladbrokes_au,Ladbrokes,,player_disposals_over,Lachie Neale,Over,4.2,35.5,20260524_013131
c2359222d8b43b27ad6d7cbc6f780932,Greater Western Sydney Giants,Brisbane Lions,2026-05-24T02:30:07Z,ladbrokes_au,Ladbrokes,,player_disposals_over,Lachlan Ash,Over,4.5,35.5,20260524_013131
c2359222d8b43b27ad6d7cbc6f780932,Greater Western Sydney Giants,Brisbane Lions,2026-05-24T02:30:07Z,ladbrokes_au,Ladbrokes,,player_disposals_over,Finn Callaghan,Over,4.8,35.5,20260524_013131
c2359222d8b43b27ad6d7cbc6f780932,Greater Western Sydney Giants,Brisbane Lions,2026-05-24T02:30:07Z,ladbrokes_au,Ladbrokes,,player_disposals_over,Will Ashcroft,Over,6.6,35.5,20260524_013131
c2359222d8b43b27ad6d7cbc6f780932,Greater Western Sydney Giants,Brisbane Lions,2026-05-24T02:30:07Z,ladbrokes_au,Ladbrokes,,player_disposals_over,Darcy Wilmot,Over,14.0,35.5,20260524_013131
c2359222d8b43b27ad6d7cbc6f780932,Greater Western Sydney Giants,Brisbane Lions,2026-05-24T02:30:07Z,ladbrokes_au,Ladbrokes,,player_disposals_over,Hugh McCluggage,Over,17.0,35.5,20260524_013131
c2359222d8b43b27ad6d7cbc6f780932,Greater Western Sydney Giants,Brisbane Lions,2026-05-24T02:30:07Z,ladbrokes_au,Ladbrokes,,player_disposals_over,Harvey Thomas,Over,51.0,35.5,20260524_013131
c2359222d8b43b27ad6d7cbc6f780932,Greater Western Sydney Giants,Brisbane Lions,2026-05-24T02:30:07Z,ladbrokes_au,Ladbrokes,,player_disposals_over,Levi Ashcroft,Over,51.0,35.5,20260524_013131
c2359222d8b43b27ad6d7cbc6f780932,Greater Western Sydney Giants,Brisbane Lions,2026-05-24T02:30:07Z,ladbrokes_au,Ladbrokes,,player_disposals_over,Josh Dunkley,Over,51.0,35.5,20260524_013131
c2359222d8b43b27ad6d7cbc6f780932,Greater Western Sydney Giants,Brisbane Lions,2026-05-24T02:30:07Z,ladbrokes_au,Ladbrokes,,player_disposals_over,Clayton Oliver,Over,2.9,34.5,20260524_013131
c2359222d8b43b27ad6d7cbc6f780932,Greater Western Sydney Giants,Brisbane Lions,2026-05-24T02:30:07Z,ladbrokes_au,Ladbrokes,,player_disposals_over,Lachie Whitfield,Over,3.5,34.5,20260524_013131
c2359222d8b43b27ad6d7cbc6f780932,Greater Western Sydney Giants,Brisbane Lions,2026-05-24T02:30:07Z,ladbrokes_au,Ladbrokes,,player_disposals_over,Lachie Neale,Over,3.6,34.5,20260524_013131
c2359222d8b43b27ad6d7cbc6f780932,Greater Western Sydney Giants,Brisbane Lions,2026-05-24T02:30:07Z,ladbrokes_au,Ladbrokes,,player_disposals_over,Lachlan Ash,Over,3.9,34.5,20260524_013131
c2359222d8b43b27ad6d7cbc6f780932,Greater Western Sydney Giants,Brisbane Lions,2026-05-24T02:30:07Z,ladbrokes_au,Ladbrokes,,player_disposals_over,Finn Callaghan,Over,4.2,34.5,20260524_013131
c2359222d8b43b27ad6d7cbc6f780932,Greater Western Sydney Giants,Brisbane Lions,2026-05-24T02:30:07Z,ladbrokes_au,Ladbrokes,,player_disposals_over,Will Ashcroft,Over,5.5,34.5,20260524_013131
c2359222d8b43b27ad6d7cbc6f780932,Greater Western Sydney Giants,Brisbane Lions,2026-05-24T02:30:07Z,ladbrokes_au,Ladbrokes,,player_disposals_over,Darcy Wilmot,Over,11.0,34.5,20260524_013131
c2359222d8b43b27ad6d7cbc6f780932,Greater Western Sydney Giants,Brisbane Lions,2026-05-24T02:30:07Z,ladbrokes_au,Ladbrokes,,player_disposals_over,Hugh McCluggage,Over,14.0,34.5,20260524_013131
c2359222d8b43b27ad6d7cbc6f780932,Greater Western Sydney Giants,Brisbane Lions,2026-05-24T02:30:07Z,ladbrokes_au,Ladbrokes,,player_disposals_over,Harvey Thomas,Over,34.0,34.5,20260524_013131
c2359222d8b43b27ad6d7cbc6f780932,Greater Western Sydney Giants,Brisbane Lions,2026-05-24T02:30:07Z,ladbrokes_au,Ladbrokes,,player_disposals_over,Levi Ashcroft,Over,34.0,34.5,20260524_013131
c2359222d8b43b27ad6d7cbc6f780932,Greater Western Sydney Giants,Brisbane Lions,2026-05-24T02:30:07Z,ladbrokes_au,Ladbrokes,,player_disposals_over,Josh Dunkley,Over,34.0,34.5,20260524_013131
c2359222d8b43b27ad6d7cbc6f780932,Greater Western Sydney Giants,Brisbane Lions,2026-05-24T02:30:07Z,ladbrokes_au,Ladbrokes,,player_disposals_over,Keidean Coleman,Over,51.0,34.5,20260524_013131
c2359222d8b43b27ad6d7cbc6f780932,Greater Western Sydney Giants,Brisbane Lions,2026-05-24T02:30:07Z,ladbrokes_au,Ladbrokes,,player_disposals_over,Connor Idun,Over,51.0,34.5,20260524_013131
c2359222d8b43b27ad6d7cbc6f780932,Greater Western Sydney Giants,Brisbane Lions,2026-05-24T02:30:07Z,ladbrokes_au,Ladbrokes,,player_disposals_over,Harvey Thomas,Over,1.01,13.5,20260524_013131
c2359222d8b43b27ad6d7cbc6f780932,Greater Western Sydney Giants,Brisbane Lions,2026-05-24T02:30:07Z,ladbrokes_au,Ladbrokes,,player_disposals_over,Levi Ashcroft,Over,1.01,13.5,20260524_013131
c2359222d8b43b27ad6d7cbc6f780932,Greater Western Sydney Giants,Brisbane Lions,2026-05-24T02:30:07Z,ladbrokes_au,Ladbrokes,,player_disposals_over,Josh Dunkley,Over,1.01,13.5,20260524_013131
c2359222d8b43b27ad6d7cbc6f780932,Greater Western Sydney Giants,Brisbane Lions,2026-05-24T02:30:07Z,ladbrokes_au,Ladbrokes,,player_disposals_over,Keidean Coleman,Over,1.03,13.5,20260524_013131
c2359222d8b43b27ad6d7cbc6f780932,Greater Western Sydney Giants,Brisbane Lions,2026-05-24T02:30:07Z,ladbrokes_au,Ladbrokes,,player_disposals_over,Connor Idun,Over,1.03,13.5,20260524_013131
c2359222d8b43b27ad6d7cbc6f780932,Greater Western Sydney Giants,Brisbane Lions,2026-05-24T02:30:07Z,ladbrokes_au,Ladbrokes,,player_disposals_over,Zac Bailey,Over,1.09,13.5,20260524_013131
c2359222d8b43b27ad6d7cbc6f780932,Greater Western Sydney Giants,Brisbane Lions,2026-05-24T02:30:07Z,ladbrokes_au,Ladbrokes,,player_disposals_over,Bruce Reville,Over,1.09,13.5,20260524_013131
c2359222d8b43b27ad6d7cbc6f780932,Greater Western Sydney Giants,Brisbane Lions,2026-05-24T02:30:07Z,ladbrokes_au,Ladbrokes,,player_disposals_over,Jaspa Fletcher,Over,1.09,13.5,20260524_013131
c2359222d8b43b27ad6d7cbc6f780932,Greater Western Sydney Giants,Brisbane Lions,2026-05-24T02:30:07Z,ladbrokes_au,Ladbrokes,,player_disposals_over,Toby Greene,Over,1.19,13.5,20260524_013131
c2359222d8b43b27ad6d7cbc6f780932,Greater Western Sydney Giants,Brisbane Lions,2026-05-24T02:30:07Z,ladbrokes_au,Ladbrokes,,player_disposals_over,Harrison Himmelberg,Over,1.26,13.5,20260524_013131
c2359222d8b43b27ad6d7cbc6f780932,Greater Western Sydney Giants,Brisbane Lions,2026-05-24T02:30:07Z,ladbrokes_au,Ladbrokes,,player_disposals_over,Brent Daniels,Over,1.28,13.5,20260524_013131
c2359222d8b43b27ad6d7cbc6f780932,Greater Western Sydney Giants,Brisbane Lions,2026-05-24T02:30:07Z,ladbrokes_au,Ladbrokes,,player_disposals_over,Stephen Coniglio,Over,1.3,13.5,20260524_013131
c2359222d8b43b27ad6d7cbc6f780932,Greater Western Sydney Giants,Brisbane Lions,2026-05-24T02:30:07Z,ladbrokes_au,Ladbrokes,,player_disposals_over,Joseph Fonti,Over,1.42,13.5,20260524_013131
c2359222d8b43b27ad6d7cbc6f780932,Greater Western Sydney Giants,Brisbane Lions,2026-05-24T02:30:07Z,ladbrokes_au,Ladbrokes,,player_disposals_over,Sam Marshall,Over,1.45,13.5,20260524_013131
c2359222d8b43b27ad6d7cbc6f780932,Greater Western Sydney Giants,Brisbane Lions,2026-05-24T02:30:07Z,ladbrokes_au,Ladbrokes,,player_disposals_over,Jayden Laverde,Over,1.55,13.5,20260524_013131
c2359222d8b43b27ad6d7cbc6f780932,Greater Western Sydney Giants,Brisbane Lions,2026-05-24T02:30:07Z,ladbrokes_au,Ladbrokes,,player_disposals_over,James Tunstill,Over,1.57,13.5,20260524_013131
c2359222d8b43b27ad6d7cbc6f780932,Greater Western Sydney Giants,Brisbane Lions,2026-05-24T02:30:07Z,ladbrokes_au,Ladbrokes,,player_disposals_over,Darcy Fort,Over,1.57,13.5,20260524_013131
c2359222d8b43b27ad6d7cbc6f780932,Greater Western Sydney Giants,Brisbane Lions,2026-05-24T02:30:07Z,ladbrokes_au,Ladbrokes,,player_disposals_over,Cameron Rayner,Over,1.6,13.5,20260524_013131
c2359222d8b43b27ad6d7cbc6f780932,Greater Western Sydney Giants,Brisbane Lions,2026-05-24T02:30:07Z,ladbrokes_au,Ladbrokes,,player_disposals_over,Harris Andrews,Over,1.6,13.5,20260524_013131
c2359222d8b43b27ad6d7cbc6f780932,Greater Western Sydney Giants,Brisbane Lions,2026-05-24T02:30:07Z,ladbrokes_au,Ladbrokes,,player_disposals_over,Kieren Briggs,Over,1.7,13.5,20260524_013131
c2359222d8b43b27ad6d7cbc6f780932,Greater Western Sydney Giants,Brisbane Lions,2026-05-24T02:30:07Z,ladbrokes_au,Ladbrokes,,player_disposals_over,Toby McMullin,Over,1.72,13.5,20260524_013131
c2359222d8b43b27ad6d7cbc6f780932,Greater Western Sydney Giants,Brisbane Lions,2026-05-24T02:30:07Z,ladbrokes_au,Ladbrokes,,player_disposals_over,Jake Stringer,Over,1.8,13.5,20260524_013131
c2359222d8b43b27ad6d7cbc6f780932,Greater Western Sydney Giants,Brisbane Lions,2026-05-24T02:30:07Z,ladbrokes_au,Ladbrokes,,player_disposals_over,Charlie Cameron,Over,1.8,13.5,20260524_013131
c2359222d8b43b27ad6d7cbc6f780932,Greater Western Sydney Giants,Brisbane Lions,2026-05-24T02:30:07Z,ladbrokes_au,Ladbrokes,,player_disposals_over,Kai Lohmann,Over,1.87,13.5,20260524_013131
c2359222d8b43b27ad6d7cbc6f780932,Greater Western Sydney Giants,Brisbane Lions,2026-05-24T02:30:07Z,ladbrokes_au,Ladbrokes,,player_disposals_over,Jake Riccardi,Over,1.9,13.5,20260524_013131
c2359222d8b43b27ad6d7cbc6f780932,Greater Western Sydney Giants,Brisbane Lions,2026-05-24T02:30:07Z,ladbrokes_au,Ladbrokes,,player_disposals_over,Toby Bedford,Over,1.9,13.5,20260524_013131
c2359222d8b43b27ad6d7cbc6f780932,Greater Western Sydney Giants,Brisbane Lions,2026-05-24T02:30:07Z,ladbrokes_au,Ladbrokes,,player_disposals_over,Jack Buckley,Over,1.9,13.5,20260524_013131
c2359222d8b43b27ad6d7cbc6f780932,Greater Western Sydney Giants,Brisbane Lions,2026-05-24T02:30:07Z,ladbrokes_au,Ladbrokes,,player_disposals_over,Aaron Cadman,Over,1.9,13.5,20260524_013131
c2359222d8b43b27ad6d7cbc6f780932,Greater Western Sydney Giants,Brisbane Lions,2026-05-24T02:30:07Z,ladbrokes_au,Ladbrokes,,player_disposals_over,Phoenix Gothard,Over,2.05,13.5,20260524_013131
c2359222d8b43b27ad6d7cbc6f780932,Greater Western Sydney Giants,Brisbane Lions,2026-05-24T02:30:07Z,ladbrokes_au,Ladbrokes,,player_disposals_over,Logan Morris,Over,2.15,13.5,20260524_013131
c2359222d8b43b27ad6d7cbc6f780932,Greater Western Sydney Giants,Brisbane Lions,2026-05-24T02:30:07Z,ladbrokes_au,Ladbrokes,,player_disposals_over,Conor McKenna,Over,2.2,13.5,20260524_013131
c2359222d8b43b27ad6d7cbc6f780932,Greater Western Sydney Giants,Brisbane Lions,2026-05-24T02:30:07Z,ladbrokes_au,Ladbrokes,,player_disposals_over,Sam Draper,Over,2.3,13.5,20260524_013131
c2359222d8b43b27ad6d7cbc6f780932,Greater Western Sydney Giants,Brisbane Lions,2026-05-24T02:30:07Z,ladbrokes_au,Ladbrokes,,player_disposals_over,Darcy Gardiner,Over,2.9,13.5,20260524_013131
c2359222d8b43b27ad6d7cbc6f780932,Greater Western Sydney Giants,Brisbane Lions,2026-05-24T02:30:07Z,ladbrokes_au,Ladbrokes,,player_disposals_over,Callum Brown,Over,3.1,13.5,20260524_013131
c2359222d8b43b27ad6d7cbc6f780932,Greater Western Sydney Giants,Brisbane Lions,2026-05-24T02:30:07Z,ladbrokes_au,Ladbrokes,,player_disposals_over,Ty Gallop,Over,3.2,13.5,20260524_013131
c2359222d8b43b27ad6d7cbc6f780932,Greater Western Sydney Giants,Brisbane Lions,2026-05-24T02:30:07Z,ladbrokes_au,Ladbrokes,,player_disposals_over,Max Gruzewski,Over,4.25,13.5,20260524_013131
c2359222d8b43b27ad6d7cbc6f780932,Greater Western Sydney Giants,Brisbane Lions,2026-05-24T02:30:07Z,ladbrokes_au,Ladbrokes,,player_disposals_over,Clayton Oliver,Over,1.15,24.5,20260524_013131
c2359222d8b43b27ad6d7cbc6f780932,Greater Western Sydney Giants,Brisbane Lions,2026-05-24T02:30:07Z,ladbrokes_au,Ladbrokes,,player_disposals_over,Lachie Whitfield,Over,1.22,24.5,20260524_013131
c2359222d8b43b27ad6d7cbc6f780932,Greater Western Sydney Giants,Brisbane Lions,2026-05-24T02:30:07Z,ladbrokes_au,Ladbrokes,,player_disposals_over,Lachie Neale,Over,1.24,24.5,20260524_013131
c2359222d8b43b27ad6d7cbc6f780932,Greater Western Sydney Giants,Brisbane Lions,2026-05-24T02:30:07Z,ladbrokes_au,Ladbrokes,,player_disposals_over,Lachlan Ash,Over,1.26,24.5,20260524_013131
c2359222d8b43b27ad6d7cbc6f780932,Greater Western Sydney Giants,Brisbane Lions,2026-05-24T02:30:07Z,ladbrokes_au,Ladbrokes,,player_disposals_over,Finn Callaghan,Over,1.3,24.5,20260524_013131
c2359222d8b43b27ad6d7cbc6f780932,Greater Western Sydney Giants,Brisbane Lions,2026-05-24T02:30:07Z,ladbrokes_au,Ladbrokes,,player_disposals_over,Will Ashcroft,Over,1.46,24.5,20260524_013131
c2359222d8b43b27ad6d7cbc6f780932,Greater Western Sydney Giants,Brisbane Lions,2026-05-24T02:30:07Z,ladbrokes_au,Ladbrokes,,player_disposals_over,Darcy Wilmot,Over,1.95,24.5,20260524_013131
c2359222d8b43b27ad6d7cbc6f780932,Greater Western Sydney Giants,Brisbane Lions,2026-05-24T02:30:07Z,ladbrokes_au,Ladbrokes,,player_disposals_over,Hugh McCluggage,Over,2.15,24.5,20260524_013131
c2359222d8b43b27ad6d7cbc6f780932,Greater Western Sydney Giants,Brisbane Lions,2026-05-24T02:30:07Z,ladbrokes_au,Ladbrokes,,player_disposals_over,Levi Ashcroft,Over,3.4,24.5,20260524_013131
c2359222d8b43b27ad6d7cbc6f780932,Greater Western Sydney Giants,Brisbane Lions,2026-05-24T02:30:07Z,ladbrokes_au,Ladbrokes,,player_disposals_over,Harvey Thomas,Over,3.5,24.5,20260524_013131
c2359222d8b43b27ad6d7cbc6f780932,Greater Western Sydney Giants,Brisbane Lions,2026-05-24T02:30:07Z,ladbrokes_au,Ladbrokes,,player_disposals_over,Josh Dunkley,Over,3.5,24.5,20260524_013131
c2359222d8b43b27ad6d7cbc6f780932,Greater Western Sydney Giants,Brisbane Lions,2026-05-24T02:30:07Z,ladbrokes_au,Ladbrokes,,player_disposals_over,Keidean Coleman,Over,4.2,24.5,20260524_013131
c2359222d8b43b27ad6d7cbc6f780932,Greater Western Sydney Giants,Brisbane Lions,2026-05-24T02:30:07Z,ladbrokes_au,Ladbrokes,,player_disposals_over,Connor Idun,Over,4.2,24.5,20260524_013131
c2359222d8b43b27ad6d7cbc6f780932,Greater Western Sydney Giants,Brisbane Lions,2026-05-24T02:30:07Z,ladbrokes_au,Ladbrokes,,player_disposals_over,Zac Bailey,Over,5.25,24.5,20260524_013131
c2359222d8b43b27ad6d7cbc6f780932,Greater Western Sydney Giants,Brisbane Lions,2026-05-24T02:30:07Z,ladbrokes_au,Ladbrokes,,player_disposals_over,Jaspa Fletcher,Over,5.25,24.5,20260524_013131
c2359222d8b43b27ad6d7cbc6f780932,Greater Western Sydney Giants,Brisbane Lions,2026-05-24T02:30:07Z,ladbrokes_au,Ladbrokes,,player_disposals_over,Bruce Reville,Over,5.4,24.5,20260524_013131
c2359222d8b43b27ad6d7cbc6f780932,Greater Western Sydney Giants,Brisbane Lions,2026-05-24T02:30:07Z,ladbrokes_au,Ladbrokes,,player_disposals_over,Toby Greene,Over,7.5,24.5,20260524_013131
c2359222d8b43b27ad6d7cbc6f780932,Greater Western Sydney Giants,Brisbane Lions,2026-05-24T02:30:07Z,ladbrokes_au,Ladbrokes,,player_disposals_over,Harrison Himmelberg,Over,9.5,24.5,20260524_013131
c2359222d8b43b27ad6d7cbc6f780932,Greater Western Sydney Giants,Brisbane Lions,2026-05-24T02:30:07Z,ladbrokes_au,Ladbrokes,,player_disposals_over,Brent Daniels,Over,9.75,24.5,20260524_013131
c2359222d8b43b27ad6d7cbc6f780932,Greater Western Sydney Giants,Brisbane Lions,2026-05-24T02:30:07Z,ladbrokes_au,Ladbrokes,,player_disposals_over,Stephen Coniglio,Over,10.0,24.5,20260524_013131
c2359222d8b43b27ad6d7cbc6f780932,Greater Western Sydney Giants,Brisbane Lions,2026-05-24T02:30:07Z,ladbrokes_au,Ladbrokes,,player_disposals_over,Joseph Fonti,Over,13.0,24.5,20260524_013131
c2359222d8b43b27ad6d7cbc6f780932,Greater Western Sydney Giants,Brisbane Lions,2026-05-24T02:30:07Z,ladbrokes_au,Ladbrokes,,player_disposals_over,Sam Marshall,Over,14.0,24.5,20260524_013131
c2359222d8b43b27ad6d7cbc6f780932,Greater Western Sydney Giants,Brisbane Lions,2026-05-24T02:30:07Z,ladbrokes_au,Ladbrokes,,player_disposals_over,Jayden Laverde,Over,17.0,24.5,20260524_013131
c2359222d8b43b27ad6d7cbc6f780932,Greater Western Sydney Giants,Brisbane Lions,2026-05-24T02:30:07Z,ladbrokes_au,Ladbrokes,,player_disposals_over,Cameron Rayner,Over,19.0,24.5,20260524_013131
c2359222d8b43b27ad6d7cbc6f780932,Greater Western Sydney Giants,Brisbane Lions,2026-05-24T02:30:07Z,ladbrokes_au,Ladbrokes,,player_disposals_over,James Tunstill,Over,19.0,24.5,20260524_013131
c2359222d8b43b27ad6d7cbc6f780932,Greater Western Sydney Giants,Brisbane Lions,2026-05-24T02:30:07Z,ladbrokes_au,Ladbrokes,,player_disposals_over,Darcy Fort,Over,19.0,24.5,20260524_013131
c2359222d8b43b27ad6d7cbc6f780932,Greater Western Sydney Giants,Brisbane Lions,2026-05-24T02:30:07Z,ladbrokes_au,Ladbrokes,,player_disposals_over,Harris Andrews,Over,19.0,24.5,20260524_013131
c2359222d8b43b27ad6d7cbc6f780932,Greater Western Sydney Giants,Brisbane Lions,2026-05-24T02:30:07Z,ladbrokes_au,Ladbrokes,,player_disposals_over,Kieren Briggs,Over,23.0,24.5,20260524_013131
c2359222d8b43b27ad6d7cbc6f780932,Greater Western Sydney Giants,Brisbane Lions,2026-05-24T02:30:07Z,ladbrokes_au,Ladbrokes,,player_disposals_over,Toby McMullin,Over,23.0,24.5,20260524_013131
c2359222d8b43b27ad6d7cbc6f780932,Greater Western Sydney Giants,Brisbane Lions,2026-05-24T02:30:07Z,ladbrokes_au,Ladbrokes,,player_disposals_over,Clayton Oliver,Over,1.07,23.5,20260524_013131
c2359222d8b43b27ad6d7cbc6f780932,Greater Western Sydney Giants,Brisbane Lions,2026-05-24T02:30:07Z,ladbrokes_au,Ladbrokes,,player_disposals_over,Lachie Whitfield,Over,1.14,23.5,20260524_013131
c2359222d8b43b27ad6d7cbc6f780932,Greater Western Sydney Giants,Brisbane Lions,2026-05-24T02:30:07Z,ladbrokes_au,Ladbrokes,,player_disposals_over,Lachie Neale,Over,1.15,23.5,20260524_013131
c2359222d8b43b27ad6d7cbc6f780932,Greater Western Sydney Giants,Brisbane Lions,2026-05-24T02:30:07Z,ladbrokes_au,Ladbrokes,,player_disposals_over,Lachlan Ash,Over,1.18,23.5,20260524_013131
c2359222d8b43b27ad6d7cbc6f780932,Greater Western Sydney Giants,Brisbane Lions,2026-05-24T02:30:07Z,ladbrokes_au,Ladbrokes,,player_disposals_over,Finn Callaghan,Over,1.2,23.5,20260524_013131
c2359222d8b43b27ad6d7cbc6f780932,Greater Western Sydney Giants,Brisbane Lions,2026-05-24T02:30:07Z,ladbrokes_au,Ladbrokes,,player_disposals_over,Will Ashcroft,Over,1.32,23.5,20260524_013131
c2359222d8b43b27ad6d7cbc6f780932,Greater Western Sydney Giants,Brisbane Lions,2026-05-24T02:30:07Z,ladbrokes_au,Ladbrokes,,player_disposals_over,Darcy Wilmot,Over,1.72,23.5,20260524_013131
c2359222d8b43b27ad6d7cbc6f780932,Greater Western Sydney Giants,Brisbane Lions,2026-05-24T02:30:07Z,ladbrokes_au,Ladbrokes,,player_disposals_over,Hugh McCluggage,Over,1.88,23.5,20260524_013131
c2359222d8b43b27ad6d7cbc6f780932,Greater Western Sydney Giants,Brisbane Lions,2026-05-24T02:30:07Z,ladbrokes_au,Ladbrokes,,player_disposals_over,Levi Ashcroft,Over,2.85,23.5,20260524_013131
c2359222d8b43b27ad6d7cbc6f780932,Greater Western Sydney Giants,Brisbane Lions,2026-05-24T02:30:07Z,ladbrokes_au,Ladbrokes,,player_disposals_over,Harvey Thomas,Over,2.9,23.5,20260524_013131
c2359222d8b43b27ad6d7cbc6f780932,Greater Western Sydney Giants,Brisbane Lions,2026-05-24T02:30:07Z,ladbrokes_au,Ladbrokes,,player_disposals_over,Josh Dunkley,Over,2.9,23.5,20260524_013131
c2359222d8b43b27ad6d7cbc6f780932,Greater Western Sydney Giants,Brisbane Lions,2026-05-24T02:30:07Z,ladbrokes_au,Ladbrokes,,player_disposals_over,Keidean Coleman,Over,3.4,23.5,20260524_013131
c2359222d8b43b27ad6d7cbc6f780932,Greater Western Sydney Giants,Brisbane Lions,2026-05-24T02:30:07Z,ladbrokes_au,Ladbrokes,,player_disposals_over,Connor Idun,Over,3.4,23.5,20260524_013131
c2359222d8b43b27ad6d7cbc6f780932,Greater Western Sydney Giants,Brisbane Lions,2026-05-24T02:30:07Z,ladbrokes_au,Ladbrokes,,player_disposals_over,Zac Bailey,Over,4.25,23.5,20260524_013131
c2359222d8b43b27ad6d7cbc6f780932,Greater Western Sydney Giants,Brisbane Lions,2026-05-24T02:30:07Z,ladbrokes_au,Ladbrokes,,player_disposals_over,Bruce Reville,Over,4.25,23.5,20260524_013131
c2359222d8b43b27ad6d7cbc6f780932,Greater Western Sydney Giants,Brisbane Lions,2026-05-24T02:30:07Z,ladbrokes_au,Ladbrokes,,player_disposals_over,Jaspa Fletcher,Over,4.25,23.5,20260524_013131
c2359222d8b43b27ad6d7cbc6f780932,Greater Western Sydney Giants,Brisbane Lions,2026-05-24T02:30:07Z,ladbrokes_au,Ladbrokes,,player_disposals_over,Toby Greene,Over,5.8,23.5,20260524_013131
c2359222d8b43b27ad6d7cbc6f780932,Greater Western Sydney Giants,Brisbane Lions,2026-05-24T02:30:07Z,ladbrokes_au,Ladbrokes,,player_disposals_over,Harrison Himmelberg,Over,7.25,23.5,20260524_013131
c2359222d8b43b27ad6d7cbc6f780932,Greater Western Sydney Giants,Brisbane Lions,2026-05-24T02:30:07Z,ladbrokes_au,Ladbrokes,,player_disposals_over,Brent Daniels,Over,7.5,23.5,20260524_013131
c2359222d8b43b27ad6d7cbc6f780932,Greater Western Sydney Giants,Brisbane Lions,2026-05-24T02:30:07Z,ladbrokes_au,Ladbrokes,,player_disposals_over,Stephen Coniglio,Over,7.75,23.5,20260524_013131
c2359222d8b43b27ad6d7cbc6f780932,Greater Western Sydney Giants,Brisbane Lions,2026-05-24T02:30:07Z,ladbrokes_au,Ladbrokes,,player_disposals_over,Joseph Fonti,Over,10.0,23.5,20260524_013131
c2359222d8b43b27ad6d7cbc6f780932,Greater Western Sydney Giants,Brisbane Lions,2026-05-24T02:30:07Z,ladbrokes_au,Ladbrokes,,player_disposals_over,Sam Marshall,Over,10.5,23.5,20260524_013131
c2359222d8b43b27ad6d7cbc6f780932,Greater Western Sydney Giants,Brisbane Lions,2026-05-24T02:30:07Z,ladbrokes_au,Ladbrokes,,player_disposals_over,James Tunstill,Over,13.0,23.5,20260524_013131
c2359222d8b43b27ad6d7cbc6f780932,Greater Western Sydney Giants,Brisbane Lions,2026-05-24T02:30:07Z,ladbrokes_au,Ladbrokes,,player_disposals_over,Darcy Fort,Over,13.0,23.5,20260524_013131
c2359222d8b43b27ad6d7cbc6f780932,Greater Western Sydney Giants,Brisbane Lions,2026-05-24T02:30:07Z,ladbrokes_au,Ladbrokes,,player_disposals_over,Jayden Laverde,Over,13.0,23.5,20260524_013131
c2359222d8b43b27ad6d7cbc6f780932,Greater Western Sydney Giants,Brisbane Lions,2026-05-24T02:30:07Z,ladbrokes_au,Ladbrokes,,player_disposals_over,Cameron Rayner,Over,14.0,23.5,20260524_013131
c2359222d8b43b27ad6d7cbc6f780932,Greater Western Sydney Giants,Brisbane Lions,2026-05-24T02:30:07Z,ladbrokes_au,Ladbrokes,,player_disposals_over,Harris Andrews,Over,14.0,23.5,20260524_013131
c2359222d8b43b27ad6d7cbc6f780932,Greater Western Sydney Giants,Brisbane Lions,2026-05-24T02:30:07Z,ladbrokes_au,Ladbrokes,,player_disposals_over,Kieren Briggs,Over,16.0,23.5,20260524_013131
c2359222d8b43b27ad6d7cbc6f780932,Greater Western Sydney Giants,Brisbane Lions,2026-05-24T02:30:07Z,ladbrokes_au,Ladbrokes,,player_disposals_over,Toby McMullin,Over,17.0,23.5,20260524_013131
c2359222d8b43b27ad6d7cbc6f780932,Greater Western Sydney Giants,Brisbane Lions,2026-05-24T02:30:07Z,ladbrokes_au,Ladbrokes,,player_disposals_over,Jake Stringer,Over,19.0,23.5,20260524_013131
c2359222d8b43b27ad6d7cbc6f780932,Greater Western Sydney Giants,Brisbane Lions,2026-05-24T02:30:07Z,ladbrokes_au,Ladbrokes,,player_disposals_over,Charlie Cameron,Over,19.0,23.5,20260524_013131
c2359222d8b43b27ad6d7cbc6f780932,Greater Western Sydney Giants,Brisbane Lions,2026-05-24T02:30:07Z,ladbrokes_au,Ladbrokes,,player_disposals_over,Jake Riccardi,Over,21.0,23.5,20260524_013131
c2359222d8b43b27ad6d7cbc6f780932,Greater Western Sydney Giants,Brisbane Lions,2026-05-24T02:30:07Z,ladbrokes_au,Ladbrokes,,player_disposals_over,Toby Bedford,Over,21.0,23.5,20260524_013131
c2359222d8b43b27ad6d7cbc6f780932,Greater Western Sydney Giants,Brisbane Lions,2026-05-24T02:30:07Z,ladbrokes_au,Ladbrokes,,player_disposals_over,Jack Buckley,Over,21.0,23.5,20260524_013131
c2359222d8b43b27ad6d7cbc6f780932,Greater Western Sydney Giants,Brisbane Lions,2026-05-24T02:30:07Z,ladbrokes_au,Ladbrokes,,player_disposals_over,Kai Lohmann,Over,21.0,23.5,20260524_013131
c2359222d8b43b27ad6d7cbc6f780932,Greater Western Sydney Giants,Brisbane Lions,2026-05-24T02:30:07Z,ladbrokes_au,Ladbrokes,,player_disposals_over,Aaron Cadman,Over,21.0,23.5,20260524_013131
c2359222d8b43b27ad6d7cbc6f780932,Greater Western Sydney Giants,Brisbane Lions,2026-05-24T02:30:07Z,ladbrokes_au,Ladbrokes,,player_disposals_over,Clayton Oliver,Over,1.01,21.5,20260524_013131
c2359222d8b43b27ad6d7cbc6f780932,Greater Western Sydney Giants,Brisbane Lions,2026-05-24T02:30:07Z,ladbrokes_au,Ladbrokes,,player_disposals_over,Lachie Whitfield,Over,1.04,21.5,20260524_013131
c2359222d8b43b27ad6d7cbc6f780932,Greater Western Sydney Giants,Brisbane Lions,2026-05-24T02:30:07Z,ladbrokes_au,Ladbrokes,,player_disposals_over,Lachie Neale,Over,1.05,21.5,20260524_013131
c2359222d8b43b27ad6d7cbc6f780932,Greater Western Sydney Giants,Brisbane Lions,2026-05-24T02:30:07Z,ladbrokes_au,Ladbrokes,,player_disposals_over,Lachlan Ash,Over,1.06,21.5,20260524_013131
c2359222d8b43b27ad6d7cbc6f780932,Greater Western Sydney Giants,Brisbane Lions,2026-05-24T02:30:07Z,ladbrokes_au,Ladbrokes,,player_disposals_over,Finn Callaghan,Over,1.07,21.5,20260524_013131
c2359222d8b43b27ad6d7cbc6f780932,Greater Western Sydney Giants,Brisbane Lions,2026-05-24T02:30:07Z,ladbrokes_au,Ladbrokes,,player_disposals_over,Will Ashcroft,Over,1.15,21.5,20260524_013131
c2359222d8b43b27ad6d7cbc6f780932,Greater Western Sydney Giants,Brisbane Lions,2026-05-24T02:30:07Z,ladbrokes_au,Ladbrokes,,player_disposals_over,Darcy Wilmot,Over,1.4,21.5,20260524_013131
c2359222d8b43b27ad6d7cbc6f780932,Greater Western Sydney Giants,Brisbane Lions,2026-05-24T02:30:07Z,ladbrokes_au,Ladbrokes,,player_disposals_over,Hugh McCluggage,Over,1.52,21.5,20260524_013131
c2359222d8b43b27ad6d7cbc6f780932,Greater Western Sydney Giants,Brisbane Lions,2026-05-24T02:30:07Z,ladbrokes_au,Ladbrokes,,player_disposals_over,Levi Ashcroft,Over,2.1,21.5,20260524_013131
c2359222d8b43b27ad6d7cbc6f780932,Greater Western Sydney Giants,Brisbane Lions,2026-05-24T02:30:07Z,ladbrokes_au,Ladbrokes,,player_disposals_over,Harvey Thomas,Over,2.15,21.5,20260524_013131
c2359222d8b43b27ad6d7cbc6f780932,Greater Western Sydney Giants,Brisbane Lions,2026-05-24T02:30:07Z,ladbrokes_au,Ladbrokes,,player_disposals_over,Josh Dunkley,Over,2.15,21.5,20260524_013131
c2359222d8b43b27ad6d7cbc6f780932,Greater Western Sydney Giants,Brisbane Lions,2026-05-24T02:30:07Z,ladbrokes_au,Ladbrokes,,player_disposals_over,Keidean Coleman,Over,2.45,21.5,20260524_013131
c2359222d8b43b27ad6d7cbc6f780932,Greater Western Sydney Giants,Brisbane Lions,2026-05-24T02:30:07Z,ladbrokes_au,Ladbrokes,,player_disposals_over,Connor Idun,Over,2.45,21.5,20260524_013131
c2359222d8b43b27ad6d7cbc6f780932,Greater Western Sydney Giants,Brisbane Lions,2026-05-24T02:30:07Z,ladbrokes_au,Ladbrokes,,player_disposals_over,Zac Bailey,Over,2.9,21.5,20260524_013131
c2359222d8b43b27ad6d7cbc6f780932,Greater Western Sydney Giants,Brisbane Lions,2026-05-24T02:30:07Z,ladbrokes_au,Ladbrokes,,player_disposals_over,Jaspa Fletcher,Over,2.9,21.5,20260524_013131
c2359222d8b43b27ad6d7cbc6f780932,Greater Western Sydney Giants,Brisbane Lions,2026-05-24T02:30:07Z,ladbrokes_au,Ladbrokes,,player_disposals_over,Bruce Reville,Over,2.95,21.5,20260524_013131
c2359222d8b43b27ad6d7cbc6f780932,Greater Western Sydney Giants,Brisbane Lions,2026-05-24T02:30:07Z,ladbrokes_au,Ladbrokes,,player_disposals_over,Toby Greene,Over,3.8,21.5,20260524_013131
c2359222d8b43b27ad6d7cbc6f780932,Greater Western Sydney Giants,Brisbane Lions,2026-05-24T02:30:07Z,ladbrokes_au,Ladbrokes,,player_disposals_over,Harrison Himmelberg,Over,4.6,21.5,20260524_013131
c2359222d8b43b27ad6d7cbc6f780932,Greater Western Sydney Giants,Brisbane Lions,2026-05-24T02:30:07Z,ladbrokes_au,Ladbrokes,,player_disposals_over,Brent Daniels,Over,4.75,21.5,20260524_013131
c2359222d8b43b27ad6d7cbc6f780932,Greater Western Sydney Giants,Brisbane Lions,2026-05-24T02:30:07Z,ladbrokes_au,Ladbrokes,,player_disposals_over,Stephen Coniglio,Over,4.8,21.5,20260524_013131
c2359222d8b43b27ad6d7cbc6f780932,Greater Western Sydney Giants,Brisbane Lions,2026-05-24T02:30:07Z,ladbrokes_au,Ladbrokes,,player_disposals_over,Joseph Fonti,Over,6.0,21.5,20260524_013131
c2359222d8b43b27ad6d7cbc6f780932,Greater Western Sydney Giants,Brisbane Lions,2026-05-24T02:30:07Z,ladbrokes_au,Ladbrokes,,player_disposals_over,Sam Marshall,Over,6.4,21.5,20260524_013131
c2359222d8b43b27ad6d7cbc6f780932,Greater Western Sydney Giants,Brisbane Lions,2026-05-24T02:30:07Z,ladbrokes_au,Ladbrokes,,player_disposals_over,Jayden Laverde,Over,7.5,21.5,20260524_013131
c2359222d8b43b27ad6d7cbc6f780932,Greater Western Sydney Giants,Brisbane Lions,2026-05-24T02:30:07Z,ladbrokes_au,Ladbrokes,,player_disposals_over,James Tunstill,Over,7.75,21.5,20260524_013131
c2359222d8b43b27ad6d7cbc6f780932,Greater Western Sydney Giants,Brisbane Lions,2026-05-24T02:30:07Z,ladbrokes_au,Ladbrokes,,player_disposals_over,Darcy Fort,Over,7.75,21.5,20260524_013131
c2359222d8b43b27ad6d7cbc6f780932,Greater Western Sydney Giants,Brisbane Lions,2026-05-24T02:30:07Z,ladbrokes_au,Ladbrokes,,player_disposals_over,Cameron Rayner,Over,8.0,21.5,20260524_013131
c2359222d8b43b27ad6d7cbc6f780932,Greater Western Sydney Giants,Brisbane Lions,2026-05-24T02:30:07Z,ladbrokes_au,Ladbrokes,,player_disposals_over,Harris Andrews,Over,8.0,21.5,20260524_013131
c2359222d8b43b27ad6d7cbc6f780932,Greater Western Sydney Giants,Brisbane Lions,2026-05-24T02:30:07Z,ladbrokes_au,Ladbrokes,,player_disposals_over,Kieren Briggs,Over,9.0,21.5,20260524_013131
c2359222d8b43b27ad6d7cbc6f780932,Greater Western Sydney Giants,Brisbane Lions,2026-05-24T02:30:07Z,ladbrokes_au,Ladbrokes,,player_disposals_over,Toby McMullin,Over,9.25,21.5,20260524_013131
c2359222d8b43b27ad6d7cbc6f780932,Greater Western Sydney Giants,Brisbane Lions,2026-05-24T02:30:07Z,ladbrokes_au,Ladbrokes,,player_disposals_over,Jake Stringer,Over,10.5,21.5,20260524_013131
c2359222d8b43b27ad6d7cbc6f780932,Greater Western Sydney Giants,Brisbane Lions,2026-05-24T02:30:07Z,ladbrokes_au,Ladbrokes,,player_disposals_over,Charlie Cameron,Over,10.5,21.5,20260524_013131
c2359222d8b43b27ad6d7cbc6f780932,Greater Western Sydney Giants,Brisbane Lions,2026-05-24T02:30:07Z,ladbrokes_au,Ladbrokes,,player_disposals_over,Kai Lohmann,Over,11.0,21.5,20260524_013131
c2359222d8b43b27ad6d7cbc6f780932,Greater Western Sydney Giants,Brisbane Lions,2026-05-24T02:30:07Z,ladbrokes_au,Ladbrokes,,player_disposals_over,Jake Riccardi,Over,11.5,21.5,20260524_013131
c2359222d8b43b27ad6d7cbc6f780932,Greater Western Sydney Giants,Brisbane Lions,2026-05-24T02:30:07Z,ladbrokes_au,Ladbrokes,,player_disposals_over,Toby Bedford,Over,11.5,21.5,20260524_013131
c2359222d8b43b27ad6d7cbc6f780932,Greater Western Sydney Giants,Brisbane Lions,2026-05-24T02:30:07Z,ladbrokes_au,Ladbrokes,,player_disposals_over,Jack Buckley,Over,11.5,21.5,20260524_013131
c2359222d8b43b27ad6d7cbc6f780932,Greater Western Sydney Giants,Brisbane Lions,2026-05-24T02:30:07Z,ladbrokes_au,Ladbrokes,,player_disposals_over,Aaron Cadman,Over,11.5,21.5,20260524_013131
c2359222d8b43b27ad6d7cbc6f780932,Greater Western Sydney Giants,Brisbane Lions,2026-05-24T02:30:07Z,ladbrokes_au,Ladbrokes,,player_disposals_over,Phoenix Gothard,Over,14.0,21.5,20260524_013131
c2359222d8b43b27ad6d7cbc6f780932,Greater Western Sydney Giants,Brisbane Lions,2026-05-24T02:30:07Z,ladbrokes_au,Ladbrokes,,player_disposals_over,Logan Morris,Over,15.0,21.5,20260524_013131
c2359222d8b43b27ad6d7cbc6f780932,Greater Western Sydney Giants,Brisbane Lions,2026-05-24T02:30:07Z,ladbrokes_au,Ladbrokes,,player_disposals_over,Conor McKenna,Over,16.0,21.5,20260524_013131
c2359222d8b43b27ad6d7cbc6f780932,Greater Western Sydney Giants,Brisbane Lions,2026-05-24T02:30:07Z,ladbrokes_au,Ladbrokes,,player_disposals_over,Levi Ashcroft,Over,1.05,14.5,20260524_013131
c2359222d8b43b27ad6d7cbc6f780932,Greater Western Sydney Giants,Brisbane Lions,2026-05-24T02:30:07Z,ladbrokes_au,Ladbrokes,,player_disposals_over,Harvey Thomas,Over,1.06,14.5,20260524_013131
c2359222d8b43b27ad6d7cbc6f780932,Greater Western Sydney Giants,Brisbane Lions,2026-05-24T02:30:07Z,ladbrokes_au,Ladbrokes,,player_disposals_over,Josh Dunkley,Over,1.06,14.5,20260524_013131
c2359222d8b43b27ad6d7cbc6f780932,Greater Western Sydney Giants,Brisbane Lions,2026-05-24T02:30:07Z,ladbrokes_au,Ladbrokes,,player_disposals_over,Keidean Coleman,Over,1.11,14.5,20260524_013131
c2359222d8b43b27ad6d7cbc6f780932,Greater Western Sydney Giants,Brisbane Lions,2026-05-24T02:30:07Z,ladbrokes_au,Ladbrokes,,player_disposals_over,Connor Idun,Over,1.11,14.5,20260524_013131
c2359222d8b43b27ad6d7cbc6f780932,Greater Western Sydney Giants,Brisbane Lions,2026-05-24T02:30:07Z,ladbrokes_au,Ladbrokes,,player_disposals_over,Zac Bailey,Over,1.18,14.5,20260524_013131
c2359222d8b43b27ad6d7cbc6f780932,Greater Western Sydney Giants,Brisbane Lions,2026-05-24T02:30:07Z,ladbrokes_au,Ladbrokes,,player_disposals_over,Jaspa Fletcher,Over,1.18,14.5,20260524_013131
c2359222d8b43b27ad6d7cbc6f780932,Greater Western Sydney Giants,Brisbane Lions,2026-05-24T02:30:07Z,ladbrokes_au,Ladbrokes,,player_disposals_over,Bruce Reville,Over,1.19,14.5,20260524_013131
c2359222d8b43b27ad6d7cbc6f780932,Greater Western Sydney Giants,Brisbane Lions,2026-05-24T02:30:07Z,ladbrokes_au,Ladbrokes,,player_disposals_over,Toby Greene,Over,1.32,14.5,20260524_013131
c2359222d8b43b27ad6d7cbc6f780932,Greater Western Sydney Giants,Brisbane Lions,2026-05-24T02:30:07Z,ladbrokes_au,Ladbrokes,,player_disposals_over,Harrison Himmelberg,Over,1.44,14.5,20260524_013131
c2359222d8b43b27ad6d7cbc6f780932,Greater Western Sydney Giants,Brisbane Lions,2026-05-24T02:30:07Z,ladbrokes_au,Ladbrokes,,player_disposals_over,Brent Daniels,Over,1.46,14.5,20260524_013131
c2359222d8b43b27ad6d7cbc6f780932,Greater Western Sydney Giants,Brisbane Lions,2026-05-24T02:30:07Z,ladbrokes_au,Ladbrokes,,player_disposals_over,Stephen Coniglio,Over,1.46,14.5,20260524_013131
c2359222d8b43b27ad6d7cbc6f780932,Greater Western Sydney Giants,Brisbane Lions,2026-05-24T02:30:07Z,ladbrokes_au,Ladbrokes,,player_disposals_over,Joseph Fonti,Over,1.62,14.5,20260524_013131
c2359222d8b43b27ad6d7cbc6f780932,Greater Western Sydney Giants,Brisbane Lions,2026-05-24T02:30:07Z,ladbrokes_au,Ladbrokes,,player_disposals_over,Sam Marshall,Over,1.67,14.5,20260524_013131
c2359222d8b43b27ad6d7cbc6f780932,Greater Western Sydney Giants,Brisbane Lions,2026-05-24T02:30:07Z,ladbrokes_au,Ladbrokes,,player_disposals_over,Jayden Laverde,Over,1.8,14.5,20260524_013131
c2359222d8b43b27ad6d7cbc6f780932,Greater Western Sydney Giants,Brisbane Lions,2026-05-24T02:30:07Z,ladbrokes_au,Ladbrokes,,player_disposals_over,James Tunstill,Over,1.83,14.5,20260524_013131
c2359222d8b43b27ad6d7cbc6f780932,Greater Western Sydney Giants,Brisbane Lions,2026-05-24T02:30:07Z,ladbrokes_au,Ladbrokes,,player_disposals_over,Darcy Fort,Over,1.83,14.5,20260524_013131
c2359222d8b43b27ad6d7cbc6f780932,Greater Western Sydney Giants,Brisbane Lions,2026-05-24T02:30:07Z,ladbrokes_au,Ladbrokes,,player_disposals_over,Cameron Rayner,Over,1.85,14.5,20260524_013131
c2359222d8b43b27ad6d7cbc6f780932,Greater Western Sydney Giants,Brisbane Lions,2026-05-24T02:30:07Z,ladbrokes_au,Ladbrokes,,player_disposals_over,Harris Andrews,Over,1.85,14.5,20260524_013131
c2359222d8b43b27ad6d7cbc6f780932,Greater Western Sydney Giants,Brisbane Lions,2026-05-24T02:30:07Z,ladbrokes_au,Ladbrokes,,player_disposals_over,Kieren Briggs,Over,1.98,14.5,20260524_013131
c2359222d8b43b27ad6d7cbc6f780932,Greater Western Sydney Giants,Brisbane Lions,2026-05-24T02:30:07Z,ladbrokes_au,Ladbrokes,,player_disposals_over,Toby McMullin,Over,2.02,14.5,20260524_013131
c2359222d8b43b27ad6d7cbc6f780932,Greater Western Sydney Giants,Brisbane Lions,2026-05-24T02:30:07Z,ladbrokes_au,Ladbrokes,,player_disposals_over,Jake Stringer,Over,2.15,14.5,20260524_013131
c2359222d8b43b27ad6d7cbc6f780932,Greater Western Sydney Giants,Brisbane Lions,2026-05-24T02:30:07Z,ladbrokes_au,Ladbrokes,,player_disposals_over,Charlie Cameron,Over,2.15,14.5,20260524_013131
c2359222d8b43b27ad6d7cbc6f780932,Greater Western Sydney Giants,Brisbane Lions,2026-05-24T02:30:07Z,ladbrokes_au,Ladbrokes,,player_disposals_over,Kai Lohmann,Over,2.2,14.5,20260524_013131
c2359222d8b43b27ad6d7cbc6f780932,Greater Western Sydney Giants,Brisbane Lions,2026-05-24T02:30:07Z,ladbrokes_au,Ladbrokes,,player_disposals_over,Jake Riccardi,Over,2.25,14.5,20260524_013131
c2359222d8b43b27ad6d7cbc6f780932,Greater Western Sydney Giants,Brisbane Lions,2026-05-24T02:30:07Z,ladbrokes_au,Ladbrokes,,player_disposals_over,Toby Bedford,Over,2.25,14.5,20260524_013131
c2359222d8b43b27ad6d7cbc6f780932,Greater Western Sydney Giants,Brisbane Lions,2026-05-24T02:30:07Z,ladbrokes_au,Ladbrokes,,player_disposals_over,Jack Buckley,Over,2.25,14.5,20260524_013131
c2359222d8b43b27ad6d7cbc6f780932,Greater Western Sydney Giants,Brisbane Lions,2026-05-24T02:30:07Z,ladbrokes_au,Ladbrokes,,player_disposals_over,Aaron Cadman,Over,2.25,14.5,20260524_013131
c2359222d8b43b27ad6d7cbc6f780932,Greater Western Sydney Giants,Brisbane Lions,2026-05-24T02:30:07Z,ladbrokes_au,Ladbrokes,,player_disposals_over,Phoenix Gothard,Over,2.45,14.5,20260524_013131
c2359222d8b43b27ad6d7cbc6f780932,Greater Western Sydney Giants,Brisbane Lions,2026-05-24T02:30:07Z,ladbrokes_au,Ladbrokes,,player_disposals_over,Logan Morris,Over,2.6,14.5,20260524_013131
c2359222d8b43b27ad6d7cbc6f780932,Greater Western Sydney Giants,Brisbane Lions,2026-05-24T02:30:07Z,ladbrokes_au,Ladbrokes,,player_disposals_over,Conor McKenna,Over,2.7,14.5,20260524_013131
c2359222d8b43b27ad6d7cbc6f780932,Greater Western Sydney Giants,Brisbane Lions,2026-05-24T02:30:07Z,ladbrokes_au,Ladbrokes,,player_disposals_over,Sam Draper,Over,2.8,14.5,20260524_013131
c2359222d8b43b27ad6d7cbc6f780932,Greater Western Sydney Giants,Brisbane Lions,2026-05-24T02:30:07Z,ladbrokes_au,Ladbrokes,,player_disposals_over,Darcy Gardiner,Over,3.5,14.5,20260524_013131
c2359222d8b43b27ad6d7cbc6f780932,Greater Western Sydney Giants,Brisbane Lions,2026-05-24T02:30:07Z,ladbrokes_au,Ladbrokes,,player_disposals_over,Callum Brown,Over,3.8,14.5,20260524_013131
c2359222d8b43b27ad6d7cbc6f780932,Greater Western Sydney Giants,Brisbane Lions,2026-05-24T02:30:07Z,ladbrokes_au,Ladbrokes,,player_disposals_over,Ty Gallop,Over,4.0,14.5,20260524_013131
c2359222d8b43b27ad6d7cbc6f780932,Greater Western Sydney Giants,Brisbane Lions,2026-05-24T02:30:07Z,ladbrokes_au,Ladbrokes,,player_disposals_over,Max Gruzewski,Over,5.25,14.5,20260524_013131
c2359222d8b43b27ad6d7cbc6f780932,Greater Western Sydney Giants,Brisbane Lions,2026-05-24T02:30:07Z,ladbrokes_au,Ladbrokes,,player_disposals_over,Sam Marshall,Over,1.01,9.5,20260524_013131
c2359222d8b43b27ad6d7cbc6f780932,Greater Western Sydney Giants,Brisbane Lions,2026-05-24T02:30:07Z,ladbrokes_au,Ladbrokes,,player_disposals_over,Joseph Fonti,Over,1.01,9.5,20260524_013131
c2359222d8b43b27ad6d7cbc6f780932,Greater Western Sydney Giants,Brisbane Lions,2026-05-24T02:30:07Z,ladbrokes_au,Ladbrokes,,player_disposals_over,Jayden Laverde,Over,1.03,9.5,20260524_013131
c2359222d8b43b27ad6d7cbc6f780932,Greater Western Sydney Giants,Brisbane Lions,2026-05-24T02:30:07Z,ladbrokes_au,Ladbrokes,,player_disposals_over,Cameron Rayner,Over,1.04,9.5,20260524_013131
c2359222d8b43b27ad6d7cbc6f780932,Greater Western Sydney Giants,Brisbane Lions,2026-05-24T02:30:07Z,ladbrokes_au,Ladbrokes,,player_disposals_over,James Tunstill,Over,1.04,9.5,20260524_013131
c2359222d8b43b27ad6d7cbc6f780932,Greater Western Sydney Giants,Brisbane Lions,2026-05-24T02:30:07Z,ladbrokes_au,Ladbrokes,,player_disposals_over,Darcy Fort,Over,1.04,9.5,20260524_013131
c2359222d8b43b27ad6d7cbc6f780932,Greater Western Sydney Giants,Brisbane Lions,2026-05-24T02:30:07Z,ladbrokes_au,Ladbrokes,,player_disposals_over,Harris Andrews,Over,1.04,9.5,20260524_013131
c2359222d8b43b27ad6d7cbc6f780932,Greater Western Sydney Giants,Brisbane Lions,2026-05-24T02:30:07Z,ladbrokes_au,Ladbrokes,,player_disposals_over,Kieren Briggs,Over,1.06,9.5,20260524_013131
c2359222d8b43b27ad6d7cbc6f780932,Greater Western Sydney Giants,Brisbane Lions,2026-05-24T02:30:07Z,ladbrokes_au,Ladbrokes,,player_disposals_over,Toby McMullin,Over,1.07,9.5,20260524_013131
c2359222d8b43b27ad6d7cbc6f780932,Greater Western Sydney Giants,Brisbane Lions,2026-05-24T02:30:07Z,ladbrokes_au,Ladbrokes,,player_disposals_over,Jake Stringer,Over,1.09,9.5,20260524_013131
c2359222d8b43b27ad6d7cbc6f780932,Greater Western Sydney Giants,Brisbane Lions,2026-05-24T02:30:07Z,ladbrokes_au,Ladbrokes,,player_disposals_over,Charlie Cameron,Over,1.09,9.5,20260524_013131
c2359222d8b43b27ad6d7cbc6f780932,Greater Western Sydney Giants,Brisbane Lions,2026-05-24T02:30:07Z,ladbrokes_au,Ladbrokes,,player_disposals_over,Kai Lohmann,Over,1.11,9.5,20260524_013131
c2359222d8b43b27ad6d7cbc6f780932,Greater Western Sydney Giants,Brisbane Lions,2026-05-24T02:30:07Z,ladbrokes_au,Ladbrokes,,player_disposals_over,Jake Riccardi,Over,1.12,9.5,20260524_013131
c2359222d8b43b27ad6d7cbc6f780932,Greater Western Sydney Giants,Brisbane Lions,2026-05-24T02:30:07Z,ladbrokes_au,Ladbrokes,,player_disposals_over,Toby Bedford,Over,1.12,9.5,20260524_013131
c2359222d8b43b27ad6d7cbc6f780932,Greater Western Sydney Giants,Brisbane Lions,2026-05-24T02:30:07Z,ladbrokes_au,Ladbrokes,,player_disposals_over,Jack Buckley,Over,1.12,9.5,20260524_013131
c2359222d8b43b27ad6d7cbc6f780932,Greater Western Sydney Giants,Brisbane Lions,2026-05-24T02:30:07Z,ladbrokes_au,Ladbrokes,,player_disposals_over,Aaron Cadman,Over,1.12,9.5,20260524_013131
c2359222d8b43b27ad6d7cbc6f780932,Greater Western Sydney Giants,Brisbane Lions,2026-05-24T02:30:07Z,ladbrokes_au,Ladbrokes,,player_disposals_over,Phoenix Gothard,Over,1.15,9.5,20260524_013131
c2359222d8b43b27ad6d7cbc6f780932,Greater Western Sydney Giants,Brisbane Lions,2026-05-24T02:30:07Z,ladbrokes_au,Ladbrokes,,player_disposals_over,Logan Morris,Over,1.19,9.5,20260524_013131
c2359222d8b43b27ad6d7cbc6f780932,Greater Western Sydney Giants,Brisbane Lions,2026-05-24T02:30:07Z,ladbrokes_au,Ladbrokes,,player_disposals_over,Conor McKenna,Over,1.19,9.5,20260524_013131
c2359222d8b43b27ad6d7cbc6f780932,Greater Western Sydney Giants,Brisbane Lions,2026-05-24T02:30:07Z,ladbrokes_au,Ladbrokes,,player_disposals_over,Sam Draper,Over,1.22,9.5,20260524_013131
c2359222d8b43b27ad6d7cbc6f780932,Greater Western Sydney Giants,Brisbane Lions,2026-05-24T02:30:07Z,ladbrokes_au,Ladbrokes,,player_disposals_over,Darcy Gardiner,Over,1.35,9.5,20260524_013131
c2359222d8b43b27ad6d7cbc6f780932,Greater Western Sydney Giants,Brisbane Lions,2026-05-24T02:30:07Z,ladbrokes_au,Ladbrokes,,player_disposals_over,Callum Brown,Over,1.4,9.5,20260524_013131
c2359222d8b43b27ad6d7cbc6f780932,Greater Western Sydney Giants,Brisbane Lions,2026-05-24T02:30:07Z,ladbrokes_au,Ladbrokes,,player_disposals_over,Ty Gallop,Over,1.42,9.5,20260524_013131
c2359222d8b43b27ad6d7cbc6f780932,Greater Western Sydney Giants,Brisbane Lions,2026-05-24T02:30:07Z,ladbrokes_au,Ladbrokes,,player_disposals_over,Max Gruzewski,Over,1.65,9.5,20260524_013131
c2359222d8b43b27ad6d7cbc6f780932,Greater Western Sydney Giants,Brisbane Lions,2026-05-24T02:30:07Z,ladbrokes_au,Ladbrokes,,player_disposals_over,Clayton Oliver,Over,1.65,29.5,20260524_013131
c2359222d8b43b27ad6d7cbc6f780932,Greater Western Sydney Giants,Brisbane Lions,2026-05-24T02:30:07Z,ladbrokes_au,Ladbrokes,,player_disposals_over,Lachie Whitfield,Over,1.85,29.5,20260524_013131
c2359222d8b43b27ad6d7cbc6f780932,Greater Western Sydney Giants,Brisbane Lions,2026-05-24T02:30:07Z,ladbrokes_au,Ladbrokes,,player_disposals_over,Lachie Neale,Over,1.9,29.5,20260524_013131
c2359222d8b43b27ad6d7cbc6f780932,Greater Western Sydney Giants,Brisbane Lions,2026-05-24T02:30:07Z,ladbrokes_au,Ladbrokes,,player_disposals_over,Lachlan Ash,Over,1.98,29.5,20260524_013131
c2359222d8b43b27ad6d7cbc6f780932,Greater Western Sydney Giants,Brisbane Lions,2026-05-24T02:30:07Z,ladbrokes_au,Ladbrokes,,player_disposals_over,Finn Callaghan,Over,2.1,29.5,20260524_013131
c2359222d8b43b27ad6d7cbc6f780932,Greater Western Sydney Giants,Brisbane Lions,2026-05-24T02:30:07Z,ladbrokes_au,Ladbrokes,,player_disposals_over,Will Ashcroft,Over,2.5,29.5,20260524_013131
c2359222d8b43b27ad6d7cbc6f780932,Greater Western Sydney Giants,Brisbane Lions,2026-05-24T02:30:07Z,ladbrokes_au,Ladbrokes,,player_disposals_over,Darcy Wilmot,Over,4.1,29.5,20260524_013131
c2359222d8b43b27ad6d7cbc6f780932,Greater Western Sydney Giants,Brisbane Lions,2026-05-24T02:30:07Z,ladbrokes_au,Ladbrokes,,player_disposals_over,Hugh McCluggage,Over,4.8,29.5,20260524_013131
c2359222d8b43b27ad6d7cbc6f780932,Greater Western Sydney Giants,Brisbane Lions,2026-05-24T02:30:07Z,ladbrokes_au,Ladbrokes,,player_disposals_over,Levi Ashcroft,Over,9.5,29.5,20260524_013131
c2359222d8b43b27ad6d7cbc6f780932,Greater Western Sydney Giants,Brisbane Lions,2026-05-24T02:30:07Z,ladbrokes_au,Ladbrokes,,player_disposals_over,Harvey Thomas,Over,9.75,29.5,20260524_013131
c2359222d8b43b27ad6d7cbc6f780932,Greater Western Sydney Giants,Brisbane Lions,2026-05-24T02:30:07Z,ladbrokes_au,Ladbrokes,,player_disposals_over,Josh Dunkley,Over,9.75,29.5,20260524_013131
c2359222d8b43b27ad6d7cbc6f780932,Greater Western Sydney Giants,Brisbane Lions,2026-05-24T02:30:07Z,ladbrokes_au,Ladbrokes,,player_disposals_over,Keidean Coleman,Over,13.0,29.5,20260524_013131
c2359222d8b43b27ad6d7cbc6f780932,Greater Western Sydney Giants,Brisbane Lions,2026-05-24T02:30:07Z,ladbrokes_au,Ladbrokes,,player_disposals_over,Connor Idun,Over,13.0,29.5,20260524_013131
c2359222d8b43b27ad6d7cbc6f780932,Greater Western Sydney Giants,Brisbane Lions,2026-05-24T02:30:07Z,ladbrokes_au,Ladbrokes,,player_disposals_over,Zac Bailey,Over,19.0,29.5,20260524_013131
c2359222d8b43b27ad6d7cbc6f780932,Greater Western Sydney Giants,Brisbane Lions,2026-05-24T02:30:07Z,ladbrokes_au,Ladbrokes,,player_disposals_over,Bruce Reville,Over,19.0,29.5,20260524_013131
c2359222d8b43b27ad6d7cbc6f780932,Greater Western Sydney Giants,Brisbane Lions,2026-05-24T02:30:07Z,ladbrokes_au,Ladbrokes,,player_disposals_over,Jaspa Fletcher,Over,19.0,29.5,20260524_013131
c2359222d8b43b27ad6d7cbc6f780932,Greater Western Sydney Giants,Brisbane Lions,2026-05-24T02:30:07Z,ladbrokes_au,Ladbrokes,,player_disposals_over,Toby Greene,Over,29.0,29.5,20260524_013131
c2359222d8b43b27ad6d7cbc6f780932,Greater Western Sydney Giants,Brisbane Lions,2026-05-24T02:30:07Z,ladbrokes_au,Ladbrokes,,player_disposals_over,Brent Daniels,Over,41.0,29.5,20260524_013131
c2359222d8b43b27ad6d7cbc6f780932,Greater Western Sydney Giants,Brisbane Lions,2026-05-24T02:30:07Z,ladbrokes_au,Ladbrokes,,player_disposals_over,Stephen Coniglio,Over,41.0,29.5,20260524_013131
c2359222d8b43b27ad6d7cbc6f780932,Greater Western Sydney Giants,Brisbane Lions,2026-05-24T02:30:07Z,ladbrokes_au,Ladbrokes,,player_disposals_over,Harrison Himmelberg,Over,41.0,29.5,20260524_013131
c2359222d8b43b27ad6d7cbc6f780932,Greater Western Sydney Giants,Brisbane Lions,2026-05-24T02:30:07Z,ladbrokes_au,Ladbrokes,,player_disposals_over,Clayton Oliver,Over,4.5,37.5,20260524_013131
c2359222d8b43b27ad6d7cbc6f780932,Greater Western Sydney Giants,Brisbane Lions,2026-05-24T02:30:07Z,ladbrokes_au,Ladbrokes,,player_disposals_over,Lachie Whitfield,Over,5.6,37.5,20260524_013131
c2359222d8b43b27ad6d7cbc6f780932,Greater Western Sydney Giants,Brisbane Lions,2026-05-24T02:30:07Z,ladbrokes_au,Ladbrokes,,player_disposals_over,Lachie Neale,Over,5.8,37.5,20260524_013131
c2359222d8b43b27ad6d7cbc6f780932,Greater Western Sydney Giants,Brisbane Lions,2026-05-24T02:30:07Z,ladbrokes_au,Ladbrokes,,player_disposals_over,Lachlan Ash,Over,6.4,37.5,20260524_013131
c2359222d8b43b27ad6d7cbc6f780932,Greater Western Sydney Giants,Brisbane Lions,2026-05-24T02:30:07Z,ladbrokes_au,Ladbrokes,,player_disposals_over,Finn Callaghan,Over,7.0,37.5,20260524_013131
c2359222d8b43b27ad6d7cbc6f780932,Greater Western Sydney Giants,Brisbane Lions,2026-05-24T02:30:07Z,ladbrokes_au,Ladbrokes,,player_disposals_over,Will Ashcroft,Over,9.75,37.5,20260524_013131
c2359222d8b43b27ad6d7cbc6f780932,Greater Western Sydney Giants,Brisbane Lions,2026-05-24T02:30:07Z,ladbrokes_au,Ladbrokes,,player_disposals_over,Darcy Wilmot,Over,23.0,37.5,20260524_013131
c2359222d8b43b27ad6d7cbc6f780932,Greater Western Sydney Giants,Brisbane Lions,2026-05-24T02:30:07Z,ladbrokes_au,Ladbrokes,,player_disposals_over,Hugh McCluggage,Over,29.0,37.5,20260524_013131
c2359222d8b43b27ad6d7cbc6f780932,Greater Western Sydney Giants,Brisbane Lions,2026-05-24T02:30:07Z,ladbrokes_au,Ladbrokes,,player_disposals_over,Zac Bailey,Over,1.01,11.5,20260524_013131
c2359222d8b43b27ad6d7cbc6f780932,Greater Western Sydney Giants,Brisbane Lions,2026-05-24T02:30:07Z,ladbrokes_au,Ladbrokes,,player_disposals_over,Bruce Reville,Over,1.01,11.5,20260524_013131
c2359222d8b43b27ad6d7cbc6f780932,Greater Western Sydney Giants,Brisbane Lions,2026-05-24T02:30:07Z,ladbrokes_au,Ladbrokes,,player_disposals_over,Jaspa Fletcher,Over,1.01,11.5,20260524_013131
c2359222d8b43b27ad6d7cbc6f780932,Greater Western Sydney Giants,Brisbane Lions,2026-05-24T02:30:07Z,ladbrokes_au,Ladbrokes,,player_disposals_over,Toby Greene,Over,1.03,11.5,20260524_013131
c2359222d8b43b27ad6d7cbc6f780932,Greater Western Sydney Giants,Brisbane Lions,2026-05-24T02:30:07Z,ladbrokes_au,Ladbrokes,,player_disposals_over,Harrison Himmelberg,Over,1.07,11.5,20260524_013131
c2359222d8b43b27ad6d7cbc6f780932,Greater Western Sydney Giants,Brisbane Lions,2026-05-24T02:30:07Z,ladbrokes_au,Ladbrokes,,player_disposals_over,Brent Daniels,Over,1.08,11.5,20260524_013131
c2359222d8b43b27ad6d7cbc6f780932,Greater Western Sydney Giants,Brisbane Lions,2026-05-24T02:30:07Z,ladbrokes_au,Ladbrokes,,player_disposals_over,Stephen Coniglio,Over,1.08,11.5,20260524_013131
c2359222d8b43b27ad6d7cbc6f780932,Greater Western Sydney Giants,Brisbane Lions,2026-05-24T02:30:07Z,ladbrokes_au,Ladbrokes,,player_disposals_over,Joseph Fonti,Over,1.14,11.5,20260524_013131
c2359222d8b43b27ad6d7cbc6f780932,Greater Western Sydney Giants,Brisbane Lions,2026-05-24T02:30:07Z,ladbrokes_au,Ladbrokes,,player_disposals_over,Sam Marshall,Over,1.16,11.5,20260524_013131
c2359222d8b43b27ad6d7cbc6f780932,Greater Western Sydney Giants,Brisbane Lions,2026-05-24T02:30:07Z,ladbrokes_au,Ladbrokes,,player_disposals_over,James Tunstill,Over,1.22,11.5,20260524_013131
c2359222d8b43b27ad6d7cbc6f780932,Greater Western Sydney Giants,Brisbane Lions,2026-05-24T02:30:07Z,ladbrokes_au,Ladbrokes,,player_disposals_over,Darcy Fort,Over,1.22,11.5,20260524_013131
c2359222d8b43b27ad6d7cbc6f780932,Greater Western Sydney Giants,Brisbane Lions,2026-05-24T02:30:07Z,ladbrokes_au,Ladbrokes,,player_disposals_over,Jayden Laverde,Over,1.22,11.5,20260524_013131
c2359222d8b43b27ad6d7cbc6f780932,Greater Western Sydney Giants,Brisbane Lions,2026-05-24T02:30:07Z,ladbrokes_au,Ladbrokes,,player_disposals_over,Cameron Rayner,Over,1.24,11.5,20260524_013131
c2359222d8b43b27ad6d7cbc6f780932,Greater Western Sydney Giants,Brisbane Lions,2026-05-24T02:30:07Z,ladbrokes_au,Ladbrokes,,player_disposals_over,Harris Andrews,Over,1.24,11.5,20260524_013131
c2359222d8b43b27ad6d7cbc6f780932,Greater Western Sydney Giants,Brisbane Lions,2026-05-24T02:30:07Z,ladbrokes_au,Ladbrokes,,player_disposals_over,Kieren Briggs,Over,1.28,11.5,20260524_013131
c2359222d8b43b27ad6d7cbc6f780932,Greater Western Sydney Giants,Brisbane Lions,2026-05-24T02:30:07Z,ladbrokes_au,Ladbrokes,,player_disposals_over,Toby McMullin,Over,1.3,11.5,20260524_013131
c2359222d8b43b27ad6d7cbc6f780932,Greater Western Sydney Giants,Brisbane Lions,2026-05-24T02:30:07Z,ladbrokes_au,Ladbrokes,,player_disposals_over,Jake Stringer,Over,1.35,11.5,20260524_013131
c2359222d8b43b27ad6d7cbc6f780932,Greater Western Sydney Giants,Brisbane Lions,2026-05-24T02:30:07Z,ladbrokes_au,Ladbrokes,,player_disposals_over,Charlie Cameron,Over,1.35,11.5,20260524_013131
c2359222d8b43b27ad6d7cbc6f780932,Greater Western Sydney Giants,Brisbane Lions,2026-05-24T02:30:07Z,ladbrokes_au,Ladbrokes,,player_disposals_over,Jake Riccardi,Over,1.38,11.5,20260524_013131
c2359222d8b43b27ad6d7cbc6f780932,Greater Western Sydney Giants,Brisbane Lions,2026-05-24T02:30:07Z,ladbrokes_au,Ladbrokes,,player_disposals_over,Toby Bedford,Over,1.38,11.5,20260524_013131
c2359222d8b43b27ad6d7cbc6f780932,Greater Western Sydney Giants,Brisbane Lions,2026-05-24T02:30:07Z,ladbrokes_au,Ladbrokes,,player_disposals_over,Jack Buckley,Over,1.38,11.5,20260524_013131
c2359222d8b43b27ad6d7cbc6f780932,Greater Western Sydney Giants,Brisbane Lions,2026-05-24T02:30:07Z,ladbrokes_au,Ladbrokes,,player_disposals_over,Kai Lohmann,Over,1.38,11.5,20260524_013131
c2359222d8b43b27ad6d7cbc6f780932,Greater Western Sydney Giants,Brisbane Lions,2026-05-24T02:30:07Z,ladbrokes_au,Ladbrokes,,player_disposals_over,Aaron Cadman,Over,1.38,11.5,20260524_013131
c2359222d8b43b27ad6d7cbc6f780932,Greater Western Sydney Giants,Brisbane Lions,2026-05-24T02:30:07Z,ladbrokes_au,Ladbrokes,,player_disposals_over,Phoenix Gothard,Over,1.46,11.5,20260524_013131
c2359222d8b43b27ad6d7cbc6f780932,Greater Western Sydney Giants,Brisbane Lions,2026-05-24T02:30:07Z,ladbrokes_au,Ladbrokes,,player_disposals_over,Logan Morris,Over,1.53,11.5,20260524_013131
c2359222d8b43b27ad6d7cbc6f780932,Greater Western Sydney Giants,Brisbane Lions,2026-05-24T02:30:07Z,ladbrokes_au,Ladbrokes,,player_disposals_over,Conor McKenna,Over,1.55,11.5,20260524_013131
c2359222d8b43b27ad6d7cbc6f780932,Greater Western Sydney Giants,Brisbane Lions,2026-05-24T02:30:07Z,ladbrokes_au,Ladbrokes,,player_disposals_over,Sam Draper,Over,1.6,11.5,20260524_013131
c2359222d8b43b27ad6d7cbc6f780932,Greater Western Sydney Giants,Brisbane Lions,2026-05-24T02:30:07Z,ladbrokes_au,Ladbrokes,,player_disposals_over,Darcy Gardiner,Over,1.88,11.5,20260524_013131
c2359222d8b43b27ad6d7cbc6f780932,Greater Western Sydney Giants,Brisbane Lions,2026-05-24T02:30:07Z,ladbrokes_au,Ladbrokes,,player_disposals_over,Callum Brown,Over,2.0,11.5,20260524_013131
c2359222d8b43b27ad6d7cbc6f780932,Greater Western Sydney Giants,Brisbane Lions,2026-05-24T02:30:07Z,ladbrokes_au,Ladbrokes,,player_disposals_over,Ty Gallop,Over,2.02,11.5,20260524_013131
c2359222d8b43b27ad6d7cbc6f780932,Greater Western Sydney Giants,Brisbane Lions,2026-05-24T02:30:07Z,ladbrokes_au,Ladbrokes,,player_disposals_over,Max Gruzewski,Over,2.5,11.5,20260524_013131
c2359222d8b43b27ad6d7cbc6f780932,Greater Western Sydney Giants,Brisbane Lions,2026-05-24T02:30:07Z,ladbrokes_au,Ladbrokes,,player_disposals_over,Darcy Wilmot,Over,1.06,17.5,20260524_013131
c2359222d8b43b27ad6d7cbc6f780932,Greater Western Sydney Giants,Brisbane Lions,2026-05-24T02:30:07Z,ladbrokes_au,Ladbrokes,,player_disposals_over,Hugh McCluggage,Over,1.1,17.5,20260524_013131
c2359222d8b43b27ad6d7cbc6f780932,Greater Western Sydney Giants,Brisbane Lions,2026-05-24T02:30:07Z,ladbrokes_au,Ladbrokes,,player_disposals_over,Levi Ashcroft,Over,1.33,17.5,20260524_013131
c2359222d8b43b27ad6d7cbc6f780932,Greater Western Sydney Giants,Brisbane Lions,2026-05-24T02:30:07Z,ladbrokes_au,Ladbrokes,,player_disposals_over,Harvey Thomas,Over,1.35,17.5,20260524_013131
c2359222d8b43b27ad6d7cbc6f780932,Greater Western Sydney Giants,Brisbane Lions,2026-05-24T02:30:07Z,ladbrokes_au,Ladbrokes,,player_disposals_over,Josh Dunkley,Over,1.35,17.5,20260524_013131
c2359222d8b43b27ad6d7cbc6f780932,Greater Western Sydney Giants,Brisbane Lions,2026-05-24T02:30:07Z,ladbrokes_au,Ladbrokes,,player_disposals_over,Keidean Coleman,Over,1.46,17.5,20260524_013131
c2359222d8b43b27ad6d7cbc6f780932,Greater Western Sydney Giants,Brisbane Lions,2026-05-24T02:30:07Z,ladbrokes_au,Ladbrokes,,player_disposals_over,Connor Idun,Over,1.46,17.5,20260524_013131
c2359222d8b43b27ad6d7cbc6f780932,Greater Western Sydney Giants,Brisbane Lions,2026-05-24T02:30:07Z,ladbrokes_au,Ladbrokes,,player_disposals_over,Zac Bailey,Over,1.62,17.5,20260524_013131
c2359222d8b43b27ad6d7cbc6f780932,Greater Western Sydney Giants,Brisbane Lions,2026-05-24T02:30:07Z,ladbrokes_au,Ladbrokes,,player_disposals_over,Jaspa Fletcher,Over,1.62,17.5,20260524_013131
c2359222d8b43b27ad6d7cbc6f780932,Greater Western Sydney Giants,Brisbane Lions,2026-05-24T02:30:07Z,ladbrokes_au,Ladbrokes,,player_disposals_over,Bruce Reville,Over,1.64,17.5,20260524_013131
c2359222d8b43b27ad6d7cbc6f780932,Greater Western Sydney Giants,Brisbane Lions,2026-05-24T02:30:07Z,ladbrokes_au,Ladbrokes,,player_disposals_over,Toby Greene,Over,1.92,17.5,20260524_013131
c2359222d8b43b27ad6d7cbc6f780932,Greater Western Sydney Giants,Brisbane Lions,2026-05-24T02:30:07Z,ladbrokes_au,Ladbrokes,,player_disposals_over,Harrison Himmelberg,Over,2.15,17.5,20260524_013131
c2359222d8b43b27ad6d7cbc6f780932,Greater Western Sydney Giants,Brisbane Lions,2026-05-24T02:30:07Z,ladbrokes_au,Ladbrokes,,player_disposals_over,Brent Daniels,Over,2.2,17.5,20260524_013131
c2359222d8b43b27ad6d7cbc6f780932,Greater Western Sydney Giants,Brisbane Lions,2026-05-24T02:30:07Z,ladbrokes_au,Ladbrokes,,player_disposals_over,Stephen Coniglio,Over,2.25,17.5,20260524_013131
c2359222d8b43b27ad6d7cbc6f780932,Greater Western Sydney Giants,Brisbane Lions,2026-05-24T02:30:07Z,ladbrokes_au,Ladbrokes,,player_disposals_over,Joseph Fonti,Over,2.6,17.5,20260524_013131
c2359222d8b43b27ad6d7cbc6f780932,Greater Western Sydney Giants,Brisbane Lions,2026-05-24T02:30:07Z,ladbrokes_au,Ladbrokes,,player_disposals_over,Sam Marshall,Over,2.7,17.5,20260524_013131
c2359222d8b43b27ad6d7cbc6f780932,Greater Western Sydney Giants,Brisbane Lions,2026-05-24T02:30:07Z,ladbrokes_au,Ladbrokes,,player_disposals_over,Jayden Laverde,Over,3.0,17.5,20260524_013131
c2359222d8b43b27ad6d7cbc6f780932,Greater Western Sydney Giants,Brisbane Lions,2026-05-24T02:30:07Z,ladbrokes_au,Ladbrokes,,player_disposals_over,James Tunstill,Over,3.05,17.5,20260524_013131
c2359222d8b43b27ad6d7cbc6f780932,Greater Western Sydney Giants,Brisbane Lions,2026-05-24T02:30:07Z,ladbrokes_au,Ladbrokes,,player_disposals_over,Darcy Fort,Over,3.05,17.5,20260524_013131
c2359222d8b43b27ad6d7cbc6f780932,Greater Western Sydney Giants,Brisbane Lions,2026-05-24T02:30:07Z,ladbrokes_au,Ladbrokes,,player_disposals_over,Cameron Rayner,Over,3.15,17.5,20260524_013131
c2359222d8b43b27ad6d7cbc6f780932,Greater Western Sydney Giants,Brisbane Lions,2026-05-24T02:30:07Z,ladbrokes_au,Ladbrokes,,player_disposals_over,Harris Andrews,Over,3.15,17.5,20260524_013131
c2359222d8b43b27ad6d7cbc6f780932,Greater Western Sydney Giants,Brisbane Lions,2026-05-24T02:30:07Z,ladbrokes_au,Ladbrokes,,player_disposals_over,Kieren Briggs,Over,3.45,17.5,20260524_013131
c2359222d8b43b27ad6d7cbc6f780932,Greater Western Sydney Giants,Brisbane Lions,2026-05-24T02:30:07Z,ladbrokes_au,Ladbrokes,,player_disposals_over,Toby McMullin,Over,3.5,17.5,20260524_013131
c2359222d8b43b27ad6d7cbc6f780932,Greater Western Sydney Giants,Brisbane Lions,2026-05-24T02:30:07Z,ladbrokes_au,Ladbrokes,,player_disposals_over,Jake Stringer,Over,3.8,17.5,20260524_013131
c2359222d8b43b27ad6d7cbc6f780932,Greater Western Sydney Giants,Brisbane Lions,2026-05-24T02:30:07Z,ladbrokes_au,Ladbrokes,,player_disposals_over,Charlie Cameron,Over,3.8,17.5,20260524_013131
c2359222d8b43b27ad6d7cbc6f780932,Greater Western Sydney Giants,Brisbane Lions,2026-05-24T02:30:07Z,ladbrokes_au,Ladbrokes,,player_disposals_over,Kai Lohmann,Over,4.0,17.5,20260524_013131
c2359222d8b43b27ad6d7cbc6f780932,Greater Western Sydney Giants,Brisbane Lions,2026-05-24T02:30:07Z,ladbrokes_au,Ladbrokes,,player_disposals_over,Jake Riccardi,Over,4.1,17.5,20260524_013131
c2359222d8b43b27ad6d7cbc6f780932,Greater Western Sydney Giants,Brisbane Lions,2026-05-24T02:30:07Z,ladbrokes_au,Ladbrokes,,player_disposals_over,Toby Bedford,Over,4.1,17.5,20260524_013131
c2359222d8b43b27ad6d7cbc6f780932,Greater Western Sydney Giants,Brisbane Lions,2026-05-24T02:30:07Z,ladbrokes_au,Ladbrokes,,player_disposals_over,Jack Buckley,Over,4.1,17.5,20260524_013131
c2359222d8b43b27ad6d7cbc6f780932,Greater Western Sydney Giants,Brisbane Lions,2026-05-24T02:30:07Z,ladbrokes_au,Ladbrokes,,player_disposals_over,Aaron Cadman,Over,4.1,17.5,20260524_013131
c2359222d8b43b27ad6d7cbc6f780932,Greater Western Sydney Giants,Brisbane Lions,2026-05-24T02:30:07Z,ladbrokes_au,Ladbrokes,,player_disposals_over,Phoenix Gothard,Over,4.6,17.5,20260524_013131
c2359222d8b43b27ad6d7cbc6f780932,Greater Western Sydney Giants,Brisbane Lions,2026-05-24T02:30:07Z,ladbrokes_au,Ladbrokes,,player_disposals_over,Logan Morris,Over,5.0,17.5,20260524_013131
c2359222d8b43b27ad6d7cbc6f780932,Greater Western Sydney Giants,Brisbane Lions,2026-05-24T02:30:07Z,ladbrokes_au,Ladbrokes,,player_disposals_over,Conor McKenna,Over,5.2,17.5,20260524_013131
c2359222d8b43b27ad6d7cbc6f780932,Greater Western Sydney Giants,Brisbane Lions,2026-05-24T02:30:07Z,ladbrokes_au,Ladbrokes,,player_disposals_over,Sam Draper,Over,5.4,17.5,20260524_013131
c2359222d8b43b27ad6d7cbc6f780932,Greater Western Sydney Giants,Brisbane Lions,2026-05-24T02:30:07Z,ladbrokes_au,Ladbrokes,,player_disposals_over,Darcy Gardiner,Over,7.25,17.5,20260524_013131
c2359222d8b43b27ad6d7cbc6f780932,Greater Western Sydney Giants,Brisbane Lions,2026-05-24T02:30:07Z,ladbrokes_au,Ladbrokes,,player_disposals_over,Callum Brown,Over,8.25,17.5,20260524_013131
c2359222d8b43b27ad6d7cbc6f780932,Greater Western Sydney Giants,Brisbane Lions,2026-05-24T02:30:07Z,ladbrokes_au,Ladbrokes,,player_disposals_over,Ty Gallop,Over,8.5,17.5,20260524_013131
c2359222d8b43b27ad6d7cbc6f780932,Greater Western Sydney Giants,Brisbane Lions,2026-05-24T02:30:07Z,ladbrokes_au,Ladbrokes,,player_disposals_over,Clayton Oliver,Over,1.2,25.5,20260524_013131
c2359222d8b43b27ad6d7cbc6f780932,Greater Western Sydney Giants,Brisbane Lions,2026-05-24T02:30:07Z,ladbrokes_au,Ladbrokes,,player_disposals_over,Lachie Neale,Over,1.3,25.5,20260524_013131
c2359222d8b43b27ad6d7cbc6f780932,Greater Western Sydney Giants,Brisbane Lions,2026-05-24T02:30:07Z,ladbrokes_au,Ladbrokes,,player_disposals_over,Lachie Whitfield,Over,1.3,25.5,20260524_013131
c2359222d8b43b27ad6d7cbc6f780932,Greater Western Sydney Giants,Brisbane Lions,2026-05-24T02:30:07Z,ladbrokes_au,Ladbrokes,,player_disposals_over,Lachlan Ash,Over,1.35,25.5,20260524_013131
c2359222d8b43b27ad6d7cbc6f780932,Greater Western Sydney Giants,Brisbane Lions,2026-05-24T02:30:07Z,ladbrokes_au,Ladbrokes,,player_disposals_over,Finn Callaghan,Over,1.38,25.5,20260524_013131
c2359222d8b43b27ad6d7cbc6f780932,Greater Western Sydney Giants,Brisbane Lions,2026-05-24T02:30:07Z,ladbrokes_au,Ladbrokes,,player_disposals_over,Will Ashcroft,Over,1.57,25.5,20260524_013131
c2359222d8b43b27ad6d7cbc6f780932,Greater Western Sydney Giants,Brisbane Lions,2026-05-24T02:30:07Z,ladbrokes_au,Ladbrokes,,player_disposals_over,Darcy Wilmot,Over,2.15,25.5,20260524_013131
c2359222d8b43b27ad6d7cbc6f780932,Greater Western Sydney Giants,Brisbane Lions,2026-05-24T02:30:07Z,ladbrokes_au,Ladbrokes,,player_disposals_over,Hugh McCluggage,Over,2.45,25.5,20260524_013131
c2359222d8b43b27ad6d7cbc6f780932,Greater Western Sydney Giants,Brisbane Lions,2026-05-24T02:30:07Z,ladbrokes_au,Ladbrokes,,player_disposals_over,Levi Ashcroft,Over,4.0,25.5,20260524_013131
c2359222d8b43b27ad6d7cbc6f780932,Greater Western Sydney Giants,Brisbane Lions,2026-05-24T02:30:07Z,ladbrokes_au,Ladbrokes,,player_disposals_over,Harvey Thomas,Over,4.1,25.5,20260524_013131
c2359222d8b43b27ad6d7cbc6f780932,Greater Western Sydney Giants,Brisbane Lions,2026-05-24T02:30:07Z,ladbrokes_au,Ladbrokes,,player_disposals_over,Josh Dunkley,Over,4.1,25.5,20260524_013131
c2359222d8b43b27ad6d7cbc6f780932,Greater Western Sydney Giants,Brisbane Lions,2026-05-24T02:30:07Z,ladbrokes_au,Ladbrokes,,player_disposals_over,Keidean Coleman,Over,5.0,25.5,20260524_013131
c2359222d8b43b27ad6d7cbc6f780932,Greater Western Sydney Giants,Brisbane Lions,2026-05-24T02:30:07Z,ladbrokes_au,Ladbrokes,,player_disposals_over,Connor Idun,Over,5.0,25.5,20260524_013131
c2359222d8b43b27ad6d7cbc6f780932,Greater Western Sydney Giants,Brisbane Lions,2026-05-24T02:30:07Z,ladbrokes_au,Ladbrokes,,player_disposals_over,Zac Bailey,Over,6.5,25.5,20260524_013131
c2359222d8b43b27ad6d7cbc6f780932,Greater Western Sydney Giants,Brisbane Lions,2026-05-24T02:30:07Z,ladbrokes_au,Ladbrokes,,player_disposals_over,Jaspa Fletcher,Over,6.5,25.5,20260524_013131
c2359222d8b43b27ad6d7cbc6f780932,Greater Western Sydney Giants,Brisbane Lions,2026-05-24T02:30:07Z,ladbrokes_au,Ladbrokes,,player_disposals_over,Bruce Reville,Over,6.6,25.5,20260524_013131
c2359222d8b43b27ad6d7cbc6f780932,Greater Western Sydney Giants,Brisbane Lions,2026-05-24T02:30:07Z,ladbrokes_au,Ladbrokes,,player_disposals_over,Toby Greene,Over,9.5,25.5,20260524_013131
c2359222d8b43b27ad6d7cbc6f780932,Greater Western Sydney Giants,Brisbane Lions,2026-05-24T02:30:07Z,ladbrokes_au,Ladbrokes,,player_disposals_over,Harrison Himmelberg,Over,12.0,25.5,20260524_013131
c2359222d8b43b27ad6d7cbc6f780932,Greater Western Sydney Giants,Brisbane Lions,2026-05-24T02:30:07Z,ladbrokes_au,Ladbrokes,,player_disposals_over,Brent Daniels,Over,12.5,25.5,20260524_013131
c2359222d8b43b27ad6d7cbc6f780932,Greater Western Sydney Giants,Brisbane Lions,2026-05-24T02:30:07Z,ladbrokes_au,Ladbrokes,,player_disposals_over,Stephen Coniglio,Over,13.0,25.5,20260524_013131
c2359222d8b43b27ad6d7cbc6f780932,Greater Western Sydney Giants,Brisbane Lions,2026-05-24T02:30:07Z,ladbrokes_au,Ladbrokes,,player_disposals_over,Joseph Fonti,Over,17.0,25.5,20260524_013131
c2359222d8b43b27ad6d7cbc6f780932,Greater Western Sydney Giants,Brisbane Lions,2026-05-24T02:30:07Z,ladbrokes_au,Ladbrokes,,player_disposals_over,Sam Marshall,Over,19.0,25.5,20260524_013131
c2359222d8b43b27ad6d7cbc6f780932,Greater Western Sydney Giants,Brisbane Lions,2026-05-24T02:30:07Z,ladbrokes_au,Ladbrokes,,player_disposals_over,James Tunstill,Over,23.0,25.5,20260524_013131
c2359222d8b43b27ad6d7cbc6f780932,Greater Western Sydney Giants,Brisbane Lions,2026-05-24T02:30:07Z,ladbrokes_au,Ladbrokes,,player_disposals_over,Darcy Fort,Over,23.0,25.5,20260524_013131
c2359222d8b43b27ad6d7cbc6f780932,Greater Western Sydney Giants,Brisbane Lions,2026-05-24T02:30:07Z,ladbrokes_au,Ladbrokes,,player_disposals_over,Jayden Laverde,Over,23.0,25.5,20260524_013131
c2359222d8b43b27ad6d7cbc6f780932,Greater Western Sydney Giants,Brisbane Lions,2026-05-24T02:30:07Z,ladbrokes_au,Ladbrokes,,player_disposals_over,Cameron Rayner,Over,26.0,25.5,20260524_013131
c2359222d8b43b27ad6d7cbc6f780932,Greater Western Sydney Giants,Brisbane Lions,2026-05-24T02:30:07Z,ladbrokes_au,Ladbrokes,,player_disposals_over,Harris Andrews,Over,26.0,25.5,20260524_013131
c2359222d8b43b27ad6d7cbc6f780932,Greater Western Sydney Giants,Brisbane Lions,2026-05-24T02:30:07Z,ladbrokes_au,Ladbrokes,,player_disposals_over,Kieren Briggs,Over,31.0,25.5,20260524_013131
c2359222d8b43b27ad6d7cbc6f780932,Greater Western Sydney Giants,Brisbane Lions,2026-05-24T02:30:07Z,ladbrokes_au,Ladbrokes,,player_disposals_over,Will Ashcroft,Over,1.05,19.5,20260524_013131
c2359222d8b43b27ad6d7cbc6f780932,Greater Western Sydney Giants,Brisbane Lions,2026-05-24T02:30:07Z,ladbrokes_au,Ladbrokes,,player_disposals_over,Darcy Wilmot,Over,1.22,19.5,20260524_013131
c2359222d8b43b27ad6d7cbc6f780932,Greater Western Sydney Giants,Brisbane Lions,2026-05-24T02:30:07Z,ladbrokes_au,Ladbrokes,,player_disposals_over,Hugh McCluggage,Over,1.28,19.5,20260524_013131
c2359222d8b43b27ad6d7cbc6f780932,Greater Western Sydney Giants,Brisbane Lions,2026-05-24T02:30:07Z,ladbrokes_au,Ladbrokes,,player_disposals_over,Levi Ashcroft,Over,1.67,19.5,20260524_013131
c2359222d8b43b27ad6d7cbc6f780932,Greater Western Sydney Giants,Brisbane Lions,2026-05-24T02:30:07Z,ladbrokes_au,Ladbrokes,,player_disposals_over,Harvey Thomas,Over,1.68,19.5,20260524_013131
c2359222d8b43b27ad6d7cbc6f780932,Greater Western Sydney Giants,Brisbane Lions,2026-05-24T02:30:07Z,ladbrokes_au,Ladbrokes,,player_disposals_over,Josh Dunkley,Over,1.68,19.5,20260524_013131
c2359222d8b43b27ad6d7cbc6f780932,Greater Western Sydney Giants,Brisbane Lions,2026-05-24T02:30:07Z,ladbrokes_au,Ladbrokes,,player_disposals_over,Keidean Coleman,Over,1.87,19.5,20260524_013131
c2359222d8b43b27ad6d7cbc6f780932,Greater Western Sydney Giants,Brisbane Lions,2026-05-24T02:30:07Z,ladbrokes_au,Ladbrokes,,player_disposals_over,Connor Idun,Over,1.87,19.5,20260524_013131
c2359222d8b43b27ad6d7cbc6f780932,Greater Western Sydney Giants,Brisbane Lions,2026-05-24T02:30:07Z,ladbrokes_au,Ladbrokes,,player_disposals_over,Zac Bailey,Over,2.15,19.5,20260524_013131
c2359222d8b43b27ad6d7cbc6f780932,Greater Western Sydney Giants,Brisbane Lions,2026-05-24T02:30:07Z,ladbrokes_au,Ladbrokes,,player_disposals_over,Jaspa Fletcher,Over,2.15,19.5,20260524_013131
c2359222d8b43b27ad6d7cbc6f780932,Greater Western Sydney Giants,Brisbane Lions,2026-05-24T02:30:07Z,ladbrokes_au,Ladbrokes,,player_disposals_over,Bruce Reville,Over,2.2,19.5,20260524_013131
c2359222d8b43b27ad6d7cbc6f780932,Greater Western Sydney Giants,Brisbane Lions,2026-05-24T02:30:07Z,ladbrokes_au,Ladbrokes,,player_disposals_over,Toby Greene,Over,2.65,19.5,20260524_013131
c2359222d8b43b27ad6d7cbc6f780932,Greater Western Sydney Giants,Brisbane Lions,2026-05-24T02:30:07Z,ladbrokes_au,Ladbrokes,,player_disposals_over,Harrison Himmelberg,Over,3.15,19.5,20260524_013131
c2359222d8b43b27ad6d7cbc6f780932,Greater Western Sydney Giants,Brisbane Lions,2026-05-24T02:30:07Z,ladbrokes_au,Ladbrokes,,player_disposals_over,Brent Daniels,Over,3.2,19.5,20260524_013131
c2359222d8b43b27ad6d7cbc6f780932,Greater Western Sydney Giants,Brisbane Lions,2026-05-24T02:30:07Z,ladbrokes_au,Ladbrokes,,player_disposals_over,Stephen Coniglio,Over,3.25,19.5,20260524_013131
c2359222d8b43b27ad6d7cbc6f780932,Greater Western Sydney Giants,Brisbane Lions,2026-05-24T02:30:07Z,ladbrokes_au,Ladbrokes,,player_disposals_over,Joseph Fonti,Over,3.9,19.5,20260524_013131
c2359222d8b43b27ad6d7cbc6f780932,Greater Western Sydney Giants,Brisbane Lions,2026-05-24T02:30:07Z,ladbrokes_au,Ladbrokes,,player_disposals_over,Sam Marshall,Over,4.1,19.5,20260524_013131
c2359222d8b43b27ad6d7cbc6f780932,Greater Western Sydney Giants,Brisbane Lions,2026-05-24T02:30:07Z,ladbrokes_au,Ladbrokes,,player_disposals_over,Jayden Laverde,Over,4.6,19.5,20260524_013131
c2359222d8b43b27ad6d7cbc6f780932,Greater Western Sydney Giants,Brisbane Lions,2026-05-24T02:30:07Z,ladbrokes_au,Ladbrokes,,player_disposals_over,James Tunstill,Over,4.8,19.5,20260524_013131
c2359222d8b43b27ad6d7cbc6f780932,Greater Western Sydney Giants,Brisbane Lions,2026-05-24T02:30:07Z,ladbrokes_au,Ladbrokes,,player_disposals_over,Darcy Fort,Over,4.8,19.5,20260524_013131
c2359222d8b43b27ad6d7cbc6f780932,Greater Western Sydney Giants,Brisbane Lions,2026-05-24T02:30:07Z,ladbrokes_au,Ladbrokes,,player_disposals_over,Cameron Rayner,Over,5.0,19.5,20260524_013131
c2359222d8b43b27ad6d7cbc6f780932,Greater Western Sydney Giants,Brisbane Lions,2026-05-24T02:30:07Z,ladbrokes_au,Ladbrokes,,player_disposals_over,Harris Andrews,Over,5.0,19.5,20260524_013131
c2359222d8b43b27ad6d7cbc6f780932,Greater Western Sydney Giants,Brisbane Lions,2026-05-24T02:30:07Z,ladbrokes_au,Ladbrokes,,player_disposals_over,Kieren Briggs,Over,5.5,19.5,20260524_013131
c2359222d8b43b27ad6d7cbc6f780932,Greater Western Sydney Giants,Brisbane Lions,2026-05-24T02:30:07Z,ladbrokes_au,Ladbrokes,,player_disposals_over,Toby McMullin,Over,5.6,19.5,20260524_013131
c2359222d8b43b27ad6d7cbc6f780932,Greater Western Sydney Giants,Brisbane Lions,2026-05-24T02:30:07Z,ladbrokes_au,Ladbrokes,,player_disposals_over,Jake Stringer,Over,6.2,19.5,20260524_013131
c2359222d8b43b27ad6d7cbc6f780932,Greater Western Sydney Giants,Brisbane Lions,2026-05-24T02:30:07Z,ladbrokes_au,Ladbrokes,,player_disposals_over,Charlie Cameron,Over,6.2,19.5,20260524_013131
c2359222d8b43b27ad6d7cbc6f780932,Greater Western Sydney Giants,Brisbane Lions,2026-05-24T02:30:07Z,ladbrokes_au,Ladbrokes,,player_disposals_over,Kai Lohmann,Over,6.6,19.5,20260524_013131
c2359222d8b43b27ad6d7cbc6f780932,Greater Western Sydney Giants,Brisbane Lions,2026-05-24T02:30:07Z,ladbrokes_au,Ladbrokes,,player_disposals_over,Jake Riccardi,Over,6.8,19.5,20260524_013131
c2359222d8b43b27ad6d7cbc6f780932,Greater Western Sydney Giants,Brisbane Lions,2026-05-24T02:30:07Z,ladbrokes_au,Ladbrokes,,player_disposals_over,Toby Bedford,Over,6.8,19.5,20260524_013131
c2359222d8b43b27ad6d7cbc6f780932,Greater Western Sydney Giants,Brisbane Lions,2026-05-24T02:30:07Z,ladbrokes_au,Ladbrokes,,player_disposals_over,Jack Buckley,Over,6.8,19.5,20260524_013131
c2359222d8b43b27ad6d7cbc6f780932,Greater Western Sydney Giants,Brisbane Lions,2026-05-24T02:30:07Z,ladbrokes_au,Ladbrokes,,player_disposals_over,Aaron Cadman,Over,6.8,19.5,20260524_013131
c2359222d8b43b27ad6d7cbc6f780932,Greater Western Sydney Giants,Brisbane Lions,2026-05-24T02:30:07Z,ladbrokes_au,Ladbrokes,,player_disposals_over,Phoenix Gothard,Over,7.75,19.5,20260524_013131
c2359222d8b43b27ad6d7cbc6f780932,Greater Western Sydney Giants,Brisbane Lions,2026-05-24T02:30:07Z,ladbrokes_au,Ladbrokes,,player_disposals_over,Logan Morris,Over,8.5,19.5,20260524_013131
c2359222d8b43b27ad6d7cbc6f780932,Greater Western Sydney Giants,Brisbane Lions,2026-05-24T02:30:07Z,ladbrokes_au,Ladbrokes,,player_disposals_over,Conor McKenna,Over,9.0,19.5,20260524_013131
c2359222d8b43b27ad6d7cbc6f780932,Greater Western Sydney Giants,Brisbane Lions,2026-05-24T02:30:07Z,ladbrokes_au,Ladbrokes,,player_disposals_over,Sam Draper,Over,9.5,19.5,20260524_013131
c2359222d8b43b27ad6d7cbc6f780932,Greater Western Sydney Giants,Brisbane Lions,2026-05-24T02:30:07Z,ladbrokes_au,Ladbrokes,,player_disposals_over,Darcy Gardiner,Over,14.0,19.5,20260524_013131
c2359222d8b43b27ad6d7cbc6f780932,Greater Western Sydney Giants,Brisbane Lions,2026-05-24T02:30:07Z,ladbrokes_au,Ladbrokes,,player_disposals_over,Clayton Oliver,Over,2.5,33.5,20260524_013131
c2359222d8b43b27ad6d7cbc6f780932,Greater Western Sydney Giants,Brisbane Lions,2026-05-24T02:30:07Z,ladbrokes_au,Ladbrokes,,player_disposals_over,Lachie Whitfield,Over,3.0,33.5,20260524_013131
c2359222d8b43b27ad6d7cbc6f780932,Greater Western Sydney Giants,Brisbane Lions,2026-05-24T02:30:07Z,ladbrokes_au,Ladbrokes,,player_disposals_over,Lachie Neale,Over,3.05,33.5,20260524_013131
c2359222d8b43b27ad6d7cbc6f780932,Greater Western Sydney Giants,Brisbane Lions,2026-05-24T02:30:07Z,ladbrokes_au,Ladbrokes,,player_disposals_over,Lachlan Ash,Over,3.25,33.5,20260524_013131
c2359222d8b43b27ad6d7cbc6f780932,Greater Western Sydney Giants,Brisbane Lions,2026-05-24T02:30:07Z,ladbrokes_au,Ladbrokes,,player_disposals_over,Finn Callaghan,Over,3.5,33.5,20260524_013131
c2359222d8b43b27ad6d7cbc6f780932,Greater Western Sydney Giants,Brisbane Lions,2026-05-24T02:30:07Z,ladbrokes_au,Ladbrokes,,player_disposals_over,Will Ashcroft,Over,4.6,33.5,20260524_013131
c2359222d8b43b27ad6d7cbc6f780932,Greater Western Sydney Giants,Brisbane Lions,2026-05-24T02:30:07Z,ladbrokes_au,Ladbrokes,,player_disposals_over,Darcy Wilmot,Over,8.75,33.5,20260524_013131
c2359222d8b43b27ad6d7cbc6f780932,Greater Western Sydney Giants,Brisbane Lions,2026-05-24T02:30:07Z,ladbrokes_au,Ladbrokes,,player_disposals_over,Hugh McCluggage,Over,11.0,33.5,20260524_013131
c2359222d8b43b27ad6d7cbc6f780932,Greater Western Sydney Giants,Brisbane Lions,2026-05-24T02:30:07Z,ladbrokes_au,Ladbrokes,,player_disposals_over,Harvey Thomas,Over,26.0,33.5,20260524_013131
c2359222d8b43b27ad6d7cbc6f780932,Greater Western Sydney Giants,Brisbane Lions,2026-05-24T02:30:07Z,ladbrokes_au,Ladbrokes,,player_disposals_over,Levi Ashcroft,Over,26.0,33.5,20260524_013131
c2359222d8b43b27ad6d7cbc6f780932,Greater Western Sydney Giants,Brisbane Lions,2026-05-24T02:30:07Z,ladbrokes_au,Ladbrokes,,player_disposals_over,Josh Dunkley,Over,26.0,33.5,20260524_013131
c2359222d8b43b27ad6d7cbc6f780932,Greater Western Sydney Giants,Brisbane Lions,2026-05-24T02:30:07Z,ladbrokes_au,Ladbrokes,,player_disposals_over,Keidean Coleman,Over,41.0,33.5,20260524_013131
c2359222d8b43b27ad6d7cbc6f780932,Greater Western Sydney Giants,Brisbane Lions,2026-05-24T02:30:07Z,ladbrokes_au,Ladbrokes,,player_disposals_over,Connor Idun,Over,41.0,33.5,20260524_013131
c2359222d8b43b27ad6d7cbc6f780932,Greater Western Sydney Giants,Brisbane Lions,2026-05-24T02:30:07Z,ladbrokes_au,Ladbrokes,,player_disposals_over,Clayton Oliver,Over,1.38,27.5,20260524_013131
c2359222d8b43b27ad6d7cbc6f780932,Greater Western Sydney Giants,Brisbane Lions,2026-05-24T02:30:07Z,ladbrokes_au,Ladbrokes,,player_disposals_over,Lachie Whitfield,Over,1.52,27.5,20260524_013131
c2359222d8b43b27ad6d7cbc6f780932,Greater Western Sydney Giants,Brisbane Lions,2026-05-24T02:30:07Z,ladbrokes_au,Ladbrokes,,player_disposals_over,Lachie Neale,Over,1.53,27.5,20260524_013131
c2359222d8b43b27ad6d7cbc6f780932,Greater Western Sydney Giants,Brisbane Lions,2026-05-24T02:30:07Z,ladbrokes_au,Ladbrokes,,player_disposals_over,Lachlan Ash,Over,1.6,27.5,20260524_013131
c2359222d8b43b27ad6d7cbc6f780932,Greater Western Sydney Giants,Brisbane Lions,2026-05-24T02:30:07Z,ladbrokes_au,Ladbrokes,,player_disposals_over,Finn Callaghan,Over,1.65,27.5,20260524_013131
c2359222d8b43b27ad6d7cbc6f780932,Greater Western Sydney Giants,Brisbane Lions,2026-05-24T02:30:07Z,ladbrokes_au,Ladbrokes,,player_disposals_over,Will Ashcroft,Over,1.94,27.5,20260524_013131
c2359222d8b43b27ad6d7cbc6f780932,Greater Western Sydney Giants,Brisbane Lions,2026-05-24T02:30:07Z,ladbrokes_au,Ladbrokes,,player_disposals_over,Darcy Wilmot,Over,2.9,27.5,20260524_013131
c2359222d8b43b27ad6d7cbc6f780932,Greater Western Sydney Giants,Brisbane Lions,2026-05-24T02:30:07Z,ladbrokes_au,Ladbrokes,,player_disposals_over,Hugh McCluggage,Over,3.3,27.5,20260524_013131
c2359222d8b43b27ad6d7cbc6f780932,Greater Western Sydney Giants,Brisbane Lions,2026-05-24T02:30:07Z,ladbrokes_au,Ladbrokes,,player_disposals_over,Levi Ashcroft,Over,6.0,27.5,20260524_013131
c2359222d8b43b27ad6d7cbc6f780932,Greater Western Sydney Giants,Brisbane Lions,2026-05-24T02:30:07Z,ladbrokes_au,Ladbrokes,,player_disposals_over,Harvey Thomas,Over,6.2,27.5,20260524_013131
c2359222d8b43b27ad6d7cbc6f780932,Greater Western Sydney Giants,Brisbane Lions,2026-05-24T02:30:07Z,ladbrokes_au,Ladbrokes,,player_disposals_over,Josh Dunkley,Over,6.2,27.5,20260524_013131
c2359222d8b43b27ad6d7cbc6f780932,Greater Western Sydney Giants,Brisbane Lions,2026-05-24T02:30:07Z,ladbrokes_au,Ladbrokes,,player_disposals_over,Keidean Coleman,Over,7.75,27.5,20260524_013131
c2359222d8b43b27ad6d7cbc6f780932,Greater Western Sydney Giants,Brisbane Lions,2026-05-24T02:30:07Z,ladbrokes_au,Ladbrokes,,player_disposals_over,Connor Idun,Over,7.75,27.5,20260524_013131
c2359222d8b43b27ad6d7cbc6f780932,Greater Western Sydney Giants,Brisbane Lions,2026-05-24T02:30:07Z,ladbrokes_au,Ladbrokes,,player_disposals_over,Zac Bailey,Over,10.5,27.5,20260524_013131
c2359222d8b43b27ad6d7cbc6f780932,Greater Western Sydney Giants,Brisbane Lions,2026-05-24T02:30:07Z,ladbrokes_au,Ladbrokes,,player_disposals_over,Jaspa Fletcher,Over,10.5,27.5,20260524_013131
c2359222d8b43b27ad6d7cbc6f780932,Greater Western Sydney Giants,Brisbane Lions,2026-05-24T02:30:07Z,ladbrokes_au,Ladbrokes,,player_disposals_over,Bruce Reville,Over,11.0,27.5,20260524_013131
c2359222d8b43b27ad6d7cbc6f780932,Greater Western Sydney Giants,Brisbane Lions,2026-05-24T02:30:07Z,ladbrokes_au,Ladbrokes,,player_disposals_over,Toby Greene,Over,16.0,27.5,20260524_013131
c2359222d8b43b27ad6d7cbc6f780932,Greater Western Sydney Giants,Brisbane Lions,2026-05-24T02:30:07Z,ladbrokes_au,Ladbrokes,,player_disposals_over,Harrison Himmelberg,Over,21.0,27.5,20260524_013131
c2359222d8b43b27ad6d7cbc6f780932,Greater Western Sydney Giants,Brisbane Lions,2026-05-24T02:30:07Z,ladbrokes_au,Ladbrokes,,player_disposals_over,Brent Daniels,Over,23.0,27.5,20260524_013131
c2359222d8b43b27ad6d7cbc6f780932,Greater Western Sydney Giants,Brisbane Lions,2026-05-24T02:30:07Z,ladbrokes_au,Ladbrokes,,player_disposals_over,Stephen Coniglio,Over,23.0,27.5,20260524_013131
c2359222d8b43b27ad6d7cbc6f780932,Greater Western Sydney Giants,Brisbane Lions,2026-05-24T02:30:07Z,ladbrokes_au,Ladbrokes,,player_disposals_over,Sam Marshall,Over,34.0,27.5,20260524_013131
c2359222d8b43b27ad6d7cbc6f780932,Greater Western Sydney Giants,Brisbane Lions,2026-05-24T02:30:07Z,ladbrokes_au,Ladbrokes,,player_disposals_over,Joseph Fonti,Over,34.0,27.5,20260524_013131
c2359222d8b43b27ad6d7cbc6f780932,Greater Western Sydney Giants,Brisbane Lions,2026-05-24T02:30:07Z,ladbrokes_au,Ladbrokes,,player_goal_scorer_anytime,Logan Morris,Yes,1.01,,20260524_013131
c2359222d8b43b27ad6d7cbc6f780932,Greater Western Sydney Giants,Brisbane Lions,2026-05-24T02:30:07Z,ladbrokes_au,Ladbrokes,,player_goal_scorer_anytime,Charlie Cameron,Yes,1.04,,20260524_013131
c2359222d8b43b27ad6d7cbc6f780932,Greater Western Sydney Giants,Brisbane Lions,2026-05-24T02:30:07Z,ladbrokes_au,Ladbrokes,,player_goal_scorer_anytime,Aaron Cadman,Yes,1.06,,20260524_013131
c2359222d8b43b27ad6d7cbc6f780932,Greater Western Sydney Giants,Brisbane Lions,2026-05-24T02:30:07Z,ladbrokes_au,Ladbrokes,,player_goal_scorer_anytime,Jake Stringer,Yes,1.1,,20260524_013131
c2359222d8b43b27ad6d7cbc6f780932,Greater Western Sydney Giants,Brisbane Lions,2026-05-24T02:30:07Z,ladbrokes_au,Ladbrokes,,player_goal_scorer_anytime,Kai Lohmann,Yes,1.17,,20260524_013131
c2359222d8b43b27ad6d7cbc6f780932,Greater Western Sydney Giants,Brisbane Lions,2026-05-24T02:30:07Z,ladbrokes_au,Ladbrokes,,player_goal_scorer_anytime,Zac Bailey,Yes,1.19,,20260524_013131
c2359222d8b43b27ad6d7cbc6f780932,Greater Western Sydney Giants,Brisbane Lions,2026-05-24T02:30:07Z,ladbrokes_au,Ladbrokes,,player_goal_scorer_anytime,Jake Riccardi,Yes,1.2,,20260524_013131
c2359222d8b43b27ad6d7cbc6f780932,Greater Western Sydney Giants,Brisbane Lions,2026-05-24T02:30:07Z,ladbrokes_au,Ladbrokes,,player_goal_scorer_anytime,Toby Greene,Yes,1.24,,20260524_013131
c2359222d8b43b27ad6d7cbc6f780932,Greater Western Sydney Giants,Brisbane Lions,2026-05-24T02:30:07Z,ladbrokes_au,Ladbrokes,,player_goal_scorer_anytime,Max Gruzewski,Yes,1.28,,20260524_013131
c2359222d8b43b27ad6d7cbc6f780932,Greater Western Sydney Giants,Brisbane Lions,2026-05-24T02:30:07Z,ladbrokes_au,Ladbrokes,,player_goal_scorer_anytime,Cameron Rayner,Yes,1.33,,20260524_013131
c2359222d8b43b27ad6d7cbc6f780932,Greater Western Sydney Giants,Brisbane Lions,2026-05-24T02:30:07Z,ladbrokes_au,Ladbrokes,,player_goal_scorer_anytime,Callum Brown,Yes,1.33,,20260524_013131
c2359222d8b43b27ad6d7cbc6f780932,Greater Western Sydney Giants,Brisbane Lions,2026-05-24T02:30:07Z,ladbrokes_au,Ladbrokes,,player_goal_scorer_anytime,Phoenix Gothard,Yes,1.4,,20260524_013131
c2359222d8b43b27ad6d7cbc6f780932,Greater Western Sydney Giants,Brisbane Lions,2026-05-24T02:30:07Z,ladbrokes_au,Ladbrokes,,player_goal_scorer_anytime,Sam Draper,Yes,1.62,,20260524_013131
c2359222d8b43b27ad6d7cbc6f780932,Greater Western Sydney Giants,Brisbane Lions,2026-05-24T02:30:07Z,ladbrokes_au,Ladbrokes,,player_goal_scorer_anytime,Conor McKenna,Yes,1.62,,20260524_013131
c2359222d8b43b27ad6d7cbc6f780932,Greater Western Sydney Giants,Brisbane Lions,2026-05-24T02:30:07Z,ladbrokes_au,Ladbrokes,,player_goal_scorer_anytime,Brent Daniels,Yes,1.67,,20260524_013131
c2359222d8b43b27ad6d7cbc6f780932,Greater Western Sydney Giants,Brisbane Lions,2026-05-24T02:30:07Z,ladbrokes_au,Ladbrokes,,player_goal_scorer_anytime,Hugh McCluggage,Yes,1.8,,20260524_013131
c2359222d8b43b27ad6d7cbc6f780932,Greater Western Sydney Giants,Brisbane Lions,2026-05-24T02:30:07Z,ladbrokes_au,Ladbrokes,,player_goal_scorer_anytime,Toby Bedford,Yes,1.9,,20260524_013131
c2359222d8b43b27ad6d7cbc6f780932,Greater Western Sydney Giants,Brisbane Lions,2026-05-24T02:30:07Z,ladbrokes_au,Ladbrokes,,player_goal_scorer_anytime,Levi Ashcroft,Yes,2.15,,20260524_013131
c2359222d8b43b27ad6d7cbc6f780932,Greater Western Sydney Giants,Brisbane Lions,2026-05-24T02:30:07Z,ladbrokes_au,Ladbrokes,,player_goal_scorer_anytime,Finn Callaghan,Yes,3.05,,20260524_013131
c2359222d8b43b27ad6d7cbc6f780932,Greater Western Sydney Giants,Brisbane Lions,2026-05-24T02:30:07Z,ladbrokes_au,Ladbrokes,,player_goal_scorer_anytime,Harvey Thomas,Yes,3.05,,20260524_013131
c2359222d8b43b27ad6d7cbc6f780932,Greater Western Sydney Giants,Brisbane Lions,2026-05-24T02:30:07Z,ladbrokes_au,Ladbrokes,,player_goal_scorer_anytime,Toby McMullin,Yes,3.05,,20260524_013131
c2359222d8b43b27ad6d7cbc6f780932,Greater Western Sydney Giants,Brisbane Lions,2026-05-24T02:30:07Z,ladbrokes_au,Ladbrokes,,player_goal_scorer_anytime,Stephen Coniglio,Yes,3.05,,20260524_013131
c2359222d8b43b27ad6d7cbc6f780932,Greater Western Sydney Giants,Brisbane Lions,2026-05-24T02:30:07Z,ladbrokes_au,Ladbrokes,,player_goal_scorer_anytime,Darcy Fort,Yes,3.05,,20260524_013131
c2359222d8b43b27ad6d7cbc6f780932,Greater Western Sydney Giants,Brisbane Lions,2026-05-24T02:30:07Z,ladbrokes_au,Ladbrokes,,player_goal_scorer_anytime,Will Ashcroft,Yes,3.25,,20260524_013131
c2359222d8b43b27ad6d7cbc6f780932,Greater Western Sydney Giants,Brisbane Lions,2026-05-24T02:30:07Z,ladbrokes_au,Ladbrokes,,player_goal_scorer_anytime,Jaspa Fletcher,Yes,3.6,,20260524_013131
c2359222d8b43b27ad6d7cbc6f780932,Greater Western Sydney Giants,Brisbane Lions,2026-05-24T02:30:07Z,ladbrokes_au,Ladbrokes,,player_goal_scorer_anytime,Kieren Briggs,Yes,3.75,,20260524_013131
c2359222d8b43b27ad6d7cbc6f780932,Greater Western Sydney Giants,Brisbane Lions,2026-05-24T02:30:07Z,ladbrokes_au,Ladbrokes,,player_goal_scorer_anytime,Bruce Reville,Yes,3.75,,20260524_013131
c2359222d8b43b27ad6d7cbc6f780932,Greater Western Sydney Giants,Brisbane Lions,2026-05-24T02:30:07Z,ladbrokes_au,Ladbrokes,,player_goal_scorer_anytime,Joseph Fonti,Yes,3.75,,20260524_013131
c2359222d8b43b27ad6d7cbc6f780932,Greater Western Sydney Giants,Brisbane Lions,2026-05-24T02:30:07Z,ladbrokes_au,Ladbrokes,,player_goal_scorer_anytime,Lachie Neale,Yes,3.75,,20260524_013131
c2359222d8b43b27ad6d7cbc6f780932,Greater Western Sydney Giants,Brisbane Lions,2026-05-24T02:30:07Z,ladbrokes_au,Ladbrokes,,player_goal_scorer_anytime,Clayton Oliver,Yes,3.75,,20260524_013131
c2359222d8b43b27ad6d7cbc6f780932,Greater Western Sydney Giants,Brisbane Lions,2026-05-24T02:30:07Z,ladbrokes_au,Ladbrokes,,player_goal_scorer_anytime,Sam Marshall,Yes,4.1,,20260524_013131
c2359222d8b43b27ad6d7cbc6f780932,Greater Western Sydney Giants,Brisbane Lions,2026-05-24T02:30:07Z,ladbrokes_au,Ladbrokes,,player_goal_scorer_anytime,Josh Dunkley,Yes,4.1,,20260524_013131
c2359222d8b43b27ad6d7cbc6f780932,Greater Western Sydney Giants,Brisbane Lions,2026-05-24T02:30:07Z,neds,Neds,,player_disposals,Clayton Oliver,Over,1.82,30.5,20260524_013131
c2359222d8b43b27ad6d7cbc6f780932,Greater Western Sydney Giants,Brisbane Lions,2026-05-24T02:30:07Z,neds,Neds,,player_disposals,Clayton Oliver,Under,1.92,30.5,20260524_013131
c2359222d8b43b27ad6d7cbc6f780932,Greater Western Sydney Giants,Brisbane Lions,2026-05-24T02:30:07Z,neds,Neds,,player_disposals,Brent Daniels,Over,1.9,16.5,20260524_013131
c2359222d8b43b27ad6d7cbc6f780932,Greater Western Sydney Giants,Brisbane Lions,2026-05-24T02:30:07Z,neds,Neds,,player_disposals,Brent Daniels,Under,1.85,16.5,20260524_013131
c2359222d8b43b27ad6d7cbc6f780932,Greater Western Sydney Giants,Brisbane Lions,2026-05-24T02:30:07Z,neds,Neds,,player_disposals,Hugh McCluggage,Over,1.88,23.5,20260524_013131
c2359222d8b43b27ad6d7cbc6f780932,Greater Western Sydney Giants,Brisbane Lions,2026-05-24T02:30:07Z,neds,Neds,,player_disposals,Hugh McCluggage,Under,1.85,23.5,20260524_013131
c2359222d8b43b27ad6d7cbc6f780932,Greater Western Sydney Giants,Brisbane Lions,2026-05-24T02:30:07Z,neds,Neds,,player_disposals,Toby Greene,Over,1.92,17.5,20260524_013131
c2359222d8b43b27ad6d7cbc6f780932,Greater Western Sydney Giants,Brisbane Lions,2026-05-24T02:30:07Z,neds,Neds,,player_disposals,Toby Greene,Under,1.82,17.5,20260524_013131
c2359222d8b43b27ad6d7cbc6f780932,Greater Western Sydney Giants,Brisbane Lions,2026-05-24T02:30:07Z,neds,Neds,,player_disposals,Joseph Fonti,Over,1.87,15.5,20260524_013131
c2359222d8b43b27ad6d7cbc6f780932,Greater Western Sydney Giants,Brisbane Lions,2026-05-24T02:30:07Z,neds,Neds,,player_disposals,Joseph Fonti,Under,1.87,15.5,20260524_013131
c2359222d8b43b27ad6d7cbc6f780932,Greater Western Sydney Giants,Brisbane Lions,2026-05-24T02:30:07Z,neds,Neds,,player_disposals,Connor Idun,Over,1.85,19.5,20260524_013131
c2359222d8b43b27ad6d7cbc6f780932,Greater Western Sydney Giants,Brisbane Lions,2026-05-24T02:30:07Z,neds,Neds,,player_disposals,Connor Idun,Under,1.9,19.5,20260524_013131
c2359222d8b43b27ad6d7cbc6f780932,Greater Western Sydney Giants,Brisbane Lions,2026-05-24T02:30:07Z,neds,Neds,,player_disposals,Will Ashcroft,Over,1.94,27.5,20260524_013131
c2359222d8b43b27ad6d7cbc6f780932,Greater Western Sydney Giants,Brisbane Lions,2026-05-24T02:30:07Z,neds,Neds,,player_disposals,Will Ashcroft,Under,1.8,27.5,20260524_013131
c2359222d8b43b27ad6d7cbc6f780932,Greater Western Sydney Giants,Brisbane Lions,2026-05-24T02:30:07Z,neds,Neds,,player_disposals,Jaspa Fletcher,Over,1.85,18.5,20260524_013131
c2359222d8b43b27ad6d7cbc6f780932,Greater Western Sydney Giants,Brisbane Lions,2026-05-24T02:30:07Z,neds,Neds,,player_disposals,Jaspa Fletcher,Under,1.9,18.5,20260524_013131
c2359222d8b43b27ad6d7cbc6f780932,Greater Western Sydney Giants,Brisbane Lions,2026-05-24T02:30:07Z,neds,Neds,,player_disposals,Lachie Neale,Over,1.88,29.5,20260524_013131
c2359222d8b43b27ad6d7cbc6f780932,Greater Western Sydney Giants,Brisbane Lions,2026-05-24T02:30:07Z,neds,Neds,,player_disposals,Lachie Neale,Under,1.85,29.5,20260524_013131
c2359222d8b43b27ad6d7cbc6f780932,Greater Western Sydney Giants,Brisbane Lions,2026-05-24T02:30:07Z,neds,Neds,,player_disposals,Levi Ashcroft,Over,1.85,20.5,20260524_013131
c2359222d8b43b27ad6d7cbc6f780932,Greater Western Sydney Giants,Brisbane Lions,2026-05-24T02:30:07Z,neds,Neds,,player_disposals,Levi Ashcroft,Under,1.9,20.5,20260524_013131
c2359222d8b43b27ad6d7cbc6f780932,Greater Western Sydney Giants,Brisbane Lions,2026-05-24T02:30:07Z,neds,Neds,,player_disposals,Lachlan Ash,Over,1.96,29.5,20260524_013131
c2359222d8b43b27ad6d7cbc6f780932,Greater Western Sydney Giants,Brisbane Lions,2026-05-24T02:30:07Z,neds,Neds,,player_disposals,Lachlan Ash,Under,1.78,29.5,20260524_013131
c2359222d8b43b27ad6d7cbc6f780932,Greater Western Sydney Giants,Brisbane Lions,2026-05-24T02:30:07Z,neds,Neds,,player_disposals,Lachie Whitfield,Over,1.85,29.5,20260524_013131
c2359222d8b43b27ad6d7cbc6f780932,Greater Western Sydney Giants,Brisbane Lions,2026-05-24T02:30:07Z,neds,Neds,,player_disposals,Lachie Whitfield,Under,1.88,29.5,20260524_013131
c2359222d8b43b27ad6d7cbc6f780932,Greater Western Sydney Giants,Brisbane Lions,2026-05-24T02:30:07Z,neds,Neds,,player_disposals,Josh Dunkley,Over,1.87,20.5,20260524_013131
c2359222d8b43b27ad6d7cbc6f780932,Greater Western Sydney Giants,Brisbane Lions,2026-05-24T02:30:07Z,neds,Neds,,player_disposals,Josh Dunkley,Under,1.87,20.5,20260524_013131
c2359222d8b43b27ad6d7cbc6f780932,Greater Western Sydney Giants,Brisbane Lions,2026-05-24T02:30:07Z,neds,Neds,,player_disposals,Keidean Coleman,Over,1.85,19.5,20260524_013131
c2359222d8b43b27ad6d7cbc6f780932,Greater Western Sydney Giants,Brisbane Lions,2026-05-24T02:30:07Z,neds,Neds,,player_disposals,Keidean Coleman,Under,1.9,19.5,20260524_013131
c2359222d8b43b27ad6d7cbc6f780932,Greater Western Sydney Giants,Brisbane Lions,2026-05-24T02:30:07Z,neds,Neds,,player_disposals,Darcy Wilmot,Over,1.92,24.5,20260524_013131
c2359222d8b43b27ad6d7cbc6f780932,Greater Western Sydney Giants,Brisbane Lions,2026-05-24T02:30:07Z,neds,Neds,,player_disposals,Darcy Wilmot,Under,1.82,24.5,20260524_013131
c2359222d8b43b27ad6d7cbc6f780932,Greater Western Sydney Giants,Brisbane Lions,2026-05-24T02:30:07Z,neds,Neds,,player_disposals,Finn Callaghan,Over,1.85,28.5,20260524_013131
c2359222d8b43b27ad6d7cbc6f780932,Greater Western Sydney Giants,Brisbane Lions,2026-05-24T02:30:07Z,neds,Neds,,player_disposals,Finn Callaghan,Under,1.88,28.5,20260524_013131
c2359222d8b43b27ad6d7cbc6f780932,Greater Western Sydney Giants,Brisbane Lions,2026-05-24T02:30:07Z,neds,Neds,,player_disposals,Zac Bailey,Over,1.85,18.5,20260524_013131
c2359222d8b43b27ad6d7cbc6f780932,Greater Western Sydney Giants,Brisbane Lions,2026-05-24T02:30:07Z,neds,Neds,,player_disposals,Zac Bailey,Under,1.9,18.5,20260524_013131
c2359222d8b43b27ad6d7cbc6f780932,Greater Western Sydney Giants,Brisbane Lions,2026-05-24T02:30:07Z,neds,Neds,,player_disposals_over,Clayton Oliver,Over,1.98,31.5,20260524_013131
c2359222d8b43b27ad6d7cbc6f780932,Greater Western Sydney Giants,Brisbane Lions,2026-05-24T02:30:07Z,neds,Neds,,player_disposals_over,Lachie Whitfield,Over,2.3,31.5,20260524_013131
c2359222d8b43b27ad6d7cbc6f780932,Greater Western Sydney Giants,Brisbane Lions,2026-05-24T02:30:07Z,neds,Neds,,player_disposals_over,Lachie Neale,Over,2.35,31.5,20260524_013131
c2359222d8b43b27ad6d7cbc6f780932,Greater Western Sydney Giants,Brisbane Lions,2026-05-24T02:30:07Z,neds,Neds,,player_disposals_over,Lachlan Ash,Over,2.5,31.5,20260524_013131
c2359222d8b43b27ad6d7cbc6f780932,Greater Western Sydney Giants,Brisbane Lions,2026-05-24T02:30:07Z,neds,Neds,,player_disposals_over,Finn Callaghan,Over,2.6,31.5,20260524_013131
c2359222d8b43b27ad6d7cbc6f780932,Greater Western Sydney Giants,Brisbane Lions,2026-05-24T02:30:07Z,neds,Neds,,player_disposals_over,Will Ashcroft,Over,3.3,31.5,20260524_013131
c2359222d8b43b27ad6d7cbc6f780932,Greater Western Sydney Giants,Brisbane Lions,2026-05-24T02:30:07Z,neds,Neds,,player_disposals_over,Darcy Wilmot,Over,5.8,31.5,20260524_013131
c2359222d8b43b27ad6d7cbc6f780932,Greater Western Sydney Giants,Brisbane Lions,2026-05-24T02:30:07Z,neds,Neds,,player_disposals_over,Hugh McCluggage,Over,7.0,31.5,20260524_013131
c2359222d8b43b27ad6d7cbc6f780932,Greater Western Sydney Giants,Brisbane Lions,2026-05-24T02:30:07Z,neds,Neds,,player_disposals_over,Levi Ashcroft,Over,15.0,31.5,20260524_013131
c2359222d8b43b27ad6d7cbc6f780932,Greater Western Sydney Giants,Brisbane Lions,2026-05-24T02:30:07Z,neds,Neds,,player_disposals_over,Harvey Thomas,Over,16.0,31.5,20260524_013131
c2359222d8b43b27ad6d7cbc6f780932,Greater Western Sydney Giants,Brisbane Lions,2026-05-24T02:30:07Z,neds,Neds,,player_disposals_over,Josh Dunkley,Over,16.0,31.5,20260524_013131
c2359222d8b43b27ad6d7cbc6f780932,Greater Western Sydney Giants,Brisbane Lions,2026-05-24T02:30:07Z,neds,Neds,,player_disposals_over,Keidean Coleman,Over,21.0,31.5,20260524_013131
c2359222d8b43b27ad6d7cbc6f780932,Greater Western Sydney Giants,Brisbane Lions,2026-05-24T02:30:07Z,neds,Neds,,player_disposals_over,Connor Idun,Over,21.0,31.5,20260524_013131
c2359222d8b43b27ad6d7cbc6f780932,Greater Western Sydney Giants,Brisbane Lions,2026-05-24T02:30:07Z,neds,Neds,,player_disposals_over,Zac Bailey,Over,31.0,31.5,20260524_013131
c2359222d8b43b27ad6d7cbc6f780932,Greater Western Sydney Giants,Brisbane Lions,2026-05-24T02:30:07Z,neds,Neds,,player_disposals_over,Jaspa Fletcher,Over,31.0,31.5,20260524_013131
c2359222d8b43b27ad6d7cbc6f780932,Greater Western Sydney Giants,Brisbane Lions,2026-05-24T02:30:07Z,neds,Neds,,player_disposals_over,Bruce Reville,Over,34.0,31.5,20260524_013131
c2359222d8b43b27ad6d7cbc6f780932,Greater Western Sydney Giants,Brisbane Lions,2026-05-24T02:30:07Z,neds,Neds,,player_disposals_over,Toby Greene,Over,51.0,31.5,20260524_013131
c2359222d8b43b27ad6d7cbc6f780932,Greater Western Sydney Giants,Brisbane Lions,2026-05-24T02:30:07Z,neds,Neds,,player_disposals_over,Hugh McCluggage,Over,1.01,15.5,20260524_013131
c2359222d8b43b27ad6d7cbc6f780932,Greater Western Sydney Giants,Brisbane Lions,2026-05-24T02:30:07Z,neds,Neds,,player_disposals_over,Harvey Thomas,Over,1.14,15.5,20260524_013131
c2359222d8b43b27ad6d7cbc6f780932,Greater Western Sydney Giants,Brisbane Lions,2026-05-24T02:30:07Z,neds,Neds,,player_disposals_over,Levi Ashcroft,Over,1.14,15.5,20260524_013131
c2359222d8b43b27ad6d7cbc6f780932,Greater Western Sydney Giants,Brisbane Lions,2026-05-24T02:30:07Z,neds,Neds,,player_disposals_over,Josh Dunkley,Over,1.14,15.5,20260524_013131
c2359222d8b43b27ad6d7cbc6f780932,Greater Western Sydney Giants,Brisbane Lions,2026-05-24T02:30:07Z,neds,Neds,,player_disposals_over,Keidean Coleman,Over,1.22,15.5,20260524_013131
c2359222d8b43b27ad6d7cbc6f780932,Greater Western Sydney Giants,Brisbane Lions,2026-05-24T02:30:07Z,neds,Neds,,player_disposals_over,Connor Idun,Over,1.22,15.5,20260524_013131
c2359222d8b43b27ad6d7cbc6f780932,Greater Western Sydney Giants,Brisbane Lions,2026-05-24T02:30:07Z,neds,Neds,,player_disposals_over,Zac Bailey,Over,1.3,15.5,20260524_013131
c2359222d8b43b27ad6d7cbc6f780932,Greater Western Sydney Giants,Brisbane Lions,2026-05-24T02:30:07Z,neds,Neds,,player_disposals_over,Jaspa Fletcher,Over,1.3,15.5,20260524_013131
c2359222d8b43b27ad6d7cbc6f780932,Greater Western Sydney Giants,Brisbane Lions,2026-05-24T02:30:07Z,neds,Neds,,player_disposals_over,Bruce Reville,Over,1.32,15.5,20260524_013131
c2359222d8b43b27ad6d7cbc6f780932,Greater Western Sydney Giants,Brisbane Lions,2026-05-24T02:30:07Z,neds,Neds,,player_disposals_over,Toby Greene,Over,1.48,15.5,20260524_013131
c2359222d8b43b27ad6d7cbc6f780932,Greater Western Sydney Giants,Brisbane Lions,2026-05-24T02:30:07Z,neds,Neds,,player_disposals_over,Harrison Himmelberg,Over,1.64,15.5,20260524_013131
c2359222d8b43b27ad6d7cbc6f780932,Greater Western Sydney Giants,Brisbane Lions,2026-05-24T02:30:07Z,neds,Neds,,player_disposals_over,Brent Daniels,Over,1.65,15.5,20260524_013131
c2359222d8b43b27ad6d7cbc6f780932,Greater Western Sydney Giants,Brisbane Lions,2026-05-24T02:30:07Z,neds,Neds,,player_disposals_over,Stephen Coniglio,Over,1.67,15.5,20260524_013131
c2359222d8b43b27ad6d7cbc6f780932,Greater Western Sydney Giants,Brisbane Lions,2026-05-24T02:30:07Z,neds,Neds,,player_disposals_over,Joseph Fonti,Over,1.87,15.5,20260524_013131
c2359222d8b43b27ad6d7cbc6f780932,Greater Western Sydney Giants,Brisbane Lions,2026-05-24T02:30:07Z,neds,Neds,,player_disposals_over,Sam Marshall,Over,1.94,15.5,20260524_013131
c2359222d8b43b27ad6d7cbc6f780932,Greater Western Sydney Giants,Brisbane Lions,2026-05-24T02:30:07Z,neds,Neds,,player_disposals_over,Jayden Laverde,Over,2.1,15.5,20260524_013131
c2359222d8b43b27ad6d7cbc6f780932,Greater Western Sydney Giants,Brisbane Lions,2026-05-24T02:30:07Z,neds,Neds,,player_disposals_over,Cameron Rayner,Over,2.15,15.5,20260524_013131
c2359222d8b43b27ad6d7cbc6f780932,Greater Western Sydney Giants,Brisbane Lions,2026-05-24T02:30:07Z,neds,Neds,,player_disposals_over,James Tunstill,Over,2.15,15.5,20260524_013131
c2359222d8b43b27ad6d7cbc6f780932,Greater Western Sydney Giants,Brisbane Lions,2026-05-24T02:30:07Z,neds,Neds,,player_disposals_over,Darcy Fort,Over,2.15,15.5,20260524_013131
c2359222d8b43b27ad6d7cbc6f780932,Greater Western Sydney Giants,Brisbane Lions,2026-05-24T02:30:07Z,neds,Neds,,player_disposals_over,Harris Andrews,Over,2.15,15.5,20260524_013131
c2359222d8b43b27ad6d7cbc6f780932,Greater Western Sydney Giants,Brisbane Lions,2026-05-24T02:30:07Z,neds,Neds,,player_disposals_over,Kieren Briggs,Over,2.35,15.5,20260524_013131
c2359222d8b43b27ad6d7cbc6f780932,Greater Western Sydney Giants,Brisbane Lions,2026-05-24T02:30:07Z,neds,Neds,,player_disposals_over,Toby McMullin,Over,2.4,15.5,20260524_013131
c2359222d8b43b27ad6d7cbc6f780932,Greater Western Sydney Giants,Brisbane Lions,2026-05-24T02:30:07Z,neds,Neds,,player_disposals_over,Jake Stringer,Over,2.5,15.5,20260524_013131
c2359222d8b43b27ad6d7cbc6f780932,Greater Western Sydney Giants,Brisbane Lions,2026-05-24T02:30:07Z,neds,Neds,,player_disposals_over,Charlie Cameron,Over,2.5,15.5,20260524_013131
c2359222d8b43b27ad6d7cbc6f780932,Greater Western Sydney Giants,Brisbane Lions,2026-05-24T02:30:07Z,neds,Neds,,player_disposals_over,Kai Lohmann,Over,2.65,15.5,20260524_013131
c2359222d8b43b27ad6d7cbc6f780932,Greater Western Sydney Giants,Brisbane Lions,2026-05-24T02:30:07Z,neds,Neds,,player_disposals_over,Jake Riccardi,Over,2.7,15.5,20260524_013131
c2359222d8b43b27ad6d7cbc6f780932,Greater Western Sydney Giants,Brisbane Lions,2026-05-24T02:30:07Z,neds,Neds,,player_disposals_over,Toby Bedford,Over,2.7,15.5,20260524_013131
c2359222d8b43b27ad6d7cbc6f780932,Greater Western Sydney Giants,Brisbane Lions,2026-05-24T02:30:07Z,neds,Neds,,player_disposals_over,Jack Buckley,Over,2.7,15.5,20260524_013131
c2359222d8b43b27ad6d7cbc6f780932,Greater Western Sydney Giants,Brisbane Lions,2026-05-24T02:30:07Z,neds,Neds,,player_disposals_over,Aaron Cadman,Over,2.7,15.5,20260524_013131
c2359222d8b43b27ad6d7cbc6f780932,Greater Western Sydney Giants,Brisbane Lions,2026-05-24T02:30:07Z,neds,Neds,,player_disposals_over,Phoenix Gothard,Over,2.95,15.5,20260524_013131
c2359222d8b43b27ad6d7cbc6f780932,Greater Western Sydney Giants,Brisbane Lions,2026-05-24T02:30:07Z,neds,Neds,,player_disposals_over,Logan Morris,Over,3.15,15.5,20260524_013131
c2359222d8b43b27ad6d7cbc6f780932,Greater Western Sydney Giants,Brisbane Lions,2026-05-24T02:30:07Z,neds,Neds,,player_disposals_over,Conor McKenna,Over,3.2,15.5,20260524_013131
c2359222d8b43b27ad6d7cbc6f780932,Greater Western Sydney Giants,Brisbane Lions,2026-05-24T02:30:07Z,neds,Neds,,player_disposals_over,Sam Draper,Over,3.35,15.5,20260524_013131
c2359222d8b43b27ad6d7cbc6f780932,Greater Western Sydney Giants,Brisbane Lions,2026-05-24T02:30:07Z,neds,Neds,,player_disposals_over,Darcy Gardiner,Over,4.25,15.5,20260524_013131
c2359222d8b43b27ad6d7cbc6f780932,Greater Western Sydney Giants,Brisbane Lions,2026-05-24T02:30:07Z,neds,Neds,,player_disposals_over,Callum Brown,Over,4.75,15.5,20260524_013131
c2359222d8b43b27ad6d7cbc6f780932,Greater Western Sydney Giants,Brisbane Lions,2026-05-24T02:30:07Z,neds,Neds,,player_disposals_over,Ty Gallop,Over,4.8,15.5,20260524_013131
c2359222d8b43b27ad6d7cbc6f780932,Greater Western Sydney Giants,Brisbane Lions,2026-05-24T02:30:07Z,neds,Neds,,player_disposals_over,Max Gruzewski,Over,6.6,15.5,20260524_013131
c2359222d8b43b27ad6d7cbc6f780932,Greater Western Sydney Giants,Brisbane Lions,2026-05-24T02:30:07Z,neds,Neds,,player_disposals_over,Clayton Oliver,Over,6.25,39.5,20260524_013131
c2359222d8b43b27ad6d7cbc6f780932,Greater Western Sydney Giants,Brisbane Lions,2026-05-24T02:30:07Z,neds,Neds,,player_disposals_over,Lachie Whitfield,Over,8.25,39.5,20260524_013131
c2359222d8b43b27ad6d7cbc6f780932,Greater Western Sydney Giants,Brisbane Lions,2026-05-24T02:30:07Z,neds,Neds,,player_disposals_over,Lachie Neale,Over,8.5,39.5,20260524_013131
c2359222d8b43b27ad6d7cbc6f780932,Greater Western Sydney Giants,Brisbane Lions,2026-05-24T02:30:07Z,neds,Neds,,player_disposals_over,Lachlan Ash,Over,9.5,39.5,20260524_013131
c2359222d8b43b27ad6d7cbc6f780932,Greater Western Sydney Giants,Brisbane Lions,2026-05-24T02:30:07Z,neds,Neds,,player_disposals_over,Finn Callaghan,Over,10.5,39.5,20260524_013131
c2359222d8b43b27ad6d7cbc6f780932,Greater Western Sydney Giants,Brisbane Lions,2026-05-24T02:30:07Z,neds,Neds,,player_disposals_over,Will Ashcroft,Over,15.0,39.5,20260524_013131
c2359222d8b43b27ad6d7cbc6f780932,Greater Western Sydney Giants,Brisbane Lions,2026-05-24T02:30:07Z,neds,Neds,,player_disposals_over,Darcy Wilmot,Over,41.0,39.5,20260524_013131
c2359222d8b43b27ad6d7cbc6f780932,Greater Western Sydney Giants,Brisbane Lions,2026-05-24T02:30:07Z,neds,Neds,,player_disposals_over,Hugh McCluggage,Over,51.0,39.5,20260524_013131
c2359222d8b43b27ad6d7cbc6f780932,Greater Western Sydney Giants,Brisbane Lions,2026-05-24T02:30:07Z,neds,Neds,,player_disposals_over,Clayton Oliver,Over,3.3,35.5,20260524_013131
c2359222d8b43b27ad6d7cbc6f780932,Greater Western Sydney Giants,Brisbane Lions,2026-05-24T02:30:07Z,neds,Neds,,player_disposals_over,Lachie Whitfield,Over,4.0,35.5,20260524_013131
c2359222d8b43b27ad6d7cbc6f780932,Greater Western Sydney Giants,Brisbane Lions,2026-05-24T02:30:07Z,neds,Neds,,player_disposals_over,Lachie Neale,Over,4.2,35.5,20260524_013131
c2359222d8b43b27ad6d7cbc6f780932,Greater Western Sydney Giants,Brisbane Lions,2026-05-24T02:30:07Z,neds,Neds,,player_disposals_over,Lachlan Ash,Over,4.5,35.5,20260524_013131
c2359222d8b43b27ad6d7cbc6f780932,Greater Western Sydney Giants,Brisbane Lions,2026-05-24T02:30:07Z,neds,Neds,,player_disposals_over,Finn Callaghan,Over,4.8,35.5,20260524_013131
c2359222d8b43b27ad6d7cbc6f780932,Greater Western Sydney Giants,Brisbane Lions,2026-05-24T02:30:07Z,neds,Neds,,player_disposals_over,Will Ashcroft,Over,6.6,35.5,20260524_013131
c2359222d8b43b27ad6d7cbc6f780932,Greater Western Sydney Giants,Brisbane Lions,2026-05-24T02:30:07Z,neds,Neds,,player_disposals_over,Darcy Wilmot,Over,14.0,35.5,20260524_013131
c2359222d8b43b27ad6d7cbc6f780932,Greater Western Sydney Giants,Brisbane Lions,2026-05-24T02:30:07Z,neds,Neds,,player_disposals_over,Hugh McCluggage,Over,17.0,35.5,20260524_013131
c2359222d8b43b27ad6d7cbc6f780932,Greater Western Sydney Giants,Brisbane Lions,2026-05-24T02:30:07Z,neds,Neds,,player_disposals_over,Harvey Thomas,Over,51.0,35.5,20260524_013131
c2359222d8b43b27ad6d7cbc6f780932,Greater Western Sydney Giants,Brisbane Lions,2026-05-24T02:30:07Z,neds,Neds,,player_disposals_over,Levi Ashcroft,Over,51.0,35.5,20260524_013131
c2359222d8b43b27ad6d7cbc6f780932,Greater Western Sydney Giants,Brisbane Lions,2026-05-24T02:30:07Z,neds,Neds,,player_disposals_over,Josh Dunkley,Over,51.0,35.5,20260524_013131
c2359222d8b43b27ad6d7cbc6f780932,Greater Western Sydney Giants,Brisbane Lions,2026-05-24T02:30:07Z,neds,Neds,,player_disposals_over,Clayton Oliver,Over,2.9,34.5,20260524_013131
c2359222d8b43b27ad6d7cbc6f780932,Greater Western Sydney Giants,Brisbane Lions,2026-05-24T02:30:07Z,neds,Neds,,player_disposals_over,Lachie Whitfield,Over,3.5,34.5,20260524_013131
c2359222d8b43b27ad6d7cbc6f780932,Greater Western Sydney Giants,Brisbane Lions,2026-05-24T02:30:07Z,neds,Neds,,player_disposals_over,Lachie Neale,Over,3.6,34.5,20260524_013131
c2359222d8b43b27ad6d7cbc6f780932,Greater Western Sydney Giants,Brisbane Lions,2026-05-24T02:30:07Z,neds,Neds,,player_disposals_over,Lachlan Ash,Over,3.9,34.5,20260524_013131
c2359222d8b43b27ad6d7cbc6f780932,Greater Western Sydney Giants,Brisbane Lions,2026-05-24T02:30:07Z,neds,Neds,,player_disposals_over,Finn Callaghan,Over,4.2,34.5,20260524_013131
c2359222d8b43b27ad6d7cbc6f780932,Greater Western Sydney Giants,Brisbane Lions,2026-05-24T02:30:07Z,neds,Neds,,player_disposals_over,Will Ashcroft,Over,5.5,34.5,20260524_013131
c2359222d8b43b27ad6d7cbc6f780932,Greater Western Sydney Giants,Brisbane Lions,2026-05-24T02:30:07Z,neds,Neds,,player_disposals_over,Darcy Wilmot,Over,11.0,34.5,20260524_013131
c2359222d8b43b27ad6d7cbc6f780932,Greater Western Sydney Giants,Brisbane Lions,2026-05-24T02:30:07Z,neds,Neds,,player_disposals_over,Hugh McCluggage,Over,14.0,34.5,20260524_013131
c2359222d8b43b27ad6d7cbc6f780932,Greater Western Sydney Giants,Brisbane Lions,2026-05-24T02:30:07Z,neds,Neds,,player_disposals_over,Harvey Thomas,Over,34.0,34.5,20260524_013131
c2359222d8b43b27ad6d7cbc6f780932,Greater Western Sydney Giants,Brisbane Lions,2026-05-24T02:30:07Z,neds,Neds,,player_disposals_over,Levi Ashcroft,Over,34.0,34.5,20260524_013131
c2359222d8b43b27ad6d7cbc6f780932,Greater Western Sydney Giants,Brisbane Lions,2026-05-24T02:30:07Z,neds,Neds,,player_disposals_over,Josh Dunkley,Over,34.0,34.5,20260524_013131
c2359222d8b43b27ad6d7cbc6f780932,Greater Western Sydney Giants,Brisbane Lions,2026-05-24T02:30:07Z,neds,Neds,,player_disposals_over,Keidean Coleman,Over,51.0,34.5,20260524_013131
c2359222d8b43b27ad6d7cbc6f780932,Greater Western Sydney Giants,Brisbane Lions,2026-05-24T02:30:07Z,neds,Neds,,player_disposals_over,Connor Idun,Over,51.0,34.5,20260524_013131
c2359222d8b43b27ad6d7cbc6f780932,Greater Western Sydney Giants,Brisbane Lions,2026-05-24T02:30:07Z,neds,Neds,,player_disposals_over,Harvey Thomas,Over,1.01,13.5,20260524_013131
c2359222d8b43b27ad6d7cbc6f780932,Greater Western Sydney Giants,Brisbane Lions,2026-05-24T02:30:07Z,neds,Neds,,player_disposals_over,Levi Ashcroft,Over,1.01,13.5,20260524_013131
c2359222d8b43b27ad6d7cbc6f780932,Greater Western Sydney Giants,Brisbane Lions,2026-05-24T02:30:07Z,neds,Neds,,player_disposals_over,Josh Dunkley,Over,1.01,13.5,20260524_013131
c2359222d8b43b27ad6d7cbc6f780932,Greater Western Sydney Giants,Brisbane Lions,2026-05-24T02:30:07Z,neds,Neds,,player_disposals_over,Keidean Coleman,Over,1.03,13.5,20260524_013131
c2359222d8b43b27ad6d7cbc6f780932,Greater Western Sydney Giants,Brisbane Lions,2026-05-24T02:30:07Z,neds,Neds,,player_disposals_over,Connor Idun,Over,1.03,13.5,20260524_013131
c2359222d8b43b27ad6d7cbc6f780932,Greater Western Sydney Giants,Brisbane Lions,2026-05-24T02:30:07Z,neds,Neds,,player_disposals_over,Zac Bailey,Over,1.09,13.5,20260524_013131
c2359222d8b43b27ad6d7cbc6f780932,Greater Western Sydney Giants,Brisbane Lions,2026-05-24T02:30:07Z,neds,Neds,,player_disposals_over,Bruce Reville,Over,1.09,13.5,20260524_013131
c2359222d8b43b27ad6d7cbc6f780932,Greater Western Sydney Giants,Brisbane Lions,2026-05-24T02:30:07Z,neds,Neds,,player_disposals_over,Jaspa Fletcher,Over,1.09,13.5,20260524_013131
c2359222d8b43b27ad6d7cbc6f780932,Greater Western Sydney Giants,Brisbane Lions,2026-05-24T02:30:07Z,neds,Neds,,player_disposals_over,Toby Greene,Over,1.19,13.5,20260524_013131
c2359222d8b43b27ad6d7cbc6f780932,Greater Western Sydney Giants,Brisbane Lions,2026-05-24T02:30:07Z,neds,Neds,,player_disposals_over,Harrison Himmelberg,Over,1.26,13.5,20260524_013131
c2359222d8b43b27ad6d7cbc6f780932,Greater Western Sydney Giants,Brisbane Lions,2026-05-24T02:30:07Z,neds,Neds,,player_disposals_over,Brent Daniels,Over,1.28,13.5,20260524_013131
c2359222d8b43b27ad6d7cbc6f780932,Greater Western Sydney Giants,Brisbane Lions,2026-05-24T02:30:07Z,neds,Neds,,player_disposals_over,Stephen Coniglio,Over,1.3,13.5,20260524_013131
c2359222d8b43b27ad6d7cbc6f780932,Greater Western Sydney Giants,Brisbane Lions,2026-05-24T02:30:07Z,neds,Neds,,player_disposals_over,Joseph Fonti,Over,1.42,13.5,20260524_013131
c2359222d8b43b27ad6d7cbc6f780932,Greater Western Sydney Giants,Brisbane Lions,2026-05-24T02:30:07Z,neds,Neds,,player_disposals_over,Sam Marshall,Over,1.45,13.5,20260524_013131
c2359222d8b43b27ad6d7cbc6f780932,Greater Western Sydney Giants,Brisbane Lions,2026-05-24T02:30:07Z,neds,Neds,,player_disposals_over,Jayden Laverde,Over,1.55,13.5,20260524_013131
c2359222d8b43b27ad6d7cbc6f780932,Greater Western Sydney Giants,Brisbane Lions,2026-05-24T02:30:07Z,neds,Neds,,player_disposals_over,James Tunstill,Over,1.57,13.5,20260524_013131
c2359222d8b43b27ad6d7cbc6f780932,Greater Western Sydney Giants,Brisbane Lions,2026-05-24T02:30:07Z,neds,Neds,,player_disposals_over,Darcy Fort,Over,1.57,13.5,20260524_013131
c2359222d8b43b27ad6d7cbc6f780932,Greater Western Sydney Giants,Brisbane Lions,2026-05-24T02:30:07Z,neds,Neds,,player_disposals_over,Cameron Rayner,Over,1.6,13.5,20260524_013131
c2359222d8b43b27ad6d7cbc6f780932,Greater Western Sydney Giants,Brisbane Lions,2026-05-24T02:30:07Z,neds,Neds,,player_disposals_over,Harris Andrews,Over,1.6,13.5,20260524_013131
c2359222d8b43b27ad6d7cbc6f780932,Greater Western Sydney Giants,Brisbane Lions,2026-05-24T02:30:07Z,neds,Neds,,player_disposals_over,Kieren Briggs,Over,1.7,13.5,20260524_013131
c2359222d8b43b27ad6d7cbc6f780932,Greater Western Sydney Giants,Brisbane Lions,2026-05-24T02:30:07Z,neds,Neds,,player_disposals_over,Toby McMullin,Over,1.72,13.5,20260524_013131
c2359222d8b43b27ad6d7cbc6f780932,Greater Western Sydney Giants,Brisbane Lions,2026-05-24T02:30:07Z,neds,Neds,,player_disposals_over,Jake Stringer,Over,1.8,13.5,20260524_013131
c2359222d8b43b27ad6d7cbc6f780932,Greater Western Sydney Giants,Brisbane Lions,2026-05-24T02:30:07Z,neds,Neds,,player_disposals_over,Charlie Cameron,Over,1.8,13.5,20260524_013131
c2359222d8b43b27ad6d7cbc6f780932,Greater Western Sydney Giants,Brisbane Lions,2026-05-24T02:30:07Z,neds,Neds,,player_disposals_over,Kai Lohmann,Over,1.87,13.5,20260524_013131
c2359222d8b43b27ad6d7cbc6f780932,Greater Western Sydney Giants,Brisbane Lions,2026-05-24T02:30:07Z,neds,Neds,,player_disposals_over,Jake Riccardi,Over,1.9,13.5,20260524_013131
c2359222d8b43b27ad6d7cbc6f780932,Greater Western Sydney Giants,Brisbane Lions,2026-05-24T02:30:07Z,neds,Neds,,player_disposals_over,Toby Bedford,Over,1.9,13.5,20260524_013131
c2359222d8b43b27ad6d7cbc6f780932,Greater Western Sydney Giants,Brisbane Lions,2026-05-24T02:30:07Z,neds,Neds,,player_disposals_over,Jack Buckley,Over,1.9,13.5,20260524_013131
c2359222d8b43b27ad6d7cbc6f780932,Greater Western Sydney Giants,Brisbane Lions,2026-05-24T02:30:07Z,neds,Neds,,player_disposals_over,Aaron Cadman,Over,1.9,13.5,20260524_013131
c2359222d8b43b27ad6d7cbc6f780932,Greater Western Sydney Giants,Brisbane Lions,2026-05-24T02:30:07Z,neds,Neds,,player_disposals_over,Phoenix Gothard,Over,2.05,13.5,20260524_013131
c2359222d8b43b27ad6d7cbc6f780932,Greater Western Sydney Giants,Brisbane Lions,2026-05-24T02:30:07Z,neds,Neds,,player_disposals_over,Logan Morris,Over,2.15,13.5,20260524_013131
c2359222d8b43b27ad6d7cbc6f780932,Greater Western Sydney Giants,Brisbane Lions,2026-05-24T02:30:07Z,neds,Neds,,player_disposals_over,Conor McKenna,Over,2.2,13.5,20260524_013131
c2359222d8b43b27ad6d7cbc6f780932,Greater Western Sydney Giants,Brisbane Lions,2026-05-24T02:30:07Z,neds,Neds,,player_disposals_over,Sam Draper,Over,2.3,13.5,20260524_013131
c2359222d8b43b27ad6d7cbc6f780932,Greater Western Sydney Giants,Brisbane Lions,2026-05-24T02:30:07Z,neds,Neds,,player_disposals_over,Darcy Gardiner,Over,2.9,13.5,20260524_013131
c2359222d8b43b27ad6d7cbc6f780932,Greater Western Sydney Giants,Brisbane Lions,2026-05-24T02:30:07Z,neds,Neds,,player_disposals_over,Callum Brown,Over,3.1,13.5,20260524_013131
c2359222d8b43b27ad6d7cbc6f780932,Greater Western Sydney Giants,Brisbane Lions,2026-05-24T02:30:07Z,neds,Neds,,player_disposals_over,Ty Gallop,Over,3.2,13.5,20260524_013131
c2359222d8b43b27ad6d7cbc6f780932,Greater Western Sydney Giants,Brisbane Lions,2026-05-24T02:30:07Z,neds,Neds,,player_disposals_over,Max Gruzewski,Over,4.25,13.5,20260524_013131
c2359222d8b43b27ad6d7cbc6f780932,Greater Western Sydney Giants,Brisbane Lions,2026-05-24T02:30:07Z,neds,Neds,,player_disposals_over,Clayton Oliver,Over,1.15,24.5,20260524_013131
c2359222d8b43b27ad6d7cbc6f780932,Greater Western Sydney Giants,Brisbane Lions,2026-05-24T02:30:07Z,neds,Neds,,player_disposals_over,Lachie Whitfield,Over,1.22,24.5,20260524_013131
c2359222d8b43b27ad6d7cbc6f780932,Greater Western Sydney Giants,Brisbane Lions,2026-05-24T02:30:07Z,neds,Neds,,player_disposals_over,Lachie Neale,Over,1.24,24.5,20260524_013131
c2359222d8b43b27ad6d7cbc6f780932,Greater Western Sydney Giants,Brisbane Lions,2026-05-24T02:30:07Z,neds,Neds,,player_disposals_over,Lachlan Ash,Over,1.26,24.5,20260524_013131
c2359222d8b43b27ad6d7cbc6f780932,Greater Western Sydney Giants,Brisbane Lions,2026-05-24T02:30:07Z,neds,Neds,,player_disposals_over,Finn Callaghan,Over,1.3,24.5,20260524_013131
c2359222d8b43b27ad6d7cbc6f780932,Greater Western Sydney Giants,Brisbane Lions,2026-05-24T02:30:07Z,neds,Neds,,player_disposals_over,Will Ashcroft,Over,1.46,24.5,20260524_013131
c2359222d8b43b27ad6d7cbc6f780932,Greater Western Sydney Giants,Brisbane Lions,2026-05-24T02:30:07Z,neds,Neds,,player_disposals_over,Darcy Wilmot,Over,1.95,24.5,20260524_013131
c2359222d8b43b27ad6d7cbc6f780932,Greater Western Sydney Giants,Brisbane Lions,2026-05-24T02:30:07Z,neds,Neds,,player_disposals_over,Hugh McCluggage,Over,2.15,24.5,20260524_013131
c2359222d8b43b27ad6d7cbc6f780932,Greater Western Sydney Giants,Brisbane Lions,2026-05-24T02:30:07Z,neds,Neds,,player_disposals_over,Levi Ashcroft,Over,3.4,24.5,20260524_013131
c2359222d8b43b27ad6d7cbc6f780932,Greater Western Sydney Giants,Brisbane Lions,2026-05-24T02:30:07Z,neds,Neds,,player_disposals_over,Harvey Thomas,Over,3.5,24.5,20260524_013131
c2359222d8b43b27ad6d7cbc6f780932,Greater Western Sydney Giants,Brisbane Lions,2026-05-24T02:30:07Z,neds,Neds,,player_disposals_over,Josh Dunkley,Over,3.5,24.5,20260524_013131
c2359222d8b43b27ad6d7cbc6f780932,Greater Western Sydney Giants,Brisbane Lions,2026-05-24T02:30:07Z,neds,Neds,,player_disposals_over,Keidean Coleman,Over,4.2,24.5,20260524_013131
c2359222d8b43b27ad6d7cbc6f780932,Greater Western Sydney Giants,Brisbane Lions,2026-05-24T02:30:07Z,neds,Neds,,player_disposals_over,Connor Idun,Over,4.2,24.5,20260524_013131
c2359222d8b43b27ad6d7cbc6f780932,Greater Western Sydney Giants,Brisbane Lions,2026-05-24T02:30:07Z,neds,Neds,,player_disposals_over,Zac Bailey,Over,5.25,24.5,20260524_013131
c2359222d8b43b27ad6d7cbc6f780932,Greater Western Sydney Giants,Brisbane Lions,2026-05-24T02:30:07Z,neds,Neds,,player_disposals_over,Jaspa Fletcher,Over,5.25,24.5,20260524_013131
c2359222d8b43b27ad6d7cbc6f780932,Greater Western Sydney Giants,Brisbane Lions,2026-05-24T02:30:07Z,neds,Neds,,player_disposals_over,Bruce Reville,Over,5.4,24.5,20260524_013131
c2359222d8b43b27ad6d7cbc6f780932,Greater Western Sydney Giants,Brisbane Lions,2026-05-24T02:30:07Z,neds,Neds,,player_disposals_over,Toby Greene,Over,7.5,24.5,20260524_013131
c2359222d8b43b27ad6d7cbc6f780932,Greater Western Sydney Giants,Brisbane Lions,2026-05-24T02:30:07Z,neds,Neds,,player_disposals_over,Harrison Himmelberg,Over,9.5,24.5,20260524_013131
c2359222d8b43b27ad6d7cbc6f780932,Greater Western Sydney Giants,Brisbane Lions,2026-05-24T02:30:07Z,neds,Neds,,player_disposals_over,Brent Daniels,Over,9.75,24.5,20260524_013131
c2359222d8b43b27ad6d7cbc6f780932,Greater Western Sydney Giants,Brisbane Lions,2026-05-24T02:30:07Z,neds,Neds,,player_disposals_over,Stephen Coniglio,Over,10.0,24.5,20260524_013131
c2359222d8b43b27ad6d7cbc6f780932,Greater Western Sydney Giants,Brisbane Lions,2026-05-24T02:30:07Z,neds,Neds,,player_disposals_over,Joseph Fonti,Over,13.0,24.5,20260524_013131
c2359222d8b43b27ad6d7cbc6f780932,Greater Western Sydney Giants,Brisbane Lions,2026-05-24T02:30:07Z,neds,Neds,,player_disposals_over,Sam Marshall,Over,14.0,24.5,20260524_013131
c2359222d8b43b27ad6d7cbc6f780932,Greater Western Sydney Giants,Brisbane Lions,2026-05-24T02:30:07Z,neds,Neds,,player_disposals_over,Jayden Laverde,Over,17.0,24.5,20260524_013131
c2359222d8b43b27ad6d7cbc6f780932,Greater Western Sydney Giants,Brisbane Lions,2026-05-24T02:30:07Z,neds,Neds,,player_disposals_over,Cameron Rayner,Over,19.0,24.5,20260524_013131
c2359222d8b43b27ad6d7cbc6f780932,Greater Western Sydney Giants,Brisbane Lions,2026-05-24T02:30:07Z,neds,Neds,,player_disposals_over,James Tunstill,Over,19.0,24.5,20260524_013131
c2359222d8b43b27ad6d7cbc6f780932,Greater Western Sydney Giants,Brisbane Lions,2026-05-24T02:30:07Z,neds,Neds,,player_disposals_over,Darcy Fort,Over,19.0,24.5,20260524_013131
c2359222d8b43b27ad6d7cbc6f780932,Greater Western Sydney Giants,Brisbane Lions,2026-05-24T02:30:07Z,neds,Neds,,player_disposals_over,Harris Andrews,Over,19.0,24.5,20260524_013131
c2359222d8b43b27ad6d7cbc6f780932,Greater Western Sydney Giants,Brisbane Lions,2026-05-24T02:30:07Z,neds,Neds,,player_disposals_over,Kieren Briggs,Over,23.0,24.5,20260524_013131
c2359222d8b43b27ad6d7cbc6f780932,Greater Western Sydney Giants,Brisbane Lions,2026-05-24T02:30:07Z,neds,Neds,,player_disposals_over,Toby McMullin,Over,23.0,24.5,20260524_013131
c2359222d8b43b27ad6d7cbc6f780932,Greater Western Sydney Giants,Brisbane Lions,2026-05-24T02:30:07Z,neds,Neds,,player_disposals_over,Clayton Oliver,Over,1.07,23.5,20260524_013131
c2359222d8b43b27ad6d7cbc6f780932,Greater Western Sydney Giants,Brisbane Lions,2026-05-24T02:30:07Z,neds,Neds,,player_disposals_over,Lachie Whitfield,Over,1.14,23.5,20260524_013131
c2359222d8b43b27ad6d7cbc6f780932,Greater Western Sydney Giants,Brisbane Lions,2026-05-24T02:30:07Z,neds,Neds,,player_disposals_over,Lachie Neale,Over,1.15,23.5,20260524_013131
c2359222d8b43b27ad6d7cbc6f780932,Greater Western Sydney Giants,Brisbane Lions,2026-05-24T02:30:07Z,neds,Neds,,player_disposals_over,Lachlan Ash,Over,1.18,23.5,20260524_013131
c2359222d8b43b27ad6d7cbc6f780932,Greater Western Sydney Giants,Brisbane Lions,2026-05-24T02:30:07Z,neds,Neds,,player_disposals_over,Finn Callaghan,Over,1.2,23.5,20260524_013131
c2359222d8b43b27ad6d7cbc6f780932,Greater Western Sydney Giants,Brisbane Lions,2026-05-24T02:30:07Z,neds,Neds,,player_disposals_over,Will Ashcroft,Over,1.32,23.5,20260524_013131
c2359222d8b43b27ad6d7cbc6f780932,Greater Western Sydney Giants,Brisbane Lions,2026-05-24T02:30:07Z,neds,Neds,,player_disposals_over,Darcy Wilmot,Over,1.72,23.5,20260524_013131
c2359222d8b43b27ad6d7cbc6f780932,Greater Western Sydney Giants,Brisbane Lions,2026-05-24T02:30:07Z,neds,Neds,,player_disposals_over,Hugh McCluggage,Over,1.88,23.5,20260524_013131
c2359222d8b43b27ad6d7cbc6f780932,Greater Western Sydney Giants,Brisbane Lions,2026-05-24T02:30:07Z,neds,Neds,,player_disposals_over,Levi Ashcroft,Over,2.85,23.5,20260524_013131
c2359222d8b43b27ad6d7cbc6f780932,Greater Western Sydney Giants,Brisbane Lions,2026-05-24T02:30:07Z,neds,Neds,,player_disposals_over,Harvey Thomas,Over,2.9,23.5,20260524_013131
c2359222d8b43b27ad6d7cbc6f780932,Greater Western Sydney Giants,Brisbane Lions,2026-05-24T02:30:07Z,neds,Neds,,player_disposals_over,Josh Dunkley,Over,2.9,23.5,20260524_013131
c2359222d8b43b27ad6d7cbc6f780932,Greater Western Sydney Giants,Brisbane Lions,2026-05-24T02:30:07Z,neds,Neds,,player_disposals_over,Keidean Coleman,Over,3.4,23.5,20260524_013131
c2359222d8b43b27ad6d7cbc6f780932,Greater Western Sydney Giants,Brisbane Lions,2026-05-24T02:30:07Z,neds,Neds,,player_disposals_over,Connor Idun,Over,3.4,23.5,20260524_013131
c2359222d8b43b27ad6d7cbc6f780932,Greater Western Sydney Giants,Brisbane Lions,2026-05-24T02:30:07Z,neds,Neds,,player_disposals_over,Zac Bailey,Over,4.25,23.5,20260524_013131
c2359222d8b43b27ad6d7cbc6f780932,Greater Western Sydney Giants,Brisbane Lions,2026-05-24T02:30:07Z,neds,Neds,,player_disposals_over,Bruce Reville,Over,4.25,23.5,20260524_013131
c2359222d8b43b27ad6d7cbc6f780932,Greater Western Sydney Giants,Brisbane Lions,2026-05-24T02:30:07Z,neds,Neds,,player_disposals_over,Jaspa Fletcher,Over,4.25,23.5,20260524_013131
c2359222d8b43b27ad6d7cbc6f780932,Greater Western Sydney Giants,Brisbane Lions,2026-05-24T02:30:07Z,neds,Neds,,player_disposals_over,Toby Greene,Over,5.8,23.5,20260524_013131
c2359222d8b43b27ad6d7cbc6f780932,Greater Western Sydney Giants,Brisbane Lions,2026-05-24T02:30:07Z,neds,Neds,,player_disposals_over,Harrison Himmelberg,Over,7.25,23.5,20260524_013131
c2359222d8b43b27ad6d7cbc6f780932,Greater Western Sydney Giants,Brisbane Lions,2026-05-24T02:30:07Z,neds,Neds,,player_disposals_over,Brent Daniels,Over,7.5,23.5,20260524_013131
c2359222d8b43b27ad6d7cbc6f780932,Greater Western Sydney Giants,Brisbane Lions,2026-05-24T02:30:07Z,neds,Neds,,player_disposals_over,Stephen Coniglio,Over,7.75,23.5,20260524_013131
c2359222d8b43b27ad6d7cbc6f780932,Greater Western Sydney Giants,Brisbane Lions,2026-05-24T02:30:07Z,neds,Neds,,player_disposals_over,Joseph Fonti,Over,10.0,23.5,20260524_013131
c2359222d8b43b27ad6d7cbc6f780932,Greater Western Sydney Giants,Brisbane Lions,2026-05-24T02:30:07Z,neds,Neds,,player_disposals_over,Sam Marshall,Over,10.5,23.5,20260524_013131
c2359222d8b43b27ad6d7cbc6f780932,Greater Western Sydney Giants,Brisbane Lions,2026-05-24T02:30:07Z,neds,Neds,,player_disposals_over,James Tunstill,Over,13.0,23.5,20260524_013131
c2359222d8b43b27ad6d7cbc6f780932,Greater Western Sydney Giants,Brisbane Lions,2026-05-24T02:30:07Z,neds,Neds,,player_disposals_over,Darcy Fort,Over,13.0,23.5,20260524_013131
c2359222d8b43b27ad6d7cbc6f780932,Greater Western Sydney Giants,Brisbane Lions,2026-05-24T02:30:07Z,neds,Neds,,player_disposals_over,Jayden Laverde,Over,13.0,23.5,20260524_013131
c2359222d8b43b27ad6d7cbc6f780932,Greater Western Sydney Giants,Brisbane Lions,2026-05-24T02:30:07Z,neds,Neds,,player_disposals_over,Cameron Rayner,Over,14.0,23.5,20260524_013131
c2359222d8b43b27ad6d7cbc6f780932,Greater Western Sydney Giants,Brisbane Lions,2026-05-24T02:30:07Z,neds,Neds,,player_disposals_over,Harris Andrews,Over,14.0,23.5,20260524_013131
c2359222d8b43b27ad6d7cbc6f780932,Greater Western Sydney Giants,Brisbane Lions,2026-05-24T02:30:07Z,neds,Neds,,player_disposals_over,Kieren Briggs,Over,16.0,23.5,20260524_013131
c2359222d8b43b27ad6d7cbc6f780932,Greater Western Sydney Giants,Brisbane Lions,2026-05-24T02:30:07Z,neds,Neds,,player_disposals_over,Toby McMullin,Over,17.0,23.5,20260524_013131
c2359222d8b43b27ad6d7cbc6f780932,Greater Western Sydney Giants,Brisbane Lions,2026-05-24T02:30:07Z,neds,Neds,,player_disposals_over,Jake Stringer,Over,19.0,23.5,20260524_013131
c2359222d8b43b27ad6d7cbc6f780932,Greater Western Sydney Giants,Brisbane Lions,2026-05-24T02:30:07Z,neds,Neds,,player_disposals_over,Charlie Cameron,Over,19.0,23.5,20260524_013131
c2359222d8b43b27ad6d7cbc6f780932,Greater Western Sydney Giants,Brisbane Lions,2026-05-24T02:30:07Z,neds,Neds,,player_disposals_over,Jake Riccardi,Over,21.0,23.5,20260524_013131
c2359222d8b43b27ad6d7cbc6f780932,Greater Western Sydney Giants,Brisbane Lions,2026-05-24T02:30:07Z,neds,Neds,,player_disposals_over,Toby Bedford,Over,21.0,23.5,20260524_013131
c2359222d8b43b27ad6d7cbc6f780932,Greater Western Sydney Giants,Brisbane Lions,2026-05-24T02:30:07Z,neds,Neds,,player_disposals_over,Jack Buckley,Over,21.0,23.5,20260524_013131
c2359222d8b43b27ad6d7cbc6f780932,Greater Western Sydney Giants,Brisbane Lions,2026-05-24T02:30:07Z,neds,Neds,,player_disposals_over,Kai Lohmann,Over,21.0,23.5,20260524_013131
c2359222d8b43b27ad6d7cbc6f780932,Greater Western Sydney Giants,Brisbane Lions,2026-05-24T02:30:07Z,neds,Neds,,player_disposals_over,Aaron Cadman,Over,21.0,23.5,20260524_013131
c2359222d8b43b27ad6d7cbc6f780932,Greater Western Sydney Giants,Brisbane Lions,2026-05-24T02:30:07Z,neds,Neds,,player_disposals_over,Clayton Oliver,Over,1.01,21.5,20260524_013131
c2359222d8b43b27ad6d7cbc6f780932,Greater Western Sydney Giants,Brisbane Lions,2026-05-24T02:30:07Z,neds,Neds,,player_disposals_over,Lachie Whitfield,Over,1.04,21.5,20260524_013131
c2359222d8b43b27ad6d7cbc6f780932,Greater Western Sydney Giants,Brisbane Lions,2026-05-24T02:30:07Z,neds,Neds,,player_disposals_over,Lachie Neale,Over,1.05,21.5,20260524_013131
c2359222d8b43b27ad6d7cbc6f780932,Greater Western Sydney Giants,Brisbane Lions,2026-05-24T02:30:07Z,neds,Neds,,player_disposals_over,Lachlan Ash,Over,1.06,21.5,20260524_013131
c2359222d8b43b27ad6d7cbc6f780932,Greater Western Sydney Giants,Brisbane Lions,2026-05-24T02:30:07Z,neds,Neds,,player_disposals_over,Finn Callaghan,Over,1.07,21.5,20260524_013131
c2359222d8b43b27ad6d7cbc6f780932,Greater Western Sydney Giants,Brisbane Lions,2026-05-24T02:30:07Z,neds,Neds,,player_disposals_over,Will Ashcroft,Over,1.15,21.5,20260524_013131
c2359222d8b43b27ad6d7cbc6f780932,Greater Western Sydney Giants,Brisbane Lions,2026-05-24T02:30:07Z,neds,Neds,,player_disposals_over,Darcy Wilmot,Over,1.4,21.5,20260524_013131
c2359222d8b43b27ad6d7cbc6f780932,Greater Western Sydney Giants,Brisbane Lions,2026-05-24T02:30:07Z,neds,Neds,,player_disposals_over,Hugh McCluggage,Over,1.52,21.5,20260524_013131
c2359222d8b43b27ad6d7cbc6f780932,Greater Western Sydney Giants,Brisbane Lions,2026-05-24T02:30:07Z,neds,Neds,,player_disposals_over,Levi Ashcroft,Over,2.1,21.5,20260524_013131
c2359222d8b43b27ad6d7cbc6f780932,Greater Western Sydney Giants,Brisbane Lions,2026-05-24T02:30:07Z,neds,Neds,,player_disposals_over,Harvey Thomas,Over,2.15,21.5,20260524_013131
c2359222d8b43b27ad6d7cbc6f780932,Greater Western Sydney Giants,Brisbane Lions,2026-05-24T02:30:07Z,neds,Neds,,player_disposals_over,Josh Dunkley,Over,2.15,21.5,20260524_013131
c2359222d8b43b27ad6d7cbc6f780932,Greater Western Sydney Giants,Brisbane Lions,2026-05-24T02:30:07Z,neds,Neds,,player_disposals_over,Keidean Coleman,Over,2.45,21.5,20260524_013131
c2359222d8b43b27ad6d7cbc6f780932,Greater Western Sydney Giants,Brisbane Lions,2026-05-24T02:30:07Z,neds,Neds,,player_disposals_over,Connor Idun,Over,2.45,21.5,20260524_013131
c2359222d8b43b27ad6d7cbc6f780932,Greater Western Sydney Giants,Brisbane Lions,2026-05-24T02:30:07Z,neds,Neds,,player_disposals_over,Zac Bailey,Over,2.9,21.5,20260524_013131
c2359222d8b43b27ad6d7cbc6f780932,Greater Western Sydney Giants,Brisbane Lions,2026-05-24T02:30:07Z,neds,Neds,,player_disposals_over,Jaspa Fletcher,Over,2.9,21.5,20260524_013131
c2359222d8b43b27ad6d7cbc6f780932,Greater Western Sydney Giants,Brisbane Lions,2026-05-24T02:30:07Z,neds,Neds,,player_disposals_over,Bruce Reville,Over,2.95,21.5,20260524_013131
c2359222d8b43b27ad6d7cbc6f780932,Greater Western Sydney Giants,Brisbane Lions,2026-05-24T02:30:07Z,neds,Neds,,player_disposals_over,Toby Greene,Over,3.8,21.5,20260524_013131
c2359222d8b43b27ad6d7cbc6f780932,Greater Western Sydney Giants,Brisbane Lions,2026-05-24T02:30:07Z,neds,Neds,,player_disposals_over,Harrison Himmelberg,Over,4.6,21.5,20260524_013131
c2359222d8b43b27ad6d7cbc6f780932,Greater Western Sydney Giants,Brisbane Lions,2026-05-24T02:30:07Z,neds,Neds,,player_disposals_over,Brent Daniels,Over,4.75,21.5,20260524_013131
c2359222d8b43b27ad6d7cbc6f780932,Greater Western Sydney Giants,Brisbane Lions,2026-05-24T02:30:07Z,neds,Neds,,player_disposals_over,Stephen Coniglio,Over,4.8,21.5,20260524_013131
c2359222d8b43b27ad6d7cbc6f780932,Greater Western Sydney Giants,Brisbane Lions,2026-05-24T02:30:07Z,neds,Neds,,player_disposals_over,Joseph Fonti,Over,6.0,21.5,20260524_013131
c2359222d8b43b27ad6d7cbc6f780932,Greater Western Sydney Giants,Brisbane Lions,2026-05-24T02:30:07Z,neds,Neds,,player_disposals_over,Sam Marshall,Over,6.4,21.5,20260524_013131
c2359222d8b43b27ad6d7cbc6f780932,Greater Western Sydney Giants,Brisbane Lions,2026-05-24T02:30:07Z,neds,Neds,,player_disposals_over,Jayden Laverde,Over,7.5,21.5,20260524_013131
c2359222d8b43b27ad6d7cbc6f780932,Greater Western Sydney Giants,Brisbane Lions,2026-05-24T02:30:07Z,neds,Neds,,player_disposals_over,James Tunstill,Over,7.75,21.5,20260524_013131
c2359222d8b43b27ad6d7cbc6f780932,Greater Western Sydney Giants,Brisbane Lions,2026-05-24T02:30:07Z,neds,Neds,,player_disposals_over,Darcy Fort,Over,7.75,21.5,20260524_013131
c2359222d8b43b27ad6d7cbc6f780932,Greater Western Sydney Giants,Brisbane Lions,2026-05-24T02:30:07Z,neds,Neds,,player_disposals_over,Cameron Rayner,Over,8.0,21.5,20260524_013131
c2359222d8b43b27ad6d7cbc6f780932,Greater Western Sydney Giants,Brisbane Lions,2026-05-24T02:30:07Z,neds,Neds,,player_disposals_over,Harris Andrews,Over,8.0,21.5,20260524_013131
c2359222d8b43b27ad6d7cbc6f780932,Greater Western Sydney Giants,Brisbane Lions,2026-05-24T02:30:07Z,neds,Neds,,player_disposals_over,Kieren Briggs,Over,9.0,21.5,20260524_013131
c2359222d8b43b27ad6d7cbc6f780932,Greater Western Sydney Giants,Brisbane Lions,2026-05-24T02:30:07Z,neds,Neds,,player_disposals_over,Toby McMullin,Over,9.25,21.5,20260524_013131
c2359222d8b43b27ad6d7cbc6f780932,Greater Western Sydney Giants,Brisbane Lions,2026-05-24T02:30:07Z,neds,Neds,,player_disposals_over,Jake Stringer,Over,10.5,21.5,20260524_013131
c2359222d8b43b27ad6d7cbc6f780932,Greater Western Sydney Giants,Brisbane Lions,2026-05-24T02:30:07Z,neds,Neds,,player_disposals_over,Charlie Cameron,Over,10.5,21.5,20260524_013131
c2359222d8b43b27ad6d7cbc6f780932,Greater Western Sydney Giants,Brisbane Lions,2026-05-24T02:30:07Z,neds,Neds,,player_disposals_over,Kai Lohmann,Over,11.0,21.5,20260524_013131
c2359222d8b43b27ad6d7cbc6f780932,Greater Western Sydney Giants,Brisbane Lions,2026-05-24T02:30:07Z,neds,Neds,,player_disposals_over,Jake Riccardi,Over,11.5,21.5,20260524_013131
c2359222d8b43b27ad6d7cbc6f780932,Greater Western Sydney Giants,Brisbane Lions,2026-05-24T02:30:07Z,neds,Neds,,player_disposals_over,Toby Bedford,Over,11.5,21.5,20260524_013131
c2359222d8b43b27ad6d7cbc6f780932,Greater Western Sydney Giants,Brisbane Lions,2026-05-24T02:30:07Z,neds,Neds,,player_disposals_over,Jack Buckley,Over,11.5,21.5,20260524_013131
c2359222d8b43b27ad6d7cbc6f780932,Greater Western Sydney Giants,Brisbane Lions,2026-05-24T02:30:07Z,neds,Neds,,player_disposals_over,Aaron Cadman,Over,11.5,21.5,20260524_013131
c2359222d8b43b27ad6d7cbc6f780932,Greater Western Sydney Giants,Brisbane Lions,2026-05-24T02:30:07Z,neds,Neds,,player_disposals_over,Phoenix Gothard,Over,14.0,21.5,20260524_013131
c2359222d8b43b27ad6d7cbc6f780932,Greater Western Sydney Giants,Brisbane Lions,2026-05-24T02:30:07Z,neds,Neds,,player_disposals_over,Logan Morris,Over,15.0,21.5,20260524_013131
c2359222d8b43b27ad6d7cbc6f780932,Greater Western Sydney Giants,Brisbane Lions,2026-05-24T02:30:07Z,neds,Neds,,player_disposals_over,Conor McKenna,Over,16.0,21.5,20260524_013131
c2359222d8b43b27ad6d7cbc6f780932,Greater Western Sydney Giants,Brisbane Lions,2026-05-24T02:30:07Z,neds,Neds,,player_disposals_over,Levi Ashcroft,Over,1.05,14.5,20260524_013131
c2359222d8b43b27ad6d7cbc6f780932,Greater Western Sydney Giants,Brisbane Lions,2026-05-24T02:30:07Z,neds,Neds,,player_disposals_over,Harvey Thomas,Over,1.06,14.5,20260524_013131
c2359222d8b43b27ad6d7cbc6f780932,Greater Western Sydney Giants,Brisbane Lions,2026-05-24T02:30:07Z,neds,Neds,,player_disposals_over,Josh Dunkley,Over,1.06,14.5,20260524_013131
c2359222d8b43b27ad6d7cbc6f780932,Greater Western Sydney Giants,Brisbane Lions,2026-05-24T02:30:07Z,neds,Neds,,player_disposals_over,Keidean Coleman,Over,1.11,14.5,20260524_013131
c2359222d8b43b27ad6d7cbc6f780932,Greater Western Sydney Giants,Brisbane Lions,2026-05-24T02:30:07Z,neds,Neds,,player_disposals_over,Connor Idun,Over,1.11,14.5,20260524_013131
c2359222d8b43b27ad6d7cbc6f780932,Greater Western Sydney Giants,Brisbane Lions,2026-05-24T02:30:07Z,neds,Neds,,player_disposals_over,Zac Bailey,Over,1.18,14.5,20260524_013131
c2359222d8b43b27ad6d7cbc6f780932,Greater Western Sydney Giants,Brisbane Lions,2026-05-24T02:30:07Z,neds,Neds,,player_disposals_over,Jaspa Fletcher,Over,1.18,14.5,20260524_013131
c2359222d8b43b27ad6d7cbc6f780932,Greater Western Sydney Giants,Brisbane Lions,2026-05-24T02:30:07Z,neds,Neds,,player_disposals_over,Bruce Reville,Over,1.19,14.5,20260524_013131
c2359222d8b43b27ad6d7cbc6f780932,Greater Western Sydney Giants,Brisbane Lions,2026-05-24T02:30:07Z,neds,Neds,,player_disposals_over,Toby Greene,Over,1.32,14.5,20260524_013131
c2359222d8b43b27ad6d7cbc6f780932,Greater Western Sydney Giants,Brisbane Lions,2026-05-24T02:30:07Z,neds,Neds,,player_disposals_over,Harrison Himmelberg,Over,1.44,14.5,20260524_013131
c2359222d8b43b27ad6d7cbc6f780932,Greater Western Sydney Giants,Brisbane Lions,2026-05-24T02:30:07Z,neds,Neds,,player_disposals_over,Brent Daniels,Over,1.46,14.5,20260524_013131
c2359222d8b43b27ad6d7cbc6f780932,Greater Western Sydney Giants,Brisbane Lions,2026-05-24T02:30:07Z,neds,Neds,,player_disposals_over,Stephen Coniglio,Over,1.46,14.5,20260524_013131
c2359222d8b43b27ad6d7cbc6f780932,Greater Western Sydney Giants,Brisbane Lions,2026-05-24T02:30:07Z,neds,Neds,,player_disposals_over,Joseph Fonti,Over,1.62,14.5,20260524_013131
c2359222d8b43b27ad6d7cbc6f780932,Greater Western Sydney Giants,Brisbane Lions,2026-05-24T02:30:07Z,neds,Neds,,player_disposals_over,Sam Marshall,Over,1.67,14.5,20260524_013131
c2359222d8b43b27ad6d7cbc6f780932,Greater Western Sydney Giants,Brisbane Lions,2026-05-24T02:30:07Z,neds,Neds,,player_disposals_over,Jayden Laverde,Over,1.8,14.5,20260524_013131
c2359222d8b43b27ad6d7cbc6f780932,Greater Western Sydney Giants,Brisbane Lions,2026-05-24T02:30:07Z,neds,Neds,,player_disposals_over,James Tunstill,Over,1.83,14.5,20260524_013131
c2359222d8b43b27ad6d7cbc6f780932,Greater Western Sydney Giants,Brisbane Lions,2026-05-24T02:30:07Z,neds,Neds,,player_disposals_over,Darcy Fort,Over,1.83,14.5,20260524_013131
c2359222d8b43b27ad6d7cbc6f780932,Greater Western Sydney Giants,Brisbane Lions,2026-05-24T02:30:07Z,neds,Neds,,player_disposals_over,Cameron Rayner,Over,1.85,14.5,20260524_013131
c2359222d8b43b27ad6d7cbc6f780932,Greater Western Sydney Giants,Brisbane Lions,2026-05-24T02:30:07Z,neds,Neds,,player_disposals_over,Harris Andrews,Over,1.85,14.5,20260524_013131
c2359222d8b43b27ad6d7cbc6f780932,Greater Western Sydney Giants,Brisbane Lions,2026-05-24T02:30:07Z,neds,Neds,,player_disposals_over,Kieren Briggs,Over,1.98,14.5,20260524_013131
c2359222d8b43b27ad6d7cbc6f780932,Greater Western Sydney Giants,Brisbane Lions,2026-05-24T02:30:07Z,neds,Neds,,player_disposals_over,Toby McMullin,Over,2.02,14.5,20260524_013131
c2359222d8b43b27ad6d7cbc6f780932,Greater Western Sydney Giants,Brisbane Lions,2026-05-24T02:30:07Z,neds,Neds,,player_disposals_over,Jake Stringer,Over,2.15,14.5,20260524_013131
c2359222d8b43b27ad6d7cbc6f780932,Greater Western Sydney Giants,Brisbane Lions,2026-05-24T02:30:07Z,neds,Neds,,player_disposals_over,Charlie Cameron,Over,2.15,14.5,20260524_013131
c2359222d8b43b27ad6d7cbc6f780932,Greater Western Sydney Giants,Brisbane Lions,2026-05-24T02:30:07Z,neds,Neds,,player_disposals_over,Kai Lohmann,Over,2.2,14.5,20260524_013131
c2359222d8b43b27ad6d7cbc6f780932,Greater Western Sydney Giants,Brisbane Lions,2026-05-24T02:30:07Z,neds,Neds,,player_disposals_over,Jake Riccardi,Over,2.25,14.5,20260524_013131
c2359222d8b43b27ad6d7cbc6f780932,Greater Western Sydney Giants,Brisbane Lions,2026-05-24T02:30:07Z,neds,Neds,,player_disposals_over,Toby Bedford,Over,2.25,14.5,20260524_013131
c2359222d8b43b27ad6d7cbc6f780932,Greater Western Sydney Giants,Brisbane Lions,2026-05-24T02:30:07Z,neds,Neds,,player_disposals_over,Jack Buckley,Over,2.25,14.5,20260524_013131
c2359222d8b43b27ad6d7cbc6f780932,Greater Western Sydney Giants,Brisbane Lions,2026-05-24T02:30:07Z,neds,Neds,,player_disposals_over,Aaron Cadman,Over,2.25,14.5,20260524_013131
c2359222d8b43b27ad6d7cbc6f780932,Greater Western Sydney Giants,Brisbane Lions,2026-05-24T02:30:07Z,neds,Neds,,player_disposals_over,Phoenix Gothard,Over,2.45,14.5,20260524_013131
c2359222d8b43b27ad6d7cbc6f780932,Greater Western Sydney Giants,Brisbane Lions,2026-05-24T02:30:07Z,neds,Neds,,player_disposals_over,Logan Morris,Over,2.6,14.5,20260524_013131
c2359222d8b43b27ad6d7cbc6f780932,Greater Western Sydney Giants,Brisbane Lions,2026-05-24T02:30:07Z,neds,Neds,,player_disposals_over,Conor McKenna,Over,2.7,14.5,20260524_013131
c2359222d8b43b27ad6d7cbc6f780932,Greater Western Sydney Giants,Brisbane Lions,2026-05-24T02:30:07Z,neds,Neds,,player_disposals_over,Sam Draper,Over,2.8,14.5,20260524_013131
c2359222d8b43b27ad6d7cbc6f780932,Greater Western Sydney Giants,Brisbane Lions,2026-05-24T02:30:07Z,neds,Neds,,player_disposals_over,Darcy Gardiner,Over,3.5,14.5,20260524_013131
c2359222d8b43b27ad6d7cbc6f780932,Greater Western Sydney Giants,Brisbane Lions,2026-05-24T02:30:07Z,neds,Neds,,player_disposals_over,Callum Brown,Over,3.8,14.5,20260524_013131
c2359222d8b43b27ad6d7cbc6f780932,Greater Western Sydney Giants,Brisbane Lions,2026-05-24T02:30:07Z,neds,Neds,,player_disposals_over,Ty Gallop,Over,4.0,14.5,20260524_013131
c2359222d8b43b27ad6d7cbc6f780932,Greater Western Sydney Giants,Brisbane Lions,2026-05-24T02:30:07Z,neds,Neds,,player_disposals_over,Max Gruzewski,Over,5.25,14.5,20260524_013131
c2359222d8b43b27ad6d7cbc6f780932,Greater Western Sydney Giants,Brisbane Lions,2026-05-24T02:30:07Z,neds,Neds,,player_disposals_over,Sam Marshall,Over,1.01,9.5,20260524_013131
c2359222d8b43b27ad6d7cbc6f780932,Greater Western Sydney Giants,Brisbane Lions,2026-05-24T02:30:07Z,neds,Neds,,player_disposals_over,Joseph Fonti,Over,1.01,9.5,20260524_013131
c2359222d8b43b27ad6d7cbc6f780932,Greater Western Sydney Giants,Brisbane Lions,2026-05-24T02:30:07Z,neds,Neds,,player_disposals_over,Jayden Laverde,Over,1.03,9.5,20260524_013131
c2359222d8b43b27ad6d7cbc6f780932,Greater Western Sydney Giants,Brisbane Lions,2026-05-24T02:30:07Z,neds,Neds,,player_disposals_over,Cameron Rayner,Over,1.04,9.5,20260524_013131
c2359222d8b43b27ad6d7cbc6f780932,Greater Western Sydney Giants,Brisbane Lions,2026-05-24T02:30:07Z,neds,Neds,,player_disposals_over,James Tunstill,Over,1.04,9.5,20260524_013131
c2359222d8b43b27ad6d7cbc6f780932,Greater Western Sydney Giants,Brisbane Lions,2026-05-24T02:30:07Z,neds,Neds,,player_disposals_over,Darcy Fort,Over,1.04,9.5,20260524_013131
c2359222d8b43b27ad6d7cbc6f780932,Greater Western Sydney Giants,Brisbane Lions,2026-05-24T02:30:07Z,neds,Neds,,player_disposals_over,Harris Andrews,Over,1.04,9.5,20260524_013131
c2359222d8b43b27ad6d7cbc6f780932,Greater Western Sydney Giants,Brisbane Lions,2026-05-24T02:30:07Z,neds,Neds,,player_disposals_over,Kieren Briggs,Over,1.06,9.5,20260524_013131
c2359222d8b43b27ad6d7cbc6f780932,Greater Western Sydney Giants,Brisbane Lions,2026-05-24T02:30:07Z,neds,Neds,,player_disposals_over,Toby McMullin,Over,1.07,9.5,20260524_013131
c2359222d8b43b27ad6d7cbc6f780932,Greater Western Sydney Giants,Brisbane Lions,2026-05-24T02:30:07Z,neds,Neds,,player_disposals_over,Jake Stringer,Over,1.09,9.5,20260524_013131
c2359222d8b43b27ad6d7cbc6f780932,Greater Western Sydney Giants,Brisbane Lions,2026-05-24T02:30:07Z,neds,Neds,,player_disposals_over,Charlie Cameron,Over,1.09,9.5,20260524_013131
c2359222d8b43b27ad6d7cbc6f780932,Greater Western Sydney Giants,Brisbane Lions,2026-05-24T02:30:07Z,neds,Neds,,player_disposals_over,Kai Lohmann,Over,1.11,9.5,20260524_013131
c2359222d8b43b27ad6d7cbc6f780932,Greater Western Sydney Giants,Brisbane Lions,2026-05-24T02:30:07Z,neds,Neds,,player_disposals_over,Jake Riccardi,Over,1.12,9.5,20260524_013131
c2359222d8b43b27ad6d7cbc6f780932,Greater Western Sydney Giants,Brisbane Lions,2026-05-24T02:30:07Z,neds,Neds,,player_disposals_over,Toby Bedford,Over,1.12,9.5,20260524_013131
c2359222d8b43b27ad6d7cbc6f780932,Greater Western Sydney Giants,Brisbane Lions,2026-05-24T02:30:07Z,neds,Neds,,player_disposals_over,Jack Buckley,Over,1.12,9.5,20260524_013131
c2359222d8b43b27ad6d7cbc6f780932,Greater Western Sydney Giants,Brisbane Lions,2026-05-24T02:30:07Z,neds,Neds,,player_disposals_over,Aaron Cadman,Over,1.12,9.5,20260524_013131
c2359222d8b43b27ad6d7cbc6f780932,Greater Western Sydney Giants,Brisbane Lions,2026-05-24T02:30:07Z,neds,Neds,,player_disposals_over,Phoenix Gothard,Over,1.15,9.5,20260524_013131
c2359222d8b43b27ad6d7cbc6f780932,Greater Western Sydney Giants,Brisbane Lions,2026-05-24T02:30:07Z,neds,Neds,,player_disposals_over,Logan Morris,Over,1.19,9.5,20260524_013131
c2359222d8b43b27ad6d7cbc6f780932,Greater Western Sydney Giants,Brisbane Lions,2026-05-24T02:30:07Z,neds,Neds,,player_disposals_over,Conor McKenna,Over,1.19,9.5,20260524_013131
c2359222d8b43b27ad6d7cbc6f780932,Greater Western Sydney Giants,Brisbane Lions,2026-05-24T02:30:07Z,neds,Neds,,player_disposals_over,Sam Draper,Over,1.22,9.5,20260524_013131
c2359222d8b43b27ad6d7cbc6f780932,Greater Western Sydney Giants,Brisbane Lions,2026-05-24T02:30:07Z,neds,Neds,,player_disposals_over,Darcy Gardiner,Over,1.35,9.5,20260524_013131
c2359222d8b43b27ad6d7cbc6f780932,Greater Western Sydney Giants,Brisbane Lions,2026-05-24T02:30:07Z,neds,Neds,,player_disposals_over,Callum Brown,Over,1.4,9.5,20260524_013131
c2359222d8b43b27ad6d7cbc6f780932,Greater Western Sydney Giants,Brisbane Lions,2026-05-24T02:30:07Z,neds,Neds,,player_disposals_over,Ty Gallop,Over,1.42,9.5,20260524_013131
c2359222d8b43b27ad6d7cbc6f780932,Greater Western Sydney Giants,Brisbane Lions,2026-05-24T02:30:07Z,neds,Neds,,player_disposals_over,Max Gruzewski,Over,1.65,9.5,20260524_013131
c2359222d8b43b27ad6d7cbc6f780932,Greater Western Sydney Giants,Brisbane Lions,2026-05-24T02:30:07Z,neds,Neds,,player_disposals_over,Clayton Oliver,Over,1.65,29.5,20260524_013131
c2359222d8b43b27ad6d7cbc6f780932,Greater Western Sydney Giants,Brisbane Lions,2026-05-24T02:30:07Z,neds,Neds,,player_disposals_over,Lachie Whitfield,Over,1.85,29.5,20260524_013131
c2359222d8b43b27ad6d7cbc6f780932,Greater Western Sydney Giants,Brisbane Lions,2026-05-24T02:30:07Z,neds,Neds,,player_disposals_over,Lachie Neale,Over,1.9,29.5,20260524_013131
c2359222d8b43b27ad6d7cbc6f780932,Greater Western Sydney Giants,Brisbane Lions,2026-05-24T02:30:07Z,neds,Neds,,player_disposals_over,Lachlan Ash,Over,1.98,29.5,20260524_013131
c2359222d8b43b27ad6d7cbc6f780932,Greater Western Sydney Giants,Brisbane Lions,2026-05-24T02:30:07Z,neds,Neds,,player_disposals_over,Finn Callaghan,Over,2.1,29.5,20260524_013131
c2359222d8b43b27ad6d7cbc6f780932,Greater Western Sydney Giants,Brisbane Lions,2026-05-24T02:30:07Z,neds,Neds,,player_disposals_over,Will Ashcroft,Over,2.5,29.5,20260524_013131
c2359222d8b43b27ad6d7cbc6f780932,Greater Western Sydney Giants,Brisbane Lions,2026-05-24T02:30:07Z,neds,Neds,,player_disposals_over,Darcy Wilmot,Over,4.1,29.5,20260524_013131
c2359222d8b43b27ad6d7cbc6f780932,Greater Western Sydney Giants,Brisbane Lions,2026-05-24T02:30:07Z,neds,Neds,,player_disposals_over,Hugh McCluggage,Over,4.8,29.5,20260524_013131
c2359222d8b43b27ad6d7cbc6f780932,Greater Western Sydney Giants,Brisbane Lions,2026-05-24T02:30:07Z,neds,Neds,,player_disposals_over,Levi Ashcroft,Over,9.5,29.5,20260524_013131
c2359222d8b43b27ad6d7cbc6f780932,Greater Western Sydney Giants,Brisbane Lions,2026-05-24T02:30:07Z,neds,Neds,,player_disposals_over,Harvey Thomas,Over,9.75,29.5,20260524_013131
c2359222d8b43b27ad6d7cbc6f780932,Greater Western Sydney Giants,Brisbane Lions,2026-05-24T02:30:07Z,neds,Neds,,player_disposals_over,Josh Dunkley,Over,9.75,29.5,20260524_013131
c2359222d8b43b27ad6d7cbc6f780932,Greater Western Sydney Giants,Brisbane Lions,2026-05-24T02:30:07Z,neds,Neds,,player_disposals_over,Keidean Coleman,Over,13.0,29.5,20260524_013131
c2359222d8b43b27ad6d7cbc6f780932,Greater Western Sydney Giants,Brisbane Lions,2026-05-24T02:30:07Z,neds,Neds,,player_disposals_over,Connor Idun,Over,13.0,29.5,20260524_013131
c2359222d8b43b27ad6d7cbc6f780932,Greater Western Sydney Giants,Brisbane Lions,2026-05-24T02:30:07Z,neds,Neds,,player_disposals_over,Zac Bailey,Over,19.0,29.5,20260524_013131
c2359222d8b43b27ad6d7cbc6f780932,Greater Western Sydney Giants,Brisbane Lions,2026-05-24T02:30:07Z,neds,Neds,,player_disposals_over,Bruce Reville,Over,19.0,29.5,20260524_013131
c2359222d8b43b27ad6d7cbc6f780932,Greater Western Sydney Giants,Brisbane Lions,2026-05-24T02:30:07Z,neds,Neds,,player_disposals_over,Jaspa Fletcher,Over,19.0,29.5,20260524_013131
c2359222d8b43b27ad6d7cbc6f780932,Greater Western Sydney Giants,Brisbane Lions,2026-05-24T02:30:07Z,neds,Neds,,player_disposals_over,Toby Greene,Over,29.0,29.5,20260524_013131
c2359222d8b43b27ad6d7cbc6f780932,Greater Western Sydney Giants,Brisbane Lions,2026-05-24T02:30:07Z,neds,Neds,,player_disposals_over,Brent Daniels,Over,41.0,29.5,20260524_013131
c2359222d8b43b27ad6d7cbc6f780932,Greater Western Sydney Giants,Brisbane Lions,2026-05-24T02:30:07Z,neds,Neds,,player_disposals_over,Stephen Coniglio,Over,41.0,29.5,20260524_013131
c2359222d8b43b27ad6d7cbc6f780932,Greater Western Sydney Giants,Brisbane Lions,2026-05-24T02:30:07Z,neds,Neds,,player_disposals_over,Harrison Himmelberg,Over,41.0,29.5,20260524_013131
c2359222d8b43b27ad6d7cbc6f780932,Greater Western Sydney Giants,Brisbane Lions,2026-05-24T02:30:07Z,neds,Neds,,player_disposals_over,Clayton Oliver,Over,4.5,37.5,20260524_013131
c2359222d8b43b27ad6d7cbc6f780932,Greater Western Sydney Giants,Brisbane Lions,2026-05-24T02:30:07Z,neds,Neds,,player_disposals_over,Lachie Whitfield,Over,5.6,37.5,20260524_013131
c2359222d8b43b27ad6d7cbc6f780932,Greater Western Sydney Giants,Brisbane Lions,2026-05-24T02:30:07Z,neds,Neds,,player_disposals_over,Lachie Neale,Over,5.8,37.5,20260524_013131
c2359222d8b43b27ad6d7cbc6f780932,Greater Western Sydney Giants,Brisbane Lions,2026-05-24T02:30:07Z,neds,Neds,,player_disposals_over,Lachlan Ash,Over,6.4,37.5,20260524_013131
c2359222d8b43b27ad6d7cbc6f780932,Greater Western Sydney Giants,Brisbane Lions,2026-05-24T02:30:07Z,neds,Neds,,player_disposals_over,Finn Callaghan,Over,7.0,37.5,20260524_013131
c2359222d8b43b27ad6d7cbc6f780932,Greater Western Sydney Giants,Brisbane Lions,2026-05-24T02:30:07Z,neds,Neds,,player_disposals_over,Will Ashcroft,Over,9.75,37.5,20260524_013131
c2359222d8b43b27ad6d7cbc6f780932,Greater Western Sydney Giants,Brisbane Lions,2026-05-24T02:30:07Z,neds,Neds,,player_disposals_over,Darcy Wilmot,Over,23.0,37.5,20260524_013131
c2359222d8b43b27ad6d7cbc6f780932,Greater Western Sydney Giants,Brisbane Lions,2026-05-24T02:30:07Z,neds,Neds,,player_disposals_over,Hugh McCluggage,Over,29.0,37.5,20260524_013131
c2359222d8b43b27ad6d7cbc6f780932,Greater Western Sydney Giants,Brisbane Lions,2026-05-24T02:30:07Z,neds,Neds,,player_disposals_over,Zac Bailey,Over,1.01,11.5,20260524_013131
c2359222d8b43b27ad6d7cbc6f780932,Greater Western Sydney Giants,Brisbane Lions,2026-05-24T02:30:07Z,neds,Neds,,player_disposals_over,Bruce Reville,Over,1.01,11.5,20260524_013131
c2359222d8b43b27ad6d7cbc6f780932,Greater Western Sydney Giants,Brisbane Lions,2026-05-24T02:30:07Z,neds,Neds,,player_disposals_over,Jaspa Fletcher,Over,1.01,11.5,20260524_013131
c2359222d8b43b27ad6d7cbc6f780932,Greater Western Sydney Giants,Brisbane Lions,2026-05-24T02:30:07Z,neds,Neds,,player_disposals_over,Toby Greene,Over,1.03,11.5,20260524_013131
c2359222d8b43b27ad6d7cbc6f780932,Greater Western Sydney Giants,Brisbane Lions,2026-05-24T02:30:07Z,neds,Neds,,player_disposals_over,Harrison Himmelberg,Over,1.07,11.5,20260524_013131
c2359222d8b43b27ad6d7cbc6f780932,Greater Western Sydney Giants,Brisbane Lions,2026-05-24T02:30:07Z,neds,Neds,,player_disposals_over,Brent Daniels,Over,1.08,11.5,20260524_013131
c2359222d8b43b27ad6d7cbc6f780932,Greater Western Sydney Giants,Brisbane Lions,2026-05-24T02:30:07Z,neds,Neds,,player_disposals_over,Stephen Coniglio,Over,1.08,11.5,20260524_013131
c2359222d8b43b27ad6d7cbc6f780932,Greater Western Sydney Giants,Brisbane Lions,2026-05-24T02:30:07Z,neds,Neds,,player_disposals_over,Joseph Fonti,Over,1.14,11.5,20260524_013131
c2359222d8b43b27ad6d7cbc6f780932,Greater Western Sydney Giants,Brisbane Lions,2026-05-24T02:30:07Z,neds,Neds,,player_disposals_over,Sam Marshall,Over,1.16,11.5,20260524_013131
c2359222d8b43b27ad6d7cbc6f780932,Greater Western Sydney Giants,Brisbane Lions,2026-05-24T02:30:07Z,neds,Neds,,player_disposals_over,James Tunstill,Over,1.22,11.5,20260524_013131
c2359222d8b43b27ad6d7cbc6f780932,Greater Western Sydney Giants,Brisbane Lions,2026-05-24T02:30:07Z,neds,Neds,,player_disposals_over,Darcy Fort,Over,1.22,11.5,20260524_013131
c2359222d8b43b27ad6d7cbc6f780932,Greater Western Sydney Giants,Brisbane Lions,2026-05-24T02:30:07Z,neds,Neds,,player_disposals_over,Jayden Laverde,Over,1.22,11.5,20260524_013131
c2359222d8b43b27ad6d7cbc6f780932,Greater Western Sydney Giants,Brisbane Lions,2026-05-24T02:30:07Z,neds,Neds,,player_disposals_over,Cameron Rayner,Over,1.24,11.5,20260524_013131
c2359222d8b43b27ad6d7cbc6f780932,Greater Western Sydney Giants,Brisbane Lions,2026-05-24T02:30:07Z,neds,Neds,,player_disposals_over,Harris Andrews,Over,1.24,11.5,20260524_013131
c2359222d8b43b27ad6d7cbc6f780932,Greater Western Sydney Giants,Brisbane Lions,2026-05-24T02:30:07Z,neds,Neds,,player_disposals_over,Kieren Briggs,Over,1.28,11.5,20260524_013131
c2359222d8b43b27ad6d7cbc6f780932,Greater Western Sydney Giants,Brisbane Lions,2026-05-24T02:30:07Z,neds,Neds,,player_disposals_over,Toby McMullin,Over,1.3,11.5,20260524_013131
c2359222d8b43b27ad6d7cbc6f780932,Greater Western Sydney Giants,Brisbane Lions,2026-05-24T02:30:07Z,neds,Neds,,player_disposals_over,Jake Stringer,Over,1.35,11.5,20260524_013131
c2359222d8b43b27ad6d7cbc6f780932,Greater Western Sydney Giants,Brisbane Lions,2026-05-24T02:30:07Z,neds,Neds,,player_disposals_over,Charlie Cameron,Over,1.35,11.5,20260524_013131
c2359222d8b43b27ad6d7cbc6f780932,Greater Western Sydney Giants,Brisbane Lions,2026-05-24T02:30:07Z,neds,Neds,,player_disposals_over,Jake Riccardi,Over,1.38,11.5,20260524_013131
c2359222d8b43b27ad6d7cbc6f780932,Greater Western Sydney Giants,Brisbane Lions,2026-05-24T02:30:07Z,neds,Neds,,player_disposals_over,Toby Bedford,Over,1.38,11.5,20260524_013131
c2359222d8b43b27ad6d7cbc6f780932,Greater Western Sydney Giants,Brisbane Lions,2026-05-24T02:30:07Z,neds,Neds,,player_disposals_over,Jack Buckley,Over,1.38,11.5,20260524_013131
c2359222d8b43b27ad6d7cbc6f780932,Greater Western Sydney Giants,Brisbane Lions,2026-05-24T02:30:07Z,neds,Neds,,player_disposals_over,Kai Lohmann,Over,1.38,11.5,20260524_013131
c2359222d8b43b27ad6d7cbc6f780932,Greater Western Sydney Giants,Brisbane Lions,2026-05-24T02:30:07Z,neds,Neds,,player_disposals_over,Aaron Cadman,Over,1.38,11.5,20260524_013131
c2359222d8b43b27ad6d7cbc6f780932,Greater Western Sydney Giants,Brisbane Lions,2026-05-24T02:30:07Z,neds,Neds,,player_disposals_over,Phoenix Gothard,Over,1.46,11.5,20260524_013131
c2359222d8b43b27ad6d7cbc6f780932,Greater Western Sydney Giants,Brisbane Lions,2026-05-24T02:30:07Z,neds,Neds,,player_disposals_over,Logan Morris,Over,1.53,11.5,20260524_013131
c2359222d8b43b27ad6d7cbc6f780932,Greater Western Sydney Giants,Brisbane Lions,2026-05-24T02:30:07Z,neds,Neds,,player_disposals_over,Conor McKenna,Over,1.55,11.5,20260524_013131
c2359222d8b43b27ad6d7cbc6f780932,Greater Western Sydney Giants,Brisbane Lions,2026-05-24T02:30:07Z,neds,Neds,,player_disposals_over,Sam Draper,Over,1.6,11.5,20260524_013131
c2359222d8b43b27ad6d7cbc6f780932,Greater Western Sydney Giants,Brisbane Lions,2026-05-24T02:30:07Z,neds,Neds,,player_disposals_over,Darcy Gardiner,Over,1.88,11.5,20260524_013131
c2359222d8b43b27ad6d7cbc6f780932,Greater Western Sydney Giants,Brisbane Lions,2026-05-24T02:30:07Z,neds,Neds,,player_disposals_over,Callum Brown,Over,2.0,11.5,20260524_013131
c2359222d8b43b27ad6d7cbc6f780932,Greater Western Sydney Giants,Brisbane Lions,2026-05-24T02:30:07Z,neds,Neds,,player_disposals_over,Ty Gallop,Over,2.02,11.5,20260524_013131
c2359222d8b43b27ad6d7cbc6f780932,Greater Western Sydney Giants,Brisbane Lions,2026-05-24T02:30:07Z,neds,Neds,,player_disposals_over,Max Gruzewski,Over,2.5,11.5,20260524_013131
c2359222d8b43b27ad6d7cbc6f780932,Greater Western Sydney Giants,Brisbane Lions,2026-05-24T02:30:07Z,neds,Neds,,player_disposals_over,Darcy Wilmot,Over,1.06,17.5,20260524_013131
c2359222d8b43b27ad6d7cbc6f780932,Greater Western Sydney Giants,Brisbane Lions,2026-05-24T02:30:07Z,neds,Neds,,player_disposals_over,Hugh McCluggage,Over,1.1,17.5,20260524_013131
c2359222d8b43b27ad6d7cbc6f780932,Greater Western Sydney Giants,Brisbane Lions,2026-05-24T02:30:07Z,neds,Neds,,player_disposals_over,Levi Ashcroft,Over,1.33,17.5,20260524_013131
c2359222d8b43b27ad6d7cbc6f780932,Greater Western Sydney Giants,Brisbane Lions,2026-05-24T02:30:07Z,neds,Neds,,player_disposals_over,Harvey Thomas,Over,1.35,17.5,20260524_013131
c2359222d8b43b27ad6d7cbc6f780932,Greater Western Sydney Giants,Brisbane Lions,2026-05-24T02:30:07Z,neds,Neds,,player_disposals_over,Josh Dunkley,Over,1.35,17.5,20260524_013131
c2359222d8b43b27ad6d7cbc6f780932,Greater Western Sydney Giants,Brisbane Lions,2026-05-24T02:30:07Z,neds,Neds,,player_disposals_over,Keidean Coleman,Over,1.46,17.5,20260524_013131
c2359222d8b43b27ad6d7cbc6f780932,Greater Western Sydney Giants,Brisbane Lions,2026-05-24T02:30:07Z,neds,Neds,,player_disposals_over,Connor Idun,Over,1.46,17.5,20260524_013131
c2359222d8b43b27ad6d7cbc6f780932,Greater Western Sydney Giants,Brisbane Lions,2026-05-24T02:30:07Z,neds,Neds,,player_disposals_over,Zac Bailey,Over,1.62,17.5,20260524_013131
c2359222d8b43b27ad6d7cbc6f780932,Greater Western Sydney Giants,Brisbane Lions,2026-05-24T02:30:07Z,neds,Neds,,player_disposals_over,Jaspa Fletcher,Over,1.62,17.5,20260524_013131
c2359222d8b43b27ad6d7cbc6f780932,Greater Western Sydney Giants,Brisbane Lions,2026-05-24T02:30:07Z,neds,Neds,,player_disposals_over,Bruce Reville,Over,1.64,17.5,20260524_013131
c2359222d8b43b27ad6d7cbc6f780932,Greater Western Sydney Giants,Brisbane Lions,2026-05-24T02:30:07Z,neds,Neds,,player_disposals_over,Toby Greene,Over,1.92,17.5,20260524_013131
c2359222d8b43b27ad6d7cbc6f780932,Greater Western Sydney Giants,Brisbane Lions,2026-05-24T02:30:07Z,neds,Neds,,player_disposals_over,Harrison Himmelberg,Over,2.15,17.5,20260524_013131
c2359222d8b43b27ad6d7cbc6f780932,Greater Western Sydney Giants,Brisbane Lions,2026-05-24T02:30:07Z,neds,Neds,,player_disposals_over,Brent Daniels,Over,2.2,17.5,20260524_013131
c2359222d8b43b27ad6d7cbc6f780932,Greater Western Sydney Giants,Brisbane Lions,2026-05-24T02:30:07Z,neds,Neds,,player_disposals_over,Stephen Coniglio,Over,2.25,17.5,20260524_013131
c2359222d8b43b27ad6d7cbc6f780932,Greater Western Sydney Giants,Brisbane Lions,2026-05-24T02:30:07Z,neds,Neds,,player_disposals_over,Joseph Fonti,Over,2.6,17.5,20260524_013131
c2359222d8b43b27ad6d7cbc6f780932,Greater Western Sydney Giants,Brisbane Lions,2026-05-24T02:30:07Z,neds,Neds,,player_disposals_over,Sam Marshall,Over,2.7,17.5,20260524_013131
c2359222d8b43b27ad6d7cbc6f780932,Greater Western Sydney Giants,Brisbane Lions,2026-05-24T02:30:07Z,neds,Neds,,player_disposals_over,Jayden Laverde,Over,3.0,17.5,20260524_013131
c2359222d8b43b27ad6d7cbc6f780932,Greater Western Sydney Giants,Brisbane Lions,2026-05-24T02:30:07Z,neds,Neds,,player_disposals_over,James Tunstill,Over,3.05,17.5,20260524_013131
c2359222d8b43b27ad6d7cbc6f780932,Greater Western Sydney Giants,Brisbane Lions,2026-05-24T02:30:07Z,neds,Neds,,player_disposals_over,Darcy Fort,Over,3.05,17.5,20260524_013131
c2359222d8b43b27ad6d7cbc6f780932,Greater Western Sydney Giants,Brisbane Lions,2026-05-24T02:30:07Z,neds,Neds,,player_disposals_over,Cameron Rayner,Over,3.15,17.5,20260524_013131
c2359222d8b43b27ad6d7cbc6f780932,Greater Western Sydney Giants,Brisbane Lions,2026-05-24T02:30:07Z,neds,Neds,,player_disposals_over,Harris Andrews,Over,3.15,17.5,20260524_013131
c2359222d8b43b27ad6d7cbc6f780932,Greater Western Sydney Giants,Brisbane Lions,2026-05-24T02:30:07Z,neds,Neds,,player_disposals_over,Kieren Briggs,Over,3.45,17.5,20260524_013131
c2359222d8b43b27ad6d7cbc6f780932,Greater Western Sydney Giants,Brisbane Lions,2026-05-24T02:30:07Z,neds,Neds,,player_disposals_over,Toby McMullin,Over,3.5,17.5,20260524_013131
c2359222d8b43b27ad6d7cbc6f780932,Greater Western Sydney Giants,Brisbane Lions,2026-05-24T02:30:07Z,neds,Neds,,player_disposals_over,Jake Stringer,Over,3.8,17.5,20260524_013131
c2359222d8b43b27ad6d7cbc6f780932,Greater Western Sydney Giants,Brisbane Lions,2026-05-24T02:30:07Z,neds,Neds,,player_disposals_over,Charlie Cameron,Over,3.8,17.5,20260524_013131
c2359222d8b43b27ad6d7cbc6f780932,Greater Western Sydney Giants,Brisbane Lions,2026-05-24T02:30:07Z,neds,Neds,,player_disposals_over,Kai Lohmann,Over,4.0,17.5,20260524_013131
c2359222d8b43b27ad6d7cbc6f780932,Greater Western Sydney Giants,Brisbane Lions,2026-05-24T02:30:07Z,neds,Neds,,player_disposals_over,Jake Riccardi,Over,4.1,17.5,20260524_013131
c2359222d8b43b27ad6d7cbc6f780932,Greater Western Sydney Giants,Brisbane Lions,2026-05-24T02:30:07Z,neds,Neds,,player_disposals_over,Toby Bedford,Over,4.1,17.5,20260524_013131
c2359222d8b43b27ad6d7cbc6f780932,Greater Western Sydney Giants,Brisbane Lions,2026-05-24T02:30:07Z,neds,Neds,,player_disposals_over,Jack Buckley,Over,4.1,17.5,20260524_013131
c2359222d8b43b27ad6d7cbc6f780932,Greater Western Sydney Giants,Brisbane Lions,2026-05-24T02:30:07Z,neds,Neds,,player_disposals_over,Aaron Cadman,Over,4.1,17.5,20260524_013131
c2359222d8b43b27ad6d7cbc6f780932,Greater Western Sydney Giants,Brisbane Lions,2026-05-24T02:30:07Z,neds,Neds,,player_disposals_over,Phoenix Gothard,Over,4.6,17.5,20260524_013131
c2359222d8b43b27ad6d7cbc6f780932,Greater Western Sydney Giants,Brisbane Lions,2026-05-24T02:30:07Z,neds,Neds,,player_disposals_over,Logan Morris,Over,5.0,17.5,20260524_013131
c2359222d8b43b27ad6d7cbc6f780932,Greater Western Sydney Giants,Brisbane Lions,2026-05-24T02:30:07Z,neds,Neds,,player_disposals_over,Conor McKenna,Over,5.2,17.5,20260524_013131
c2359222d8b43b27ad6d7cbc6f780932,Greater Western Sydney Giants,Brisbane Lions,2026-05-24T02:30:07Z,neds,Neds,,player_disposals_over,Sam Draper,Over,5.4,17.5,20260524_013131
c2359222d8b43b27ad6d7cbc6f780932,Greater Western Sydney Giants,Brisbane Lions,2026-05-24T02:30:07Z,neds,Neds,,player_disposals_over,Darcy Gardiner,Over,7.25,17.5,20260524_013131
c2359222d8b43b27ad6d7cbc6f780932,Greater Western Sydney Giants,Brisbane Lions,2026-05-24T02:30:07Z,neds,Neds,,player_disposals_over,Callum Brown,Over,8.25,17.5,20260524_013131
c2359222d8b43b27ad6d7cbc6f780932,Greater Western Sydney Giants,Brisbane Lions,2026-05-24T02:30:07Z,neds,Neds,,player_disposals_over,Ty Gallop,Over,8.5,17.5,20260524_013131
c2359222d8b43b27ad6d7cbc6f780932,Greater Western Sydney Giants,Brisbane Lions,2026-05-24T02:30:07Z,neds,Neds,,player_disposals_over,Clayton Oliver,Over,1.2,25.5,20260524_013131
c2359222d8b43b27ad6d7cbc6f780932,Greater Western Sydney Giants,Brisbane Lions,2026-05-24T02:30:07Z,neds,Neds,,player_disposals_over,Lachie Neale,Over,1.3,25.5,20260524_013131
c2359222d8b43b27ad6d7cbc6f780932,Greater Western Sydney Giants,Brisbane Lions,2026-05-24T02:30:07Z,neds,Neds,,player_disposals_over,Lachie Whitfield,Over,1.3,25.5,20260524_013131
c2359222d8b43b27ad6d7cbc6f780932,Greater Western Sydney Giants,Brisbane Lions,2026-05-24T02:30:07Z,neds,Neds,,player_disposals_over,Lachlan Ash,Over,1.35,25.5,20260524_013131
c2359222d8b43b27ad6d7cbc6f780932,Greater Western Sydney Giants,Brisbane Lions,2026-05-24T02:30:07Z,neds,Neds,,player_disposals_over,Finn Callaghan,Over,1.38,25.5,20260524_013131
c2359222d8b43b27ad6d7cbc6f780932,Greater Western Sydney Giants,Brisbane Lions,2026-05-24T02:30:07Z,neds,Neds,,player_disposals_over,Will Ashcroft,Over,1.57,25.5,20260524_013131
c2359222d8b43b27ad6d7cbc6f780932,Greater Western Sydney Giants,Brisbane Lions,2026-05-24T02:30:07Z,neds,Neds,,player_disposals_over,Darcy Wilmot,Over,2.15,25.5,20260524_013131
c2359222d8b43b27ad6d7cbc6f780932,Greater Western Sydney Giants,Brisbane Lions,2026-05-24T02:30:07Z,neds,Neds,,player_disposals_over,Hugh McCluggage,Over,2.45,25.5,20260524_013131
c2359222d8b43b27ad6d7cbc6f780932,Greater Western Sydney Giants,Brisbane Lions,2026-05-24T02:30:07Z,neds,Neds,,player_disposals_over,Levi Ashcroft,Over,4.0,25.5,20260524_013131
c2359222d8b43b27ad6d7cbc6f780932,Greater Western Sydney Giants,Brisbane Lions,2026-05-24T02:30:07Z,neds,Neds,,player_disposals_over,Harvey Thomas,Over,4.1,25.5,20260524_013131
c2359222d8b43b27ad6d7cbc6f780932,Greater Western Sydney Giants,Brisbane Lions,2026-05-24T02:30:07Z,neds,Neds,,player_disposals_over,Josh Dunkley,Over,4.1,25.5,20260524_013131
c2359222d8b43b27ad6d7cbc6f780932,Greater Western Sydney Giants,Brisbane Lions,2026-05-24T02:30:07Z,neds,Neds,,player_disposals_over,Keidean Coleman,Over,5.0,25.5,20260524_013131
c2359222d8b43b27ad6d7cbc6f780932,Greater Western Sydney Giants,Brisbane Lions,2026-05-24T02:30:07Z,neds,Neds,,player_disposals_over,Connor Idun,Over,5.0,25.5,20260524_013131
c2359222d8b43b27ad6d7cbc6f780932,Greater Western Sydney Giants,Brisbane Lions,2026-05-24T02:30:07Z,neds,Neds,,player_disposals_over,Zac Bailey,Over,6.5,25.5,20260524_013131
c2359222d8b43b27ad6d7cbc6f780932,Greater Western Sydney Giants,Brisbane Lions,2026-05-24T02:30:07Z,neds,Neds,,player_disposals_over,Jaspa Fletcher,Over,6.5,25.5,20260524_013131
c2359222d8b43b27ad6d7cbc6f780932,Greater Western Sydney Giants,Brisbane Lions,2026-05-24T02:30:07Z,neds,Neds,,player_disposals_over,Bruce Reville,Over,6.6,25.5,20260524_013131
c2359222d8b43b27ad6d7cbc6f780932,Greater Western Sydney Giants,Brisbane Lions,2026-05-24T02:30:07Z,neds,Neds,,player_disposals_over,Toby Greene,Over,9.5,25.5,20260524_013131
c2359222d8b43b27ad6d7cbc6f780932,Greater Western Sydney Giants,Brisbane Lions,2026-05-24T02:30:07Z,neds,Neds,,player_disposals_over,Harrison Himmelberg,Over,12.0,25.5,20260524_013131
c2359222d8b43b27ad6d7cbc6f780932,Greater Western Sydney Giants,Brisbane Lions,2026-05-24T02:30:07Z,neds,Neds,,player_disposals_over,Brent Daniels,Over,12.5,25.5,20260524_013131
c2359222d8b43b27ad6d7cbc6f780932,Greater Western Sydney Giants,Brisbane Lions,2026-05-24T02:30:07Z,neds,Neds,,player_disposals_over,Stephen Coniglio,Over,13.0,25.5,20260524_013131
c2359222d8b43b27ad6d7cbc6f780932,Greater Western Sydney Giants,Brisbane Lions,2026-05-24T02:30:07Z,neds,Neds,,player_disposals_over,Joseph Fonti,Over,17.0,25.5,20260524_013131
c2359222d8b43b27ad6d7cbc6f780932,Greater Western Sydney Giants,Brisbane Lions,2026-05-24T02:30:07Z,neds,Neds,,player_disposals_over,Sam Marshall,Over,19.0,25.5,20260524_013131
c2359222d8b43b27ad6d7cbc6f780932,Greater Western Sydney Giants,Brisbane Lions,2026-05-24T02:30:07Z,neds,Neds,,player_disposals_over,James Tunstill,Over,23.0,25.5,20260524_013131
c2359222d8b43b27ad6d7cbc6f780932,Greater Western Sydney Giants,Brisbane Lions,2026-05-24T02:30:07Z,neds,Neds,,player_disposals_over,Darcy Fort,Over,23.0,25.5,20260524_013131
c2359222d8b43b27ad6d7cbc6f780932,Greater Western Sydney Giants,Brisbane Lions,2026-05-24T02:30:07Z,neds,Neds,,player_disposals_over,Jayden Laverde,Over,23.0,25.5,20260524_013131
c2359222d8b43b27ad6d7cbc6f780932,Greater Western Sydney Giants,Brisbane Lions,2026-05-24T02:30:07Z,neds,Neds,,player_disposals_over,Cameron Rayner,Over,26.0,25.5,20260524_013131
c2359222d8b43b27ad6d7cbc6f780932,Greater Western Sydney Giants,Brisbane Lions,2026-05-24T02:30:07Z,neds,Neds,,player_disposals_over,Harris Andrews,Over,26.0,25.5,20260524_013131
c2359222d8b43b27ad6d7cbc6f780932,Greater Western Sydney Giants,Brisbane Lions,2026-05-24T02:30:07Z,neds,Neds,,player_disposals_over,Kieren Briggs,Over,31.0,25.5,20260524_013131
c2359222d8b43b27ad6d7cbc6f780932,Greater Western Sydney Giants,Brisbane Lions,2026-05-24T02:30:07Z,neds,Neds,,player_disposals_over,Will Ashcroft,Over,1.05,19.5,20260524_013131
c2359222d8b43b27ad6d7cbc6f780932,Greater Western Sydney Giants,Brisbane Lions,2026-05-24T02:30:07Z,neds,Neds,,player_disposals_over,Darcy Wilmot,Over,1.22,19.5,20260524_013131
c2359222d8b43b27ad6d7cbc6f780932,Greater Western Sydney Giants,Brisbane Lions,2026-05-24T02:30:07Z,neds,Neds,,player_disposals_over,Hugh McCluggage,Over,1.28,19.5,20260524_013131
c2359222d8b43b27ad6d7cbc6f780932,Greater Western Sydney Giants,Brisbane Lions,2026-05-24T02:30:07Z,neds,Neds,,player_disposals_over,Levi Ashcroft,Over,1.67,19.5,20260524_013131
c2359222d8b43b27ad6d7cbc6f780932,Greater Western Sydney Giants,Brisbane Lions,2026-05-24T02:30:07Z,neds,Neds,,player_disposals_over,Harvey Thomas,Over,1.68,19.5,20260524_013131
c2359222d8b43b27ad6d7cbc6f780932,Greater Western Sydney Giants,Brisbane Lions,2026-05-24T02:30:07Z,neds,Neds,,player_disposals_over,Josh Dunkley,Over,1.68,19.5,20260524_013131
c2359222d8b43b27ad6d7cbc6f780932,Greater Western Sydney Giants,Brisbane Lions,2026-05-24T02:30:07Z,neds,Neds,,player_disposals_over,Keidean Coleman,Over,1.87,19.5,20260524_013131
c2359222d8b43b27ad6d7cbc6f780932,Greater Western Sydney Giants,Brisbane Lions,2026-05-24T02:30:07Z,neds,Neds,,player_disposals_over,Connor Idun,Over,1.87,19.5,20260524_013131
c2359222d8b43b27ad6d7cbc6f780932,Greater Western Sydney Giants,Brisbane Lions,2026-05-24T02:30:07Z,neds,Neds,,player_disposals_over,Zac Bailey,Over,2.15,19.5,20260524_013131
c2359222d8b43b27ad6d7cbc6f780932,Greater Western Sydney Giants,Brisbane Lions,2026-05-24T02:30:07Z,neds,Neds,,player_disposals_over,Jaspa Fletcher,Over,2.15,19.5,20260524_013131
c2359222d8b43b27ad6d7cbc6f780932,Greater Western Sydney Giants,Brisbane Lions,2026-05-24T02:30:07Z,neds,Neds,,player_disposals_over,Bruce Reville,Over,2.2,19.5,20260524_013131
c2359222d8b43b27ad6d7cbc6f780932,Greater Western Sydney Giants,Brisbane Lions,2026-05-24T02:30:07Z,neds,Neds,,player_disposals_over,Toby Greene,Over,2.65,19.5,20260524_013131
c2359222d8b43b27ad6d7cbc6f780932,Greater Western Sydney Giants,Brisbane Lions,2026-05-24T02:30:07Z,neds,Neds,,player_disposals_over,Harrison Himmelberg,Over,3.15,19.5,20260524_013131
c2359222d8b43b27ad6d7cbc6f780932,Greater Western Sydney Giants,Brisbane Lions,2026-05-24T02:30:07Z,neds,Neds,,player_disposals_over,Brent Daniels,Over,3.2,19.5,20260524_013131
c2359222d8b43b27ad6d7cbc6f780932,Greater Western Sydney Giants,Brisbane Lions,2026-05-24T02:30:07Z,neds,Neds,,player_disposals_over,Stephen Coniglio,Over,3.25,19.5,20260524_013131
c2359222d8b43b27ad6d7cbc6f780932,Greater Western Sydney Giants,Brisbane Lions,2026-05-24T02:30:07Z,neds,Neds,,player_disposals_over,Joseph Fonti,Over,3.9,19.5,20260524_013131
c2359222d8b43b27ad6d7cbc6f780932,Greater Western Sydney Giants,Brisbane Lions,2026-05-24T02:30:07Z,neds,Neds,,player_disposals_over,Sam Marshall,Over,4.1,19.5,20260524_013131
c2359222d8b43b27ad6d7cbc6f780932,Greater Western Sydney Giants,Brisbane Lions,2026-05-24T02:30:07Z,neds,Neds,,player_disposals_over,Jayden Laverde,Over,4.6,19.5,20260524_013131
c2359222d8b43b27ad6d7cbc6f780932,Greater Western Sydney Giants,Brisbane Lions,2026-05-24T02:30:07Z,neds,Neds,,player_disposals_over,James Tunstill,Over,4.8,19.5,20260524_013131
c2359222d8b43b27ad6d7cbc6f780932,Greater Western Sydney Giants,Brisbane Lions,2026-05-24T02:30:07Z,neds,Neds,,player_disposals_over,Darcy Fort,Over,4.8,19.5,20260524_013131
c2359222d8b43b27ad6d7cbc6f780932,Greater Western Sydney Giants,Brisbane Lions,2026-05-24T02:30:07Z,neds,Neds,,player_disposals_over,Cameron Rayner,Over,5.0,19.5,20260524_013131
c2359222d8b43b27ad6d7cbc6f780932,Greater Western Sydney Giants,Brisbane Lions,2026-05-24T02:30:07Z,neds,Neds,,player_disposals_over,Harris Andrews,Over,5.0,19.5,20260524_013131
c2359222d8b43b27ad6d7cbc6f780932,Greater Western Sydney Giants,Brisbane Lions,2026-05-24T02:30:07Z,neds,Neds,,player_disposals_over,Kieren Briggs,Over,5.5,19.5,20260524_013131
c2359222d8b43b27ad6d7cbc6f780932,Greater Western Sydney Giants,Brisbane Lions,2026-05-24T02:30:07Z,neds,Neds,,player_disposals_over,Toby McMullin,Over,5.6,19.5,20260524_013131
c2359222d8b43b27ad6d7cbc6f780932,Greater Western Sydney Giants,Brisbane Lions,2026-05-24T02:30:07Z,neds,Neds,,player_disposals_over,Jake Stringer,Over,6.2,19.5,20260524_013131
c2359222d8b43b27ad6d7cbc6f780932,Greater Western Sydney Giants,Brisbane Lions,2026-05-24T02:30:07Z,neds,Neds,,player_disposals_over,Charlie Cameron,Over,6.2,19.5,20260524_013131
c2359222d8b43b27ad6d7cbc6f780932,Greater Western Sydney Giants,Brisbane Lions,2026-05-24T02:30:07Z,neds,Neds,,player_disposals_over,Kai Lohmann,Over,6.6,19.5,20260524_013131
c2359222d8b43b27ad6d7cbc6f780932,Greater Western Sydney Giants,Brisbane Lions,2026-05-24T02:30:07Z,neds,Neds,,player_disposals_over,Jake Riccardi,Over,6.8,19.5,20260524_013131
c2359222d8b43b27ad6d7cbc6f780932,Greater Western Sydney Giants,Brisbane Lions,2026-05-24T02:30:07Z,neds,Neds,,player_disposals_over,Toby Bedford,Over,6.8,19.5,20260524_013131
c2359222d8b43b27ad6d7cbc6f780932,Greater Western Sydney Giants,Brisbane Lions,2026-05-24T02:30:07Z,neds,Neds,,player_disposals_over,Jack Buckley,Over,6.8,19.5,20260524_013131
c2359222d8b43b27ad6d7cbc6f780932,Greater Western Sydney Giants,Brisbane Lions,2026-05-24T02:30:07Z,neds,Neds,,player_disposals_over,Aaron Cadman,Over,6.8,19.5,20260524_013131
c2359222d8b43b27ad6d7cbc6f780932,Greater Western Sydney Giants,Brisbane Lions,2026-05-24T02:30:07Z,neds,Neds,,player_disposals_over,Phoenix Gothard,Over,7.75,19.5,20260524_013131
c2359222d8b43b27ad6d7cbc6f780932,Greater Western Sydney Giants,Brisbane Lions,2026-05-24T02:30:07Z,neds,Neds,,player_disposals_over,Logan Morris,Over,8.5,19.5,20260524_013131
c2359222d8b43b27ad6d7cbc6f780932,Greater Western Sydney Giants,Brisbane Lions,2026-05-24T02:30:07Z,neds,Neds,,player_disposals_over,Conor McKenna,Over,9.0,19.5,20260524_013131
c2359222d8b43b27ad6d7cbc6f780932,Greater Western Sydney Giants,Brisbane Lions,2026-05-24T02:30:07Z,neds,Neds,,player_disposals_over,Sam Draper,Over,9.5,19.5,20260524_013131
c2359222d8b43b27ad6d7cbc6f780932,Greater Western Sydney Giants,Brisbane Lions,2026-05-24T02:30:07Z,neds,Neds,,player_disposals_over,Darcy Gardiner,Over,14.0,19.5,20260524_013131
c2359222d8b43b27ad6d7cbc6f780932,Greater Western Sydney Giants,Brisbane Lions,2026-05-24T02:30:07Z,neds,Neds,,player_disposals_over,Clayton Oliver,Over,2.5,33.5,20260524_013131
c2359222d8b43b27ad6d7cbc6f780932,Greater Western Sydney Giants,Brisbane Lions,2026-05-24T02:30:07Z,neds,Neds,,player_disposals_over,Lachie Whitfield,Over,3.0,33.5,20260524_013131
c2359222d8b43b27ad6d7cbc6f780932,Greater Western Sydney Giants,Brisbane Lions,2026-05-24T02:30:07Z,neds,Neds,,player_disposals_over,Lachie Neale,Over,3.05,33.5,20260524_013131
c2359222d8b43b27ad6d7cbc6f780932,Greater Western Sydney Giants,Brisbane Lions,2026-05-24T02:30:07Z,neds,Neds,,player_disposals_over,Lachlan Ash,Over,3.25,33.5,20260524_013131
c2359222d8b43b27ad6d7cbc6f780932,Greater Western Sydney Giants,Brisbane Lions,2026-05-24T02:30:07Z,neds,Neds,,player_disposals_over,Finn Callaghan,Over,3.5,33.5,20260524_013131
c2359222d8b43b27ad6d7cbc6f780932,Greater Western Sydney Giants,Brisbane Lions,2026-05-24T02:30:07Z,neds,Neds,,player_disposals_over,Will Ashcroft,Over,4.6,33.5,20260524_013131
c2359222d8b43b27ad6d7cbc6f780932,Greater Western Sydney Giants,Brisbane Lions,2026-05-24T02:30:07Z,neds,Neds,,player_disposals_over,Darcy Wilmot,Over,8.75,33.5,20260524_013131
c2359222d8b43b27ad6d7cbc6f780932,Greater Western Sydney Giants,Brisbane Lions,2026-05-24T02:30:07Z,neds,Neds,,player_disposals_over,Hugh McCluggage,Over,11.0,33.5,20260524_013131
c2359222d8b43b27ad6d7cbc6f780932,Greater Western Sydney Giants,Brisbane Lions,2026-05-24T02:30:07Z,neds,Neds,,player_disposals_over,Harvey Thomas,Over,26.0,33.5,20260524_013131
c2359222d8b43b27ad6d7cbc6f780932,Greater Western Sydney Giants,Brisbane Lions,2026-05-24T02:30:07Z,neds,Neds,,player_disposals_over,Levi Ashcroft,Over,26.0,33.5,20260524_013131
c2359222d8b43b27ad6d7cbc6f780932,Greater Western Sydney Giants,Brisbane Lions,2026-05-24T02:30:07Z,neds,Neds,,player_disposals_over,Josh Dunkley,Over,26.0,33.5,20260524_013131
c2359222d8b43b27ad6d7cbc6f780932,Greater Western Sydney Giants,Brisbane Lions,2026-05-24T02:30:07Z,neds,Neds,,player_disposals_over,Keidean Coleman,Over,41.0,33.5,20260524_013131
c2359222d8b43b27ad6d7cbc6f780932,Greater Western Sydney Giants,Brisbane Lions,2026-05-24T02:30:07Z,neds,Neds,,player_disposals_over,Connor Idun,Over,41.0,33.5,20260524_013131
c2359222d8b43b27ad6d7cbc6f780932,Greater Western Sydney Giants,Brisbane Lions,2026-05-24T02:30:07Z,neds,Neds,,player_disposals_over,Clayton Oliver,Over,1.38,27.5,20260524_013131
c2359222d8b43b27ad6d7cbc6f780932,Greater Western Sydney Giants,Brisbane Lions,2026-05-24T02:30:07Z,neds,Neds,,player_disposals_over,Lachie Whitfield,Over,1.52,27.5,20260524_013131
c2359222d8b43b27ad6d7cbc6f780932,Greater Western Sydney Giants,Brisbane Lions,2026-05-24T02:30:07Z,neds,Neds,,player_disposals_over,Lachie Neale,Over,1.53,27.5,20260524_013131
c2359222d8b43b27ad6d7cbc6f780932,Greater Western Sydney Giants,Brisbane Lions,2026-05-24T02:30:07Z,neds,Neds,,player_disposals_over,Lachlan Ash,Over,1.6,27.5,20260524_013131
c2359222d8b43b27ad6d7cbc6f780932,Greater Western Sydney Giants,Brisbane Lions,2026-05-24T02:30:07Z,neds,Neds,,player_disposals_over,Finn Callaghan,Over,1.65,27.5,20260524_013131
c2359222d8b43b27ad6d7cbc6f780932,Greater Western Sydney Giants,Brisbane Lions,2026-05-24T02:30:07Z,neds,Neds,,player_disposals_over,Will Ashcroft,Over,1.94,27.5,20260524_013131
c2359222d8b43b27ad6d7cbc6f780932,Greater Western Sydney Giants,Brisbane Lions,2026-05-24T02:30:07Z,neds,Neds,,player_disposals_over,Darcy Wilmot,Over,2.9,27.5,20260524_013131
c2359222d8b43b27ad6d7cbc6f780932,Greater Western Sydney Giants,Brisbane Lions,2026-05-24T02:30:07Z,neds,Neds,,player_disposals_over,Hugh McCluggage,Over,3.3,27.5,20260524_013131
c2359222d8b43b27ad6d7cbc6f780932,Greater Western Sydney Giants,Brisbane Lions,2026-05-24T02:30:07Z,neds,Neds,,player_disposals_over,Levi Ashcroft,Over,6.0,27.5,20260524_013131
c2359222d8b43b27ad6d7cbc6f780932,Greater Western Sydney Giants,Brisbane Lions,2026-05-24T02:30:07Z,neds,Neds,,player_disposals_over,Harvey Thomas,Over,6.2,27.5,20260524_013131
c2359222d8b43b27ad6d7cbc6f780932,Greater Western Sydney Giants,Brisbane Lions,2026-05-24T02:30:07Z,neds,Neds,,player_disposals_over,Josh Dunkley,Over,6.2,27.5,20260524_013131
c2359222d8b43b27ad6d7cbc6f780932,Greater Western Sydney Giants,Brisbane Lions,2026-05-24T02:30:07Z,neds,Neds,,player_disposals_over,Keidean Coleman,Over,7.75,27.5,20260524_013131
c2359222d8b43b27ad6d7cbc6f780932,Greater Western Sydney Giants,Brisbane Lions,2026-05-24T02:30:07Z,neds,Neds,,player_disposals_over,Connor Idun,Over,7.75,27.5,20260524_013131
c2359222d8b43b27ad6d7cbc6f780932,Greater Western Sydney Giants,Brisbane Lions,2026-05-24T02:30:07Z,neds,Neds,,player_disposals_over,Zac Bailey,Over,10.5,27.5,20260524_013131
c2359222d8b43b27ad6d7cbc6f780932,Greater Western Sydney Giants,Brisbane Lions,2026-05-24T02:30:07Z,neds,Neds,,player_disposals_over,Jaspa Fletcher,Over,10.5,27.5,20260524_013131
c2359222d8b43b27ad6d7cbc6f780932,Greater Western Sydney Giants,Brisbane Lions,2026-05-24T02:30:07Z,neds,Neds,,player_disposals_over,Bruce Reville,Over,11.0,27.5,20260524_013131
c2359222d8b43b27ad6d7cbc6f780932,Greater Western Sydney Giants,Brisbane Lions,2026-05-24T02:30:07Z,neds,Neds,,player_disposals_over,Toby Greene,Over,16.0,27.5,20260524_013131
c2359222d8b43b27ad6d7cbc6f780932,Greater Western Sydney Giants,Brisbane Lions,2026-05-24T02:30:07Z,neds,Neds,,player_disposals_over,Harrison Himmelberg,Over,21.0,27.5,20260524_013131
c2359222d8b43b27ad6d7cbc6f780932,Greater Western Sydney Giants,Brisbane Lions,2026-05-24T02:30:07Z,neds,Neds,,player_disposals_over,Brent Daniels,Over,23.0,27.5,20260524_013131
c2359222d8b43b27ad6d7cbc6f780932,Greater Western Sydney Giants,Brisbane Lions,2026-05-24T02:30:07Z,neds,Neds,,player_disposals_over,Stephen Coniglio,Over,23.0,27.5,20260524_013131
c2359222d8b43b27ad6d7cbc6f780932,Greater Western Sydney Giants,Brisbane Lions,2026-05-24T02:30:07Z,neds,Neds,,player_disposals_over,Sam Marshall,Over,34.0,27.5,20260524_013131
c2359222d8b43b27ad6d7cbc6f780932,Greater Western Sydney Giants,Brisbane Lions,2026-05-24T02:30:07Z,neds,Neds,,player_disposals_over,Joseph Fonti,Over,34.0,27.5,20260524_013131
c2359222d8b43b27ad6d7cbc6f780932,Greater Western Sydney Giants,Brisbane Lions,2026-05-24T02:30:07Z,neds,Neds,,player_goal_scorer_anytime,Logan Morris,Yes,1.01,,20260524_013131
c2359222d8b43b27ad6d7cbc6f780932,Greater Western Sydney Giants,Brisbane Lions,2026-05-24T02:30:07Z,neds,Neds,,player_goal_scorer_anytime,Charlie Cameron,Yes,1.04,,20260524_013131
c2359222d8b43b27ad6d7cbc6f780932,Greater Western Sydney Giants,Brisbane Lions,2026-05-24T02:30:07Z,neds,Neds,,player_goal_scorer_anytime,Aaron Cadman,Yes,1.06,,20260524_013131
c2359222d8b43b27ad6d7cbc6f780932,Greater Western Sydney Giants,Brisbane Lions,2026-05-24T02:30:07Z,neds,Neds,,player_goal_scorer_anytime,Jake Stringer,Yes,1.1,,20260524_013131
c2359222d8b43b27ad6d7cbc6f780932,Greater Western Sydney Giants,Brisbane Lions,2026-05-24T02:30:07Z,neds,Neds,,player_goal_scorer_anytime,Kai Lohmann,Yes,1.17,,20260524_013131
c2359222d8b43b27ad6d7cbc6f780932,Greater Western Sydney Giants,Brisbane Lions,2026-05-24T02:30:07Z,neds,Neds,,player_goal_scorer_anytime,Zac Bailey,Yes,1.19,,20260524_013131
c2359222d8b43b27ad6d7cbc6f780932,Greater Western Sydney Giants,Brisbane Lions,2026-05-24T02:30:07Z,neds,Neds,,player_goal_scorer_anytime,Jake Riccardi,Yes,1.2,,20260524_013131
c2359222d8b43b27ad6d7cbc6f780932,Greater Western Sydney Giants,Brisbane Lions,2026-05-24T02:30:07Z,neds,Neds,,player_goal_scorer_anytime,Toby Greene,Yes,1.24,,20260524_013131
c2359222d8b43b27ad6d7cbc6f780932,Greater Western Sydney Giants,Brisbane Lions,2026-05-24T02:30:07Z,neds,Neds,,player_goal_scorer_anytime,Max Gruzewski,Yes,1.28,,20260524_013131
c2359222d8b43b27ad6d7cbc6f780932,Greater Western Sydney Giants,Brisbane Lions,2026-05-24T02:30:07Z,neds,Neds,,player_goal_scorer_anytime,Cameron Rayner,Yes,1.33,,20260524_013131
c2359222d8b43b27ad6d7cbc6f780932,Greater Western Sydney Giants,Brisbane Lions,2026-05-24T02:30:07Z,neds,Neds,,player_goal_scorer_anytime,Callum Brown,Yes,1.33,,20260524_013131
c2359222d8b43b27ad6d7cbc6f780932,Greater Western Sydney Giants,Brisbane Lions,2026-05-24T02:30:07Z,neds,Neds,,player_goal_scorer_anytime,Phoenix Gothard,Yes,1.4,,20260524_013131
c2359222d8b43b27ad6d7cbc6f780932,Greater Western Sydney Giants,Brisbane Lions,2026-05-24T02:30:07Z,neds,Neds,,player_goal_scorer_anytime,Sam Draper,Yes,1.62,,20260524_013131
c2359222d8b43b27ad6d7cbc6f780932,Greater Western Sydney Giants,Brisbane Lions,2026-05-24T02:30:07Z,neds,Neds,,player_goal_scorer_anytime,Conor McKenna,Yes,1.62,,20260524_013131
c2359222d8b43b27ad6d7cbc6f780932,Greater Western Sydney Giants,Brisbane Lions,2026-05-24T02:30:07Z,neds,Neds,,player_goal_scorer_anytime,Brent Daniels,Yes,1.67,,20260524_013131
c2359222d8b43b27ad6d7cbc6f780932,Greater Western Sydney Giants,Brisbane Lions,2026-05-24T02:30:07Z,neds,Neds,,player_goal_scorer_anytime,Hugh McCluggage,Yes,1.8,,20260524_013131
c2359222d8b43b27ad6d7cbc6f780932,Greater Western Sydney Giants,Brisbane Lions,2026-05-24T02:30:07Z,neds,Neds,,player_goal_scorer_anytime,Toby Bedford,Yes,1.9,,20260524_013131
c2359222d8b43b27ad6d7cbc6f780932,Greater Western Sydney Giants,Brisbane Lions,2026-05-24T02:30:07Z,neds,Neds,,player_goal_scorer_anytime,Levi Ashcroft,Yes,2.15,,20260524_013131
c2359222d8b43b27ad6d7cbc6f780932,Greater Western Sydney Giants,Brisbane Lions,2026-05-24T02:30:07Z,neds,Neds,,player_goal_scorer_anytime,Finn Callaghan,Yes,3.05,,20260524_013131
c2359222d8b43b27ad6d7cbc6f780932,Greater Western Sydney Giants,Brisbane Lions,2026-05-24T02:30:07Z,neds,Neds,,player_goal_scorer_anytime,Harvey Thomas,Yes,3.05,,20260524_013131
c2359222d8b43b27ad6d7cbc6f780932,Greater Western Sydney Giants,Brisbane Lions,2026-05-24T02:30:07Z,neds,Neds,,player_goal_scorer_anytime,Toby McMullin,Yes,3.05,,20260524_013131
c2359222d8b43b27ad6d7cbc6f780932,Greater Western Sydney Giants,Brisbane Lions,2026-05-24T02:30:07Z,neds,Neds,,player_goal_scorer_anytime,Stephen Coniglio,Yes,3.05,,20260524_013131
c2359222d8b43b27ad6d7cbc6f780932,Greater Western Sydney Giants,Brisbane Lions,2026-05-24T02:30:07Z,neds,Neds,,player_goal_scorer_anytime,Darcy Fort,Yes,3.05,,20260524_013131
c2359222d8b43b27ad6d7cbc6f780932,Greater Western Sydney Giants,Brisbane Lions,2026-05-24T02:30:07Z,neds,Neds,,player_goal_scorer_anytime,Will Ashcroft,Yes,3.25,,20260524_013131
c2359222d8b43b27ad6d7cbc6f780932,Greater Western Sydney Giants,Brisbane Lions,2026-05-24T02:30:07Z,neds,Neds,,player_goal_scorer_anytime,Jaspa Fletcher,Yes,3.6,,20260524_013131
c2359222d8b43b27ad6d7cbc6f780932,Greater Western Sydney Giants,Brisbane Lions,2026-05-24T02:30:07Z,neds,Neds,,player_goal_scorer_anytime,Kieren Briggs,Yes,3.75,,20260524_013131
c2359222d8b43b27ad6d7cbc6f780932,Greater Western Sydney Giants,Brisbane Lions,2026-05-24T02:30:07Z,neds,Neds,,player_goal_scorer_anytime,Bruce Reville,Yes,3.75,,20260524_013131
c2359222d8b43b27ad6d7cbc6f780932,Greater Western Sydney Giants,Brisbane Lions,2026-05-24T02:30:07Z,neds,Neds,,player_goal_scorer_anytime,Joseph Fonti,Yes,3.75,,20260524_013131
c2359222d8b43b27ad6d7cbc6f780932,Greater Western Sydney Giants,Brisbane Lions,2026-05-24T02:30:07Z,neds,Neds,,player_goal_scorer_anytime,Lachie Neale,Yes,3.75,,20260524_013131
c2359222d8b43b27ad6d7cbc6f780932,Greater Western Sydney Giants,Brisbane Lions,2026-05-24T02:30:07Z,neds,Neds,,player_goal_scorer_anytime,Clayton Oliver,Yes,3.75,,20260524_013131
c2359222d8b43b27ad6d7cbc6f780932,Greater Western Sydney Giants,Brisbane Lions,2026-05-24T02:30:07Z,neds,Neds,,player_goal_scorer_anytime,Sam Marshall,Yes,4.1,,20260524_013131
c2359222d8b43b27ad6d7cbc6f780932,Greater Western Sydney Giants,Brisbane Lions,2026-05-24T02:30:07Z,neds,Neds,,player_goal_scorer_anytime,Josh Dunkley,Yes,4.1,,20260524_013131
c2359222d8b43b27ad6d7cbc6f780932,Greater Western Sydney Giants,Brisbane Lions,2026-05-24T02:30:07Z,tab,TAB,,player_disposals_over,Kai Lohmann,Over,1.13,9.5,20260524_013131
c2359222d8b43b27ad6d7cbc6f780932,Greater Western Sydney Giants,Brisbane Lions,2026-05-24T02:30:07Z,tab,TAB,,player_disposals_over,Darcy Fort,Over,1.13,9.5,20260524_013131
c2359222d8b43b27ad6d7cbc6f780932,Greater Western Sydney Giants,Brisbane Lions,2026-05-24T02:30:07Z,tab,TAB,,player_disposals_over,James Tunstill,Over,1.14,9.5,20260524_013131
c2359222d8b43b27ad6d7cbc6f780932,Greater Western Sydney Giants,Brisbane Lions,2026-05-24T02:30:07Z,tab,TAB,,player_disposals_over,Toby Bedford,Over,1.14,9.5,20260524_013131
c2359222d8b43b27ad6d7cbc6f780932,Greater Western Sydney Giants,Brisbane Lions,2026-05-24T02:30:07Z,tab,TAB,,player_disposals_over,Kieren Briggs,Over,1.14,9.5,20260524_013131
c2359222d8b43b27ad6d7cbc6f780932,Greater Western Sydney Giants,Brisbane Lions,2026-05-24T02:30:07Z,tab,TAB,,player_disposals_over,Jack Buckley,Over,1.15,9.5,20260524_013131
c2359222d8b43b27ad6d7cbc6f780932,Greater Western Sydney Giants,Brisbane Lions,2026-05-24T02:30:07Z,tab,TAB,,player_disposals_over,Charlie Cameron,Over,1.15,9.5,20260524_013131
c2359222d8b43b27ad6d7cbc6f780932,Greater Western Sydney Giants,Brisbane Lions,2026-05-24T02:30:07Z,tab,TAB,,player_disposals_over,Conor Stone,Over,1.15,9.5,20260524_013131
c2359222d8b43b27ad6d7cbc6f780932,Greater Western Sydney Giants,Brisbane Lions,2026-05-24T02:30:07Z,tab,TAB,,player_disposals_over,Phoenix Gothard,Over,1.16,9.5,20260524_013131
c2359222d8b43b27ad6d7cbc6f780932,Greater Western Sydney Giants,Brisbane Lions,2026-05-24T02:30:07Z,tab,TAB,,player_disposals_over,Logan Morris,Over,1.2,9.5,20260524_013131
c2359222d8b43b27ad6d7cbc6f780932,Greater Western Sydney Giants,Brisbane Lions,2026-05-24T02:30:07Z,tab,TAB,,player_disposals_over,Conor McKenna,Over,1.23,9.5,20260524_013131
c2359222d8b43b27ad6d7cbc6f780932,Greater Western Sydney Giants,Brisbane Lions,2026-05-24T02:30:07Z,tab,TAB,,player_disposals_over,Sam Draper,Over,1.23,9.5,20260524_013131
c2359222d8b43b27ad6d7cbc6f780932,Greater Western Sydney Giants,Brisbane Lions,2026-05-24T02:30:07Z,tab,TAB,,player_disposals_over,Jake Riccardi,Over,1.24,9.5,20260524_013131
c2359222d8b43b27ad6d7cbc6f780932,Greater Western Sydney Giants,Brisbane Lions,2026-05-24T02:30:07Z,tab,TAB,,player_disposals_over,Aaron Cadman,Over,1.24,9.5,20260524_013131
c2359222d8b43b27ad6d7cbc6f780932,Greater Western Sydney Giants,Brisbane Lions,2026-05-24T02:30:07Z,tab,TAB,,player_disposals_over,Jake Stringer,Over,1.26,9.5,20260524_013131
c2359222d8b43b27ad6d7cbc6f780932,Greater Western Sydney Giants,Brisbane Lions,2026-05-24T02:30:07Z,tab,TAB,,player_disposals_over,Toby McMullin,Over,1.26,9.5,20260524_013131
c2359222d8b43b27ad6d7cbc6f780932,Greater Western Sydney Giants,Brisbane Lions,2026-05-24T02:30:07Z,tab,TAB,,player_disposals_over,Darcy Gardiner,Over,1.33,9.5,20260524_013131
c2359222d8b43b27ad6d7cbc6f780932,Greater Western Sydney Giants,Brisbane Lions,2026-05-24T02:30:07Z,tab,TAB,,player_disposals_over,Ty Gallop,Over,1.6,9.5,20260524_013131
c2359222d8b43b27ad6d7cbc6f780932,Greater Western Sydney Giants,Brisbane Lions,2026-05-24T02:30:07Z,tab,TAB,,player_disposals_over,Callum Brown,Over,1.62,9.5,20260524_013131
c2359222d8b43b27ad6d7cbc6f780932,Greater Western Sydney Giants,Brisbane Lions,2026-05-24T02:30:07Z,tab,TAB,,player_disposals_over,Keidean Coleman,Over,1.1,14.5,20260524_013131
c2359222d8b43b27ad6d7cbc6f780932,Greater Western Sydney Giants,Brisbane Lions,2026-05-24T02:30:07Z,tab,TAB,,player_disposals_over,Connor Idun,Over,1.13,14.5,20260524_013131
c2359222d8b43b27ad6d7cbc6f780932,Greater Western Sydney Giants,Brisbane Lions,2026-05-24T02:30:07Z,tab,TAB,,player_disposals_over,Jaspa Fletcher,Over,1.18,14.5,20260524_013131
c2359222d8b43b27ad6d7cbc6f780932,Greater Western Sydney Giants,Brisbane Lions,2026-05-24T02:30:07Z,tab,TAB,,player_disposals_over,Zac Bailey,Over,1.18,14.5,20260524_013131
c2359222d8b43b27ad6d7cbc6f780932,Greater Western Sydney Giants,Brisbane Lions,2026-05-24T02:30:07Z,tab,TAB,,player_disposals_over,Bruce Reville,Over,1.28,14.5,20260524_013131
c2359222d8b43b27ad6d7cbc6f780932,Greater Western Sydney Giants,Brisbane Lions,2026-05-24T02:30:07Z,tab,TAB,,player_disposals_over,Toby Greene,Over,1.3,14.5,20260524_013131
c2359222d8b43b27ad6d7cbc6f780932,Greater Western Sydney Giants,Brisbane Lions,2026-05-24T02:30:07Z,tab,TAB,,player_disposals_over,Stephen Coniglio,Over,1.38,14.5,20260524_013131
c2359222d8b43b27ad6d7cbc6f780932,Greater Western Sydney Giants,Brisbane Lions,2026-05-24T02:30:07Z,tab,TAB,,player_disposals_over,Harrison Himmelberg,Over,1.38,14.5,20260524_013131
c2359222d8b43b27ad6d7cbc6f780932,Greater Western Sydney Giants,Brisbane Lions,2026-05-24T02:30:07Z,tab,TAB,,player_disposals_over,Brent Daniels,Over,1.42,14.5,20260524_013131
c2359222d8b43b27ad6d7cbc6f780932,Greater Western Sydney Giants,Brisbane Lions,2026-05-24T02:30:07Z,tab,TAB,,player_disposals_over,Sam Marshall,Over,1.55,14.5,20260524_013131
c2359222d8b43b27ad6d7cbc6f780932,Greater Western Sydney Giants,Brisbane Lions,2026-05-24T02:30:07Z,tab,TAB,,player_disposals_over,Joseph Fonti,Over,1.75,14.5,20260524_013131
c2359222d8b43b27ad6d7cbc6f780932,Greater Western Sydney Giants,Brisbane Lions,2026-05-24T02:30:07Z,tab,TAB,,player_disposals_over,Jayden Laverde,Over,1.8,14.5,20260524_013131
c2359222d8b43b27ad6d7cbc6f780932,Greater Western Sydney Giants,Brisbane Lions,2026-05-24T02:30:07Z,tab,TAB,,player_disposals_over,Cameron Rayner,Over,1.8,14.5,20260524_013131
c2359222d8b43b27ad6d7cbc6f780932,Greater Western Sydney Giants,Brisbane Lions,2026-05-24T02:30:07Z,tab,TAB,,player_disposals_over,Harris Andrews,Over,1.85,14.5,20260524_013131
c2359222d8b43b27ad6d7cbc6f780932,Greater Western Sydney Giants,Brisbane Lions,2026-05-24T02:30:07Z,tab,TAB,,player_disposals_over,Kai Lohmann,Over,2.25,14.5,20260524_013131
c2359222d8b43b27ad6d7cbc6f780932,Greater Western Sydney Giants,Brisbane Lions,2026-05-24T02:30:07Z,tab,TAB,,player_disposals_over,Darcy Fort,Over,2.25,14.5,20260524_013131
c2359222d8b43b27ad6d7cbc6f780932,Greater Western Sydney Giants,Brisbane Lions,2026-05-24T02:30:07Z,tab,TAB,,player_disposals_over,Toby Bedford,Over,2.3,14.5,20260524_013131
c2359222d8b43b27ad6d7cbc6f780932,Greater Western Sydney Giants,Brisbane Lions,2026-05-24T02:30:07Z,tab,TAB,,player_disposals_over,Kieren Briggs,Over,2.3,14.5,20260524_013131
c2359222d8b43b27ad6d7cbc6f780932,Greater Western Sydney Giants,Brisbane Lions,2026-05-24T02:30:07Z,tab,TAB,,player_disposals_over,James Tunstill,Over,2.3,14.5,20260524_013131
c2359222d8b43b27ad6d7cbc6f780932,Greater Western Sydney Giants,Brisbane Lions,2026-05-24T02:30:07Z,tab,TAB,,player_disposals_over,Charlie Cameron,Over,2.4,14.5,20260524_013131
c2359222d8b43b27ad6d7cbc6f780932,Greater Western Sydney Giants,Brisbane Lions,2026-05-24T02:30:07Z,tab,TAB,,player_disposals_over,Jack Buckley,Over,2.4,14.5,20260524_013131
c2359222d8b43b27ad6d7cbc6f780932,Greater Western Sydney Giants,Brisbane Lions,2026-05-24T02:30:07Z,tab,TAB,,player_disposals_over,Phoenix Gothard,Over,2.4,14.5,20260524_013131
c2359222d8b43b27ad6d7cbc6f780932,Greater Western Sydney Giants,Brisbane Lions,2026-05-24T02:30:07Z,tab,TAB,,player_disposals_over,Conor Stone,Over,2.4,14.5,20260524_013131
c2359222d8b43b27ad6d7cbc6f780932,Greater Western Sydney Giants,Brisbane Lions,2026-05-24T02:30:07Z,tab,TAB,,player_disposals_over,Logan Morris,Over,2.7,14.5,20260524_013131
c2359222d8b43b27ad6d7cbc6f780932,Greater Western Sydney Giants,Brisbane Lions,2026-05-24T02:30:07Z,tab,TAB,,player_disposals_over,Conor McKenna,Over,2.8,14.5,20260524_013131
c2359222d8b43b27ad6d7cbc6f780932,Greater Western Sydney Giants,Brisbane Lions,2026-05-24T02:30:07Z,tab,TAB,,player_disposals_over,Sam Draper,Over,2.8,14.5,20260524_013131
c2359222d8b43b27ad6d7cbc6f780932,Greater Western Sydney Giants,Brisbane Lions,2026-05-24T02:30:07Z,tab,TAB,,player_disposals_over,Jake Riccardi,Over,2.9,14.5,20260524_013131
c2359222d8b43b27ad6d7cbc6f780932,Greater Western Sydney Giants,Brisbane Lions,2026-05-24T02:30:07Z,tab,TAB,,player_disposals_over,Aaron Cadman,Over,2.9,14.5,20260524_013131
c2359222d8b43b27ad6d7cbc6f780932,Greater Western Sydney Giants,Brisbane Lions,2026-05-24T02:30:07Z,tab,TAB,,player_disposals_over,Jake Stringer,Over,3.0,14.5,20260524_013131
c2359222d8b43b27ad6d7cbc6f780932,Greater Western Sydney Giants,Brisbane Lions,2026-05-24T02:30:07Z,tab,TAB,,player_disposals_over,Toby McMullin,Over,3.1,14.5,20260524_013131
c2359222d8b43b27ad6d7cbc6f780932,Greater Western Sydney Giants,Brisbane Lions,2026-05-24T02:30:07Z,tab,TAB,,player_disposals_over,Darcy Gardiner,Over,3.4,14.5,20260524_013131
c2359222d8b43b27ad6d7cbc6f780932,Greater Western Sydney Giants,Brisbane Lions,2026-05-24T02:30:07Z,tab,TAB,,player_disposals_over,Ty Gallop,Over,5.5,14.5,20260524_013131
c2359222d8b43b27ad6d7cbc6f780932,Greater Western Sydney Giants,Brisbane Lions,2026-05-24T02:30:07Z,tab,TAB,,player_disposals_over,Callum Brown,Over,5.5,14.5,20260524_013131
c2359222d8b43b27ad6d7cbc6f780932,Greater Western Sydney Giants,Brisbane Lions,2026-05-24T02:30:07Z,tab,TAB,,player_disposals_over,Darcy Wilmot,Over,1.19,19.5,20260524_013131
c2359222d8b43b27ad6d7cbc6f780932,Greater Western Sydney Giants,Brisbane Lions,2026-05-24T02:30:07Z,tab,TAB,,player_disposals_over,Hugh McCluggage,Over,1.26,19.5,20260524_013131
c2359222d8b43b27ad6d7cbc6f780932,Greater Western Sydney Giants,Brisbane Lions,2026-05-24T02:30:07Z,tab,TAB,,player_disposals_over,Josh Dunkley,Over,1.4,19.5,20260524_013131
c2359222d8b43b27ad6d7cbc6f780932,Greater Western Sydney Giants,Brisbane Lions,2026-05-24T02:30:07Z,tab,TAB,,player_disposals_over,Levi Ashcroft,Over,1.6,19.5,20260524_013131
c2359222d8b43b27ad6d7cbc6f780932,Greater Western Sydney Giants,Brisbane Lions,2026-05-24T02:30:07Z,tab,TAB,,player_disposals_over,Harvey Thomas,Over,1.6,19.5,20260524_013131
c2359222d8b43b27ad6d7cbc6f780932,Greater Western Sydney Giants,Brisbane Lions,2026-05-24T02:30:07Z,tab,TAB,,player_disposals_over,Keidean Coleman,Over,1.75,19.5,20260524_013131
c2359222d8b43b27ad6d7cbc6f780932,Greater Western Sydney Giants,Brisbane Lions,2026-05-24T02:30:07Z,tab,TAB,,player_disposals_over,Connor Idun,Over,1.9,19.5,20260524_013131
c2359222d8b43b27ad6d7cbc6f780932,Greater Western Sydney Giants,Brisbane Lions,2026-05-24T02:30:07Z,tab,TAB,,player_disposals_over,Zac Bailey,Over,2.1,19.5,20260524_013131
c2359222d8b43b27ad6d7cbc6f780932,Greater Western Sydney Giants,Brisbane Lions,2026-05-24T02:30:07Z,tab,TAB,,player_disposals_over,Jaspa Fletcher,Over,2.1,19.5,20260524_013131
c2359222d8b43b27ad6d7cbc6f780932,Greater Western Sydney Giants,Brisbane Lions,2026-05-24T02:30:07Z,tab,TAB,,player_disposals_over,Bruce Reville,Over,2.5,19.5,20260524_013131
c2359222d8b43b27ad6d7cbc6f780932,Greater Western Sydney Giants,Brisbane Lions,2026-05-24T02:30:07Z,tab,TAB,,player_disposals_over,Toby Greene,Over,2.6,19.5,20260524_013131
c2359222d8b43b27ad6d7cbc6f780932,Greater Western Sydney Giants,Brisbane Lions,2026-05-24T02:30:07Z,tab,TAB,,player_disposals_over,Harrison Himmelberg,Over,3.0,19.5,20260524_013131
c2359222d8b43b27ad6d7cbc6f780932,Greater Western Sydney Giants,Brisbane Lions,2026-05-24T02:30:07Z,tab,TAB,,player_disposals_over,Stephen Coniglio,Over,3.0,19.5,20260524_013131
c2359222d8b43b27ad6d7cbc6f780932,Greater Western Sydney Giants,Brisbane Lions,2026-05-24T02:30:07Z,tab,TAB,,player_disposals_over,Brent Daniels,Over,3.2,19.5,20260524_013131
c2359222d8b43b27ad6d7cbc6f780932,Greater Western Sydney Giants,Brisbane Lions,2026-05-24T02:30:07Z,tab,TAB,,player_disposals_over,Sam Marshall,Over,3.8,19.5,20260524_013131
c2359222d8b43b27ad6d7cbc6f780932,Greater Western Sydney Giants,Brisbane Lions,2026-05-24T02:30:07Z,tab,TAB,,player_disposals_over,Joseph Fonti,Over,4.8,19.5,20260524_013131
c2359222d8b43b27ad6d7cbc6f780932,Greater Western Sydney Giants,Brisbane Lions,2026-05-24T02:30:07Z,tab,TAB,,player_disposals_over,Jayden Laverde,Over,5.0,19.5,20260524_013131
c2359222d8b43b27ad6d7cbc6f780932,Greater Western Sydney Giants,Brisbane Lions,2026-05-24T02:30:07Z,tab,TAB,,player_disposals_over,Cameron Rayner,Over,5.0,19.5,20260524_013131
c2359222d8b43b27ad6d7cbc6f780932,Greater Western Sydney Giants,Brisbane Lions,2026-05-24T02:30:07Z,tab,TAB,,player_disposals_over,Harris Andrews,Over,5.5,19.5,20260524_013131
c2359222d8b43b27ad6d7cbc6f780932,Greater Western Sydney Giants,Brisbane Lions,2026-05-24T02:30:07Z,tab,TAB,,player_disposals_over,Kai Lohmann,Over,8.0,19.5,20260524_013131
c2359222d8b43b27ad6d7cbc6f780932,Greater Western Sydney Giants,Brisbane Lions,2026-05-24T02:30:07Z,tab,TAB,,player_disposals_over,Kieren Briggs,Over,8.0,19.5,20260524_013131
c2359222d8b43b27ad6d7cbc6f780932,Greater Western Sydney Giants,Brisbane Lions,2026-05-24T02:30:07Z,tab,TAB,,player_disposals_over,Darcy Fort,Over,8.0,19.5,20260524_013131
c2359222d8b43b27ad6d7cbc6f780932,Greater Western Sydney Giants,Brisbane Lions,2026-05-24T02:30:07Z,tab,TAB,,player_disposals_over,Toby Bedford,Over,8.0,19.5,20260524_013131
c2359222d8b43b27ad6d7cbc6f780932,Greater Western Sydney Giants,Brisbane Lions,2026-05-24T02:30:07Z,tab,TAB,,player_disposals_over,James Tunstill,Over,8.0,19.5,20260524_013131
c2359222d8b43b27ad6d7cbc6f780932,Greater Western Sydney Giants,Brisbane Lions,2026-05-24T02:30:07Z,tab,TAB,,player_disposals_over,Jack Buckley,Over,8.5,19.5,20260524_013131
c2359222d8b43b27ad6d7cbc6f780932,Greater Western Sydney Giants,Brisbane Lions,2026-05-24T02:30:07Z,tab,TAB,,player_disposals_over,Charlie Cameron,Over,8.5,19.5,20260524_013131
c2359222d8b43b27ad6d7cbc6f780932,Greater Western Sydney Giants,Brisbane Lions,2026-05-24T02:30:07Z,tab,TAB,,player_disposals_over,Conor Stone,Over,8.5,19.5,20260524_013131
c2359222d8b43b27ad6d7cbc6f780932,Greater Western Sydney Giants,Brisbane Lions,2026-05-24T02:30:07Z,tab,TAB,,player_disposals_over,Logan Morris,Over,9.0,19.5,20260524_013131
c2359222d8b43b27ad6d7cbc6f780932,Greater Western Sydney Giants,Brisbane Lions,2026-05-24T02:30:07Z,tab,TAB,,player_disposals_over,Darcy Gardiner,Over,9.0,19.5,20260524_013131
c2359222d8b43b27ad6d7cbc6f780932,Greater Western Sydney Giants,Brisbane Lions,2026-05-24T02:30:07Z,tab,TAB,,player_disposals_over,Sam Draper,Over,9.0,19.5,20260524_013131
c2359222d8b43b27ad6d7cbc6f780932,Greater Western Sydney Giants,Brisbane Lions,2026-05-24T02:30:07Z,tab,TAB,,player_disposals_over,Jake Stringer,Over,9.0,19.5,20260524_013131
c2359222d8b43b27ad6d7cbc6f780932,Greater Western Sydney Giants,Brisbane Lions,2026-05-24T02:30:07Z,tab,TAB,,player_disposals_over,Jake Riccardi,Over,9.0,19.5,20260524_013131
c2359222d8b43b27ad6d7cbc6f780932,Greater Western Sydney Giants,Brisbane Lions,2026-05-24T02:30:07Z,tab,TAB,,player_disposals_over,Aaron Cadman,Over,9.0,19.5,20260524_013131
c2359222d8b43b27ad6d7cbc6f780932,Greater Western Sydney Giants,Brisbane Lions,2026-05-24T02:30:07Z,tab,TAB,,player_disposals_over,Conor McKenna,Over,9.0,19.5,20260524_013131
c2359222d8b43b27ad6d7cbc6f780932,Greater Western Sydney Giants,Brisbane Lions,2026-05-24T02:30:07Z,tab,TAB,,player_disposals_over,Toby McMullin,Over,9.0,19.5,20260524_013131
c2359222d8b43b27ad6d7cbc6f780932,Greater Western Sydney Giants,Brisbane Lions,2026-05-24T02:30:07Z,tab,TAB,,player_disposals_over,Phoenix Gothard,Over,9.0,19.5,20260524_013131
c2359222d8b43b27ad6d7cbc6f780932,Greater Western Sydney Giants,Brisbane Lions,2026-05-24T02:30:07Z,tab,TAB,,player_disposals_over,Ty Gallop,Over,9.0,19.5,20260524_013131
c2359222d8b43b27ad6d7cbc6f780932,Greater Western Sydney Giants,Brisbane Lions,2026-05-24T02:30:07Z,tab,TAB,,player_disposals_over,Callum Brown,Over,9.0,19.5,20260524_013131
c2359222d8b43b27ad6d7cbc6f780932,Greater Western Sydney Giants,Brisbane Lions,2026-05-24T02:30:07Z,tab,TAB,,player_disposals_over,Clayton Oliver,Over,1.15,24.5,20260524_013131
c2359222d8b43b27ad6d7cbc6f780932,Greater Western Sydney Giants,Brisbane Lions,2026-05-24T02:30:07Z,tab,TAB,,player_disposals_over,Lachie Neale,Over,1.2,24.5,20260524_013131
c2359222d8b43b27ad6d7cbc6f780932,Greater Western Sydney Giants,Brisbane Lions,2026-05-24T02:30:07Z,tab,TAB,,player_disposals_over,Lachie Whitfield,Over,1.22,24.5,20260524_013131
c2359222d8b43b27ad6d7cbc6f780932,Greater Western Sydney Giants,Brisbane Lions,2026-05-24T02:30:07Z,tab,TAB,,player_disposals_over,Finn Callaghan,Over,1.25,24.5,20260524_013131
c2359222d8b43b27ad6d7cbc6f780932,Greater Western Sydney Giants,Brisbane Lions,2026-05-24T02:30:07Z,tab,TAB,,player_disposals_over,Lachlan Ash,Over,1.3,24.5,20260524_013131
c2359222d8b43b27ad6d7cbc6f780932,Greater Western Sydney Giants,Brisbane Lions,2026-05-24T02:30:07Z,tab,TAB,,player_disposals_over,Will Ashcroft,Over,1.42,24.5,20260524_013131
c2359222d8b43b27ad6d7cbc6f780932,Greater Western Sydney Giants,Brisbane Lions,2026-05-24T02:30:07Z,tab,TAB,,player_disposals_over,Darcy Wilmot,Over,1.87,24.5,20260524_013131
c2359222d8b43b27ad6d7cbc6f780932,Greater Western Sydney Giants,Brisbane Lions,2026-05-24T02:30:07Z,tab,TAB,,player_disposals_over,Hugh McCluggage,Over,2.1,24.5,20260524_013131
c2359222d8b43b27ad6d7cbc6f780932,Greater Western Sydney Giants,Brisbane Lions,2026-05-24T02:30:07Z,tab,TAB,,player_disposals_over,Josh Dunkley,Over,2.6,24.5,20260524_013131
c2359222d8b43b27ad6d7cbc6f780932,Greater Western Sydney Giants,Brisbane Lions,2026-05-24T02:30:07Z,tab,TAB,,player_disposals_over,Harvey Thomas,Over,3.3,24.5,20260524_013131
c2359222d8b43b27ad6d7cbc6f780932,Greater Western Sydney Giants,Brisbane Lions,2026-05-24T02:30:07Z,tab,TAB,,player_disposals_over,Levi Ashcroft,Over,3.3,24.5,20260524_013131
c2359222d8b43b27ad6d7cbc6f780932,Greater Western Sydney Giants,Brisbane Lions,2026-05-24T02:30:07Z,tab,TAB,,player_disposals_over,Keidean Coleman,Over,4.0,24.5,20260524_013131
c2359222d8b43b27ad6d7cbc6f780932,Greater Western Sydney Giants,Brisbane Lions,2026-05-24T02:30:07Z,tab,TAB,,player_disposals_over,Connor Idun,Over,4.5,24.5,20260524_013131
c2359222d8b43b27ad6d7cbc6f780932,Greater Western Sydney Giants,Brisbane Lions,2026-05-24T02:30:07Z,tab,TAB,,player_disposals_over,Zac Bailey,Over,5.5,24.5,20260524_013131
c2359222d8b43b27ad6d7cbc6f780932,Greater Western Sydney Giants,Brisbane Lions,2026-05-24T02:30:07Z,tab,TAB,,player_disposals_over,Jaspa Fletcher,Over,5.5,24.5,20260524_013131
c2359222d8b43b27ad6d7cbc6f780932,Greater Western Sydney Giants,Brisbane Lions,2026-05-24T02:30:07Z,tab,TAB,,player_disposals_over,Bruce Reville,Over,7.5,24.5,20260524_013131
c2359222d8b43b27ad6d7cbc6f780932,Greater Western Sydney Giants,Brisbane Lions,2026-05-24T02:30:07Z,tab,TAB,,player_disposals_over,Toby Greene,Over,8.0,24.5,20260524_013131
c2359222d8b43b27ad6d7cbc6f780932,Greater Western Sydney Giants,Brisbane Lions,2026-05-24T02:30:07Z,tab,TAB,,player_disposals_over,Harrison Himmelberg,Over,10.0,24.5,20260524_013131
c2359222d8b43b27ad6d7cbc6f780932,Greater Western Sydney Giants,Brisbane Lions,2026-05-24T02:30:07Z,tab,TAB,,player_disposals_over,Stephen Coniglio,Over,10.0,24.5,20260524_013131
c2359222d8b43b27ad6d7cbc6f780932,Greater Western Sydney Giants,Brisbane Lions,2026-05-24T02:30:07Z,tab,TAB,,player_disposals_over,Brent Daniels,Over,11.0,24.5,20260524_013131
c2359222d8b43b27ad6d7cbc6f780932,Greater Western Sydney Giants,Brisbane Lions,2026-05-24T02:30:07Z,tab,TAB,,player_disposals_over,Sam Marshall,Over,15.0,24.5,20260524_013131
c2359222d8b43b27ad6d7cbc6f780932,Greater Western Sydney Giants,Brisbane Lions,2026-05-24T02:30:07Z,tab,TAB,,player_disposals_over,Joseph Fonti,Over,23.0,24.5,20260524_013131
c2359222d8b43b27ad6d7cbc6f780932,Greater Western Sydney Giants,Brisbane Lions,2026-05-24T02:30:07Z,tab,TAB,,player_disposals_over,Cameron Rayner,Over,23.0,24.5,20260524_013131
c2359222d8b43b27ad6d7cbc6f780932,Greater Western Sydney Giants,Brisbane Lions,2026-05-24T02:30:07Z,tab,TAB,,player_disposals_over,Darcy Gardiner,Over,26.0,24.5,20260524_013131
c2359222d8b43b27ad6d7cbc6f780932,Greater Western Sydney Giants,Brisbane Lions,2026-05-24T02:30:07Z,tab,TAB,,player_disposals_over,Sam Draper,Over,26.0,24.5,20260524_013131
c2359222d8b43b27ad6d7cbc6f780932,Greater Western Sydney Giants,Brisbane Lions,2026-05-24T02:30:07Z,tab,TAB,,player_disposals_over,Conor McKenna,Over,26.0,24.5,20260524_013131
c2359222d8b43b27ad6d7cbc6f780932,Greater Western Sydney Giants,Brisbane Lions,2026-05-24T02:30:07Z,tab,TAB,,player_disposals_over,Harris Andrews,Over,26.0,24.5,20260524_013131
c2359222d8b43b27ad6d7cbc6f780932,Greater Western Sydney Giants,Brisbane Lions,2026-05-24T02:30:07Z,tab,TAB,,player_disposals_over,Toby McMullin,Over,26.0,24.5,20260524_013131
c2359222d8b43b27ad6d7cbc6f780932,Greater Western Sydney Giants,Brisbane Lions,2026-05-24T02:30:07Z,tab,TAB,,player_disposals_over,Toby Bedford,Over,26.0,24.5,20260524_013131
c2359222d8b43b27ad6d7cbc6f780932,Greater Western Sydney Giants,Brisbane Lions,2026-05-24T02:30:07Z,tab,TAB,,player_disposals_over,Jack Buckley,Over,26.0,24.5,20260524_013131
c2359222d8b43b27ad6d7cbc6f780932,Greater Western Sydney Giants,Brisbane Lions,2026-05-24T02:30:07Z,tab,TAB,,player_disposals_over,Jake Riccardi,Over,26.0,24.5,20260524_013131
c2359222d8b43b27ad6d7cbc6f780932,Greater Western Sydney Giants,Brisbane Lions,2026-05-24T02:30:07Z,tab,TAB,,player_disposals_over,Aaron Cadman,Over,26.0,24.5,20260524_013131
c2359222d8b43b27ad6d7cbc6f780932,Greater Western Sydney Giants,Brisbane Lions,2026-05-24T02:30:07Z,tab,TAB,,player_disposals_over,Charlie Cameron,Over,26.0,24.5,20260524_013131
c2359222d8b43b27ad6d7cbc6f780932,Greater Western Sydney Giants,Brisbane Lions,2026-05-24T02:30:07Z,tab,TAB,,player_disposals_over,Kieren Briggs,Over,26.0,24.5,20260524_013131
c2359222d8b43b27ad6d7cbc6f780932,Greater Western Sydney Giants,Brisbane Lions,2026-05-24T02:30:07Z,tab,TAB,,player_disposals_over,Phoenix Gothard,Over,26.0,24.5,20260524_013131
c2359222d8b43b27ad6d7cbc6f780932,Greater Western Sydney Giants,Brisbane Lions,2026-05-24T02:30:07Z,tab,TAB,,player_disposals_over,James Tunstill,Over,26.0,24.5,20260524_013131
c2359222d8b43b27ad6d7cbc6f780932,Greater Western Sydney Giants,Brisbane Lions,2026-05-24T02:30:07Z,tab,TAB,,player_disposals_over,Logan Morris,Over,26.0,24.5,20260524_013131
c2359222d8b43b27ad6d7cbc6f780932,Greater Western Sydney Giants,Brisbane Lions,2026-05-24T02:30:07Z,tab,TAB,,player_disposals_over,Jake Stringer,Over,26.0,24.5,20260524_013131
c2359222d8b43b27ad6d7cbc6f780932,Greater Western Sydney Giants,Brisbane Lions,2026-05-24T02:30:07Z,tab,TAB,,player_disposals_over,Jayden Laverde,Over,26.0,24.5,20260524_013131
c2359222d8b43b27ad6d7cbc6f780932,Greater Western Sydney Giants,Brisbane Lions,2026-05-24T02:30:07Z,tab,TAB,,player_disposals_over,Kai Lohmann,Over,26.0,24.5,20260524_013131
c2359222d8b43b27ad6d7cbc6f780932,Greater Western Sydney Giants,Brisbane Lions,2026-05-24T02:30:07Z,tab,TAB,,player_disposals_over,Darcy Fort,Over,26.0,24.5,20260524_013131
c2359222d8b43b27ad6d7cbc6f780932,Greater Western Sydney Giants,Brisbane Lions,2026-05-24T02:30:07Z,tab,TAB,,player_disposals_over,Ty Gallop,Over,26.0,24.5,20260524_013131
c2359222d8b43b27ad6d7cbc6f780932,Greater Western Sydney Giants,Brisbane Lions,2026-05-24T02:30:07Z,tab,TAB,,player_disposals_over,Callum Brown,Over,26.0,24.5,20260524_013131
c2359222d8b43b27ad6d7cbc6f780932,Greater Western Sydney Giants,Brisbane Lions,2026-05-24T02:30:07Z,tab,TAB,,player_disposals_over,Conor Stone,Over,26.0,24.5,20260524_013131
c2359222d8b43b27ad6d7cbc6f780932,Greater Western Sydney Giants,Brisbane Lions,2026-05-24T02:30:07Z,tab,TAB,,player_disposals_over,Clayton Oliver,Over,1.68,29.5,20260524_013131
c2359222d8b43b27ad6d7cbc6f780932,Greater Western Sydney Giants,Brisbane Lions,2026-05-24T02:30:07Z,tab,TAB,,player_disposals_over,Lachie Neale,Over,1.8,29.5,20260524_013131
c2359222d8b43b27ad6d7cbc6f780932,Greater Western Sydney Giants,Brisbane Lions,2026-05-24T02:30:07Z,tab,TAB,,player_disposals_over,Lachie Whitfield,Over,1.85,29.5,20260524_013131
c2359222d8b43b27ad6d7cbc6f780932,Greater Western Sydney Giants,Brisbane Lions,2026-05-24T02:30:07Z,tab,TAB,,player_disposals_over,Finn Callaghan,Over,1.95,29.5,20260524_013131
c2359222d8b43b27ad6d7cbc6f780932,Greater Western Sydney Giants,Brisbane Lions,2026-05-24T02:30:07Z,tab,TAB,,player_disposals_over,Lachlan Ash,Over,2.15,29.5,20260524_013131
c2359222d8b43b27ad6d7cbc6f780932,Greater Western Sydney Giants,Brisbane Lions,2026-05-24T02:30:07Z,tab,TAB,,player_disposals_over,Will Ashcroft,Over,2.5,29.5,20260524_013131
c2359222d8b43b27ad6d7cbc6f780932,Greater Western Sydney Giants,Brisbane Lions,2026-05-24T02:30:07Z,tab,TAB,,player_disposals_over,Darcy Wilmot,Over,4.0,29.5,20260524_013131
c2359222d8b43b27ad6d7cbc6f780932,Greater Western Sydney Giants,Brisbane Lions,2026-05-24T02:30:07Z,tab,TAB,,player_disposals_over,Hugh McCluggage,Over,5.0,29.5,20260524_013131
c2359222d8b43b27ad6d7cbc6f780932,Greater Western Sydney Giants,Brisbane Lions,2026-05-24T02:30:07Z,tab,TAB,,player_disposals_over,Josh Dunkley,Over,7.0,29.5,20260524_013131
c2359222d8b43b27ad6d7cbc6f780932,Greater Western Sydney Giants,Brisbane Lions,2026-05-24T02:30:07Z,tab,TAB,,player_disposals_over,Harvey Thomas,Over,10.0,29.5,20260524_013131
c2359222d8b43b27ad6d7cbc6f780932,Greater Western Sydney Giants,Brisbane Lions,2026-05-24T02:30:07Z,tab,TAB,,player_disposals_over,Levi Ashcroft,Over,10.0,29.5,20260524_013131
c2359222d8b43b27ad6d7cbc6f780932,Greater Western Sydney Giants,Brisbane Lions,2026-05-24T02:30:07Z,tab,TAB,,player_disposals_over,Keidean Coleman,Over,14.0,29.5,20260524_013131
c2359222d8b43b27ad6d7cbc6f780932,Greater Western Sydney Giants,Brisbane Lions,2026-05-24T02:30:07Z,tab,TAB,,player_disposals_over,Connor Idun,Over,17.0,29.5,20260524_013131
c2359222d8b43b27ad6d7cbc6f780932,Greater Western Sydney Giants,Brisbane Lions,2026-05-24T02:30:07Z,tab,TAB,,player_disposals_over,Zac Bailey,Over,23.0,29.5,20260524_013131
c2359222d8b43b27ad6d7cbc6f780932,Greater Western Sydney Giants,Brisbane Lions,2026-05-24T02:30:07Z,tab,TAB,,player_disposals_over,Jaspa Fletcher,Over,23.0,29.5,20260524_013131
c2359222d8b43b27ad6d7cbc6f780932,Greater Western Sydney Giants,Brisbane Lions,2026-05-24T02:30:07Z,tab,TAB,,player_disposals_over,Bruce Reville,Over,34.0,29.5,20260524_013131
c2359222d8b43b27ad6d7cbc6f780932,Greater Western Sydney Giants,Brisbane Lions,2026-05-24T02:30:07Z,tab,TAB,,player_disposals_over,Toby Greene,Over,41.0,29.5,20260524_013131
c2359222d8b43b27ad6d7cbc6f780932,Greater Western Sydney Giants,Brisbane Lions,2026-05-24T02:30:07Z,tab,TAB,,player_disposals_over,Darcy Gardiner,Over,51.0,29.5,20260524_013131
c2359222d8b43b27ad6d7cbc6f780932,Greater Western Sydney Giants,Brisbane Lions,2026-05-24T02:30:07Z,tab,TAB,,player_disposals_over,Jake Riccardi,Over,51.0,29.5,20260524_013131
c2359222d8b43b27ad6d7cbc6f780932,Greater Western Sydney Giants,Brisbane Lions,2026-05-24T02:30:07Z,tab,TAB,,player_disposals_over,Jack Buckley,Over,51.0,29.5,20260524_013131
c2359222d8b43b27ad6d7cbc6f780932,Greater Western Sydney Giants,Brisbane Lions,2026-05-24T02:30:07Z,tab,TAB,,player_disposals_over,Kieren Briggs,Over,51.0,29.5,20260524_013131
c2359222d8b43b27ad6d7cbc6f780932,Greater Western Sydney Giants,Brisbane Lions,2026-05-24T02:30:07Z,tab,TAB,,player_disposals_over,Jake Stringer,Over,51.0,29.5,20260524_013131
c2359222d8b43b27ad6d7cbc6f780932,Greater Western Sydney Giants,Brisbane Lions,2026-05-24T02:30:07Z,tab,TAB,,player_disposals_over,Joseph Fonti,Over,51.0,29.5,20260524_013131
c2359222d8b43b27ad6d7cbc6f780932,Greater Western Sydney Giants,Brisbane Lions,2026-05-24T02:30:07Z,tab,TAB,,player_disposals_over,Harrison Himmelberg,Over,51.0,29.5,20260524_013131
c2359222d8b43b27ad6d7cbc6f780932,Greater Western Sydney Giants,Brisbane Lions,2026-05-24T02:30:07Z,tab,TAB,,player_disposals_over,Brent Daniels,Over,51.0,29.5,20260524_013131
c2359222d8b43b27ad6d7cbc6f780932,Greater Western Sydney Giants,Brisbane Lions,2026-05-24T02:30:07Z,tab,TAB,,player_disposals_over,Aaron Cadman,Over,51.0,29.5,20260524_013131
c2359222d8b43b27ad6d7cbc6f780932,Greater Western Sydney Giants,Brisbane Lions,2026-05-24T02:30:07Z,tab,TAB,,player_disposals_over,Stephen Coniglio,Over,51.0,29.5,20260524_013131
c2359222d8b43b27ad6d7cbc6f780932,Greater Western Sydney Giants,Brisbane Lions,2026-05-24T02:30:07Z,tab,TAB,,player_disposals_over,Charlie Cameron,Over,51.0,29.5,20260524_013131
c2359222d8b43b27ad6d7cbc6f780932,Greater Western Sydney Giants,Brisbane Lions,2026-05-24T02:30:07Z,tab,TAB,,player_disposals_over,Jayden Laverde,Over,51.0,29.5,20260524_013131
c2359222d8b43b27ad6d7cbc6f780932,Greater Western Sydney Giants,Brisbane Lions,2026-05-24T02:30:07Z,tab,TAB,,player_disposals_over,Phoenix Gothard,Over,51.0,29.5,20260524_013131
c2359222d8b43b27ad6d7cbc6f780932,Greater Western Sydney Giants,Brisbane Lions,2026-05-24T02:30:07Z,tab,TAB,,player_disposals_over,Toby Bedford,Over,51.0,29.5,20260524_013131
c2359222d8b43b27ad6d7cbc6f780932,Greater Western Sydney Giants,Brisbane Lions,2026-05-24T02:30:07Z,tab,TAB,,player_disposals_over,Sam Draper,Over,51.0,29.5,20260524_013131
c2359222d8b43b27ad6d7cbc6f780932,Greater Western Sydney Giants,Brisbane Lions,2026-05-24T02:30:07Z,tab,TAB,,player_disposals_over,Logan Morris,Over,51.0,29.5,20260524_013131
c2359222d8b43b27ad6d7cbc6f780932,Greater Western Sydney Giants,Brisbane Lions,2026-05-24T02:30:07Z,tab,TAB,,player_disposals_over,Kai Lohmann,Over,51.0,29.5,20260524_013131
c2359222d8b43b27ad6d7cbc6f780932,Greater Western Sydney Giants,Brisbane Lions,2026-05-24T02:30:07Z,tab,TAB,,player_disposals_over,Cameron Rayner,Over,51.0,29.5,20260524_013131
c2359222d8b43b27ad6d7cbc6f780932,Greater Western Sydney Giants,Brisbane Lions,2026-05-24T02:30:07Z,tab,TAB,,player_disposals_over,Conor McKenna,Over,51.0,29.5,20260524_013131
c2359222d8b43b27ad6d7cbc6f780932,Greater Western Sydney Giants,Brisbane Lions,2026-05-24T02:30:07Z,tab,TAB,,player_disposals_over,Darcy Fort,Over,51.0,29.5,20260524_013131
c2359222d8b43b27ad6d7cbc6f780932,Greater Western Sydney Giants,Brisbane Lions,2026-05-24T02:30:07Z,tab,TAB,,player_disposals_over,Toby McMullin,Over,51.0,29.5,20260524_013131
c2359222d8b43b27ad6d7cbc6f780932,Greater Western Sydney Giants,Brisbane Lions,2026-05-24T02:30:07Z,tab,TAB,,player_disposals_over,Harris Andrews,Over,51.0,29.5,20260524_013131
c2359222d8b43b27ad6d7cbc6f780932,Greater Western Sydney Giants,Brisbane Lions,2026-05-24T02:30:07Z,tab,TAB,,player_disposals_over,Sam Marshall,Over,51.0,29.5,20260524_013131
c2359222d8b43b27ad6d7cbc6f780932,Greater Western Sydney Giants,Brisbane Lions,2026-05-24T02:30:07Z,tab,TAB,,player_disposals_over,James Tunstill,Over,51.0,29.5,20260524_013131
c2359222d8b43b27ad6d7cbc6f780932,Greater Western Sydney Giants,Brisbane Lions,2026-05-24T02:30:07Z,tab,TAB,,player_disposals_over,Conor Stone,Over,51.0,29.5,20260524_013131
c2359222d8b43b27ad6d7cbc6f780932,Greater Western Sydney Giants,Brisbane Lions,2026-05-24T02:30:07Z,tab,TAB,,player_disposals_over,Ty Gallop,Over,51.0,29.5,20260524_013131
c2359222d8b43b27ad6d7cbc6f780932,Greater Western Sydney Giants,Brisbane Lions,2026-05-24T02:30:07Z,tab,TAB,,player_disposals_over,Callum Brown,Over,51.0,29.5,20260524_013131
c2359222d8b43b27ad6d7cbc6f780932,Greater Western Sydney Giants,Brisbane Lions,2026-05-24T02:30:07Z,tab,TAB,,player_disposals_over,Clayton Oliver,Over,3.0,34.5,20260524_013131
c2359222d8b43b27ad6d7cbc6f780932,Greater Western Sydney Giants,Brisbane Lions,2026-05-24T02:30:07Z,tab,TAB,,player_disposals_over,Lachie Neale,Over,3.5,34.5,20260524_013131
c2359222d8b43b27ad6d7cbc6f780932,Greater Western Sydney Giants,Brisbane Lions,2026-05-24T02:30:07Z,tab,TAB,,player_disposals_over,Lachie Whitfield,Over,3.6,34.5,20260524_013131
c2359222d8b43b27ad6d7cbc6f780932,Greater Western Sydney Giants,Brisbane Lions,2026-05-24T02:30:07Z,tab,TAB,,player_disposals_over,Finn Callaghan,Over,4.0,34.5,20260524_013131
c2359222d8b43b27ad6d7cbc6f780932,Greater Western Sydney Giants,Brisbane Lions,2026-05-24T02:30:07Z,tab,TAB,,player_disposals_over,Lachlan Ash,Over,4.5,34.5,20260524_013131
c2359222d8b43b27ad6d7cbc6f780932,Greater Western Sydney Giants,Brisbane Lions,2026-05-24T02:30:07Z,tab,TAB,,player_disposals_over,Will Ashcroft,Over,5.5,34.5,20260524_013131
c2359222d8b43b27ad6d7cbc6f780932,Greater Western Sydney Giants,Brisbane Lions,2026-05-24T02:30:07Z,tab,TAB,,player_disposals_over,Darcy Wilmot,Over,12.0,34.5,20260524_013131
c2359222d8b43b27ad6d7cbc6f780932,Greater Western Sydney Giants,Brisbane Lions,2026-05-24T02:30:07Z,tab,TAB,,player_disposals_over,Hugh McCluggage,Over,16.0,34.5,20260524_013131
c2359222d8b43b27ad6d7cbc6f780932,Greater Western Sydney Giants,Brisbane Lions,2026-05-24T02:30:07Z,tab,TAB,,player_disposals_over,Josh Dunkley,Over,26.0,34.5,20260524_013131
c2359222d8b43b27ad6d7cbc6f780932,Greater Western Sydney Giants,Brisbane Lions,2026-05-24T02:30:07Z,tab,TAB,,player_disposals_over,Harvey Thomas,Over,41.0,34.5,20260524_013131
c2359222d8b43b27ad6d7cbc6f780932,Greater Western Sydney Giants,Brisbane Lions,2026-05-24T02:30:07Z,tab,TAB,,player_disposals_over,Levi Ashcroft,Over,41.0,34.5,20260524_013131
c2359222d8b43b27ad6d7cbc6f780932,Greater Western Sydney Giants,Brisbane Lions,2026-05-24T02:30:07Z,tab,TAB,,player_disposals_over,Keidean Coleman,Over,67.0,34.5,20260524_013131
c2359222d8b43b27ad6d7cbc6f780932,Greater Western Sydney Giants,Brisbane Lions,2026-05-24T02:30:07Z,tab,TAB,,player_disposals_over,Jack Buckley,Over,81.0,34.5,20260524_013131
c2359222d8b43b27ad6d7cbc6f780932,Greater Western Sydney Giants,Brisbane Lions,2026-05-24T02:30:07Z,tab,TAB,,player_disposals_over,Connor Idun,Over,81.0,34.5,20260524_013131
c2359222d8b43b27ad6d7cbc6f780932,Greater Western Sydney Giants,Brisbane Lions,2026-05-24T02:30:07Z,tab,TAB,,player_disposals_over,Logan Morris,Over,81.0,34.5,20260524_013131
c2359222d8b43b27ad6d7cbc6f780932,Greater Western Sydney Giants,Brisbane Lions,2026-05-24T02:30:07Z,tab,TAB,,player_disposals_over,Sam Marshall,Over,81.0,34.5,20260524_013131
c2359222d8b43b27ad6d7cbc6f780932,Greater Western Sydney Giants,Brisbane Lions,2026-05-24T02:30:07Z,tab,TAB,,player_disposals_over,Darcy Gardiner,Over,81.0,34.5,20260524_013131
c2359222d8b43b27ad6d7cbc6f780932,Greater Western Sydney Giants,Brisbane Lions,2026-05-24T02:30:07Z,tab,TAB,,player_disposals_over,Sam Draper,Over,81.0,34.5,20260524_013131
c2359222d8b43b27ad6d7cbc6f780932,Greater Western Sydney Giants,Brisbane Lions,2026-05-24T02:30:07Z,tab,TAB,,player_disposals_over,Zac Bailey,Over,81.0,34.5,20260524_013131
c2359222d8b43b27ad6d7cbc6f780932,Greater Western Sydney Giants,Brisbane Lions,2026-05-24T02:30:07Z,tab,TAB,,player_disposals_over,Jake Riccardi,Over,81.0,34.5,20260524_013131
c2359222d8b43b27ad6d7cbc6f780932,Greater Western Sydney Giants,Brisbane Lions,2026-05-24T02:30:07Z,tab,TAB,,player_disposals_over,Harrison Himmelberg,Over,81.0,34.5,20260524_013131
c2359222d8b43b27ad6d7cbc6f780932,Greater Western Sydney Giants,Brisbane Lions,2026-05-24T02:30:07Z,tab,TAB,,player_disposals_over,Aaron Cadman,Over,81.0,34.5,20260524_013131
c2359222d8b43b27ad6d7cbc6f780932,Greater Western Sydney Giants,Brisbane Lions,2026-05-24T02:30:07Z,tab,TAB,,player_disposals_over,Brent Daniels,Over,81.0,34.5,20260524_013131
c2359222d8b43b27ad6d7cbc6f780932,Greater Western Sydney Giants,Brisbane Lions,2026-05-24T02:30:07Z,tab,TAB,,player_disposals_over,Stephen Coniglio,Over,81.0,34.5,20260524_013131
c2359222d8b43b27ad6d7cbc6f780932,Greater Western Sydney Giants,Brisbane Lions,2026-05-24T02:30:07Z,tab,TAB,,player_disposals_over,Charlie Cameron,Over,81.0,34.5,20260524_013131
c2359222d8b43b27ad6d7cbc6f780932,Greater Western Sydney Giants,Brisbane Lions,2026-05-24T02:30:07Z,tab,TAB,,player_disposals_over,Jayden Laverde,Over,81.0,34.5,20260524_013131
c2359222d8b43b27ad6d7cbc6f780932,Greater Western Sydney Giants,Brisbane Lions,2026-05-24T02:30:07Z,tab,TAB,,player_disposals_over,Kai Lohmann,Over,81.0,34.5,20260524_013131
c2359222d8b43b27ad6d7cbc6f780932,Greater Western Sydney Giants,Brisbane Lions,2026-05-24T02:30:07Z,tab,TAB,,player_disposals_over,Jaspa Fletcher,Over,81.0,34.5,20260524_013131
c2359222d8b43b27ad6d7cbc6f780932,Greater Western Sydney Giants,Brisbane Lions,2026-05-24T02:30:07Z,tab,TAB,,player_disposals_over,Darcy Fort,Over,81.0,34.5,20260524_013131
c2359222d8b43b27ad6d7cbc6f780932,Greater Western Sydney Giants,Brisbane Lions,2026-05-24T02:30:07Z,tab,TAB,,player_disposals_over,Cameron Rayner,Over,81.0,34.5,20260524_013131
c2359222d8b43b27ad6d7cbc6f780932,Greater Western Sydney Giants,Brisbane Lions,2026-05-24T02:30:07Z,tab,TAB,,player_disposals_over,Conor McKenna,Over,81.0,34.5,20260524_013131
c2359222d8b43b27ad6d7cbc6f780932,Greater Western Sydney Giants,Brisbane Lions,2026-05-24T02:30:07Z,tab,TAB,,player_disposals_over,Harris Andrews,Over,81.0,34.5,20260524_013131
c2359222d8b43b27ad6d7cbc6f780932,Greater Western Sydney Giants,Brisbane Lions,2026-05-24T02:30:07Z,tab,TAB,,player_disposals_over,Bruce Reville,Over,81.0,34.5,20260524_013131
c2359222d8b43b27ad6d7cbc6f780932,Greater Western Sydney Giants,Brisbane Lions,2026-05-24T02:30:07Z,tab,TAB,,player_disposals_over,Toby Bedford,Over,81.0,34.5,20260524_013131
c2359222d8b43b27ad6d7cbc6f780932,Greater Western Sydney Giants,Brisbane Lions,2026-05-24T02:30:07Z,tab,TAB,,player_disposals_over,Toby Greene,Over,81.0,34.5,20260524_013131
c2359222d8b43b27ad6d7cbc6f780932,Greater Western Sydney Giants,Brisbane Lions,2026-05-24T02:30:07Z,tab,TAB,,player_disposals_over,Toby McMullin,Over,81.0,34.5,20260524_013131
c2359222d8b43b27ad6d7cbc6f780932,Greater Western Sydney Giants,Brisbane Lions,2026-05-24T02:30:07Z,tab,TAB,,player_disposals_over,Phoenix Gothard,Over,81.0,34.5,20260524_013131
c2359222d8b43b27ad6d7cbc6f780932,Greater Western Sydney Giants,Brisbane Lions,2026-05-24T02:30:07Z,tab,TAB,,player_disposals_over,Kieren Briggs,Over,81.0,34.5,20260524_013131
c2359222d8b43b27ad6d7cbc6f780932,Greater Western Sydney Giants,Brisbane Lions,2026-05-24T02:30:07Z,tab,TAB,,player_disposals_over,Jake Stringer,Over,81.0,34.5,20260524_013131
c2359222d8b43b27ad6d7cbc6f780932,Greater Western Sydney Giants,Brisbane Lions,2026-05-24T02:30:07Z,tab,TAB,,player_disposals_over,Joseph Fonti,Over,81.0,34.5,20260524_013131
c2359222d8b43b27ad6d7cbc6f780932,Greater Western Sydney Giants,Brisbane Lions,2026-05-24T02:30:07Z,tab,TAB,,player_disposals_over,James Tunstill,Over,81.0,34.5,20260524_013131
c2359222d8b43b27ad6d7cbc6f780932,Greater Western Sydney Giants,Brisbane Lions,2026-05-24T02:30:07Z,tab,TAB,,player_disposals_over,Ty Gallop,Over,81.0,34.5,20260524_013131
c2359222d8b43b27ad6d7cbc6f780932,Greater Western Sydney Giants,Brisbane Lions,2026-05-24T02:30:07Z,tab,TAB,,player_disposals_over,Conor Stone,Over,81.0,34.5,20260524_013131
c2359222d8b43b27ad6d7cbc6f780932,Greater Western Sydney Giants,Brisbane Lions,2026-05-24T02:30:07Z,tab,TAB,,player_disposals_over,Callum Brown,Over,81.0,34.5,20260524_013131
c2359222d8b43b27ad6d7cbc6f780932,Greater Western Sydney Giants,Brisbane Lions,2026-05-24T02:30:07Z,tab,TAB,,player_disposals_over,Clayton Oliver,Over,6.5,39.5,20260524_013131
c2359222d8b43b27ad6d7cbc6f780932,Greater Western Sydney Giants,Brisbane Lions,2026-05-24T02:30:07Z,tab,TAB,,player_disposals_over,Lachie Neale,Over,8.5,39.5,20260524_013131
c2359222d8b43b27ad6d7cbc6f780932,Greater Western Sydney Giants,Brisbane Lions,2026-05-24T02:30:07Z,tab,TAB,,player_disposals_over,Lachie Whitfield,Over,9.0,39.5,20260524_013131
c2359222d8b43b27ad6d7cbc6f780932,Greater Western Sydney Giants,Brisbane Lions,2026-05-24T02:30:07Z,tab,TAB,,player_disposals_over,Finn Callaghan,Over,10.0,39.5,20260524_013131
c2359222d8b43b27ad6d7cbc6f780932,Greater Western Sydney Giants,Brisbane Lions,2026-05-24T02:30:07Z,tab,TAB,,player_disposals_over,Lachlan Ash,Over,12.0,39.5,20260524_013131
c2359222d8b43b27ad6d7cbc6f780932,Greater Western Sydney Giants,Brisbane Lions,2026-05-24T02:30:07Z,tab,TAB,,player_disposals_over,Will Ashcroft,Over,17.0,39.5,20260524_013131
c2359222d8b43b27ad6d7cbc6f780932,Greater Western Sydney Giants,Brisbane Lions,2026-05-24T02:30:07Z,tab,TAB,,player_disposals_over,Darcy Wilmot,Over,41.0,39.5,20260524_013131
c2359222d8b43b27ad6d7cbc6f780932,Greater Western Sydney Giants,Brisbane Lions,2026-05-24T02:30:07Z,tab,TAB,,player_disposals_over,Hugh McCluggage,Over,67.0,39.5,20260524_013131
c2359222d8b43b27ad6d7cbc6f780932,Greater Western Sydney Giants,Brisbane Lions,2026-05-24T02:30:07Z,tab,TAB,,player_disposals_over,Jack Buckley,Over,101.0,39.5,20260524_013131
c2359222d8b43b27ad6d7cbc6f780932,Greater Western Sydney Giants,Brisbane Lions,2026-05-24T02:30:07Z,tab,TAB,,player_disposals_over,Jayden Laverde,Over,101.0,39.5,20260524_013131
c2359222d8b43b27ad6d7cbc6f780932,Greater Western Sydney Giants,Brisbane Lions,2026-05-24T02:30:07Z,tab,TAB,,player_disposals_over,Charlie Cameron,Over,101.0,39.5,20260524_013131
c2359222d8b43b27ad6d7cbc6f780932,Greater Western Sydney Giants,Brisbane Lions,2026-05-24T02:30:07Z,tab,TAB,,player_disposals_over,Aaron Cadman,Over,101.0,39.5,20260524_013131
c2359222d8b43b27ad6d7cbc6f780932,Greater Western Sydney Giants,Brisbane Lions,2026-05-24T02:30:07Z,tab,TAB,,player_disposals_over,Connor Idun,Over,101.0,39.5,20260524_013131
c2359222d8b43b27ad6d7cbc6f780932,Greater Western Sydney Giants,Brisbane Lions,2026-05-24T02:30:07Z,tab,TAB,,player_disposals_over,Stephen Coniglio,Over,101.0,39.5,20260524_013131
c2359222d8b43b27ad6d7cbc6f780932,Greater Western Sydney Giants,Brisbane Lions,2026-05-24T02:30:07Z,tab,TAB,,player_disposals_over,Brent Daniels,Over,101.0,39.5,20260524_013131
c2359222d8b43b27ad6d7cbc6f780932,Greater Western Sydney Giants,Brisbane Lions,2026-05-24T02:30:07Z,tab,TAB,,player_disposals_over,Keidean Coleman,Over,101.0,39.5,20260524_013131
c2359222d8b43b27ad6d7cbc6f780932,Greater Western Sydney Giants,Brisbane Lions,2026-05-24T02:30:07Z,tab,TAB,,player_disposals_over,Jake Riccardi,Over,101.0,39.5,20260524_013131
c2359222d8b43b27ad6d7cbc6f780932,Greater Western Sydney Giants,Brisbane Lions,2026-05-24T02:30:07Z,tab,TAB,,player_disposals_over,Harrison Himmelberg,Over,101.0,39.5,20260524_013131
c2359222d8b43b27ad6d7cbc6f780932,Greater Western Sydney Giants,Brisbane Lions,2026-05-24T02:30:07Z,tab,TAB,,player_disposals_over,Harvey Thomas,Over,101.0,39.5,20260524_013131
c2359222d8b43b27ad6d7cbc6f780932,Greater Western Sydney Giants,Brisbane Lions,2026-05-24T02:30:07Z,tab,TAB,,player_disposals_over,Jake Stringer,Over,101.0,39.5,20260524_013131
c2359222d8b43b27ad6d7cbc6f780932,Greater Western Sydney Giants,Brisbane Lions,2026-05-24T02:30:07Z,tab,TAB,,player_disposals_over,Phoenix Gothard,Over,101.0,39.5,20260524_013131
c2359222d8b43b27ad6d7cbc6f780932,Greater Western Sydney Giants,Brisbane Lions,2026-05-24T02:30:07Z,tab,TAB,,player_disposals_over,Toby Bedford,Over,101.0,39.5,20260524_013131
c2359222d8b43b27ad6d7cbc6f780932,Greater Western Sydney Giants,Brisbane Lions,2026-05-24T02:30:07Z,tab,TAB,,player_disposals_over,Toby Greene,Over,101.0,39.5,20260524_013131
c2359222d8b43b27ad6d7cbc6f780932,Greater Western Sydney Giants,Brisbane Lions,2026-05-24T02:30:07Z,tab,TAB,,player_disposals_over,Toby McMullin,Over,101.0,39.5,20260524_013131
c2359222d8b43b27ad6d7cbc6f780932,Greater Western Sydney Giants,Brisbane Lions,2026-05-24T02:30:07Z,tab,TAB,,player_disposals_over,Harris Andrews,Over,101.0,39.5,20260524_013131
c2359222d8b43b27ad6d7cbc6f780932,Greater Western Sydney Giants,Brisbane Lions,2026-05-24T02:30:07Z,tab,TAB,,player_disposals_over,Joseph Fonti,Over,101.0,39.5,20260524_013131
c2359222d8b43b27ad6d7cbc6f780932,Greater Western Sydney Giants,Brisbane Lions,2026-05-24T02:30:07Z,tab,TAB,,player_disposals_over,Kieren Briggs,Over,101.0,39.5,20260524_013131
c2359222d8b43b27ad6d7cbc6f780932,Greater Western Sydney Giants,Brisbane Lions,2026-05-24T02:30:07Z,tab,TAB,,player_disposals_over,Levi Ashcroft,Over,101.0,39.5,20260524_013131
c2359222d8b43b27ad6d7cbc6f780932,Greater Western Sydney Giants,Brisbane Lions,2026-05-24T02:30:07Z,tab,TAB,,player_disposals_over,Logan Morris,Over,101.0,39.5,20260524_013131
c2359222d8b43b27ad6d7cbc6f780932,Greater Western Sydney Giants,Brisbane Lions,2026-05-24T02:30:07Z,tab,TAB,,player_disposals_over,Sam Draper,Over,101.0,39.5,20260524_013131
c2359222d8b43b27ad6d7cbc6f780932,Greater Western Sydney Giants,Brisbane Lions,2026-05-24T02:30:07Z,tab,TAB,,player_disposals_over,Zac Bailey,Over,101.0,39.5,20260524_013131
c2359222d8b43b27ad6d7cbc6f780932,Greater Western Sydney Giants,Brisbane Lions,2026-05-24T02:30:07Z,tab,TAB,,player_disposals_over,Darcy Gardiner,Over,101.0,39.5,20260524_013131
c2359222d8b43b27ad6d7cbc6f780932,Greater Western Sydney Giants,Brisbane Lions,2026-05-24T02:30:07Z,tab,TAB,,player_disposals_over,Bruce Reville,Over,101.0,39.5,20260524_013131
c2359222d8b43b27ad6d7cbc6f780932,Greater Western Sydney Giants,Brisbane Lions,2026-05-24T02:30:07Z,tab,TAB,,player_disposals_over,Cameron Rayner,Over,101.0,39.5,20260524_013131
c2359222d8b43b27ad6d7cbc6f780932,Greater Western Sydney Giants,Brisbane Lions,2026-05-24T02:30:07Z,tab,TAB,,player_disposals_over,Conor McKenna,Over,101.0,39.5,20260524_013131
c2359222d8b43b27ad6d7cbc6f780932,Greater Western Sydney Giants,Brisbane Lions,2026-05-24T02:30:07Z,tab,TAB,,player_disposals_over,Darcy Fort,Over,101.0,39.5,20260524_013131
c2359222d8b43b27ad6d7cbc6f780932,Greater Western Sydney Giants,Brisbane Lions,2026-05-24T02:30:07Z,tab,TAB,,player_disposals_over,Jaspa Fletcher,Over,101.0,39.5,20260524_013131
c2359222d8b43b27ad6d7cbc6f780932,Greater Western Sydney Giants,Brisbane Lions,2026-05-24T02:30:07Z,tab,TAB,,player_disposals_over,Josh Dunkley,Over,101.0,39.5,20260524_013131
c2359222d8b43b27ad6d7cbc6f780932,Greater Western Sydney Giants,Brisbane Lions,2026-05-24T02:30:07Z,tab,TAB,,player_disposals_over,Kai Lohmann,Over,101.0,39.5,20260524_013131
c2359222d8b43b27ad6d7cbc6f780932,Greater Western Sydney Giants,Brisbane Lions,2026-05-24T02:30:07Z,tab,TAB,,player_disposals_over,Sam Marshall,Over,101.0,39.5,20260524_013131
c2359222d8b43b27ad6d7cbc6f780932,Greater Western Sydney Giants,Brisbane Lions,2026-05-24T02:30:07Z,tab,TAB,,player_disposals_over,James Tunstill,Over,101.0,39.5,20260524_013131
c2359222d8b43b27ad6d7cbc6f780932,Greater Western Sydney Giants,Brisbane Lions,2026-05-24T02:30:07Z,tab,TAB,,player_disposals_over,Conor Stone,Over,101.0,39.5,20260524_013131
c2359222d8b43b27ad6d7cbc6f780932,Greater Western Sydney Giants,Brisbane Lions,2026-05-24T02:30:07Z,tab,TAB,,player_disposals_over,Ty Gallop,Over,101.0,39.5,20260524_013131
c2359222d8b43b27ad6d7cbc6f780932,Greater Western Sydney Giants,Brisbane Lions,2026-05-24T02:30:07Z,tab,TAB,,player_disposals_over,Callum Brown,Over,101.0,39.5,20260524_013131
c2359222d8b43b27ad6d7cbc6f780932,Greater Western Sydney Giants,Brisbane Lions,2026-05-24T02:30:07Z,tab,TAB,,player_goal_scorer_anytime,Logan Morris,Yes,1.05,,20260524_013131
c2359222d8b43b27ad6d7cbc6f780932,Greater Western Sydney Giants,Brisbane Lions,2026-05-24T02:30:07Z,tab,TAB,,player_goal_scorer_anytime,Charlie Cameron,Yes,1.06,,20260524_013131
c2359222d8b43b27ad6d7cbc6f780932,Greater Western Sydney Giants,Brisbane Lions,2026-05-24T02:30:07Z,tab,TAB,,player_goal_scorer_anytime,Aaron Cadman,Yes,1.1,,20260524_013131
c2359222d8b43b27ad6d7cbc6f780932,Greater Western Sydney Giants,Brisbane Lions,2026-05-24T02:30:07Z,tab,TAB,,player_goal_scorer_anytime,Jake Stringer,Yes,1.14,,20260524_013131
c2359222d8b43b27ad6d7cbc6f780932,Greater Western Sydney Giants,Brisbane Lions,2026-05-24T02:30:07Z,tab,TAB,,player_goal_scorer_anytime,Zac Bailey,Yes,1.16,,20260524_013131
c2359222d8b43b27ad6d7cbc6f780932,Greater Western Sydney Giants,Brisbane Lions,2026-05-24T02:30:07Z,tab,TAB,,player_goal_scorer_anytime,Max Gruzewski,Yes,1.22,,20260524_013131
c2359222d8b43b27ad6d7cbc6f780932,Greater Western Sydney Giants,Brisbane Lions,2026-05-24T02:30:07Z,tab,TAB,,player_goal_scorer_anytime,Toby Greene,Yes,1.22,,20260524_013131
c2359222d8b43b27ad6d7cbc6f780932,Greater Western Sydney Giants,Brisbane Lions,2026-05-24T02:30:07Z,tab,TAB,,player_goal_scorer_anytime,Kai Lohmann,Yes,1.22,,20260524_013131
c2359222d8b43b27ad6d7cbc6f780932,Greater Western Sydney Giants,Brisbane Lions,2026-05-24T02:30:07Z,tab,TAB,,player_goal_scorer_anytime,Jake Riccardi,Yes,1.24,,20260524_013131
c2359222d8b43b27ad6d7cbc6f780932,Greater Western Sydney Giants,Brisbane Lions,2026-05-24T02:30:07Z,tab,TAB,,player_goal_scorer_anytime,Cameron Rayner,Yes,1.4,,20260524_013131
c2359222d8b43b27ad6d7cbc6f780932,Greater Western Sydney Giants,Brisbane Lions,2026-05-24T02:30:07Z,tab,TAB,,player_goal_scorer_anytime,Phoenix Gothard,Yes,1.55,,20260524_013131
c2359222d8b43b27ad6d7cbc6f780932,Greater Western Sydney Giants,Brisbane Lions,2026-05-24T02:30:07Z,tab,TAB,,player_goal_scorer_anytime,Callum Brown,Yes,1.55,,20260524_013131
c2359222d8b43b27ad6d7cbc6f780932,Greater Western Sydney Giants,Brisbane Lions,2026-05-24T02:30:07Z,tab,TAB,,player_goal_scorer_anytime,Brent Daniels,Yes,1.58,,20260524_013131
c2359222d8b43b27ad6d7cbc6f780932,Greater Western Sydney Giants,Brisbane Lions,2026-05-24T02:30:07Z,tab,TAB,,player_goal_scorer_anytime,Conor McKenna,Yes,1.68,,20260524_013131
c2359222d8b43b27ad6d7cbc6f780932,Greater Western Sydney Giants,Brisbane Lions,2026-05-24T02:30:07Z,tab,TAB,,player_goal_scorer_anytime,Sam Draper,Yes,1.75,,20260524_013131
c2359222d8b43b27ad6d7cbc6f780932,Greater Western Sydney Giants,Brisbane Lions,2026-05-24T02:30:07Z,tab,TAB,,player_goal_scorer_anytime,Toby Bedford,Yes,1.85,,20260524_013131
c2359222d8b43b27ad6d7cbc6f780932,Greater Western Sydney Giants,Brisbane Lions,2026-05-24T02:30:07Z,tab,TAB,,player_goal_scorer_anytime,Hugh McCluggage,Yes,1.88,,20260524_013131
c2359222d8b43b27ad6d7cbc6f780932,Greater Western Sydney Giants,Brisbane Lions,2026-05-24T02:30:07Z,tab,TAB,,player_goal_scorer_anytime,Will McLachlan,Yes,1.88,,20260524_013131
c2359222d8b43b27ad6d7cbc6f780932,Greater Western Sydney Giants,Brisbane Lions,2026-05-24T02:30:07Z,tab,TAB,,player_goal_scorer_anytime,Levi Ashcroft,Yes,2.6,,20260524_013131
c2359222d8b43b27ad6d7cbc6f780932,Greater Western Sydney Giants,Brisbane Lions,2026-05-24T02:30:07Z,tab,TAB,,player_goal_scorer_anytime,Will Ashcroft,Yes,2.6,,20260524_013131
c2359222d8b43b27ad6d7cbc6f780932,Greater Western Sydney Giants,Brisbane Lions,2026-05-24T02:30:07Z,tab,TAB,,player_goal_scorer_anytime,Toby McMullin,Yes,2.7,,20260524_013131
c2359222d8b43b27ad6d7cbc6f780932,Greater Western Sydney Giants,Brisbane Lions,2026-05-24T02:30:07Z,tab,TAB,,player_goal_scorer_anytime,Stephen Coniglio,Yes,2.8,,20260524_013131
c2359222d8b43b27ad6d7cbc6f780932,Greater Western Sydney Giants,Brisbane Lions,2026-05-24T02:30:07Z,tab,TAB,,player_goal_scorer_anytime,Bruce Reville,Yes,2.9,,20260524_013131
c2359222d8b43b27ad6d7cbc6f780932,Greater Western Sydney Giants,Brisbane Lions,2026-05-24T02:30:07Z,tab,TAB,,player_goal_scorer_anytime,Darcy Fort,Yes,3.0,,20260524_013131
c2359222d8b43b27ad6d7cbc6f780932,Greater Western Sydney Giants,Brisbane Lions,2026-05-24T02:30:07Z,tab,TAB,,player_goal_scorer_anytime,Josh Dunkley,Yes,3.0,,20260524_013131
c2359222d8b43b27ad6d7cbc6f780932,Greater Western Sydney Giants,Brisbane Lions,2026-05-24T02:30:07Z,tab,TAB,,player_goal_scorer_anytime,Lachie Neale,Yes,3.0,,20260524_013131
c2359222d8b43b27ad6d7cbc6f780932,Greater Western Sydney Giants,Brisbane Lions,2026-05-24T02:30:07Z,tab,TAB,,player_goal_scorer_anytime,Harvey Thomas,Yes,3.2,,20260524_013131
c2359222d8b43b27ad6d7cbc6f780932,Greater Western Sydney Giants,Brisbane Lions,2026-05-24T02:30:07Z,tab,TAB,,player_goal_scorer_anytime,Finn Callaghan,Yes,3.3,,20260524_013131
c2359222d8b43b27ad6d7cbc6f780932,Greater Western Sydney Giants,Brisbane Lions,2026-05-24T02:30:07Z,tab,TAB,,player_goal_scorer_anytime,Clayton Oliver,Yes,3.4,,20260524_013131
c2359222d8b43b27ad6d7cbc6f780932,Greater Western Sydney Giants,Brisbane Lions,2026-05-24T02:30:07Z,tab,TAB,,player_goal_scorer_anytime,Kieren Briggs,Yes,3.5,,20260524_013131
c2359222d8b43b27ad6d7cbc6f780932,Greater Western Sydney Giants,Brisbane Lions,2026-05-24T02:30:07Z,tab,TAB,,player_goal_scorer_anytime,James Tunstill,Yes,3.5,,20260524_013131
c2359222d8b43b27ad6d7cbc6f780932,Greater Western Sydney Giants,Brisbane Lions,2026-05-24T02:30:07Z,tab,TAB,,player_goal_scorer_anytime,Jack Buckley,Yes,4.0,,20260524_013131
c2359222d8b43b27ad6d7cbc6f780932,Greater Western Sydney Giants,Brisbane Lions,2026-05-24T02:30:07Z,tab,TAB,,player_goal_scorer_anytime,Connor Idun,Yes,4.0,,20260524_013131
c2359222d8b43b27ad6d7cbc6f780932,Greater Western Sydney Giants,Brisbane Lions,2026-05-24T02:30:07Z,tab,TAB,,player_goal_scorer_anytime,Lachlan Ash,Yes,4.0,,20260524_013131
c2359222d8b43b27ad6d7cbc6f780932,Greater Western Sydney Giants,Brisbane Lions,2026-05-24T02:30:07Z,tab,TAB,,player_goal_scorer_anytime,Sam Marshall,Yes,4.0,,20260524_013131
c2359222d8b43b27ad6d7cbc6f780932,Greater Western Sydney Giants,Brisbane Lions,2026-05-24T02:30:07Z,tab,TAB,,player_goal_scorer_anytime,Jayden Laverde,Yes,4.0,,20260524_013131
c2359222d8b43b27ad6d7cbc6f780932,Greater Western Sydney Giants,Brisbane Lions,2026-05-24T02:30:07Z,tab,TAB,,player_goal_scorer_anytime,Harrison Himmelberg,Yes,4.0,,20260524_013131
c2359222d8b43b27ad6d7cbc6f780932,Greater Western Sydney Giants,Brisbane Lions,2026-05-24T02:30:07Z,tab,TAB,,player_goal_scorer_anytime,Joseph Fonti,Yes,4.0,,20260524_013131
c2359222d8b43b27ad6d7cbc6f780932,Greater Western Sydney Giants,Brisbane Lions,2026-05-24T02:30:07Z,tab,TAB,,player_goal_scorer_anytime,Darcy Wilmot,Yes,4.0,,20260524_013131
c2359222d8b43b27ad6d7cbc6f780932,Greater Western Sydney Giants,Brisbane Lions,2026-05-24T02:30:07Z,tab,TAB,,player_goal_scorer_anytime,Jaspa Fletcher,Yes,4.0,,20260524_013131
c2359222d8b43b27ad6d7cbc6f780932,Greater Western Sydney Giants,Brisbane Lions,2026-05-24T02:30:07Z,tab,TAB,,player_goal_scorer_anytime,Darcy Gardiner,Yes,4.0,,20260524_013131
c2359222d8b43b27ad6d7cbc6f780932,Greater Western Sydney Giants,Brisbane Lions,2026-05-24T02:30:07Z,tab,TAB,,player_goal_scorer_anytime,Keidean Coleman,Yes,4.0,,20260524_013131
c2359222d8b43b27ad6d7cbc6f780932,Greater Western Sydney Giants,Brisbane Lions,2026-05-24T02:30:07Z,tab,TAB,,player_goal_scorer_anytime,Conor Stone,Yes,4.0,,20260524_013131
c2359222d8b43b27ad6d7cbc6f780932,Greater Western Sydney Giants,Brisbane Lions,2026-05-24T02:30:07Z,tab,TAB,,player_goal_scorer_anytime,Ty Gallop,Yes,4.0,,20260524_013131
c2359222d8b43b27ad6d7cbc6f780932,Greater Western Sydney Giants,Brisbane Lions,2026-05-24T02:30:07Z,pointsbetau,PointsBet (AU),,player_disposals,Bruce Reville,Over,1.95,17.5,20260524_013131
c2359222d8b43b27ad6d7cbc6f780932,Greater Western Sydney Giants,Brisbane Lions,2026-05-24T02:30:07Z,pointsbetau,PointsBet (AU),,player_disposals,Bruce Reville,Under,1.8,17.5,20260524_013131
c2359222d8b43b27ad6d7cbc6f780932,Greater Western Sydney Giants,Brisbane Lions,2026-05-24T02:30:07Z,pointsbetau,PointsBet (AU),,player_disposals,Clayton Oliver,Over,1.87,30.5,20260524_013131
c2359222d8b43b27ad6d7cbc6f780932,Greater Western Sydney Giants,Brisbane Lions,2026-05-24T02:30:07Z,pointsbetau,PointsBet (AU),,player_disposals,Clayton Oliver,Under,1.87,30.5,20260524_013131
c2359222d8b43b27ad6d7cbc6f780932,Greater Western Sydney Giants,Brisbane Lions,2026-05-24T02:30:07Z,pointsbetau,PointsBet (AU),,player_disposals,Connor Idun,Over,1.83,19.5,20260524_013131
c2359222d8b43b27ad6d7cbc6f780932,Greater Western Sydney Giants,Brisbane Lions,2026-05-24T02:30:07Z,pointsbetau,PointsBet (AU),,player_disposals,Connor Idun,Under,1.9,19.5,20260524_013131
c2359222d8b43b27ad6d7cbc6f780932,Greater Western Sydney Giants,Brisbane Lions,2026-05-24T02:30:07Z,pointsbetau,PointsBet (AU),,player_disposals,Darcy Wilmot,Over,1.87,24.5,20260524_013131
c2359222d8b43b27ad6d7cbc6f780932,Greater Western Sydney Giants,Brisbane Lions,2026-05-24T02:30:07Z,pointsbetau,PointsBet (AU),,player_disposals,Darcy Wilmot,Under,1.87,24.5,20260524_013131
c2359222d8b43b27ad6d7cbc6f780932,Greater Western Sydney Giants,Brisbane Lions,2026-05-24T02:30:07Z,pointsbetau,PointsBet (AU),,player_disposals,Finn Callaghan,Over,1.77,27.5,20260524_013131
c2359222d8b43b27ad6d7cbc6f780932,Greater Western Sydney Giants,Brisbane Lions,2026-05-24T02:30:07Z,pointsbetau,PointsBet (AU),,player_disposals,Finn Callaghan,Under,2.0,27.5,20260524_013131
c2359222d8b43b27ad6d7cbc6f780932,Greater Western Sydney Giants,Brisbane Lions,2026-05-24T02:30:07Z,pointsbetau,PointsBet (AU),,player_disposals,Harvey Thomas,Over,1.87,19.5,20260524_013131
c2359222d8b43b27ad6d7cbc6f780932,Greater Western Sydney Giants,Brisbane Lions,2026-05-24T02:30:07Z,pointsbetau,PointsBet (AU),,player_disposals,Harvey Thomas,Under,1.87,19.5,20260524_013131
c2359222d8b43b27ad6d7cbc6f780932,Greater Western Sydney Giants,Brisbane Lions,2026-05-24T02:30:07Z,pointsbetau,PointsBet (AU),,player_disposals,Hugh McCluggage,Over,1.87,23.5,20260524_013131
c2359222d8b43b27ad6d7cbc6f780932,Greater Western Sydney Giants,Brisbane Lions,2026-05-24T02:30:07Z,pointsbetau,PointsBet (AU),,player_disposals,Hugh McCluggage,Under,1.87,23.5,20260524_013131
c2359222d8b43b27ad6d7cbc6f780932,Greater Western Sydney Giants,Brisbane Lions,2026-05-24T02:30:07Z,pointsbetau,PointsBet (AU),,player_disposals,Jaspa Fletcher,Over,1.87,18.5,20260524_013131
c2359222d8b43b27ad6d7cbc6f780932,Greater Western Sydney Giants,Brisbane Lions,2026-05-24T02:30:07Z,pointsbetau,PointsBet (AU),,player_disposals,Jaspa Fletcher,Under,1.87,18.5,20260524_013131
c2359222d8b43b27ad6d7cbc6f780932,Greater Western Sydney Giants,Brisbane Lions,2026-05-24T02:30:07Z,pointsbetau,PointsBet (AU),,player_disposals,Josh Dunkley,Over,1.87,20.5,20260524_013131
c2359222d8b43b27ad6d7cbc6f780932,Greater Western Sydney Giants,Brisbane Lions,2026-05-24T02:30:07Z,pointsbetau,PointsBet (AU),,player_disposals,Josh Dunkley,Under,1.87,20.5,20260524_013131
c2359222d8b43b27ad6d7cbc6f780932,Greater Western Sydney Giants,Brisbane Lions,2026-05-24T02:30:07Z,pointsbetau,PointsBet (AU),,player_disposals,Keidean Coleman,Over,1.9,19.5,20260524_013131
c2359222d8b43b27ad6d7cbc6f780932,Greater Western Sydney Giants,Brisbane Lions,2026-05-24T02:30:07Z,pointsbetau,PointsBet (AU),,player_disposals,Keidean Coleman,Under,1.83,19.5,20260524_013131
c2359222d8b43b27ad6d7cbc6f780932,Greater Western Sydney Giants,Brisbane Lions,2026-05-24T02:30:07Z,pointsbetau,PointsBet (AU),,player_disposals,Lachlan Ash,Over,1.87,28.5,20260524_013131
c2359222d8b43b27ad6d7cbc6f780932,Greater Western Sydney Giants,Brisbane Lions,2026-05-24T02:30:07Z,pointsbetau,PointsBet (AU),,player_disposals,Lachlan Ash,Under,1.87,28.5,20260524_013131
c2359222d8b43b27ad6d7cbc6f780932,Greater Western Sydney Giants,Brisbane Lions,2026-05-24T02:30:07Z,pointsbetau,PointsBet (AU),,player_disposals,Lachie Neale,Over,1.87,29.5,20260524_013131
c2359222d8b43b27ad6d7cbc6f780932,Greater Western Sydney Giants,Brisbane Lions,2026-05-24T02:30:07Z,pointsbetau,PointsBet (AU),,player_disposals,Lachie Neale,Under,1.87,29.5,20260524_013131
c2359222d8b43b27ad6d7cbc6f780932,Greater Western Sydney Giants,Brisbane Lions,2026-05-24T02:30:07Z,pointsbetau,PointsBet (AU),,player_disposals,Lachie Whitfield,Over,1.87,29.5,20260524_013131
c2359222d8b43b27ad6d7cbc6f780932,Greater Western Sydney Giants,Brisbane Lions,2026-05-24T02:30:07Z,pointsbetau,PointsBet (AU),,player_disposals,Lachie Whitfield,Under,1.87,29.5,20260524_013131
c2359222d8b43b27ad6d7cbc6f780932,Greater Western Sydney Giants,Brisbane Lions,2026-05-24T02:30:07Z,pointsbetau,PointsBet (AU),,player_disposals,Levi Ashcroft,Over,1.87,20.5,20260524_013131
c2359222d8b43b27ad6d7cbc6f780932,Greater Western Sydney Giants,Brisbane Lions,2026-05-24T02:30:07Z,pointsbetau,PointsBet (AU),,player_disposals,Levi Ashcroft,Under,1.87,20.5,20260524_013131
c2359222d8b43b27ad6d7cbc6f780932,Greater Western Sydney Giants,Brisbane Lions,2026-05-24T02:30:07Z,pointsbetau,PointsBet (AU),,player_disposals,Will Ashcroft,Over,1.9,27.5,20260524_013131
c2359222d8b43b27ad6d7cbc6f780932,Greater Western Sydney Giants,Brisbane Lions,2026-05-24T02:30:07Z,pointsbetau,PointsBet (AU),,player_disposals,Will Ashcroft,Under,1.83,27.5,20260524_013131
c2359222d8b43b27ad6d7cbc6f780932,Greater Western Sydney Giants,Brisbane Lions,2026-05-24T02:30:07Z,pointsbetau,PointsBet (AU),,player_disposals,Zac Bailey,Over,1.87,19.5,20260524_013131
c2359222d8b43b27ad6d7cbc6f780932,Greater Western Sydney Giants,Brisbane Lions,2026-05-24T02:30:07Z,pointsbetau,PointsBet (AU),,player_disposals,Zac Bailey,Under,1.87,19.5,20260524_013131
c2359222d8b43b27ad6d7cbc6f780932,Greater Western Sydney Giants,Brisbane Lions,2026-05-24T02:30:07Z,pointsbetau,PointsBet (AU),,player_disposals_over,Jake Riccardi,Over,1.11,9.5,20260524_013131
c2359222d8b43b27ad6d7cbc6f780932,Greater Western Sydney Giants,Brisbane Lions,2026-05-24T02:30:07Z,pointsbetau,PointsBet (AU),,player_disposals_over,Toby Bedford,Over,1.11,9.5,20260524_013131
c2359222d8b43b27ad6d7cbc6f780932,Greater Western Sydney Giants,Brisbane Lions,2026-05-24T02:30:07Z,pointsbetau,PointsBet (AU),,player_disposals_over,Kieren Briggs,Over,1.11,9.5,20260524_013131
c2359222d8b43b27ad6d7cbc6f780932,Greater Western Sydney Giants,Brisbane Lions,2026-05-24T02:30:07Z,pointsbetau,PointsBet (AU),,player_disposals_over,Jack Buckley,Over,1.11,9.5,20260524_013131
c2359222d8b43b27ad6d7cbc6f780932,Greater Western Sydney Giants,Brisbane Lions,2026-05-24T02:30:07Z,pointsbetau,PointsBet (AU),,player_disposals_over,Aaron Cadman,Over,1.21,9.5,20260524_013131
c2359222d8b43b27ad6d7cbc6f780932,Greater Western Sydney Giants,Brisbane Lions,2026-05-24T02:30:07Z,pointsbetau,PointsBet (AU),,player_disposals_over,Max Gruzewski,Over,1.83,9.5,20260524_013131
c2359222d8b43b27ad6d7cbc6f780932,Greater Western Sydney Giants,Brisbane Lions,2026-05-24T02:30:07Z,pointsbetau,PointsBet (AU),,player_disposals_over,Toby McMullin,Over,1.06,9.5,20260524_013131
c2359222d8b43b27ad6d7cbc6f780932,Greater Western Sydney Giants,Brisbane Lions,2026-05-24T02:30:07Z,pointsbetau,PointsBet (AU),,player_disposals_over,Phoenix Gothard,Over,1.11,9.5,20260524_013131
c2359222d8b43b27ad6d7cbc6f780932,Greater Western Sydney Giants,Brisbane Lions,2026-05-24T02:30:07Z,pointsbetau,PointsBet (AU),,player_disposals_over,James Leake,Over,1.06,9.5,20260524_013131
c2359222d8b43b27ad6d7cbc6f780932,Greater Western Sydney Giants,Brisbane Lions,2026-05-24T02:30:07Z,pointsbetau,PointsBet (AU),,player_disposals_over,Jake Stringer,Over,1.11,9.5,20260524_013131
c2359222d8b43b27ad6d7cbc6f780932,Greater Western Sydney Giants,Brisbane Lions,2026-05-24T02:30:07Z,pointsbetau,PointsBet (AU),,player_disposals_over,Cameron Rayner,Over,1.04,9.5,20260524_013131
c2359222d8b43b27ad6d7cbc6f780932,Greater Western Sydney Giants,Brisbane Lions,2026-05-24T02:30:07Z,pointsbetau,PointsBet (AU),,player_disposals_over,Kai Lohmann,Over,1.13,9.5,20260524_013131
c2359222d8b43b27ad6d7cbc6f780932,Greater Western Sydney Giants,Brisbane Lions,2026-05-24T02:30:07Z,pointsbetau,PointsBet (AU),,player_disposals_over,Logan Morris,Over,1.22,9.5,20260524_013131
c2359222d8b43b27ad6d7cbc6f780932,Greater Western Sydney Giants,Brisbane Lions,2026-05-24T02:30:07Z,pointsbetau,PointsBet (AU),,player_disposals_over,Darcy Gardiner,Over,1.36,9.5,20260524_013131
c2359222d8b43b27ad6d7cbc6f780932,Greater Western Sydney Giants,Brisbane Lions,2026-05-24T02:30:07Z,pointsbetau,PointsBet (AU),,player_disposals_over,Darcy Fort,Over,1.07,9.5,20260524_013131
c2359222d8b43b27ad6d7cbc6f780932,Greater Western Sydney Giants,Brisbane Lions,2026-05-24T02:30:07Z,pointsbetau,PointsBet (AU),,player_disposals_over,Charlie Cameron,Over,1.13,9.5,20260524_013131
c2359222d8b43b27ad6d7cbc6f780932,Greater Western Sydney Giants,Brisbane Lions,2026-05-24T02:30:07Z,pointsbetau,PointsBet (AU),,player_disposals_over,Conor McKenna,Over,1.22,9.5,20260524_013131
c2359222d8b43b27ad6d7cbc6f780932,Greater Western Sydney Giants,Brisbane Lions,2026-05-24T02:30:07Z,pointsbetau,PointsBet (AU),,player_disposals_over,Sam Draper,Over,1.22,9.5,20260524_013131
c2359222d8b43b27ad6d7cbc6f780932,Greater Western Sydney Giants,Brisbane Lions,2026-05-24T02:30:07Z,pointsbetau,PointsBet (AU),,player_disposals_over,Jake Riccardi,Over,1.22,10.5,20260524_013131
c2359222d8b43b27ad6d7cbc6f780932,Greater Western Sydney Giants,Brisbane Lions,2026-05-24T02:30:07Z,pointsbetau,PointsBet (AU),,player_disposals_over,Toby Bedford,Over,1.22,10.5,20260524_013131
c2359222d8b43b27ad6d7cbc6f780932,Greater Western Sydney Giants,Brisbane Lions,2026-05-24T02:30:07Z,pointsbetau,PointsBet (AU),,player_disposals_over,Kieren Briggs,Over,1.22,10.5,20260524_013131
c2359222d8b43b27ad6d7cbc6f780932,Greater Western Sydney Giants,Brisbane Lions,2026-05-24T02:30:07Z,pointsbetau,PointsBet (AU),,player_disposals_over,Jack Buckley,Over,1.24,10.5,20260524_013131
c2359222d8b43b27ad6d7cbc6f780932,Greater Western Sydney Giants,Brisbane Lions,2026-05-24T02:30:07Z,pointsbetau,PointsBet (AU),,player_disposals_over,Aaron Cadman,Over,1.36,10.5,20260524_013131
c2359222d8b43b27ad6d7cbc6f780932,Greater Western Sydney Giants,Brisbane Lions,2026-05-24T02:30:07Z,pointsbetau,PointsBet (AU),,player_disposals_over,Max Gruzewski,Over,2.25,10.5,20260524_013131
c2359222d8b43b27ad6d7cbc6f780932,Greater Western Sydney Giants,Brisbane Lions,2026-05-24T02:30:07Z,pointsbetau,PointsBet (AU),,player_disposals_over,Toby McMullin,Over,1.13,10.5,20260524_013131
c2359222d8b43b27ad6d7cbc6f780932,Greater Western Sydney Giants,Brisbane Lions,2026-05-24T02:30:07Z,pointsbetau,PointsBet (AU),,player_disposals_over,Phoenix Gothard,Over,1.22,10.5,20260524_013131
c2359222d8b43b27ad6d7cbc6f780932,Greater Western Sydney Giants,Brisbane Lions,2026-05-24T02:30:07Z,pointsbetau,PointsBet (AU),,player_disposals_over,James Leake,Over,1.13,10.5,20260524_013131
c2359222d8b43b27ad6d7cbc6f780932,Greater Western Sydney Giants,Brisbane Lions,2026-05-24T02:30:07Z,pointsbetau,PointsBet (AU),,player_disposals_over,Jake Stringer,Over,1.24,10.5,20260524_013131
c2359222d8b43b27ad6d7cbc6f780932,Greater Western Sydney Giants,Brisbane Lions,2026-05-24T02:30:07Z,pointsbetau,PointsBet (AU),,player_disposals_over,Jayden Laverde,Over,1.05,10.5,20260524_013131
c2359222d8b43b27ad6d7cbc6f780932,Greater Western Sydney Giants,Brisbane Lions,2026-05-24T02:30:07Z,pointsbetau,PointsBet (AU),,player_disposals_over,Cameron Rayner,Over,1.09,10.5,20260524_013131
c2359222d8b43b27ad6d7cbc6f780932,Greater Western Sydney Giants,Brisbane Lions,2026-05-24T02:30:07Z,pointsbetau,PointsBet (AU),,player_disposals_over,Kai Lohmann,Over,1.24,10.5,20260524_013131
c2359222d8b43b27ad6d7cbc6f780932,Greater Western Sydney Giants,Brisbane Lions,2026-05-24T02:30:07Z,pointsbetau,PointsBet (AU),,player_disposals_over,Logan Morris,Over,1.36,10.5,20260524_013131
c2359222d8b43b27ad6d7cbc6f780932,Greater Western Sydney Giants,Brisbane Lions,2026-05-24T02:30:07Z,pointsbetau,PointsBet (AU),,player_disposals_over,Darcy Gardiner,Over,1.59,10.5,20260524_013131
c2359222d8b43b27ad6d7cbc6f780932,Greater Western Sydney Giants,Brisbane Lions,2026-05-24T02:30:07Z,pointsbetau,PointsBet (AU),,player_disposals_over,Darcy Fort,Over,1.13,10.5,20260524_013131
c2359222d8b43b27ad6d7cbc6f780932,Greater Western Sydney Giants,Brisbane Lions,2026-05-24T02:30:07Z,pointsbetau,PointsBet (AU),,player_disposals_over,Charlie Cameron,Over,1.24,10.5,20260524_013131
c2359222d8b43b27ad6d7cbc6f780932,Greater Western Sydney Giants,Brisbane Lions,2026-05-24T02:30:07Z,pointsbetau,PointsBet (AU),,player_disposals_over,Harris Andrews,Over,1.08,10.5,20260524_013131
c2359222d8b43b27ad6d7cbc6f780932,Greater Western Sydney Giants,Brisbane Lions,2026-05-24T02:30:07Z,pointsbetau,PointsBet (AU),,player_disposals_over,Conor McKenna,Over,1.36,10.5,20260524_013131
c2359222d8b43b27ad6d7cbc6f780932,Greater Western Sydney Giants,Brisbane Lions,2026-05-24T02:30:07Z,pointsbetau,PointsBet (AU),,player_disposals_over,Sam Draper,Over,1.4,10.5,20260524_013131
c2359222d8b43b27ad6d7cbc6f780932,Greater Western Sydney Giants,Brisbane Lions,2026-05-24T02:30:07Z,pointsbetau,PointsBet (AU),,player_disposals_over,Brent Daniels,Over,1.06,11.5,20260524_013131
c2359222d8b43b27ad6d7cbc6f780932,Greater Western Sydney Giants,Brisbane Lions,2026-05-24T02:30:07Z,pointsbetau,PointsBet (AU),,player_disposals_over,Jake Riccardi,Over,1.4,11.5,20260524_013131
c2359222d8b43b27ad6d7cbc6f780932,Greater Western Sydney Giants,Brisbane Lions,2026-05-24T02:30:07Z,pointsbetau,PointsBet (AU),,player_disposals_over,Toby Bedford,Over,1.36,11.5,20260524_013131
c2359222d8b43b27ad6d7cbc6f780932,Greater Western Sydney Giants,Brisbane Lions,2026-05-24T02:30:07Z,pointsbetau,PointsBet (AU),,player_disposals_over,Kieren Briggs,Over,1.36,11.5,20260524_013131
c2359222d8b43b27ad6d7cbc6f780932,Greater Western Sydney Giants,Brisbane Lions,2026-05-24T02:30:07Z,pointsbetau,PointsBet (AU),,player_disposals_over,Jack Buckley,Over,1.36,11.5,20260524_013131
c2359222d8b43b27ad6d7cbc6f780932,Greater Western Sydney Giants,Brisbane Lions,2026-05-24T02:30:07Z,pointsbetau,PointsBet (AU),,player_disposals_over,Aaron Cadman,Over,1.56,11.5,20260524_013131
c2359222d8b43b27ad6d7cbc6f780932,Greater Western Sydney Giants,Brisbane Lions,2026-05-24T02:30:07Z,pointsbetau,PointsBet (AU),,player_disposals_over,Max Gruzewski,Over,2.7,11.5,20260524_013131
c2359222d8b43b27ad6d7cbc6f780932,Greater Western Sydney Giants,Brisbane Lions,2026-05-24T02:30:07Z,pointsbetau,PointsBet (AU),,player_disposals_over,Toby McMullin,Over,1.24,11.5,20260524_013131
c2359222d8b43b27ad6d7cbc6f780932,Greater Western Sydney Giants,Brisbane Lions,2026-05-24T02:30:07Z,pointsbetau,PointsBet (AU),,player_disposals_over,Phoenix Gothard,Over,1.36,11.5,20260524_013131
c2359222d8b43b27ad6d7cbc6f780932,Greater Western Sydney Giants,Brisbane Lions,2026-05-24T02:30:07Z,pointsbetau,PointsBet (AU),,player_disposals_over,James Leake,Over,1.22,11.5,20260524_013131
c2359222d8b43b27ad6d7cbc6f780932,Greater Western Sydney Giants,Brisbane Lions,2026-05-24T02:30:07Z,pointsbetau,PointsBet (AU),,player_disposals_over,Joseph Fonti,Over,1.05,11.5,20260524_013131
c2359222d8b43b27ad6d7cbc6f780932,Greater Western Sydney Giants,Brisbane Lions,2026-05-24T02:30:07Z,pointsbetau,PointsBet (AU),,player_disposals_over,Stephen Coniglio,Over,1.05,11.5,20260524_013131
c2359222d8b43b27ad6d7cbc6f780932,Greater Western Sydney Giants,Brisbane Lions,2026-05-24T02:30:07Z,pointsbetau,PointsBet (AU),,player_disposals_over,Jake Stringer,Over,1.36,11.5,20260524_013131
c2359222d8b43b27ad6d7cbc6f780932,Greater Western Sydney Giants,Brisbane Lions,2026-05-24T02:30:07Z,pointsbetau,PointsBet (AU),,player_disposals_over,Harrison Himmelberg,Over,1.05,11.5,20260524_013131
c2359222d8b43b27ad6d7cbc6f780932,Greater Western Sydney Giants,Brisbane Lions,2026-05-24T02:30:07Z,pointsbetau,PointsBet (AU),,player_disposals_over,Jayden Laverde,Over,1.09,11.5,20260524_013131
c2359222d8b43b27ad6d7cbc6f780932,Greater Western Sydney Giants,Brisbane Lions,2026-05-24T02:30:07Z,pointsbetau,PointsBet (AU),,player_disposals_over,Cameron Rayner,Over,1.16,11.5,20260524_013131
c2359222d8b43b27ad6d7cbc6f780932,Greater Western Sydney Giants,Brisbane Lions,2026-05-24T02:30:07Z,pointsbetau,PointsBet (AU),,player_disposals_over,Bruce Reville,Over,1.07,11.5,20260524_013131
c2359222d8b43b27ad6d7cbc6f780932,Greater Western Sydney Giants,Brisbane Lions,2026-05-24T02:30:07Z,pointsbetau,PointsBet (AU),,player_disposals_over,Kai Lohmann,Over,1.4,11.5,20260524_013131
c2359222d8b43b27ad6d7cbc6f780932,Greater Western Sydney Giants,Brisbane Lions,2026-05-24T02:30:07Z,pointsbetau,PointsBet (AU),,player_disposals_over,Logan Morris,Over,1.59,11.5,20260524_013131
c2359222d8b43b27ad6d7cbc6f780932,Greater Western Sydney Giants,Brisbane Lions,2026-05-24T02:30:07Z,pointsbetau,PointsBet (AU),,player_disposals_over,Darcy Gardiner,Over,1.87,11.5,20260524_013131
c2359222d8b43b27ad6d7cbc6f780932,Greater Western Sydney Giants,Brisbane Lions,2026-05-24T02:30:07Z,pointsbetau,PointsBet (AU),,player_disposals_over,Darcy Fort,Over,1.24,11.5,20260524_013131
c2359222d8b43b27ad6d7cbc6f780932,Greater Western Sydney Giants,Brisbane Lions,2026-05-24T02:30:07Z,pointsbetau,PointsBet (AU),,player_disposals_over,Charlie Cameron,Over,1.4,11.5,20260524_013131
c2359222d8b43b27ad6d7cbc6f780932,Greater Western Sydney Giants,Brisbane Lions,2026-05-24T02:30:07Z,pointsbetau,PointsBet (AU),,player_disposals_over,Harris Andrews,Over,1.15,11.5,20260524_013131
c2359222d8b43b27ad6d7cbc6f780932,Greater Western Sydney Giants,Brisbane Lions,2026-05-24T02:30:07Z,pointsbetau,PointsBet (AU),,player_disposals_over,Conor McKenna,Over,1.59,11.5,20260524_013131
c2359222d8b43b27ad6d7cbc6f780932,Greater Western Sydney Giants,Brisbane Lions,2026-05-24T02:30:07Z,pointsbetau,PointsBet (AU),,player_disposals_over,Sam Draper,Over,1.59,11.5,20260524_013131
c2359222d8b43b27ad6d7cbc6f780932,Greater Western Sydney Giants,Brisbane Lions,2026-05-24T02:30:07Z,pointsbetau,PointsBet (AU),,player_disposals_over,Brent Daniels,Over,1.1,12.5,20260524_013131
c2359222d8b43b27ad6d7cbc6f780932,Greater Western Sydney Giants,Brisbane Lions,2026-05-24T02:30:07Z,pointsbetau,PointsBet (AU),,player_disposals_over,Jake Riccardi,Over,1.59,12.5,20260524_013131
c2359222d8b43b27ad6d7cbc6f780932,Greater Western Sydney Giants,Brisbane Lions,2026-05-24T02:30:07Z,pointsbetau,PointsBet (AU),,player_disposals_over,Toby Bedford,Over,1.59,12.5,20260524_013131
c2359222d8b43b27ad6d7cbc6f780932,Greater Western Sydney Giants,Brisbane Lions,2026-05-24T02:30:07Z,pointsbetau,PointsBet (AU),,player_disposals_over,Kieren Briggs,Over,1.59,12.5,20260524_013131
c2359222d8b43b27ad6d7cbc6f780932,Greater Western Sydney Giants,Brisbane Lions,2026-05-24T02:30:07Z,pointsbetau,PointsBet (AU),,player_disposals_over,Jack Buckley,Over,1.59,12.5,20260524_013131
c2359222d8b43b27ad6d7cbc6f780932,Greater Western Sydney Giants,Brisbane Lions,2026-05-24T02:30:07Z,pointsbetau,PointsBet (AU),,player_disposals_over,Aaron Cadman,Over,1.83,12.5,20260524_013131
c2359222d8b43b27ad6d7cbc6f780932,Greater Western Sydney Giants,Brisbane Lions,2026-05-24T02:30:07Z,pointsbetau,PointsBet (AU),,player_disposals_over,Max Gruzewski,Over,3.5,12.5,20260524_013131
c2359222d8b43b27ad6d7cbc6f780932,Greater Western Sydney Giants,Brisbane Lions,2026-05-24T02:30:07Z,pointsbetau,PointsBet (AU),,player_disposals_over,Toby McMullin,Over,1.36,12.5,20260524_013131
c2359222d8b43b27ad6d7cbc6f780932,Greater Western Sydney Giants,Brisbane Lions,2026-05-24T02:30:07Z,pointsbetau,PointsBet (AU),,player_disposals_over,Phoenix Gothard,Over,1.59,12.5,20260524_013131
c2359222d8b43b27ad6d7cbc6f780932,Greater Western Sydney Giants,Brisbane Lions,2026-05-24T02:30:07Z,pointsbetau,PointsBet (AU),,player_disposals_over,James Leake,Over,1.36,12.5,20260524_013131
c2359222d8b43b27ad6d7cbc6f780932,Greater Western Sydney Giants,Brisbane Lions,2026-05-24T02:30:07Z,pointsbetau,PointsBet (AU),,player_disposals_over,Joseph Fonti,Over,1.1,12.5,20260524_013131
c2359222d8b43b27ad6d7cbc6f780932,Greater Western Sydney Giants,Brisbane Lions,2026-05-24T02:30:07Z,pointsbetau,PointsBet (AU),,player_disposals_over,Stephen Coniglio,Over,1.1,12.5,20260524_013131
c2359222d8b43b27ad6d7cbc6f780932,Greater Western Sydney Giants,Brisbane Lions,2026-05-24T02:30:07Z,pointsbetau,PointsBet (AU),,player_disposals_over,Jake Stringer,Over,1.59,12.5,20260524_013131
c2359222d8b43b27ad6d7cbc6f780932,Greater Western Sydney Giants,Brisbane Lions,2026-05-24T02:30:07Z,pointsbetau,PointsBet (AU),,player_disposals_over,Toby Greene,Over,1.06,12.5,20260524_013131
c2359222d8b43b27ad6d7cbc6f780932,Greater Western Sydney Giants,Brisbane Lions,2026-05-24T02:30:07Z,pointsbetau,PointsBet (AU),,player_disposals_over,Harrison Himmelberg,Over,1.11,12.5,20260524_013131
c2359222d8b43b27ad6d7cbc6f780932,Greater Western Sydney Giants,Brisbane Lions,2026-05-24T02:30:07Z,pointsbetau,PointsBet (AU),,player_disposals_over,Jayden Laverde,Over,1.16,12.5,20260524_013131
c2359222d8b43b27ad6d7cbc6f780932,Greater Western Sydney Giants,Brisbane Lions,2026-05-24T02:30:07Z,pointsbetau,PointsBet (AU),,player_disposals_over,Cameron Rayner,Over,1.27,12.5,20260524_013131
c2359222d8b43b27ad6d7cbc6f780932,Greater Western Sydney Giants,Brisbane Lions,2026-05-24T02:30:07Z,pointsbetau,PointsBet (AU),,player_disposals_over,Zac Bailey,Over,1.04,12.5,20260524_013131
c2359222d8b43b27ad6d7cbc6f780932,Greater Western Sydney Giants,Brisbane Lions,2026-05-24T02:30:07Z,pointsbetau,PointsBet (AU),,player_disposals_over,Keidean Coleman,Over,1.04,12.5,20260524_013131
c2359222d8b43b27ad6d7cbc6f780932,Greater Western Sydney Giants,Brisbane Lions,2026-05-24T02:30:07Z,pointsbetau,PointsBet (AU),,player_disposals_over,Bruce Reville,Over,1.13,12.5,20260524_013131
c2359222d8b43b27ad6d7cbc6f780932,Greater Western Sydney Giants,Brisbane Lions,2026-05-24T02:30:07Z,pointsbetau,PointsBet (AU),,player_disposals_over,Kai Lohmann,Over,1.63,12.5,20260524_013131
c2359222d8b43b27ad6d7cbc6f780932,Greater Western Sydney Giants,Brisbane Lions,2026-05-24T02:30:07Z,pointsbetau,PointsBet (AU),,player_disposals_over,Jaspa Fletcher,Over,1.07,12.5,20260524_013131
c2359222d8b43b27ad6d7cbc6f780932,Greater Western Sydney Giants,Brisbane Lions,2026-05-24T02:30:07Z,pointsbetau,PointsBet (AU),,player_disposals_over,Logan Morris,Over,1.83,12.5,20260524_013131
c2359222d8b43b27ad6d7cbc6f780932,Greater Western Sydney Giants,Brisbane Lions,2026-05-24T02:30:07Z,pointsbetau,PointsBet (AU),,player_disposals_over,Darcy Gardiner,Over,2.25,12.5,20260524_013131
c2359222d8b43b27ad6d7cbc6f780932,Greater Western Sydney Giants,Brisbane Lions,2026-05-24T02:30:07Z,pointsbetau,PointsBet (AU),,player_disposals_over,Darcy Fort,Over,1.36,12.5,20260524_013131
c2359222d8b43b27ad6d7cbc6f780932,Greater Western Sydney Giants,Brisbane Lions,2026-05-24T02:30:07Z,pointsbetau,PointsBet (AU),,player_disposals_over,Charlie Cameron,Over,1.63,12.5,20260524_013131
c2359222d8b43b27ad6d7cbc6f780932,Greater Western Sydney Giants,Brisbane Lions,2026-05-24T02:30:07Z,pointsbetau,PointsBet (AU),,player_disposals_over,Harris Andrews,Over,1.25,12.5,20260524_013131
c2359222d8b43b27ad6d7cbc6f780932,Greater Western Sydney Giants,Brisbane Lions,2026-05-24T02:30:07Z,pointsbetau,PointsBet (AU),,player_disposals_over,Conor McKenna,Over,1.87,12.5,20260524_013131
c2359222d8b43b27ad6d7cbc6f780932,Greater Western Sydney Giants,Brisbane Lions,2026-05-24T02:30:07Z,pointsbetau,PointsBet (AU),,player_disposals_over,Sam Draper,Over,1.83,12.5,20260524_013131
c2359222d8b43b27ad6d7cbc6f780932,Greater Western Sydney Giants,Brisbane Lions,2026-05-24T02:30:07Z,pointsbetau,PointsBet (AU),,player_disposals_over,Brent Daniels,Over,1.19,13.5,20260524_013131
c2359222d8b43b27ad6d7cbc6f780932,Greater Western Sydney Giants,Brisbane Lions,2026-05-24T02:30:07Z,pointsbetau,PointsBet (AU),,player_disposals_over,Connor Idun,Over,1.07,13.5,20260524_013131
c2359222d8b43b27ad6d7cbc6f780932,Greater Western Sydney Giants,Brisbane Lions,2026-05-24T02:30:07Z,pointsbetau,PointsBet (AU),,player_disposals_over,Jake Riccardi,Over,1.83,13.5,20260524_013131
c2359222d8b43b27ad6d7cbc6f780932,Greater Western Sydney Giants,Brisbane Lions,2026-05-24T02:30:07Z,pointsbetau,PointsBet (AU),,player_disposals_over,Toby Bedford,Over,1.83,13.5,20260524_013131
c2359222d8b43b27ad6d7cbc6f780932,Greater Western Sydney Giants,Brisbane Lions,2026-05-24T02:30:07Z,pointsbetau,PointsBet (AU),,player_disposals_over,Kieren Briggs,Over,1.83,13.5,20260524_013131
c2359222d8b43b27ad6d7cbc6f780932,Greater Western Sydney Giants,Brisbane Lions,2026-05-24T02:30:07Z,pointsbetau,PointsBet (AU),,player_disposals_over,Jack Buckley,Over,1.83,13.5,20260524_013131
c2359222d8b43b27ad6d7cbc6f780932,Greater Western Sydney Giants,Brisbane Lions,2026-05-24T02:30:07Z,pointsbetau,PointsBet (AU),,player_disposals_over,Aaron Cadman,Over,2.2,13.5,20260524_013131
c2359222d8b43b27ad6d7cbc6f780932,Greater Western Sydney Giants,Brisbane Lions,2026-05-24T02:30:07Z,pointsbetau,PointsBet (AU),,player_disposals_over,Max Gruzewski,Over,4.2,13.5,20260524_013131
c2359222d8b43b27ad6d7cbc6f780932,Greater Western Sydney Giants,Brisbane Lions,2026-05-24T02:30:07Z,pointsbetau,PointsBet (AU),,player_disposals_over,Harvey Thomas,Over,1.07,13.5,20260524_013131
c2359222d8b43b27ad6d7cbc6f780932,Greater Western Sydney Giants,Brisbane Lions,2026-05-24T02:30:07Z,pointsbetau,PointsBet (AU),,player_disposals_over,Toby McMullin,Over,1.59,13.5,20260524_013131
c2359222d8b43b27ad6d7cbc6f780932,Greater Western Sydney Giants,Brisbane Lions,2026-05-24T02:30:07Z,pointsbetau,PointsBet (AU),,player_disposals_over,Phoenix Gothard,Over,1.83,13.5,20260524_013131
c2359222d8b43b27ad6d7cbc6f780932,Greater Western Sydney Giants,Brisbane Lions,2026-05-24T02:30:07Z,pointsbetau,PointsBet (AU),,player_disposals_over,James Leake,Over,1.59,13.5,20260524_013131
c2359222d8b43b27ad6d7cbc6f780932,Greater Western Sydney Giants,Brisbane Lions,2026-05-24T02:30:07Z,pointsbetau,PointsBet (AU),,player_disposals_over,Joseph Fonti,Over,1.18,13.5,20260524_013131
c2359222d8b43b27ad6d7cbc6f780932,Greater Western Sydney Giants,Brisbane Lions,2026-05-24T02:30:07Z,pointsbetau,PointsBet (AU),,player_disposals_over,Stephen Coniglio,Over,1.18,13.5,20260524_013131
c2359222d8b43b27ad6d7cbc6f780932,Greater Western Sydney Giants,Brisbane Lions,2026-05-24T02:30:07Z,pointsbetau,PointsBet (AU),,player_disposals_over,Jake Stringer,Over,1.83,13.5,20260524_013131
c2359222d8b43b27ad6d7cbc6f780932,Greater Western Sydney Giants,Brisbane Lions,2026-05-24T02:30:07Z,pointsbetau,PointsBet (AU),,player_disposals_over,Toby Greene,Over,1.11,13.5,20260524_013131
c2359222d8b43b27ad6d7cbc6f780932,Greater Western Sydney Giants,Brisbane Lions,2026-05-24T02:30:07Z,pointsbetau,PointsBet (AU),,player_disposals_over,Harrison Himmelberg,Over,1.18,13.5,20260524_013131
c2359222d8b43b27ad6d7cbc6f780932,Greater Western Sydney Giants,Brisbane Lions,2026-05-24T02:30:07Z,pointsbetau,PointsBet (AU),,player_disposals_over,Jayden Laverde,Over,1.27,13.5,20260524_013131
c2359222d8b43b27ad6d7cbc6f780932,Greater Western Sydney Giants,Brisbane Lions,2026-05-24T02:30:07Z,pointsbetau,PointsBet (AU),,player_disposals_over,Cameron Rayner,Over,1.4,13.5,20260524_013131
c2359222d8b43b27ad6d7cbc6f780932,Greater Western Sydney Giants,Brisbane Lions,2026-05-24T02:30:07Z,pointsbetau,PointsBet (AU),,player_disposals_over,Zac Bailey,Over,1.08,13.5,20260524_013131
c2359222d8b43b27ad6d7cbc6f780932,Greater Western Sydney Giants,Brisbane Lions,2026-05-24T02:30:07Z,pointsbetau,PointsBet (AU),,player_disposals_over,Keidean Coleman,Over,1.08,13.5,20260524_013131
c2359222d8b43b27ad6d7cbc6f780932,Greater Western Sydney Giants,Brisbane Lions,2026-05-24T02:30:07Z,pointsbetau,PointsBet (AU),,player_disposals_over,Bruce Reville,Over,1.22,13.5,20260524_013131
c2359222d8b43b27ad6d7cbc6f780932,Greater Western Sydney Giants,Brisbane Lions,2026-05-24T02:30:07Z,pointsbetau,PointsBet (AU),,player_disposals_over,Kai Lohmann,Over,1.83,13.5,20260524_013131
c2359222d8b43b27ad6d7cbc6f780932,Greater Western Sydney Giants,Brisbane Lions,2026-05-24T02:30:07Z,pointsbetau,PointsBet (AU),,player_disposals_over,Jaspa Fletcher,Over,1.11,13.5,20260524_013131
c2359222d8b43b27ad6d7cbc6f780932,Greater Western Sydney Giants,Brisbane Lions,2026-05-24T02:30:07Z,pointsbetau,PointsBet (AU),,player_disposals_over,Logan Morris,Over,2.25,13.5,20260524_013131
c2359222d8b43b27ad6d7cbc6f780932,Greater Western Sydney Giants,Brisbane Lions,2026-05-24T02:30:07Z,pointsbetau,PointsBet (AU),,player_disposals_over,Levi Ashcroft,Over,1.05,13.5,20260524_013131
c2359222d8b43b27ad6d7cbc6f780932,Greater Western Sydney Giants,Brisbane Lions,2026-05-24T02:30:07Z,pointsbetau,PointsBet (AU),,player_disposals_over,Darcy Gardiner,Over,2.6,13.5,20260524_013131
c2359222d8b43b27ad6d7cbc6f780932,Greater Western Sydney Giants,Brisbane Lions,2026-05-24T02:30:07Z,pointsbetau,PointsBet (AU),,player_disposals_over,Darcy Fort,Over,1.59,13.5,20260524_013131
c2359222d8b43b27ad6d7cbc6f780932,Greater Western Sydney Giants,Brisbane Lions,2026-05-24T02:30:07Z,pointsbetau,PointsBet (AU),,player_disposals_over,Charlie Cameron,Over,1.83,13.5,20260524_013131
c2359222d8b43b27ad6d7cbc6f780932,Greater Western Sydney Giants,Brisbane Lions,2026-05-24T02:30:07Z,pointsbetau,PointsBet (AU),,player_disposals_over,Josh Dunkley,Over,1.05,13.5,20260524_013131
c2359222d8b43b27ad6d7cbc6f780932,Greater Western Sydney Giants,Brisbane Lions,2026-05-24T02:30:07Z,pointsbetau,PointsBet (AU),,player_disposals_over,Harris Andrews,Over,1.4,13.5,20260524_013131
c2359222d8b43b27ad6d7cbc6f780932,Greater Western Sydney Giants,Brisbane Lions,2026-05-24T02:30:07Z,pointsbetau,PointsBet (AU),,player_disposals_over,Conor McKenna,Over,2.2,13.5,20260524_013131
c2359222d8b43b27ad6d7cbc6f780932,Greater Western Sydney Giants,Brisbane Lions,2026-05-24T02:30:07Z,pointsbetau,PointsBet (AU),,player_disposals_over,Sam Draper,Over,2.2,13.5,20260524_013131
c2359222d8b43b27ad6d7cbc6f780932,Greater Western Sydney Giants,Brisbane Lions,2026-05-24T02:30:07Z,pointsbetau,PointsBet (AU),,player_disposals_over,Brent Daniels,Over,1.29,14.5,20260524_013131
c2359222d8b43b27ad6d7cbc6f780932,Greater Western Sydney Giants,Brisbane Lions,2026-05-24T02:30:07Z,pointsbetau,PointsBet (AU),,player_disposals_over,Connor Idun,Over,1.11,14.5,20260524_013131
c2359222d8b43b27ad6d7cbc6f780932,Greater Western Sydney Giants,Brisbane Lions,2026-05-24T02:30:07Z,pointsbetau,PointsBet (AU),,player_disposals_over,Jake Riccardi,Over,2.15,14.5,20260524_013131
c2359222d8b43b27ad6d7cbc6f780932,Greater Western Sydney Giants,Brisbane Lions,2026-05-24T02:30:07Z,pointsbetau,PointsBet (AU),,player_disposals_over,Toby Bedford,Over,2.2,14.5,20260524_013131
c2359222d8b43b27ad6d7cbc6f780932,Greater Western Sydney Giants,Brisbane Lions,2026-05-24T02:30:07Z,pointsbetau,PointsBet (AU),,player_disposals_over,Kieren Briggs,Over,2.2,14.5,20260524_013131
c2359222d8b43b27ad6d7cbc6f780932,Greater Western Sydney Giants,Brisbane Lions,2026-05-24T02:30:07Z,pointsbetau,PointsBet (AU),,player_disposals_over,Jack Buckley,Over,2.2,14.5,20260524_013131
c2359222d8b43b27ad6d7cbc6f780932,Greater Western Sydney Giants,Brisbane Lions,2026-05-24T02:30:07Z,pointsbetau,PointsBet (AU),,player_disposals_over,Aaron Cadman,Over,2.55,14.5,20260524_013131
c2359222d8b43b27ad6d7cbc6f780932,Greater Western Sydney Giants,Brisbane Lions,2026-05-24T02:30:07Z,pointsbetau,PointsBet (AU),,player_disposals_over,Max Gruzewski,Over,5.25,14.5,20260524_013131
c2359222d8b43b27ad6d7cbc6f780932,Greater Western Sydney Giants,Brisbane Lions,2026-05-24T02:30:07Z,pointsbetau,PointsBet (AU),,player_disposals_over,Harvey Thomas,Over,1.11,14.5,20260524_013131
c2359222d8b43b27ad6d7cbc6f780932,Greater Western Sydney Giants,Brisbane Lions,2026-05-24T02:30:07Z,pointsbetau,PointsBet (AU),,player_disposals_over,Toby McMullin,Over,1.8,14.5,20260524_013131
c2359222d8b43b27ad6d7cbc6f780932,Greater Western Sydney Giants,Brisbane Lions,2026-05-24T02:30:07Z,pointsbetau,PointsBet (AU),,player_disposals_over,Phoenix Gothard,Over,2.2,14.5,20260524_013131
c2359222d8b43b27ad6d7cbc6f780932,Greater Western Sydney Giants,Brisbane Lions,2026-05-24T02:30:07Z,pointsbetau,PointsBet (AU),,player_disposals_over,James Leake,Over,1.8,14.5,20260524_013131
c2359222d8b43b27ad6d7cbc6f780932,Greater Western Sydney Giants,Brisbane Lions,2026-05-24T02:30:07Z,pointsbetau,PointsBet (AU),,player_disposals_over,Joseph Fonti,Over,1.27,14.5,20260524_013131
c2359222d8b43b27ad6d7cbc6f780932,Greater Western Sydney Giants,Brisbane Lions,2026-05-24T02:30:07Z,pointsbetau,PointsBet (AU),,player_disposals_over,Stephen Coniglio,Over,1.27,14.5,20260524_013131
c2359222d8b43b27ad6d7cbc6f780932,Greater Western Sydney Giants,Brisbane Lions,2026-05-24T02:30:07Z,pointsbetau,PointsBet (AU),,player_disposals_over,Jake Stringer,Over,2.25,14.5,20260524_013131
c2359222d8b43b27ad6d7cbc6f780932,Greater Western Sydney Giants,Brisbane Lions,2026-05-24T02:30:07Z,pointsbetau,PointsBet (AU),,player_disposals_over,Toby Greene,Over,1.19,14.5,20260524_013131
c2359222d8b43b27ad6d7cbc6f780932,Greater Western Sydney Giants,Brisbane Lions,2026-05-24T02:30:07Z,pointsbetau,PointsBet (AU),,player_disposals_over,Harrison Himmelberg,Over,1.29,14.5,20260524_013131
c2359222d8b43b27ad6d7cbc6f780932,Greater Western Sydney Giants,Brisbane Lions,2026-05-24T02:30:07Z,pointsbetau,PointsBet (AU),,player_disposals_over,Jayden Laverde,Over,1.4,14.5,20260524_013131
c2359222d8b43b27ad6d7cbc6f780932,Greater Western Sydney Giants,Brisbane Lions,2026-05-24T02:30:07Z,pointsbetau,PointsBet (AU),,player_disposals_over,Cameron Rayner,Over,1.63,14.5,20260524_013131
c2359222d8b43b27ad6d7cbc6f780932,Greater Western Sydney Giants,Brisbane Lions,2026-05-24T02:30:07Z,pointsbetau,PointsBet (AU),,player_disposals_over,Zac Bailey,Over,1.13,14.5,20260524_013131
c2359222d8b43b27ad6d7cbc6f780932,Greater Western Sydney Giants,Brisbane Lions,2026-05-24T02:30:07Z,pointsbetau,PointsBet (AU),,player_disposals_over,Keidean Coleman,Over,1.13,14.5,20260524_013131
c2359222d8b43b27ad6d7cbc6f780932,Greater Western Sydney Giants,Brisbane Lions,2026-05-24T02:30:07Z,pointsbetau,PointsBet (AU),,player_disposals_over,Bruce Reville,Over,1.33,14.5,20260524_013131
c2359222d8b43b27ad6d7cbc6f780932,Greater Western Sydney Giants,Brisbane Lions,2026-05-24T02:30:07Z,pointsbetau,PointsBet (AU),,player_disposals_over,Kai Lohmann,Over,2.2,14.5,20260524_013131
c2359222d8b43b27ad6d7cbc6f780932,Greater Western Sydney Giants,Brisbane Lions,2026-05-24T02:30:07Z,pointsbetau,PointsBet (AU),,player_disposals_over,Jaspa Fletcher,Over,1.19,14.5,20260524_013131
c2359222d8b43b27ad6d7cbc6f780932,Greater Western Sydney Giants,Brisbane Lions,2026-05-24T02:30:07Z,pointsbetau,PointsBet (AU),,player_disposals_over,Logan Morris,Over,2.7,14.5,20260524_013131
c2359222d8b43b27ad6d7cbc6f780932,Greater Western Sydney Giants,Brisbane Lions,2026-05-24T02:30:07Z,pointsbetau,PointsBet (AU),,player_disposals_over,Levi Ashcroft,Over,1.08,14.5,20260524_013131
c2359222d8b43b27ad6d7cbc6f780932,Greater Western Sydney Giants,Brisbane Lions,2026-05-24T02:30:07Z,pointsbetau,PointsBet (AU),,player_disposals_over,Darcy Gardiner,Over,3.25,14.5,20260524_013131
c2359222d8b43b27ad6d7cbc6f780932,Greater Western Sydney Giants,Brisbane Lions,2026-05-24T02:30:07Z,pointsbetau,PointsBet (AU),,player_disposals_over,Darcy Fort,Over,1.83,14.5,20260524_013131
c2359222d8b43b27ad6d7cbc6f780932,Greater Western Sydney Giants,Brisbane Lions,2026-05-24T02:30:07Z,pointsbetau,PointsBet (AU),,player_disposals_over,Charlie Cameron,Over,2.25,14.5,20260524_013131
c2359222d8b43b27ad6d7cbc6f780932,Greater Western Sydney Giants,Brisbane Lions,2026-05-24T02:30:07Z,pointsbetau,PointsBet (AU),,player_disposals_over,Josh Dunkley,Over,1.09,14.5,20260524_013131
c2359222d8b43b27ad6d7cbc6f780932,Greater Western Sydney Giants,Brisbane Lions,2026-05-24T02:30:07Z,pointsbetau,PointsBet (AU),,player_disposals_over,Harris Andrews,Over,1.59,14.5,20260524_013131
c2359222d8b43b27ad6d7cbc6f780932,Greater Western Sydney Giants,Brisbane Lions,2026-05-24T02:30:07Z,pointsbetau,PointsBet (AU),,player_disposals_over,Conor McKenna,Over,2.55,14.5,20260524_013131
c2359222d8b43b27ad6d7cbc6f780932,Greater Western Sydney Giants,Brisbane Lions,2026-05-24T02:30:07Z,pointsbetau,PointsBet (AU),,player_disposals_over,Sam Draper,Over,2.55,14.5,20260524_013131
c2359222d8b43b27ad6d7cbc6f780932,Greater Western Sydney Giants,Brisbane Lions,2026-05-24T02:30:07Z,pointsbetau,PointsBet (AU),,player_disposals_over,Brent Daniels,Over,1.42,15.5,20260524_013131
c2359222d8b43b27ad6d7cbc6f780932,Greater Western Sydney Giants,Brisbane Lions,2026-05-24T02:30:07Z,pointsbetau,PointsBet (AU),,player_disposals_over,Connor Idun,Over,1.19,15.5,20260524_013131
c2359222d8b43b27ad6d7cbc6f780932,Greater Western Sydney Giants,Brisbane Lions,2026-05-24T02:30:07Z,pointsbetau,PointsBet (AU),,player_disposals_over,Jake Riccardi,Over,2.55,15.5,20260524_013131
c2359222d8b43b27ad6d7cbc6f780932,Greater Western Sydney Giants,Brisbane Lions,2026-05-24T02:30:07Z,pointsbetau,PointsBet (AU),,player_disposals_over,Toby Bedford,Over,2.55,15.5,20260524_013131
c2359222d8b43b27ad6d7cbc6f780932,Greater Western Sydney Giants,Brisbane Lions,2026-05-24T02:30:07Z,pointsbetau,PointsBet (AU),,player_disposals_over,Kieren Briggs,Over,2.55,15.5,20260524_013131
c2359222d8b43b27ad6d7cbc6f780932,Greater Western Sydney Giants,Brisbane Lions,2026-05-24T02:30:07Z,pointsbetau,PointsBet (AU),,player_disposals_over,Jack Buckley,Over,2.55,15.5,20260524_013131
c2359222d8b43b27ad6d7cbc6f780932,Greater Western Sydney Giants,Brisbane Lions,2026-05-24T02:30:07Z,pointsbetau,PointsBet (AU),,player_disposals_over,Aaron Cadman,Over,3.1,15.5,20260524_013131
c2359222d8b43b27ad6d7cbc6f780932,Greater Western Sydney Giants,Brisbane Lions,2026-05-24T02:30:07Z,pointsbetau,PointsBet (AU),,player_disposals_over,Max Gruzewski,Over,7.0,15.5,20260524_013131
c2359222d8b43b27ad6d7cbc6f780932,Greater Western Sydney Giants,Brisbane Lions,2026-05-24T02:30:07Z,pointsbetau,PointsBet (AU),,player_disposals_over,Harvey Thomas,Over,1.19,15.5,20260524_013131
c2359222d8b43b27ad6d7cbc6f780932,Greater Western Sydney Giants,Brisbane Lions,2026-05-24T02:30:07Z,pointsbetau,PointsBet (AU),,player_disposals_over,Toby McMullin,Over,2.15,15.5,20260524_013131
c2359222d8b43b27ad6d7cbc6f780932,Greater Western Sydney Giants,Brisbane Lions,2026-05-24T02:30:07Z,pointsbetau,PointsBet (AU),,player_disposals_over,Phoenix Gothard,Over,2.55,15.5,20260524_013131
c2359222d8b43b27ad6d7cbc6f780932,Greater Western Sydney Giants,Brisbane Lions,2026-05-24T02:30:07Z,pointsbetau,PointsBet (AU),,player_disposals_over,James Leake,Over,2.1,15.5,20260524_013131
c2359222d8b43b27ad6d7cbc6f780932,Greater Western Sydney Giants,Brisbane Lions,2026-05-24T02:30:07Z,pointsbetau,PointsBet (AU),,player_disposals_over,Joseph Fonti,Over,1.4,15.5,20260524_013131
c2359222d8b43b27ad6d7cbc6f780932,Greater Western Sydney Giants,Brisbane Lions,2026-05-24T02:30:07Z,pointsbetau,PointsBet (AU),,player_disposals_over,Stephen Coniglio,Over,1.42,15.5,20260524_013131
c2359222d8b43b27ad6d7cbc6f780932,Greater Western Sydney Giants,Brisbane Lions,2026-05-24T02:30:07Z,pointsbetau,PointsBet (AU),,player_disposals_over,Jake Stringer,Over,2.6,15.5,20260524_013131
c2359222d8b43b27ad6d7cbc6f780932,Greater Western Sydney Giants,Brisbane Lions,2026-05-24T02:30:07Z,pointsbetau,PointsBet (AU),,player_disposals_over,Toby Greene,Over,1.29,15.5,20260524_013131
c2359222d8b43b27ad6d7cbc6f780932,Greater Western Sydney Giants,Brisbane Lions,2026-05-24T02:30:07Z,pointsbetau,PointsBet (AU),,player_disposals_over,Harrison Himmelberg,Over,1.42,15.5,20260524_013131
c2359222d8b43b27ad6d7cbc6f780932,Greater Western Sydney Giants,Brisbane Lions,2026-05-24T02:30:07Z,pointsbetau,PointsBet (AU),,player_disposals_over,Jayden Laverde,Over,1.63,15.5,20260524_013131
c2359222d8b43b27ad6d7cbc6f780932,Greater Western Sydney Giants,Brisbane Lions,2026-05-24T02:30:07Z,pointsbetau,PointsBet (AU),,player_disposals_over,Hugh McCluggage,Over,1.04,15.5,20260524_013131
c2359222d8b43b27ad6d7cbc6f780932,Greater Western Sydney Giants,Brisbane Lions,2026-05-24T02:30:07Z,pointsbetau,PointsBet (AU),,player_disposals_over,Cameron Rayner,Over,1.83,15.5,20260524_013131
c2359222d8b43b27ad6d7cbc6f780932,Greater Western Sydney Giants,Brisbane Lions,2026-05-24T02:30:07Z,pointsbetau,PointsBet (AU),,player_disposals_over,Zac Bailey,Over,1.21,15.5,20260524_013131
c2359222d8b43b27ad6d7cbc6f780932,Greater Western Sydney Giants,Brisbane Lions,2026-05-24T02:30:07Z,pointsbetau,PointsBet (AU),,player_disposals_over,Keidean Coleman,Over,1.21,15.5,20260524_013131
c2359222d8b43b27ad6d7cbc6f780932,Greater Western Sydney Giants,Brisbane Lions,2026-05-24T02:30:07Z,pointsbetau,PointsBet (AU),,player_disposals_over,Bruce Reville,Over,1.5,15.5,20260524_013131
c2359222d8b43b27ad6d7cbc6f780932,Greater Western Sydney Giants,Brisbane Lions,2026-05-24T02:30:07Z,pointsbetau,PointsBet (AU),,player_disposals_over,Kai Lohmann,Over,2.55,15.5,20260524_013131
c2359222d8b43b27ad6d7cbc6f780932,Greater Western Sydney Giants,Brisbane Lions,2026-05-24T02:30:07Z,pointsbetau,PointsBet (AU),,player_disposals_over,Jaspa Fletcher,Over,1.31,15.5,20260524_013131
c2359222d8b43b27ad6d7cbc6f780932,Greater Western Sydney Giants,Brisbane Lions,2026-05-24T02:30:07Z,pointsbetau,PointsBet (AU),,player_disposals_over,Logan Morris,Over,3.25,15.5,20260524_013131
c2359222d8b43b27ad6d7cbc6f780932,Greater Western Sydney Giants,Brisbane Lions,2026-05-24T02:30:07Z,pointsbetau,PointsBet (AU),,player_disposals_over,Levi Ashcroft,Over,1.13,15.5,20260524_013131
c2359222d8b43b27ad6d7cbc6f780932,Greater Western Sydney Giants,Brisbane Lions,2026-05-24T02:30:07Z,pointsbetau,PointsBet (AU),,player_disposals_over,Darcy Gardiner,Over,3.9,15.5,20260524_013131
c2359222d8b43b27ad6d7cbc6f780932,Greater Western Sydney Giants,Brisbane Lions,2026-05-24T02:30:07Z,pointsbetau,PointsBet (AU),,player_disposals_over,Darcy Fort,Over,2.2,15.5,20260524_013131
c2359222d8b43b27ad6d7cbc6f780932,Greater Western Sydney Giants,Brisbane Lions,2026-05-24T02:30:07Z,pointsbetau,PointsBet (AU),,player_disposals_over,Charlie Cameron,Over,2.55,15.5,20260524_013131
c2359222d8b43b27ad6d7cbc6f780932,Greater Western Sydney Giants,Brisbane Lions,2026-05-24T02:30:07Z,pointsbetau,PointsBet (AU),,player_disposals_over,Josh Dunkley,Over,1.14,15.5,20260524_013131
c2359222d8b43b27ad6d7cbc6f780932,Greater Western Sydney Giants,Brisbane Lions,2026-05-24T02:30:07Z,pointsbetau,PointsBet (AU),,player_disposals_over,Harris Andrews,Over,1.83,15.5,20260524_013131
c2359222d8b43b27ad6d7cbc6f780932,Greater Western Sydney Giants,Brisbane Lions,2026-05-24T02:30:07Z,pointsbetau,PointsBet (AU),,player_disposals_over,Conor McKenna,Over,3.1,15.5,20260524_013131
c2359222d8b43b27ad6d7cbc6f780932,Greater Western Sydney Giants,Brisbane Lions,2026-05-24T02:30:07Z,pointsbetau,PointsBet (AU),,player_disposals_over,Sam Draper,Over,3.1,15.5,20260524_013131
c2359222d8b43b27ad6d7cbc6f780932,Greater Western Sydney Giants,Brisbane Lions,2026-05-24T02:30:07Z,pointsbetau,PointsBet (AU),,player_disposals_over,Brent Daniels,Over,1.63,16.5,20260524_013131
c2359222d8b43b27ad6d7cbc6f780932,Greater Western Sydney Giants,Brisbane Lions,2026-05-24T02:30:07Z,pointsbetau,PointsBet (AU),,player_disposals_over,Connor Idun,Over,1.29,16.5,20260524_013131
c2359222d8b43b27ad6d7cbc6f780932,Greater Western Sydney Giants,Brisbane Lions,2026-05-24T02:30:07Z,pointsbetau,PointsBet (AU),,player_disposals_over,Jake Riccardi,Over,3.0,16.5,20260524_013131
c2359222d8b43b27ad6d7cbc6f780932,Greater Western Sydney Giants,Brisbane Lions,2026-05-24T02:30:07Z,pointsbetau,PointsBet (AU),,player_disposals_over,Toby Bedford,Over,3.0,16.5,20260524_013131
c2359222d8b43b27ad6d7cbc6f780932,Greater Western Sydney Giants,Brisbane Lions,2026-05-24T02:30:07Z,pointsbetau,PointsBet (AU),,player_disposals_over,Kieren Briggs,Over,3.0,16.5,20260524_013131
c2359222d8b43b27ad6d7cbc6f780932,Greater Western Sydney Giants,Brisbane Lions,2026-05-24T02:30:07Z,pointsbetau,PointsBet (AU),,player_disposals_over,Jack Buckley,Over,3.0,16.5,20260524_013131
c2359222d8b43b27ad6d7cbc6f780932,Greater Western Sydney Giants,Brisbane Lions,2026-05-24T02:30:07Z,pointsbetau,PointsBet (AU),,player_disposals_over,Aaron Cadman,Over,3.7,16.5,20260524_013131
c2359222d8b43b27ad6d7cbc6f780932,Greater Western Sydney Giants,Brisbane Lions,2026-05-24T02:30:07Z,pointsbetau,PointsBet (AU),,player_disposals_over,Max Gruzewski,Over,9.5,16.5,20260524_013131
c2359222d8b43b27ad6d7cbc6f780932,Greater Western Sydney Giants,Brisbane Lions,2026-05-24T02:30:07Z,pointsbetau,PointsBet (AU),,player_disposals_over,Harvey Thomas,Over,1.31,16.5,20260524_013131
c2359222d8b43b27ad6d7cbc6f780932,Greater Western Sydney Giants,Brisbane Lions,2026-05-24T02:30:07Z,pointsbetau,PointsBet (AU),,player_disposals_over,Toby McMullin,Over,2.5,16.5,20260524_013131
c2359222d8b43b27ad6d7cbc6f780932,Greater Western Sydney Giants,Brisbane Lions,2026-05-24T02:30:07Z,pointsbetau,PointsBet (AU),,player_disposals_over,Phoenix Gothard,Over,3.1,16.5,20260524_013131
c2359222d8b43b27ad6d7cbc6f780932,Greater Western Sydney Giants,Brisbane Lions,2026-05-24T02:30:07Z,pointsbetau,PointsBet (AU),,player_disposals_over,James Leake,Over,2.5,16.5,20260524_013131
c2359222d8b43b27ad6d7cbc6f780932,Greater Western Sydney Giants,Brisbane Lions,2026-05-24T02:30:07Z,pointsbetau,PointsBet (AU),,player_disposals_over,Joseph Fonti,Over,1.63,16.5,20260524_013131
c2359222d8b43b27ad6d7cbc6f780932,Greater Western Sydney Giants,Brisbane Lions,2026-05-24T02:30:07Z,pointsbetau,PointsBet (AU),,player_disposals_over,Stephen Coniglio,Over,1.63,16.5,20260524_013131
c2359222d8b43b27ad6d7cbc6f780932,Greater Western Sydney Giants,Brisbane Lions,2026-05-24T02:30:07Z,pointsbetau,PointsBet (AU),,player_disposals_over,Jake Stringer,Over,3.1,16.5,20260524_013131
c2359222d8b43b27ad6d7cbc6f780932,Greater Western Sydney Giants,Brisbane Lions,2026-05-24T02:30:07Z,pointsbetau,PointsBet (AU),,player_disposals_over,Toby Greene,Over,1.44,16.5,20260524_013131
c2359222d8b43b27ad6d7cbc6f780932,Greater Western Sydney Giants,Brisbane Lions,2026-05-24T02:30:07Z,pointsbetau,PointsBet (AU),,player_disposals_over,Harrison Himmelberg,Over,1.63,16.5,20260524_013131
c2359222d8b43b27ad6d7cbc6f780932,Greater Western Sydney Giants,Brisbane Lions,2026-05-24T02:30:07Z,pointsbetau,PointsBet (AU),,player_disposals_over,Jayden Laverde,Over,1.83,16.5,20260524_013131
c2359222d8b43b27ad6d7cbc6f780932,Greater Western Sydney Giants,Brisbane Lions,2026-05-24T02:30:07Z,pointsbetau,PointsBet (AU),,player_disposals_over,Hugh McCluggage,Over,1.07,16.5,20260524_013131
c2359222d8b43b27ad6d7cbc6f780932,Greater Western Sydney Giants,Brisbane Lions,2026-05-24T02:30:07Z,pointsbetau,PointsBet (AU),,player_disposals_over,Cameron Rayner,Over,2.2,16.5,20260524_013131
c2359222d8b43b27ad6d7cbc6f780932,Greater Western Sydney Giants,Brisbane Lions,2026-05-24T02:30:07Z,pointsbetau,PointsBet (AU),,player_disposals_over,Zac Bailey,Over,1.31,16.5,20260524_013131
c2359222d8b43b27ad6d7cbc6f780932,Greater Western Sydney Giants,Brisbane Lions,2026-05-24T02:30:07Z,pointsbetau,PointsBet (AU),,player_disposals_over,Keidean Coleman,Over,1.31,16.5,20260524_013131
c2359222d8b43b27ad6d7cbc6f780932,Greater Western Sydney Giants,Brisbane Lions,2026-05-24T02:30:07Z,pointsbetau,PointsBet (AU),,player_disposals_over,Bruce Reville,Over,1.71,16.5,20260524_013131
c2359222d8b43b27ad6d7cbc6f780932,Greater Western Sydney Giants,Brisbane Lions,2026-05-24T02:30:07Z,pointsbetau,PointsBet (AU),,player_disposals_over,Kai Lohmann,Over,3.0,16.5,20260524_013131
c2359222d8b43b27ad6d7cbc6f780932,Greater Western Sydney Giants,Brisbane Lions,2026-05-24T02:30:07Z,pointsbetau,PointsBet (AU),,player_disposals_over,Darcy Wilmot,Over,1.04,16.5,20260524_013131
c2359222d8b43b27ad6d7cbc6f780932,Greater Western Sydney Giants,Brisbane Lions,2026-05-24T02:30:07Z,pointsbetau,PointsBet (AU),,player_disposals_over,Jaspa Fletcher,Over,1.44,16.5,20260524_013131
c2359222d8b43b27ad6d7cbc6f780932,Greater Western Sydney Giants,Brisbane Lions,2026-05-24T02:30:07Z,pointsbetau,PointsBet (AU),,player_disposals_over,Logan Morris,Over,3.9,16.5,20260524_013131
c2359222d8b43b27ad6d7cbc6f780932,Greater Western Sydney Giants,Brisbane Lions,2026-05-24T02:30:07Z,pointsbetau,PointsBet (AU),,player_disposals_over,Levi Ashcroft,Over,1.22,16.5,20260524_013131
c2359222d8b43b27ad6d7cbc6f780932,Greater Western Sydney Giants,Brisbane Lions,2026-05-24T02:30:07Z,pointsbetau,PointsBet (AU),,player_disposals_over,Darcy Gardiner,Over,4.75,16.5,20260524_013131
c2359222d8b43b27ad6d7cbc6f780932,Greater Western Sydney Giants,Brisbane Lions,2026-05-24T02:30:07Z,pointsbetau,PointsBet (AU),,player_disposals_over,Darcy Fort,Over,2.55,16.5,20260524_013131
c2359222d8b43b27ad6d7cbc6f780932,Greater Western Sydney Giants,Brisbane Lions,2026-05-24T02:30:07Z,pointsbetau,PointsBet (AU),,player_disposals_over,Charlie Cameron,Over,3.1,16.5,20260524_013131
c2359222d8b43b27ad6d7cbc6f780932,Greater Western Sydney Giants,Brisbane Lions,2026-05-24T02:30:07Z,pointsbetau,PointsBet (AU),,player_disposals_over,Josh Dunkley,Over,1.22,16.5,20260524_013131
c2359222d8b43b27ad6d7cbc6f780932,Greater Western Sydney Giants,Brisbane Lions,2026-05-24T02:30:07Z,pointsbetau,PointsBet (AU),,player_disposals_over,Harris Andrews,Over,2.15,16.5,20260524_013131
c2359222d8b43b27ad6d7cbc6f780932,Greater Western Sydney Giants,Brisbane Lions,2026-05-24T02:30:07Z,pointsbetau,PointsBet (AU),,player_disposals_over,Conor McKenna,Over,3.9,16.5,20260524_013131
c2359222d8b43b27ad6d7cbc6f780932,Greater Western Sydney Giants,Brisbane Lions,2026-05-24T02:30:07Z,pointsbetau,PointsBet (AU),,player_disposals_over,Sam Draper,Over,3.7,16.5,20260524_013131
c2359222d8b43b27ad6d7cbc6f780932,Greater Western Sydney Giants,Brisbane Lions,2026-05-24T02:30:07Z,pointsbetau,PointsBet (AU),,player_disposals_over,Brent Daniels,Over,1.83,17.5,20260524_013131
c2359222d8b43b27ad6d7cbc6f780932,Greater Western Sydney Giants,Brisbane Lions,2026-05-24T02:30:07Z,pointsbetau,PointsBet (AU),,player_disposals_over,Connor Idun,Over,1.42,17.5,20260524_013131
c2359222d8b43b27ad6d7cbc6f780932,Greater Western Sydney Giants,Brisbane Lions,2026-05-24T02:30:07Z,pointsbetau,PointsBet (AU),,player_disposals_over,Jake Riccardi,Over,3.7,17.5,20260524_013131
c2359222d8b43b27ad6d7cbc6f780932,Greater Western Sydney Giants,Brisbane Lions,2026-05-24T02:30:07Z,pointsbetau,PointsBet (AU),,player_disposals_over,Toby Bedford,Over,3.7,17.5,20260524_013131
c2359222d8b43b27ad6d7cbc6f780932,Greater Western Sydney Giants,Brisbane Lions,2026-05-24T02:30:07Z,pointsbetau,PointsBet (AU),,player_disposals_over,Kieren Briggs,Over,3.7,17.5,20260524_013131
c2359222d8b43b27ad6d7cbc6f780932,Greater Western Sydney Giants,Brisbane Lions,2026-05-24T02:30:07Z,pointsbetau,PointsBet (AU),,player_disposals_over,Jack Buckley,Over,3.6,17.5,20260524_013131
c2359222d8b43b27ad6d7cbc6f780932,Greater Western Sydney Giants,Brisbane Lions,2026-05-24T02:30:07Z,pointsbetau,PointsBet (AU),,player_disposals_over,Aaron Cadman,Over,4.5,17.5,20260524_013131
c2359222d8b43b27ad6d7cbc6f780932,Greater Western Sydney Giants,Brisbane Lions,2026-05-24T02:30:07Z,pointsbetau,PointsBet (AU),,player_disposals_over,Max Gruzewski,Over,12.0,17.5,20260524_013131
c2359222d8b43b27ad6d7cbc6f780932,Greater Western Sydney Giants,Brisbane Lions,2026-05-24T02:30:07Z,pointsbetau,PointsBet (AU),,player_disposals_over,Harvey Thomas,Over,1.44,17.5,20260524_013131
c2359222d8b43b27ad6d7cbc6f780932,Greater Western Sydney Giants,Brisbane Lions,2026-05-24T02:30:07Z,pointsbetau,PointsBet (AU),,player_disposals_over,Toby McMullin,Over,2.9,17.5,20260524_013131
c2359222d8b43b27ad6d7cbc6f780932,Greater Western Sydney Giants,Brisbane Lions,2026-05-24T02:30:07Z,pointsbetau,PointsBet (AU),,player_disposals_over,Phoenix Gothard,Over,3.7,17.5,20260524_013131
c2359222d8b43b27ad6d7cbc6f780932,Greater Western Sydney Giants,Brisbane Lions,2026-05-24T02:30:07Z,pointsbetau,PointsBet (AU),,player_disposals_over,James Leake,Over,2.85,17.5,20260524_013131
c2359222d8b43b27ad6d7cbc6f780932,Greater Western Sydney Giants,Brisbane Lions,2026-05-24T02:30:07Z,pointsbetau,PointsBet (AU),,player_disposals_over,Joseph Fonti,Over,1.83,17.5,20260524_013131
c2359222d8b43b27ad6d7cbc6f780932,Greater Western Sydney Giants,Brisbane Lions,2026-05-24T02:30:07Z,pointsbetau,PointsBet (AU),,player_disposals_over,Stephen Coniglio,Over,1.83,17.5,20260524_013131
c2359222d8b43b27ad6d7cbc6f780932,Greater Western Sydney Giants,Brisbane Lions,2026-05-24T02:30:07Z,pointsbetau,PointsBet (AU),,player_disposals_over,Jake Stringer,Over,3.7,17.5,20260524_013131
c2359222d8b43b27ad6d7cbc6f780932,Greater Western Sydney Giants,Brisbane Lions,2026-05-24T02:30:07Z,pointsbetau,PointsBet (AU),,player_disposals_over,Toby Greene,Over,1.63,17.5,20260524_013131
c2359222d8b43b27ad6d7cbc6f780932,Greater Western Sydney Giants,Brisbane Lions,2026-05-24T02:30:07Z,pointsbetau,PointsBet (AU),,player_disposals_over,Harrison Himmelberg,Over,1.83,17.5,20260524_013131
c2359222d8b43b27ad6d7cbc6f780932,Greater Western Sydney Giants,Brisbane Lions,2026-05-24T02:30:07Z,pointsbetau,PointsBet (AU),,player_disposals_over,Jayden Laverde,Over,2.15,17.5,20260524_013131
c2359222d8b43b27ad6d7cbc6f780932,Greater Western Sydney Giants,Brisbane Lions,2026-05-24T02:30:07Z,pointsbetau,PointsBet (AU),,player_disposals_over,Hugh McCluggage,Over,1.11,17.5,20260524_013131
c2359222d8b43b27ad6d7cbc6f780932,Greater Western Sydney Giants,Brisbane Lions,2026-05-24T02:30:07Z,pointsbetau,PointsBet (AU),,player_disposals_over,Cameron Rayner,Over,2.55,17.5,20260524_013131
c2359222d8b43b27ad6d7cbc6f780932,Greater Western Sydney Giants,Brisbane Lions,2026-05-24T02:30:07Z,pointsbetau,PointsBet (AU),,player_disposals_over,Zac Bailey,Over,1.44,17.5,20260524_013131
c2359222d8b43b27ad6d7cbc6f780932,Greater Western Sydney Giants,Brisbane Lions,2026-05-24T02:30:07Z,pointsbetau,PointsBet (AU),,player_disposals_over,Keidean Coleman,Over,1.44,17.5,20260524_013131
c2359222d8b43b27ad6d7cbc6f780932,Greater Western Sydney Giants,Brisbane Lions,2026-05-24T02:30:07Z,pointsbetau,PointsBet (AU),,player_disposals_over,Bruce Reville,Over,1.95,17.5,20260524_013131
c2359222d8b43b27ad6d7cbc6f780932,Greater Western Sydney Giants,Brisbane Lions,2026-05-24T02:30:07Z,pointsbetau,PointsBet (AU),,player_disposals_over,Kai Lohmann,Over,3.6,17.5,20260524_013131
c2359222d8b43b27ad6d7cbc6f780932,Greater Western Sydney Giants,Brisbane Lions,2026-05-24T02:30:07Z,pointsbetau,PointsBet (AU),,player_disposals_over,Darcy Wilmot,Over,1.08,17.5,20260524_013131
c2359222d8b43b27ad6d7cbc6f780932,Greater Western Sydney Giants,Brisbane Lions,2026-05-24T02:30:07Z,pointsbetau,PointsBet (AU),,player_disposals_over,Jaspa Fletcher,Over,1.63,17.5,20260524_013131
c2359222d8b43b27ad6d7cbc6f780932,Greater Western Sydney Giants,Brisbane Lions,2026-05-24T02:30:07Z,pointsbetau,PointsBet (AU),,player_disposals_over,Logan Morris,Over,4.75,17.5,20260524_013131
c2359222d8b43b27ad6d7cbc6f780932,Greater Western Sydney Giants,Brisbane Lions,2026-05-24T02:30:07Z,pointsbetau,PointsBet (AU),,player_disposals_over,Levi Ashcroft,Over,1.31,17.5,20260524_013131
c2359222d8b43b27ad6d7cbc6f780932,Greater Western Sydney Giants,Brisbane Lions,2026-05-24T02:30:07Z,pointsbetau,PointsBet (AU),,player_disposals_over,Darcy Gardiner,Over,6.0,17.5,20260524_013131
c2359222d8b43b27ad6d7cbc6f780932,Greater Western Sydney Giants,Brisbane Lions,2026-05-24T02:30:07Z,pointsbetau,PointsBet (AU),,player_disposals_over,Darcy Fort,Over,3.0,17.5,20260524_013131
c2359222d8b43b27ad6d7cbc6f780932,Greater Western Sydney Giants,Brisbane Lions,2026-05-24T02:30:07Z,pointsbetau,PointsBet (AU),,player_disposals_over,Charlie Cameron,Over,3.7,17.5,20260524_013131
c2359222d8b43b27ad6d7cbc6f780932,Greater Western Sydney Giants,Brisbane Lions,2026-05-24T02:30:07Z,pointsbetau,PointsBet (AU),,player_disposals_over,Josh Dunkley,Over,1.33,17.5,20260524_013131
c2359222d8b43b27ad6d7cbc6f780932,Greater Western Sydney Giants,Brisbane Lions,2026-05-24T02:30:07Z,pointsbetau,PointsBet (AU),,player_disposals_over,Harris Andrews,Over,2.5,17.5,20260524_013131
c2359222d8b43b27ad6d7cbc6f780932,Greater Western Sydney Giants,Brisbane Lions,2026-05-24T02:30:07Z,pointsbetau,PointsBet (AU),,player_disposals_over,Conor McKenna,Over,4.5,17.5,20260524_013131
c2359222d8b43b27ad6d7cbc6f780932,Greater Western Sydney Giants,Brisbane Lions,2026-05-24T02:30:07Z,pointsbetau,PointsBet (AU),,player_disposals_over,Sam Draper,Over,4.5,17.5,20260524_013131
c2359222d8b43b27ad6d7cbc6f780932,Greater Western Sydney Giants,Brisbane Lions,2026-05-24T02:30:07Z,pointsbetau,PointsBet (AU),,player_disposals_over,Brent Daniels,Over,2.15,18.5,20260524_013131
c2359222d8b43b27ad6d7cbc6f780932,Greater Western Sydney Giants,Brisbane Lions,2026-05-24T02:30:07Z,pointsbetau,PointsBet (AU),,player_disposals_over,Connor Idun,Over,1.59,18.5,20260524_013131
c2359222d8b43b27ad6d7cbc6f780932,Greater Western Sydney Giants,Brisbane Lions,2026-05-24T02:30:07Z,pointsbetau,PointsBet (AU),,player_disposals_over,Jake Riccardi,Over,4.4,18.5,20260524_013131
c2359222d8b43b27ad6d7cbc6f780932,Greater Western Sydney Giants,Brisbane Lions,2026-05-24T02:30:07Z,pointsbetau,PointsBet (AU),,player_disposals_over,Toby Bedford,Over,4.4,18.5,20260524_013131
c2359222d8b43b27ad6d7cbc6f780932,Greater Western Sydney Giants,Brisbane Lions,2026-05-24T02:30:07Z,pointsbetau,PointsBet (AU),,player_disposals_over,Kieren Briggs,Over,4.4,18.5,20260524_013131
c2359222d8b43b27ad6d7cbc6f780932,Greater Western Sydney Giants,Brisbane Lions,2026-05-24T02:30:07Z,pointsbetau,PointsBet (AU),,player_disposals_over,Jack Buckley,Over,4.4,18.5,20260524_013131
c2359222d8b43b27ad6d7cbc6f780932,Greater Western Sydney Giants,Brisbane Lions,2026-05-24T02:30:07Z,pointsbetau,PointsBet (AU),,player_disposals_over,Aaron Cadman,Over,5.75,18.5,20260524_013131
c2359222d8b43b27ad6d7cbc6f780932,Greater Western Sydney Giants,Brisbane Lions,2026-05-24T02:30:07Z,pointsbetau,PointsBet (AU),,player_disposals_over,Max Gruzewski,Over,16.0,18.5,20260524_013131
c2359222d8b43b27ad6d7cbc6f780932,Greater Western Sydney Giants,Brisbane Lions,2026-05-24T02:30:07Z,pointsbetau,PointsBet (AU),,player_disposals_over,Harvey Thomas,Over,1.63,18.5,20260524_013131
c2359222d8b43b27ad6d7cbc6f780932,Greater Western Sydney Giants,Brisbane Lions,2026-05-24T02:30:07Z,pointsbetau,PointsBet (AU),,player_disposals_over,Toby McMullin,Over,3.6,18.5,20260524_013131
c2359222d8b43b27ad6d7cbc6f780932,Greater Western Sydney Giants,Brisbane Lions,2026-05-24T02:30:07Z,pointsbetau,PointsBet (AU),,player_disposals_over,Phoenix Gothard,Over,4.4,18.5,20260524_013131
c2359222d8b43b27ad6d7cbc6f780932,Greater Western Sydney Giants,Brisbane Lions,2026-05-24T02:30:07Z,pointsbetau,PointsBet (AU),,player_disposals_over,James Leake,Over,3.4,18.5,20260524_013131
c2359222d8b43b27ad6d7cbc6f780932,Greater Western Sydney Giants,Brisbane Lions,2026-05-24T02:30:07Z,pointsbetau,PointsBet (AU),,player_disposals_over,Joseph Fonti,Over,2.15,18.5,20260524_013131
c2359222d8b43b27ad6d7cbc6f780932,Greater Western Sydney Giants,Brisbane Lions,2026-05-24T02:30:07Z,pointsbetau,PointsBet (AU),,player_disposals_over,Stephen Coniglio,Over,2.15,18.5,20260524_013131
c2359222d8b43b27ad6d7cbc6f780932,Greater Western Sydney Giants,Brisbane Lions,2026-05-24T02:30:07Z,pointsbetau,PointsBet (AU),,player_disposals_over,Jake Stringer,Over,4.4,18.5,20260524_013131
c2359222d8b43b27ad6d7cbc6f780932,Greater Western Sydney Giants,Brisbane Lions,2026-05-24T02:30:07Z,pointsbetau,PointsBet (AU),,player_disposals_over,Toby Greene,Over,1.83,18.5,20260524_013131
c2359222d8b43b27ad6d7cbc6f780932,Greater Western Sydney Giants,Brisbane Lions,2026-05-24T02:30:07Z,pointsbetau,PointsBet (AU),,player_disposals_over,Harrison Himmelberg,Over,2.15,18.5,20260524_013131
c2359222d8b43b27ad6d7cbc6f780932,Greater Western Sydney Giants,Brisbane Lions,2026-05-24T02:30:07Z,pointsbetau,PointsBet (AU),,player_disposals_over,Jayden Laverde,Over,2.5,18.5,20260524_013131
c2359222d8b43b27ad6d7cbc6f780932,Greater Western Sydney Giants,Brisbane Lions,2026-05-24T02:30:07Z,pointsbetau,PointsBet (AU),,player_disposals_over,Hugh McCluggage,Over,1.18,18.5,20260524_013131
c2359222d8b43b27ad6d7cbc6f780932,Greater Western Sydney Giants,Brisbane Lions,2026-05-24T02:30:07Z,pointsbetau,PointsBet (AU),,player_disposals_over,Cameron Rayner,Over,3.0,18.5,20260524_013131
c2359222d8b43b27ad6d7cbc6f780932,Greater Western Sydney Giants,Brisbane Lions,2026-05-24T02:30:07Z,pointsbetau,PointsBet (AU),,player_disposals_over,Zac Bailey,Over,1.65,18.5,20260524_013131
c2359222d8b43b27ad6d7cbc6f780932,Greater Western Sydney Giants,Brisbane Lions,2026-05-24T02:30:07Z,pointsbetau,PointsBet (AU),,player_disposals_over,Keidean Coleman,Over,1.65,18.5,20260524_013131
c2359222d8b43b27ad6d7cbc6f780932,Greater Western Sydney Giants,Brisbane Lions,2026-05-24T02:30:07Z,pointsbetau,PointsBet (AU),,player_disposals_over,Bruce Reville,Over,2.3,18.5,20260524_013131
c2359222d8b43b27ad6d7cbc6f780932,Greater Western Sydney Giants,Brisbane Lions,2026-05-24T02:30:07Z,pointsbetau,PointsBet (AU),,player_disposals_over,Kai Lohmann,Over,4.4,18.5,20260524_013131
c2359222d8b43b27ad6d7cbc6f780932,Greater Western Sydney Giants,Brisbane Lions,2026-05-24T02:30:07Z,pointsbetau,PointsBet (AU),,player_disposals_over,Darcy Wilmot,Over,1.11,18.5,20260524_013131
c2359222d8b43b27ad6d7cbc6f780932,Greater Western Sydney Giants,Brisbane Lions,2026-05-24T02:30:07Z,pointsbetau,PointsBet (AU),,player_disposals_over,Will Ashcroft,Over,1.04,18.5,20260524_013131
c2359222d8b43b27ad6d7cbc6f780932,Greater Western Sydney Giants,Brisbane Lions,2026-05-24T02:30:07Z,pointsbetau,PointsBet (AU),,player_disposals_over,Jaspa Fletcher,Over,1.83,18.5,20260524_013131
c2359222d8b43b27ad6d7cbc6f780932,Greater Western Sydney Giants,Brisbane Lions,2026-05-24T02:30:07Z,pointsbetau,PointsBet (AU),,player_disposals_over,Logan Morris,Over,5.75,18.5,20260524_013131
c2359222d8b43b27ad6d7cbc6f780932,Greater Western Sydney Giants,Brisbane Lions,2026-05-24T02:30:07Z,pointsbetau,PointsBet (AU),,player_disposals_over,Levi Ashcroft,Over,1.48,18.5,20260524_013131
c2359222d8b43b27ad6d7cbc6f780932,Greater Western Sydney Giants,Brisbane Lions,2026-05-24T02:30:07Z,pointsbetau,PointsBet (AU),,player_disposals_over,Darcy Gardiner,Over,7.5,18.5,20260524_013131
c2359222d8b43b27ad6d7cbc6f780932,Greater Western Sydney Giants,Brisbane Lions,2026-05-24T02:30:07Z,pointsbetau,PointsBet (AU),,player_disposals_over,Darcy Fort,Over,3.6,18.5,20260524_013131
c2359222d8b43b27ad6d7cbc6f780932,Greater Western Sydney Giants,Brisbane Lions,2026-05-24T02:30:07Z,pointsbetau,PointsBet (AU),,player_disposals_over,Charlie Cameron,Over,4.5,18.5,20260524_013131
c2359222d8b43b27ad6d7cbc6f780932,Greater Western Sydney Giants,Brisbane Lions,2026-05-24T02:30:07Z,pointsbetau,PointsBet (AU),,player_disposals_over,Josh Dunkley,Over,1.44,18.5,20260524_013131
c2359222d8b43b27ad6d7cbc6f780932,Greater Western Sydney Giants,Brisbane Lions,2026-05-24T02:30:07Z,pointsbetau,PointsBet (AU),,player_disposals_over,Harris Andrews,Over,2.9,18.5,20260524_013131
c2359222d8b43b27ad6d7cbc6f780932,Greater Western Sydney Giants,Brisbane Lions,2026-05-24T02:30:07Z,pointsbetau,PointsBet (AU),,player_disposals_over,Conor McKenna,Over,5.75,18.5,20260524_013131
c2359222d8b43b27ad6d7cbc6f780932,Greater Western Sydney Giants,Brisbane Lions,2026-05-24T02:30:07Z,pointsbetau,PointsBet (AU),,player_disposals_over,Sam Draper,Over,5.75,18.5,20260524_013131
c2359222d8b43b27ad6d7cbc6f780932,Greater Western Sydney Giants,Brisbane Lions,2026-05-24T02:30:07Z,pointsbetau,PointsBet (AU),,player_disposals_over,Brent Daniels,Over,2.5,19.5,20260524_013131
c2359222d8b43b27ad6d7cbc6f780932,Greater Western Sydney Giants,Brisbane Lions,2026-05-24T02:30:07Z,pointsbetau,PointsBet (AU),,player_disposals_over,Connor Idun,Over,1.8,19.5,20260524_013131
c2359222d8b43b27ad6d7cbc6f780932,Greater Western Sydney Giants,Brisbane Lions,2026-05-24T02:30:07Z,pointsbetau,PointsBet (AU),,player_disposals_over,Jake Riccardi,Over,5.25,19.5,20260524_013131
c2359222d8b43b27ad6d7cbc6f780932,Greater Western Sydney Giants,Brisbane Lions,2026-05-24T02:30:07Z,pointsbetau,PointsBet (AU),,player_disposals_over,Toby Bedford,Over,5.25,19.5,20260524_013131
c2359222d8b43b27ad6d7cbc6f780932,Greater Western Sydney Giants,Brisbane Lions,2026-05-24T02:30:07Z,pointsbetau,PointsBet (AU),,player_disposals_over,Kieren Briggs,Over,5.25,19.5,20260524_013131
c2359222d8b43b27ad6d7cbc6f780932,Greater Western Sydney Giants,Brisbane Lions,2026-05-24T02:30:07Z,pointsbetau,PointsBet (AU),,player_disposals_over,Lachlan Ash,Over,1.04,19.5,20260524_013131
c2359222d8b43b27ad6d7cbc6f780932,Greater Western Sydney Giants,Brisbane Lions,2026-05-24T02:30:07Z,pointsbetau,PointsBet (AU),,player_disposals_over,Jack Buckley,Over,5.25,19.5,20260524_013131
c2359222d8b43b27ad6d7cbc6f780932,Greater Western Sydney Giants,Brisbane Lions,2026-05-24T02:30:07Z,pointsbetau,PointsBet (AU),,player_disposals_over,Aaron Cadman,Over,7.0,19.5,20260524_013131
c2359222d8b43b27ad6d7cbc6f780932,Greater Western Sydney Giants,Brisbane Lions,2026-05-24T02:30:07Z,pointsbetau,PointsBet (AU),,player_disposals_over,Finn Callaghan,Over,1.05,19.5,20260524_013131
c2359222d8b43b27ad6d7cbc6f780932,Greater Western Sydney Giants,Brisbane Lions,2026-05-24T02:30:07Z,pointsbetau,PointsBet (AU),,player_disposals_over,Max Gruzewski,Over,20.0,19.5,20260524_013131
c2359222d8b43b27ad6d7cbc6f780932,Greater Western Sydney Giants,Brisbane Lions,2026-05-24T02:30:07Z,pointsbetau,PointsBet (AU),,player_disposals_over,Harvey Thomas,Over,1.83,19.5,20260524_013131
c2359222d8b43b27ad6d7cbc6f780932,Greater Western Sydney Giants,Brisbane Lions,2026-05-24T02:30:07Z,pointsbetau,PointsBet (AU),,player_disposals_over,Toby McMullin,Over,4.2,19.5,20260524_013131
c2359222d8b43b27ad6d7cbc6f780932,Greater Western Sydney Giants,Brisbane Lions,2026-05-24T02:30:07Z,pointsbetau,PointsBet (AU),,player_disposals_over,Phoenix Gothard,Over,5.25,19.5,20260524_013131
c2359222d8b43b27ad6d7cbc6f780932,Greater Western Sydney Giants,Brisbane Lions,2026-05-24T02:30:07Z,pointsbetau,PointsBet (AU),,player_disposals_over,James Leake,Over,4.2,19.5,20260524_013131
c2359222d8b43b27ad6d7cbc6f780932,Greater Western Sydney Giants,Brisbane Lions,2026-05-24T02:30:07Z,pointsbetau,PointsBet (AU),,player_disposals_over,Joseph Fonti,Over,2.5,19.5,20260524_013131
c2359222d8b43b27ad6d7cbc6f780932,Greater Western Sydney Giants,Brisbane Lions,2026-05-24T02:30:07Z,pointsbetau,PointsBet (AU),,player_disposals_over,Stephen Coniglio,Over,2.5,19.5,20260524_013131
c2359222d8b43b27ad6d7cbc6f780932,Greater Western Sydney Giants,Brisbane Lions,2026-05-24T02:30:07Z,pointsbetau,PointsBet (AU),,player_disposals_over,Jake Stringer,Over,5.25,19.5,20260524_013131
c2359222d8b43b27ad6d7cbc6f780932,Greater Western Sydney Giants,Brisbane Lions,2026-05-24T02:30:07Z,pointsbetau,PointsBet (AU),,player_disposals_over,Toby Greene,Over,2.15,19.5,20260524_013131
c2359222d8b43b27ad6d7cbc6f780932,Greater Western Sydney Giants,Brisbane Lions,2026-05-24T02:30:07Z,pointsbetau,PointsBet (AU),,player_disposals_over,Harrison Himmelberg,Over,2.5,19.5,20260524_013131
c2359222d8b43b27ad6d7cbc6f780932,Greater Western Sydney Giants,Brisbane Lions,2026-05-24T02:30:07Z,pointsbetau,PointsBet (AU),,player_disposals_over,Jayden Laverde,Over,2.9,19.5,20260524_013131
c2359222d8b43b27ad6d7cbc6f780932,Greater Western Sydney Giants,Brisbane Lions,2026-05-24T02:30:07Z,pointsbetau,PointsBet (AU),,player_disposals_over,Hugh McCluggage,Over,1.25,19.5,20260524_013131
c2359222d8b43b27ad6d7cbc6f780932,Greater Western Sydney Giants,Brisbane Lions,2026-05-24T02:30:07Z,pointsbetau,PointsBet (AU),,player_disposals_over,Cameron Rayner,Over,3.6,19.5,20260524_013131
c2359222d8b43b27ad6d7cbc6f780932,Greater Western Sydney Giants,Brisbane Lions,2026-05-24T02:30:07Z,pointsbetau,PointsBet (AU),,player_disposals_over,Zac Bailey,Over,1.83,19.5,20260524_013131
c2359222d8b43b27ad6d7cbc6f780932,Greater Western Sydney Giants,Brisbane Lions,2026-05-24T02:30:07Z,pointsbetau,PointsBet (AU),,player_disposals_over,Keidean Coleman,Over,1.87,19.5,20260524_013131
c2359222d8b43b27ad6d7cbc6f780932,Greater Western Sydney Giants,Brisbane Lions,2026-05-24T02:30:07Z,pointsbetau,PointsBet (AU),,player_disposals_over,Bruce Reville,Over,2.6,19.5,20260524_013131
c2359222d8b43b27ad6d7cbc6f780932,Greater Western Sydney Giants,Brisbane Lions,2026-05-24T02:30:07Z,pointsbetau,PointsBet (AU),,player_disposals_over,Kai Lohmann,Over,5.25,19.5,20260524_013131
c2359222d8b43b27ad6d7cbc6f780932,Greater Western Sydney Giants,Brisbane Lions,2026-05-24T02:30:07Z,pointsbetau,PointsBet (AU),,player_disposals_over,Darcy Wilmot,Over,1.16,19.5,20260524_013131
c2359222d8b43b27ad6d7cbc6f780932,Greater Western Sydney Giants,Brisbane Lions,2026-05-24T02:30:07Z,pointsbetau,PointsBet (AU),,player_disposals_over,Will Ashcroft,Over,1.07,19.5,20260524_013131
c2359222d8b43b27ad6d7cbc6f780932,Greater Western Sydney Giants,Brisbane Lions,2026-05-24T02:30:07Z,pointsbetau,PointsBet (AU),,player_disposals_over,Jaspa Fletcher,Over,2.2,19.5,20260524_013131
c2359222d8b43b27ad6d7cbc6f780932,Greater Western Sydney Giants,Brisbane Lions,2026-05-24T02:30:07Z,pointsbetau,PointsBet (AU),,player_disposals_over,Logan Morris,Over,7.5,19.5,20260524_013131
c2359222d8b43b27ad6d7cbc6f780932,Greater Western Sydney Giants,Brisbane Lions,2026-05-24T02:30:07Z,pointsbetau,PointsBet (AU),,player_disposals_over,Levi Ashcroft,Over,1.65,19.5,20260524_013131
c2359222d8b43b27ad6d7cbc6f780932,Greater Western Sydney Giants,Brisbane Lions,2026-05-24T02:30:07Z,pointsbetau,PointsBet (AU),,player_disposals_over,Darcy Gardiner,Over,10.0,19.5,20260524_013131
c2359222d8b43b27ad6d7cbc6f780932,Greater Western Sydney Giants,Brisbane Lions,2026-05-24T02:30:07Z,pointsbetau,PointsBet (AU),,player_disposals_over,Darcy Fort,Over,4.4,19.5,20260524_013131
c2359222d8b43b27ad6d7cbc6f780932,Greater Western Sydney Giants,Brisbane Lions,2026-05-24T02:30:07Z,pointsbetau,PointsBet (AU),,player_disposals_over,Charlie Cameron,Over,5.25,19.5,20260524_013131
c2359222d8b43b27ad6d7cbc6f780932,Greater Western Sydney Giants,Brisbane Lions,2026-05-24T02:30:07Z,pointsbetau,PointsBet (AU),,player_disposals_over,Josh Dunkley,Over,1.65,19.5,20260524_013131
c2359222d8b43b27ad6d7cbc6f780932,Greater Western Sydney Giants,Brisbane Lions,2026-05-24T02:30:07Z,pointsbetau,PointsBet (AU),,player_disposals_over,Harris Andrews,Over,3.6,19.5,20260524_013131
c2359222d8b43b27ad6d7cbc6f780932,Greater Western Sydney Giants,Brisbane Lions,2026-05-24T02:30:07Z,pointsbetau,PointsBet (AU),,player_disposals_over,Conor McKenna,Over,7.0,19.5,20260524_013131
c2359222d8b43b27ad6d7cbc6f780932,Greater Western Sydney Giants,Brisbane Lions,2026-05-24T02:30:07Z,pointsbetau,PointsBet (AU),,player_disposals_over,Sam Draper,Over,7.0,19.5,20260524_013131
c2359222d8b43b27ad6d7cbc6f780932,Greater Western Sydney Giants,Brisbane Lions,2026-05-24T02:30:07Z,pointsbetau,PointsBet (AU),,player_disposals_over,Brent Daniels,Over,2.85,20.5,20260524_013131
c2359222d8b43b27ad6d7cbc6f780932,Greater Western Sydney Giants,Brisbane Lions,2026-05-24T02:30:07Z,pointsbetau,PointsBet (AU),,player_disposals_over,Connor Idun,Over,2.05,20.5,20260524_013131
c2359222d8b43b27ad6d7cbc6f780932,Greater Western Sydney Giants,Brisbane Lions,2026-05-24T02:30:07Z,pointsbetau,PointsBet (AU),,player_disposals_over,Jake Riccardi,Over,6.5,20.5,20260524_013131
c2359222d8b43b27ad6d7cbc6f780932,Greater Western Sydney Giants,Brisbane Lions,2026-05-24T02:30:07Z,pointsbetau,PointsBet (AU),,player_disposals_over,Toby Bedford,Over,7.0,20.5,20260524_013131
c2359222d8b43b27ad6d7cbc6f780932,Greater Western Sydney Giants,Brisbane Lions,2026-05-24T02:30:07Z,pointsbetau,PointsBet (AU),,player_disposals_over,Kieren Briggs,Over,6.5,20.5,20260524_013131
c2359222d8b43b27ad6d7cbc6f780932,Greater Western Sydney Giants,Brisbane Lions,2026-05-24T02:30:07Z,pointsbetau,PointsBet (AU),,player_disposals_over,Lachlan Ash,Over,1.06,20.5,20260524_013131
c2359222d8b43b27ad6d7cbc6f780932,Greater Western Sydney Giants,Brisbane Lions,2026-05-24T02:30:07Z,pointsbetau,PointsBet (AU),,player_disposals_over,Jack Buckley,Over,6.0,20.5,20260524_013131
c2359222d8b43b27ad6d7cbc6f780932,Greater Western Sydney Giants,Brisbane Lions,2026-05-24T02:30:07Z,pointsbetau,PointsBet (AU),,player_disposals_over,Aaron Cadman,Over,9.5,20.5,20260524_013131
c2359222d8b43b27ad6d7cbc6f780932,Greater Western Sydney Giants,Brisbane Lions,2026-05-24T02:30:07Z,pointsbetau,PointsBet (AU),,player_disposals_over,Finn Callaghan,Over,1.08,20.5,20260524_013131
c2359222d8b43b27ad6d7cbc6f780932,Greater Western Sydney Giants,Brisbane Lions,2026-05-24T02:30:07Z,pointsbetau,PointsBet (AU),,player_disposals_over,Harvey Thomas,Over,2.15,20.5,20260524_013131
c2359222d8b43b27ad6d7cbc6f780932,Greater Western Sydney Giants,Brisbane Lions,2026-05-24T02:30:07Z,pointsbetau,PointsBet (AU),,player_disposals_over,Toby McMullin,Over,5.0,20.5,20260524_013131
c2359222d8b43b27ad6d7cbc6f780932,Greater Western Sydney Giants,Brisbane Lions,2026-05-24T02:30:07Z,pointsbetau,PointsBet (AU),,player_disposals_over,Phoenix Gothard,Over,6.5,20.5,20260524_013131
c2359222d8b43b27ad6d7cbc6f780932,Greater Western Sydney Giants,Brisbane Lions,2026-05-24T02:30:07Z,pointsbetau,PointsBet (AU),,player_disposals_over,James Leake,Over,5.0,20.5,20260524_013131
c2359222d8b43b27ad6d7cbc6f780932,Greater Western Sydney Giants,Brisbane Lions,2026-05-24T02:30:07Z,pointsbetau,PointsBet (AU),,player_disposals_over,Joseph Fonti,Over,2.85,20.5,20260524_013131
c2359222d8b43b27ad6d7cbc6f780932,Greater Western Sydney Giants,Brisbane Lions,2026-05-24T02:30:07Z,pointsbetau,PointsBet (AU),,player_disposals_over,Stephen Coniglio,Over,2.85,20.5,20260524_013131
c2359222d8b43b27ad6d7cbc6f780932,Greater Western Sydney Giants,Brisbane Lions,2026-05-24T02:30:07Z,pointsbetau,PointsBet (AU),,player_disposals_over,Jake Stringer,Over,6.5,20.5,20260524_013131
c2359222d8b43b27ad6d7cbc6f780932,Greater Western Sydney Giants,Brisbane Lions,2026-05-24T02:30:07Z,pointsbetau,PointsBet (AU),,player_disposals_over,Lachie Whitfield,Over,1.05,20.5,20260524_013131
c2359222d8b43b27ad6d7cbc6f780932,Greater Western Sydney Giants,Brisbane Lions,2026-05-24T02:30:07Z,pointsbetau,PointsBet (AU),,player_disposals_over,Toby Greene,Over,2.5,20.5,20260524_013131
c2359222d8b43b27ad6d7cbc6f780932,Greater Western Sydney Giants,Brisbane Lions,2026-05-24T02:30:07Z,pointsbetau,PointsBet (AU),,player_disposals_over,Harrison Himmelberg,Over,2.85,20.5,20260524_013131
c2359222d8b43b27ad6d7cbc6f780932,Greater Western Sydney Giants,Brisbane Lions,2026-05-24T02:30:07Z,pointsbetau,PointsBet (AU),,player_disposals_over,Jayden Laverde,Over,3.4,20.5,20260524_013131
c2359222d8b43b27ad6d7cbc6f780932,Greater Western Sydney Giants,Brisbane Lions,2026-05-24T02:30:07Z,pointsbetau,PointsBet (AU),,player_disposals_over,Hugh McCluggage,Over,1.33,20.5,20260524_013131
c2359222d8b43b27ad6d7cbc6f780932,Greater Western Sydney Giants,Brisbane Lions,2026-05-24T02:30:07Z,pointsbetau,PointsBet (AU),,player_disposals_over,Cameron Rayner,Over,4.2,20.5,20260524_013131
c2359222d8b43b27ad6d7cbc6f780932,Greater Western Sydney Giants,Brisbane Lions,2026-05-24T02:30:07Z,pointsbetau,PointsBet (AU),,player_disposals_over,Zac Bailey,Over,2.2,20.5,20260524_013131
c2359222d8b43b27ad6d7cbc6f780932,Greater Western Sydney Giants,Brisbane Lions,2026-05-24T02:30:07Z,pointsbetau,PointsBet (AU),,player_disposals_over,Keidean Coleman,Over,2.2,20.5,20260524_013131
c2359222d8b43b27ad6d7cbc6f780932,Greater Western Sydney Giants,Brisbane Lions,2026-05-24T02:30:07Z,pointsbetau,PointsBet (AU),,player_disposals_over,Bruce Reville,Over,3.1,20.5,20260524_013131
c2359222d8b43b27ad6d7cbc6f780932,Greater Western Sydney Giants,Brisbane Lions,2026-05-24T02:30:07Z,pointsbetau,PointsBet (AU),,player_disposals_over,Kai Lohmann,Over,6.5,20.5,20260524_013131
c2359222d8b43b27ad6d7cbc6f780932,Greater Western Sydney Giants,Brisbane Lions,2026-05-24T02:30:07Z,pointsbetau,PointsBet (AU),,player_disposals_over,Darcy Wilmot,Over,1.25,20.5,20260524_013131
c2359222d8b43b27ad6d7cbc6f780932,Greater Western Sydney Giants,Brisbane Lions,2026-05-24T02:30:07Z,pointsbetau,PointsBet (AU),,player_disposals_over,Will Ashcroft,Over,1.1,20.5,20260524_013131
c2359222d8b43b27ad6d7cbc6f780932,Greater Western Sydney Giants,Brisbane Lions,2026-05-24T02:30:07Z,pointsbetau,PointsBet (AU),,player_disposals_over,Jaspa Fletcher,Over,2.55,20.5,20260524_013131
c2359222d8b43b27ad6d7cbc6f780932,Greater Western Sydney Giants,Brisbane Lions,2026-05-24T02:30:07Z,pointsbetau,PointsBet (AU),,player_disposals_over,Logan Morris,Over,10.0,20.5,20260524_013131
c2359222d8b43b27ad6d7cbc6f780932,Greater Western Sydney Giants,Brisbane Lions,2026-05-24T02:30:07Z,pointsbetau,PointsBet (AU),,player_disposals_over,Levi Ashcroft,Over,1.83,20.5,20260524_013131
c2359222d8b43b27ad6d7cbc6f780932,Greater Western Sydney Giants,Brisbane Lions,2026-05-24T02:30:07Z,pointsbetau,PointsBet (AU),,player_disposals_over,Lachie Neale,Over,1.05,20.5,20260524_013131
c2359222d8b43b27ad6d7cbc6f780932,Greater Western Sydney Giants,Brisbane Lions,2026-05-24T02:30:07Z,pointsbetau,PointsBet (AU),,player_disposals_over,Darcy Gardiner,Over,11.0,20.5,20260524_013131
c2359222d8b43b27ad6d7cbc6f780932,Greater Western Sydney Giants,Brisbane Lions,2026-05-24T02:30:07Z,pointsbetau,PointsBet (AU),,player_disposals_over,Darcy Fort,Over,5.0,20.5,20260524_013131
c2359222d8b43b27ad6d7cbc6f780932,Greater Western Sydney Giants,Brisbane Lions,2026-05-24T02:30:07Z,pointsbetau,PointsBet (AU),,player_disposals_over,Charlie Cameron,Over,6.5,20.5,20260524_013131
c2359222d8b43b27ad6d7cbc6f780932,Greater Western Sydney Giants,Brisbane Lions,2026-05-24T02:30:07Z,pointsbetau,PointsBet (AU),,player_disposals_over,Josh Dunkley,Over,1.83,20.5,20260524_013131
c2359222d8b43b27ad6d7cbc6f780932,Greater Western Sydney Giants,Brisbane Lions,2026-05-24T02:30:07Z,pointsbetau,PointsBet (AU),,player_disposals_over,Harris Andrews,Over,4.2,20.5,20260524_013131
c2359222d8b43b27ad6d7cbc6f780932,Greater Western Sydney Giants,Brisbane Lions,2026-05-24T02:30:07Z,pointsbetau,PointsBet (AU),,player_disposals_over,Conor McKenna,Over,9.5,20.5,20260524_013131
c2359222d8b43b27ad6d7cbc6f780932,Greater Western Sydney Giants,Brisbane Lions,2026-05-24T02:30:07Z,pointsbetau,PointsBet (AU),,player_disposals_over,Sam Draper,Over,9.5,20.5,20260524_013131
c2359222d8b43b27ad6d7cbc6f780932,Greater Western Sydney Giants,Brisbane Lions,2026-05-24T02:30:07Z,pointsbetau,PointsBet (AU),,player_disposals_over,Brent Daniels,Over,3.4,21.5,20260524_013131
c2359222d8b43b27ad6d7cbc6f780932,Greater Western Sydney Giants,Brisbane Lions,2026-05-24T02:30:07Z,pointsbetau,PointsBet (AU),,player_disposals_over,Connor Idun,Over,2.4,21.5,20260524_013131
c2359222d8b43b27ad6d7cbc6f780932,Greater Western Sydney Giants,Brisbane Lions,2026-05-24T02:30:07Z,pointsbetau,PointsBet (AU),,player_disposals_over,Jake Riccardi,Over,8.5,21.5,20260524_013131
c2359222d8b43b27ad6d7cbc6f780932,Greater Western Sydney Giants,Brisbane Lions,2026-05-24T02:30:07Z,pointsbetau,PointsBet (AU),,player_disposals_over,Toby Bedford,Over,9.0,21.5,20260524_013131
c2359222d8b43b27ad6d7cbc6f780932,Greater Western Sydney Giants,Brisbane Lions,2026-05-24T02:30:07Z,pointsbetau,PointsBet (AU),,player_disposals_over,Kieren Briggs,Over,8.5,21.5,20260524_013131
c2359222d8b43b27ad6d7cbc6f780932,Greater Western Sydney Giants,Brisbane Lions,2026-05-24T02:30:07Z,pointsbetau,PointsBet (AU),,player_disposals_over,Lachlan Ash,Over,1.1,21.5,20260524_013131
c2359222d8b43b27ad6d7cbc6f780932,Greater Western Sydney Giants,Brisbane Lions,2026-05-24T02:30:07Z,pointsbetau,PointsBet (AU),,player_disposals_over,Jack Buckley,Over,8.5,21.5,20260524_013131
c2359222d8b43b27ad6d7cbc6f780932,Greater Western Sydney Giants,Brisbane Lions,2026-05-24T02:30:07Z,pointsbetau,PointsBet (AU),,player_disposals_over,Aaron Cadman,Over,11.0,21.5,20260524_013131
c2359222d8b43b27ad6d7cbc6f780932,Greater Western Sydney Giants,Brisbane Lions,2026-05-24T02:30:07Z,pointsbetau,PointsBet (AU),,player_disposals_over,Finn Callaghan,Over,1.11,21.5,20260524_013131
c2359222d8b43b27ad6d7cbc6f780932,Greater Western Sydney Giants,Brisbane Lions,2026-05-24T02:30:07Z,pointsbetau,PointsBet (AU),,player_disposals_over,Harvey Thomas,Over,2.4,21.5,20260524_013131
c2359222d8b43b27ad6d7cbc6f780932,Greater Western Sydney Giants,Brisbane Lions,2026-05-24T02:30:07Z,pointsbetau,PointsBet (AU),,player_disposals_over,Toby McMullin,Over,6.0,21.5,20260524_013131
c2359222d8b43b27ad6d7cbc6f780932,Greater Western Sydney Giants,Brisbane Lions,2026-05-24T02:30:07Z,pointsbetau,PointsBet (AU),,player_disposals_over,Phoenix Gothard,Over,8.5,21.5,20260524_013131
c2359222d8b43b27ad6d7cbc6f780932,Greater Western Sydney Giants,Brisbane Lions,2026-05-24T02:30:07Z,pointsbetau,PointsBet (AU),,player_disposals_over,James Leake,Over,6.0,21.5,20260524_013131
c2359222d8b43b27ad6d7cbc6f780932,Greater Western Sydney Giants,Brisbane Lions,2026-05-24T02:30:07Z,pointsbetau,PointsBet (AU),,player_disposals_over,Joseph Fonti,Over,3.4,21.5,20260524_013131
c2359222d8b43b27ad6d7cbc6f780932,Greater Western Sydney Giants,Brisbane Lions,2026-05-24T02:30:07Z,pointsbetau,PointsBet (AU),,player_disposals_over,Stephen Coniglio,Over,3.4,21.5,20260524_013131
c2359222d8b43b27ad6d7cbc6f780932,Greater Western Sydney Giants,Brisbane Lions,2026-05-24T02:30:07Z,pointsbetau,PointsBet (AU),,player_disposals_over,Jake Stringer,Over,8.5,21.5,20260524_013131
c2359222d8b43b27ad6d7cbc6f780932,Greater Western Sydney Giants,Brisbane Lions,2026-05-24T02:30:07Z,pointsbetau,PointsBet (AU),,player_disposals_over,Lachie Whitfield,Over,1.07,21.5,20260524_013131
c2359222d8b43b27ad6d7cbc6f780932,Greater Western Sydney Giants,Brisbane Lions,2026-05-24T02:30:07Z,pointsbetau,PointsBet (AU),,player_disposals_over,Toby Greene,Over,2.85,21.5,20260524_013131
c2359222d8b43b27ad6d7cbc6f780932,Greater Western Sydney Giants,Brisbane Lions,2026-05-24T02:30:07Z,pointsbetau,PointsBet (AU),,player_disposals_over,Harrison Himmelberg,Over,3.4,21.5,20260524_013131
c2359222d8b43b27ad6d7cbc6f780932,Greater Western Sydney Giants,Brisbane Lions,2026-05-24T02:30:07Z,pointsbetau,PointsBet (AU),,player_disposals_over,Jayden Laverde,Over,4.2,21.5,20260524_013131
c2359222d8b43b27ad6d7cbc6f780932,Greater Western Sydney Giants,Brisbane Lions,2026-05-24T02:30:07Z,pointsbetau,PointsBet (AU),,player_disposals_over,Clayton Oliver,Over,1.06,21.5,20260524_013131
c2359222d8b43b27ad6d7cbc6f780932,Greater Western Sydney Giants,Brisbane Lions,2026-05-24T02:30:07Z,pointsbetau,PointsBet (AU),,player_disposals_over,Hugh McCluggage,Over,1.5,21.5,20260524_013131
c2359222d8b43b27ad6d7cbc6f780932,Greater Western Sydney Giants,Brisbane Lions,2026-05-24T02:30:07Z,pointsbetau,PointsBet (AU),,player_disposals_over,Cameron Rayner,Over,5.0,21.5,20260524_013131
c2359222d8b43b27ad6d7cbc6f780932,Greater Western Sydney Giants,Brisbane Lions,2026-05-24T02:30:07Z,pointsbetau,PointsBet (AU),,player_disposals_over,Zac Bailey,Over,2.5,21.5,20260524_013131
c2359222d8b43b27ad6d7cbc6f780932,Greater Western Sydney Giants,Brisbane Lions,2026-05-24T02:30:07Z,pointsbetau,PointsBet (AU),,player_disposals_over,Keidean Coleman,Over,2.5,21.5,20260524_013131
c2359222d8b43b27ad6d7cbc6f780932,Greater Western Sydney Giants,Brisbane Lions,2026-05-24T02:30:07Z,pointsbetau,PointsBet (AU),,player_disposals_over,Bruce Reville,Over,3.7,21.5,20260524_013131
c2359222d8b43b27ad6d7cbc6f780932,Greater Western Sydney Giants,Brisbane Lions,2026-05-24T02:30:07Z,pointsbetau,PointsBet (AU),,player_disposals_over,Kai Lohmann,Over,8.5,21.5,20260524_013131
c2359222d8b43b27ad6d7cbc6f780932,Greater Western Sydney Giants,Brisbane Lions,2026-05-24T02:30:07Z,pointsbetau,PointsBet (AU),,player_disposals_over,Darcy Wilmot,Over,1.33,21.5,20260524_013131
c2359222d8b43b27ad6d7cbc6f780932,Greater Western Sydney Giants,Brisbane Lions,2026-05-24T02:30:07Z,pointsbetau,PointsBet (AU),,player_disposals_over,Will Ashcroft,Over,1.15,21.5,20260524_013131
c2359222d8b43b27ad6d7cbc6f780932,Greater Western Sydney Giants,Brisbane Lions,2026-05-24T02:30:07Z,pointsbetau,PointsBet (AU),,player_disposals_over,Jaspa Fletcher,Over,2.9,21.5,20260524_013131
c2359222d8b43b27ad6d7cbc6f780932,Greater Western Sydney Giants,Brisbane Lions,2026-05-24T02:30:07Z,pointsbetau,PointsBet (AU),,player_disposals_over,Logan Morris,Over,12.0,21.5,20260524_013131
c2359222d8b43b27ad6d7cbc6f780932,Greater Western Sydney Giants,Brisbane Lions,2026-05-24T02:30:07Z,pointsbetau,PointsBet (AU),,player_disposals_over,Levi Ashcroft,Over,2.15,21.5,20260524_013131
c2359222d8b43b27ad6d7cbc6f780932,Greater Western Sydney Giants,Brisbane Lions,2026-05-24T02:30:07Z,pointsbetau,PointsBet (AU),,player_disposals_over,Lachie Neale,Over,1.08,21.5,20260524_013131
c2359222d8b43b27ad6d7cbc6f780932,Greater Western Sydney Giants,Brisbane Lions,2026-05-24T02:30:07Z,pointsbetau,PointsBet (AU),,player_disposals_over,Darcy Gardiner,Over,15.0,21.5,20260524_013131
c2359222d8b43b27ad6d7cbc6f780932,Greater Western Sydney Giants,Brisbane Lions,2026-05-24T02:30:07Z,pointsbetau,PointsBet (AU),,player_disposals_over,Darcy Fort,Over,6.0,21.5,20260524_013131
c2359222d8b43b27ad6d7cbc6f780932,Greater Western Sydney Giants,Brisbane Lions,2026-05-24T02:30:07Z,pointsbetau,PointsBet (AU),,player_disposals_over,Charlie Cameron,Over,9.0,21.5,20260524_013131
c2359222d8b43b27ad6d7cbc6f780932,Greater Western Sydney Giants,Brisbane Lions,2026-05-24T02:30:07Z,pointsbetau,PointsBet (AU),,player_disposals_over,Josh Dunkley,Over,2.15,21.5,20260524_013131
c2359222d8b43b27ad6d7cbc6f780932,Greater Western Sydney Giants,Brisbane Lions,2026-05-24T02:30:07Z,pointsbetau,PointsBet (AU),,player_disposals_over,Harris Andrews,Over,5.0,21.5,20260524_013131
c2359222d8b43b27ad6d7cbc6f780932,Greater Western Sydney Giants,Brisbane Lions,2026-05-24T02:30:07Z,pointsbetau,PointsBet (AU),,player_disposals_over,Conor McKenna,Over,11.0,21.5,20260524_013131
c2359222d8b43b27ad6d7cbc6f780932,Greater Western Sydney Giants,Brisbane Lions,2026-05-24T02:30:07Z,pointsbetau,PointsBet (AU),,player_disposals_over,Sam Draper,Over,11.0,21.5,20260524_013131
c2359222d8b43b27ad6d7cbc6f780932,Greater Western Sydney Giants,Brisbane Lions,2026-05-24T02:30:07Z,pointsbetau,PointsBet (AU),,player_disposals_over,Brent Daniels,Over,4.0,22.5,20260524_013131
c2359222d8b43b27ad6d7cbc6f780932,Greater Western Sydney Giants,Brisbane Lions,2026-05-24T02:30:07Z,pointsbetau,PointsBet (AU),,player_disposals_over,Connor Idun,Over,2.75,22.5,20260524_013131
c2359222d8b43b27ad6d7cbc6f780932,Greater Western Sydney Giants,Brisbane Lions,2026-05-24T02:30:07Z,pointsbetau,PointsBet (AU),,player_disposals_over,Jake Riccardi,Over,10.5,22.5,20260524_013131
c2359222d8b43b27ad6d7cbc6f780932,Greater Western Sydney Giants,Brisbane Lions,2026-05-24T02:30:07Z,pointsbetau,PointsBet (AU),,player_disposals_over,Toby Bedford,Over,10.5,22.5,20260524_013131
c2359222d8b43b27ad6d7cbc6f780932,Greater Western Sydney Giants,Brisbane Lions,2026-05-24T02:30:07Z,pointsbetau,PointsBet (AU),,player_disposals_over,Kieren Briggs,Over,10.0,22.5,20260524_013131
c2359222d8b43b27ad6d7cbc6f780932,Greater Western Sydney Giants,Brisbane Lions,2026-05-24T02:30:07Z,pointsbetau,PointsBet (AU),,player_disposals_over,Lachlan Ash,Over,1.14,22.5,20260524_013131
c2359222d8b43b27ad6d7cbc6f780932,Greater Western Sydney Giants,Brisbane Lions,2026-05-24T02:30:07Z,pointsbetau,PointsBet (AU),,player_disposals_over,Jack Buckley,Over,10.0,22.5,20260524_013131
c2359222d8b43b27ad6d7cbc6f780932,Greater Western Sydney Giants,Brisbane Lions,2026-05-24T02:30:07Z,pointsbetau,PointsBet (AU),,player_disposals_over,Aaron Cadman,Over,15.0,22.5,20260524_013131
c2359222d8b43b27ad6d7cbc6f780932,Greater Western Sydney Giants,Brisbane Lions,2026-05-24T02:30:07Z,pointsbetau,PointsBet (AU),,player_disposals_over,Finn Callaghan,Over,1.18,22.5,20260524_013131
c2359222d8b43b27ad6d7cbc6f780932,Greater Western Sydney Giants,Brisbane Lions,2026-05-24T02:30:07Z,pointsbetau,PointsBet (AU),,player_disposals_over,Harvey Thomas,Over,2.75,22.5,20260524_013131
c2359222d8b43b27ad6d7cbc6f780932,Greater Western Sydney Giants,Brisbane Lions,2026-05-24T02:30:07Z,pointsbetau,PointsBet (AU),,player_disposals_over,Toby McMullin,Over,8.0,22.5,20260524_013131
c2359222d8b43b27ad6d7cbc6f780932,Greater Western Sydney Giants,Brisbane Lions,2026-05-24T02:30:07Z,pointsbetau,PointsBet (AU),,player_disposals_over,Phoenix Gothard,Over,10.5,22.5,20260524_013131
c2359222d8b43b27ad6d7cbc6f780932,Greater Western Sydney Giants,Brisbane Lions,2026-05-24T02:30:07Z,pointsbetau,PointsBet (AU),,player_disposals_over,James Leake,Over,8.5,22.5,20260524_013131
c2359222d8b43b27ad6d7cbc6f780932,Greater Western Sydney Giants,Brisbane Lions,2026-05-24T02:30:07Z,pointsbetau,PointsBet (AU),,player_disposals_over,Joseph Fonti,Over,4.0,22.5,20260524_013131
c2359222d8b43b27ad6d7cbc6f780932,Greater Western Sydney Giants,Brisbane Lions,2026-05-24T02:30:07Z,pointsbetau,PointsBet (AU),,player_disposals_over,Stephen Coniglio,Over,4.0,22.5,20260524_013131
c2359222d8b43b27ad6d7cbc6f780932,Greater Western Sydney Giants,Brisbane Lions,2026-05-24T02:30:07Z,pointsbetau,PointsBet (AU),,player_disposals_over,Jake Stringer,Over,10.0,22.5,20260524_013131
c2359222d8b43b27ad6d7cbc6f780932,Greater Western Sydney Giants,Brisbane Lions,2026-05-24T02:30:07Z,pointsbetau,PointsBet (AU),,player_disposals_over,Lachie Whitfield,Over,1.1,22.5,20260524_013131
c2359222d8b43b27ad6d7cbc6f780932,Greater Western Sydney Giants,Brisbane Lions,2026-05-24T02:30:07Z,pointsbetau,PointsBet (AU),,player_disposals_over,Toby Greene,Over,3.4,22.5,20260524_013131
c2359222d8b43b27ad6d7cbc6f780932,Greater Western Sydney Giants,Brisbane Lions,2026-05-24T02:30:07Z,pointsbetau,PointsBet (AU),,player_disposals_over,Harrison Himmelberg,Over,4.0,22.5,20260524_013131
c2359222d8b43b27ad6d7cbc6f780932,Greater Western Sydney Giants,Brisbane Lions,2026-05-24T02:30:07Z,pointsbetau,PointsBet (AU),,player_disposals_over,Jayden Laverde,Over,4.75,22.5,20260524_013131
c2359222d8b43b27ad6d7cbc6f780932,Greater Western Sydney Giants,Brisbane Lions,2026-05-24T02:30:07Z,pointsbetau,PointsBet (AU),,player_disposals_over,Clayton Oliver,Over,1.08,22.5,20260524_013131
c2359222d8b43b27ad6d7cbc6f780932,Greater Western Sydney Giants,Brisbane Lions,2026-05-24T02:30:07Z,pointsbetau,PointsBet (AU),,player_disposals_over,Hugh McCluggage,Over,1.67,22.5,20260524_013131
c2359222d8b43b27ad6d7cbc6f780932,Greater Western Sydney Giants,Brisbane Lions,2026-05-24T02:30:07Z,pointsbetau,PointsBet (AU),,player_disposals_over,Cameron Rayner,Over,6.0,22.5,20260524_013131
c2359222d8b43b27ad6d7cbc6f780932,Greater Western Sydney Giants,Brisbane Lions,2026-05-24T02:30:07Z,pointsbetau,PointsBet (AU),,player_disposals_over,Zac Bailey,Over,2.85,22.5,20260524_013131
c2359222d8b43b27ad6d7cbc6f780932,Greater Western Sydney Giants,Brisbane Lions,2026-05-24T02:30:07Z,pointsbetau,PointsBet (AU),,player_disposals_over,Keidean Coleman,Over,2.85,22.5,20260524_013131
c2359222d8b43b27ad6d7cbc6f780932,Greater Western Sydney Giants,Brisbane Lions,2026-05-24T02:30:07Z,pointsbetau,PointsBet (AU),,player_disposals_over,Bruce Reville,Over,4.4,22.5,20260524_013131
c2359222d8b43b27ad6d7cbc6f780932,Greater Western Sydney Giants,Brisbane Lions,2026-05-24T02:30:07Z,pointsbetau,PointsBet (AU),,player_disposals_over,Kai Lohmann,Over,10.0,22.5,20260524_013131
c2359222d8b43b27ad6d7cbc6f780932,Greater Western Sydney Giants,Brisbane Lions,2026-05-24T02:30:07Z,pointsbetau,PointsBet (AU),,player_disposals_over,Darcy Wilmot,Over,1.48,22.5,20260524_013131
c2359222d8b43b27ad6d7cbc6f780932,Greater Western Sydney Giants,Brisbane Lions,2026-05-24T02:30:07Z,pointsbetau,PointsBet (AU),,player_disposals_over,Will Ashcroft,Over,1.21,22.5,20260524_013131
c2359222d8b43b27ad6d7cbc6f780932,Greater Western Sydney Giants,Brisbane Lions,2026-05-24T02:30:07Z,pointsbetau,PointsBet (AU),,player_disposals_over,Jaspa Fletcher,Over,3.4,22.5,20260524_013131
c2359222d8b43b27ad6d7cbc6f780932,Greater Western Sydney Giants,Brisbane Lions,2026-05-24T02:30:07Z,pointsbetau,PointsBet (AU),,player_disposals_over,Logan Morris,Over,16.0,22.5,20260524_013131
c2359222d8b43b27ad6d7cbc6f780932,Greater Western Sydney Giants,Brisbane Lions,2026-05-24T02:30:07Z,pointsbetau,PointsBet (AU),,player_disposals_over,Levi Ashcroft,Over,2.4,22.5,20260524_013131
c2359222d8b43b27ad6d7cbc6f780932,Greater Western Sydney Giants,Brisbane Lions,2026-05-24T02:30:07Z,pointsbetau,PointsBet (AU),,player_disposals_over,Lachie Neale,Over,1.11,22.5,20260524_013131
c2359222d8b43b27ad6d7cbc6f780932,Greater Western Sydney Giants,Brisbane Lions,2026-05-24T02:30:07Z,pointsbetau,PointsBet (AU),,player_disposals_over,Darcy Gardiner,Over,19.0,22.5,20260524_013131
c2359222d8b43b27ad6d7cbc6f780932,Greater Western Sydney Giants,Brisbane Lions,2026-05-24T02:30:07Z,pointsbetau,PointsBet (AU),,player_disposals_over,Darcy Fort,Over,8.0,22.5,20260524_013131
c2359222d8b43b27ad6d7cbc6f780932,Greater Western Sydney Giants,Brisbane Lions,2026-05-24T02:30:07Z,pointsbetau,PointsBet (AU),,player_disposals_over,Charlie Cameron,Over,10.5,22.5,20260524_013131
c2359222d8b43b27ad6d7cbc6f780932,Greater Western Sydney Giants,Brisbane Lions,2026-05-24T02:30:07Z,pointsbetau,PointsBet (AU),,player_disposals_over,Josh Dunkley,Over,2.4,22.5,20260524_013131
c2359222d8b43b27ad6d7cbc6f780932,Greater Western Sydney Giants,Brisbane Lions,2026-05-24T02:30:07Z,pointsbetau,PointsBet (AU),,player_disposals_over,Harris Andrews,Over,6.0,22.5,20260524_013131
c2359222d8b43b27ad6d7cbc6f780932,Greater Western Sydney Giants,Brisbane Lions,2026-05-24T02:30:07Z,pointsbetau,PointsBet (AU),,player_disposals_over,Conor McKenna,Over,15.0,22.5,20260524_013131
c2359222d8b43b27ad6d7cbc6f780932,Greater Western Sydney Giants,Brisbane Lions,2026-05-24T02:30:07Z,pointsbetau,PointsBet (AU),,player_disposals_over,Sam Draper,Over,15.0,22.5,20260524_013131
c2359222d8b43b27ad6d7cbc6f780932,Greater Western Sydney Giants,Brisbane Lions,2026-05-24T02:30:07Z,pointsbetau,PointsBet (AU),,player_disposals_over,Brent Daniels,Over,4.75,23.5,20260524_013131
c2359222d8b43b27ad6d7cbc6f780932,Greater Western Sydney Giants,Brisbane Lions,2026-05-24T02:30:07Z,pointsbetau,PointsBet (AU),,player_disposals_over,Connor Idun,Over,3.25,23.5,20260524_013131
c2359222d8b43b27ad6d7cbc6f780932,Greater Western Sydney Giants,Brisbane Lions,2026-05-24T02:30:07Z,pointsbetau,PointsBet (AU),,player_disposals_over,Jake Riccardi,Over,12.0,23.5,20260524_013131
c2359222d8b43b27ad6d7cbc6f780932,Greater Western Sydney Giants,Brisbane Lions,2026-05-24T02:30:07Z,pointsbetau,PointsBet (AU),,player_disposals_over,Toby Bedford,Over,13.0,23.5,20260524_013131
c2359222d8b43b27ad6d7cbc6f780932,Greater Western Sydney Giants,Brisbane Lions,2026-05-24T02:30:07Z,pointsbetau,PointsBet (AU),,player_disposals_over,Kieren Briggs,Over,12.0,23.5,20260524_013131
c2359222d8b43b27ad6d7cbc6f780932,Greater Western Sydney Giants,Brisbane Lions,2026-05-24T02:30:07Z,pointsbetau,PointsBet (AU),,player_disposals_over,Lachlan Ash,Over,1.19,23.5,20260524_013131
c2359222d8b43b27ad6d7cbc6f780932,Greater Western Sydney Giants,Brisbane Lions,2026-05-24T02:30:07Z,pointsbetau,PointsBet (AU),,player_disposals_over,Jack Buckley,Over,12.0,23.5,20260524_013131
c2359222d8b43b27ad6d7cbc6f780932,Greater Western Sydney Giants,Brisbane Lions,2026-05-24T02:30:07Z,pointsbetau,PointsBet (AU),,player_disposals_over,Aaron Cadman,Over,17.0,23.5,20260524_013131
c2359222d8b43b27ad6d7cbc6f780932,Greater Western Sydney Giants,Brisbane Lions,2026-05-24T02:30:07Z,pointsbetau,PointsBet (AU),,player_disposals_over,Finn Callaghan,Over,1.24,23.5,20260524_013131
c2359222d8b43b27ad6d7cbc6f780932,Greater Western Sydney Giants,Brisbane Lions,2026-05-24T02:30:07Z,pointsbetau,PointsBet (AU),,player_disposals_over,Harvey Thomas,Over,3.3,23.5,20260524_013131
c2359222d8b43b27ad6d7cbc6f780932,Greater Western Sydney Giants,Brisbane Lions,2026-05-24T02:30:07Z,pointsbetau,PointsBet (AU),,player_disposals_over,Toby McMullin,Over,10.0,23.5,20260524_013131
c2359222d8b43b27ad6d7cbc6f780932,Greater Western Sydney Giants,Brisbane Lions,2026-05-24T02:30:07Z,pointsbetau,PointsBet (AU),,player_disposals_over,Phoenix Gothard,Over,13.0,23.5,20260524_013131
c2359222d8b43b27ad6d7cbc6f780932,Greater Western Sydney Giants,Brisbane Lions,2026-05-24T02:30:07Z,pointsbetau,PointsBet (AU),,player_disposals_over,James Leake,Over,10.0,23.5,20260524_013131
c2359222d8b43b27ad6d7cbc6f780932,Greater Western Sydney Giants,Brisbane Lions,2026-05-24T02:30:07Z,pointsbetau,PointsBet (AU),,player_disposals_over,Joseph Fonti,Over,4.75,23.5,20260524_013131
c2359222d8b43b27ad6d7cbc6f780932,Greater Western Sydney Giants,Brisbane Lions,2026-05-24T02:30:07Z,pointsbetau,PointsBet (AU),,player_disposals_over,Stephen Coniglio,Over,4.75,23.5,20260524_013131
c2359222d8b43b27ad6d7cbc6f780932,Greater Western Sydney Giants,Brisbane Lions,2026-05-24T02:30:07Z,pointsbetau,PointsBet (AU),,player_disposals_over,Jake Stringer,Over,12.0,23.5,20260524_013131
c2359222d8b43b27ad6d7cbc6f780932,Greater Western Sydney Giants,Brisbane Lions,2026-05-24T02:30:07Z,pointsbetau,PointsBet (AU),,player_disposals_over,Lachie Whitfield,Over,1.15,23.5,20260524_013131
c2359222d8b43b27ad6d7cbc6f780932,Greater Western Sydney Giants,Brisbane Lions,2026-05-24T02:30:07Z,pointsbetau,PointsBet (AU),,player_disposals_over,Toby Greene,Over,4.0,23.5,20260524_013131
c2359222d8b43b27ad6d7cbc6f780932,Greater Western Sydney Giants,Brisbane Lions,2026-05-24T02:30:07Z,pointsbetau,PointsBet (AU),,player_disposals_over,Harrison Himmelberg,Over,4.75,23.5,20260524_013131
c2359222d8b43b27ad6d7cbc6f780932,Greater Western Sydney Giants,Brisbane Lions,2026-05-24T02:30:07Z,pointsbetau,PointsBet (AU),,player_disposals_over,Jayden Laverde,Over,5.75,23.5,20260524_013131
c2359222d8b43b27ad6d7cbc6f780932,Greater Western Sydney Giants,Brisbane Lions,2026-05-24T02:30:07Z,pointsbetau,PointsBet (AU),,player_disposals_over,Clayton Oliver,Over,1.11,23.5,20260524_013131
c2359222d8b43b27ad6d7cbc6f780932,Greater Western Sydney Giants,Brisbane Lions,2026-05-24T02:30:07Z,pointsbetau,PointsBet (AU),,player_disposals_over,Hugh McCluggage,Over,1.83,23.5,20260524_013131
c2359222d8b43b27ad6d7cbc6f780932,Greater Western Sydney Giants,Brisbane Lions,2026-05-24T02:30:07Z,pointsbetau,PointsBet (AU),,player_disposals_over,Cameron Rayner,Over,7.5,23.5,20260524_013131
c2359222d8b43b27ad6d7cbc6f780932,Greater Western Sydney Giants,Brisbane Lions,2026-05-24T02:30:07Z,pointsbetau,PointsBet (AU),,player_disposals_over,Zac Bailey,Over,3.4,23.5,20260524_013131
c2359222d8b43b27ad6d7cbc6f780932,Greater Western Sydney Giants,Brisbane Lions,2026-05-24T02:30:07Z,pointsbetau,PointsBet (AU),,player_disposals_over,Keidean Coleman,Over,3.4,23.5,20260524_013131
c2359222d8b43b27ad6d7cbc6f780932,Greater Western Sydney Giants,Brisbane Lions,2026-05-24T02:30:07Z,pointsbetau,PointsBet (AU),,player_disposals_over,Bruce Reville,Over,5.25,23.5,20260524_013131
c2359222d8b43b27ad6d7cbc6f780932,Greater Western Sydney Giants,Brisbane Lions,2026-05-24T02:30:07Z,pointsbetau,PointsBet (AU),,player_disposals_over,Kai Lohmann,Over,12.0,23.5,20260524_013131
c2359222d8b43b27ad6d7cbc6f780932,Greater Western Sydney Giants,Brisbane Lions,2026-05-24T02:30:07Z,pointsbetau,PointsBet (AU),,player_disposals_over,Darcy Wilmot,Over,1.65,23.5,20260524_013131
c2359222d8b43b27ad6d7cbc6f780932,Greater Western Sydney Giants,Brisbane Lions,2026-05-24T02:30:07Z,pointsbetau,PointsBet (AU),,player_disposals_over,Will Ashcroft,Over,1.29,23.5,20260524_013131
c2359222d8b43b27ad6d7cbc6f780932,Greater Western Sydney Giants,Brisbane Lions,2026-05-24T02:30:07Z,pointsbetau,PointsBet (AU),,player_disposals_over,Jaspa Fletcher,Over,4.2,23.5,20260524_013131
c2359222d8b43b27ad6d7cbc6f780932,Greater Western Sydney Giants,Brisbane Lions,2026-05-24T02:30:07Z,pointsbetau,PointsBet (AU),,player_disposals_over,Logan Morris,Over,20.0,23.5,20260524_013131
c2359222d8b43b27ad6d7cbc6f780932,Greater Western Sydney Giants,Brisbane Lions,2026-05-24T02:30:07Z,pointsbetau,PointsBet (AU),,player_disposals_over,Levi Ashcroft,Over,2.85,23.5,20260524_013131
c2359222d8b43b27ad6d7cbc6f780932,Greater Western Sydney Giants,Brisbane Lions,2026-05-24T02:30:07Z,pointsbetau,PointsBet (AU),,player_disposals_over,Lachie Neale,Over,1.15,23.5,20260524_013131
c2359222d8b43b27ad6d7cbc6f780932,Greater Western Sydney Giants,Brisbane Lions,2026-05-24T02:30:07Z,pointsbetau,PointsBet (AU),,player_disposals_over,Darcy Fort,Over,10.0,23.5,20260524_013131
c2359222d8b43b27ad6d7cbc6f780932,Greater Western Sydney Giants,Brisbane Lions,2026-05-24T02:30:07Z,pointsbetau,PointsBet (AU),,player_disposals_over,Charlie Cameron,Over,12.0,23.5,20260524_013131
c2359222d8b43b27ad6d7cbc6f780932,Greater Western Sydney Giants,Brisbane Lions,2026-05-24T02:30:07Z,pointsbetau,PointsBet (AU),,player_disposals_over,Josh Dunkley,Over,2.75,23.5,20260524_013131
c2359222d8b43b27ad6d7cbc6f780932,Greater Western Sydney Giants,Brisbane Lions,2026-05-24T02:30:07Z,pointsbetau,PointsBet (AU),,player_disposals_over,Harris Andrews,Over,7.5,23.5,20260524_013131
c2359222d8b43b27ad6d7cbc6f780932,Greater Western Sydney Giants,Brisbane Lions,2026-05-24T02:30:07Z,pointsbetau,PointsBet (AU),,player_disposals_over,Conor McKenna,Over,17.0,23.5,20260524_013131
c2359222d8b43b27ad6d7cbc6f780932,Greater Western Sydney Giants,Brisbane Lions,2026-05-24T02:30:07Z,pointsbetau,PointsBet (AU),,player_disposals_over,Sam Draper,Over,17.0,23.5,20260524_013131
c2359222d8b43b27ad6d7cbc6f780932,Greater Western Sydney Giants,Brisbane Lions,2026-05-24T02:30:07Z,pointsbetau,PointsBet (AU),,player_disposals_over,Brent Daniels,Over,5.75,24.5,20260524_013131
c2359222d8b43b27ad6d7cbc6f780932,Greater Western Sydney Giants,Brisbane Lions,2026-05-24T02:30:07Z,pointsbetau,PointsBet (AU),,player_disposals_over,Connor Idun,Over,3.9,24.5,20260524_013131
c2359222d8b43b27ad6d7cbc6f780932,Greater Western Sydney Giants,Brisbane Lions,2026-05-24T02:30:07Z,pointsbetau,PointsBet (AU),,player_disposals_over,Jake Riccardi,Over,16.0,24.5,20260524_013131
c2359222d8b43b27ad6d7cbc6f780932,Greater Western Sydney Giants,Brisbane Lions,2026-05-24T02:30:07Z,pointsbetau,PointsBet (AU),,player_disposals_over,Toby Bedford,Over,17.0,24.5,20260524_013131
c2359222d8b43b27ad6d7cbc6f780932,Greater Western Sydney Giants,Brisbane Lions,2026-05-24T02:30:07Z,pointsbetau,PointsBet (AU),,player_disposals_over,Kieren Briggs,Over,16.0,24.5,20260524_013131
c2359222d8b43b27ad6d7cbc6f780932,Greater Western Sydney Giants,Brisbane Lions,2026-05-24T02:30:07Z,pointsbetau,PointsBet (AU),,player_disposals_over,Lachlan Ash,Over,1.27,24.5,20260524_013131
c2359222d8b43b27ad6d7cbc6f780932,Greater Western Sydney Giants,Brisbane Lions,2026-05-24T02:30:07Z,pointsbetau,PointsBet (AU),,player_disposals_over,Jack Buckley,Over,16.0,24.5,20260524_013131
c2359222d8b43b27ad6d7cbc6f780932,Greater Western Sydney Giants,Brisbane Lions,2026-05-24T02:30:07Z,pointsbetau,PointsBet (AU),,player_disposals_over,Finn Callaghan,Over,1.33,24.5,20260524_013131
c2359222d8b43b27ad6d7cbc6f780932,Greater Western Sydney Giants,Brisbane Lions,2026-05-24T02:30:07Z,pointsbetau,PointsBet (AU),,player_disposals_over,Harvey Thomas,Over,3.9,24.5,20260524_013131
c2359222d8b43b27ad6d7cbc6f780932,Greater Western Sydney Giants,Brisbane Lions,2026-05-24T02:30:07Z,pointsbetau,PointsBet (AU),,player_disposals_over,Toby McMullin,Over,12.0,24.5,20260524_013131
c2359222d8b43b27ad6d7cbc6f780932,Greater Western Sydney Giants,Brisbane Lions,2026-05-24T02:30:07Z,pointsbetau,PointsBet (AU),,player_disposals_over,Phoenix Gothard,Over,16.0,24.5,20260524_013131
c2359222d8b43b27ad6d7cbc6f780932,Greater Western Sydney Giants,Brisbane Lions,2026-05-24T02:30:07Z,pointsbetau,PointsBet (AU),,player_disposals_over,James Leake,Over,12.0,24.5,20260524_013131
c2359222d8b43b27ad6d7cbc6f780932,Greater Western Sydney Giants,Brisbane Lions,2026-05-24T02:30:07Z,pointsbetau,PointsBet (AU),,player_disposals_over,Joseph Fonti,Over,5.75,24.5,20260524_013131
c2359222d8b43b27ad6d7cbc6f780932,Greater Western Sydney Giants,Brisbane Lions,2026-05-24T02:30:07Z,pointsbetau,PointsBet (AU),,player_disposals_over,Stephen Coniglio,Over,6.0,24.5,20260524_013131
c2359222d8b43b27ad6d7cbc6f780932,Greater Western Sydney Giants,Brisbane Lions,2026-05-24T02:30:07Z,pointsbetau,PointsBet (AU),,player_disposals_over,Jake Stringer,Over,16.0,24.5,20260524_013131
c2359222d8b43b27ad6d7cbc6f780932,Greater Western Sydney Giants,Brisbane Lions,2026-05-24T02:30:07Z,pointsbetau,PointsBet (AU),,player_disposals_over,Lachie Whitfield,Over,1.21,24.5,20260524_013131
c2359222d8b43b27ad6d7cbc6f780932,Greater Western Sydney Giants,Brisbane Lions,2026-05-24T02:30:07Z,pointsbetau,PointsBet (AU),,player_disposals_over,Toby Greene,Over,4.5,24.5,20260524_013131
c2359222d8b43b27ad6d7cbc6f780932,Greater Western Sydney Giants,Brisbane Lions,2026-05-24T02:30:07Z,pointsbetau,PointsBet (AU),,player_disposals_over,Harrison Himmelberg,Over,6.0,24.5,20260524_013131
c2359222d8b43b27ad6d7cbc6f780932,Greater Western Sydney Giants,Brisbane Lions,2026-05-24T02:30:07Z,pointsbetau,PointsBet (AU),,player_disposals_over,Jayden Laverde,Over,7.0,24.5,20260524_013131
c2359222d8b43b27ad6d7cbc6f780932,Greater Western Sydney Giants,Brisbane Lions,2026-05-24T02:30:07Z,pointsbetau,PointsBet (AU),,player_disposals_over,Clayton Oliver,Over,1.16,24.5,20260524_013131
c2359222d8b43b27ad6d7cbc6f780932,Greater Western Sydney Giants,Brisbane Lions,2026-05-24T02:30:07Z,pointsbetau,PointsBet (AU),,player_disposals_over,Hugh McCluggage,Over,2.15,24.5,20260524_013131
c2359222d8b43b27ad6d7cbc6f780932,Greater Western Sydney Giants,Brisbane Lions,2026-05-24T02:30:07Z,pointsbetau,PointsBet (AU),,player_disposals_over,Cameron Rayner,Over,10.0,24.5,20260524_013131
c2359222d8b43b27ad6d7cbc6f780932,Greater Western Sydney Giants,Brisbane Lions,2026-05-24T02:30:07Z,pointsbetau,PointsBet (AU),,player_disposals_over,Zac Bailey,Over,4.0,24.5,20260524_013131
c2359222d8b43b27ad6d7cbc6f780932,Greater Western Sydney Giants,Brisbane Lions,2026-05-24T02:30:07Z,pointsbetau,PointsBet (AU),,player_disposals_over,Keidean Coleman,Over,4.0,24.5,20260524_013131
c2359222d8b43b27ad6d7cbc6f780932,Greater Western Sydney Giants,Brisbane Lions,2026-05-24T02:30:07Z,pointsbetau,PointsBet (AU),,player_disposals_over,Bruce Reville,Over,6.0,24.5,20260524_013131
c2359222d8b43b27ad6d7cbc6f780932,Greater Western Sydney Giants,Brisbane Lions,2026-05-24T02:30:07Z,pointsbetau,PointsBet (AU),,player_disposals_over,Kai Lohmann,Over,16.0,24.5,20260524_013131
c2359222d8b43b27ad6d7cbc6f780932,Greater Western Sydney Giants,Brisbane Lions,2026-05-24T02:30:07Z,pointsbetau,PointsBet (AU),,player_disposals_over,Darcy Wilmot,Over,1.83,24.5,20260524_013131
c2359222d8b43b27ad6d7cbc6f780932,Greater Western Sydney Giants,Brisbane Lions,2026-05-24T02:30:07Z,pointsbetau,PointsBet (AU),,player_disposals_over,Will Ashcroft,Over,1.4,24.5,20260524_013131
c2359222d8b43b27ad6d7cbc6f780932,Greater Western Sydney Giants,Brisbane Lions,2026-05-24T02:30:07Z,pointsbetau,PointsBet (AU),,player_disposals_over,Jaspa Fletcher,Over,4.75,24.5,20260524_013131
c2359222d8b43b27ad6d7cbc6f780932,Greater Western Sydney Giants,Brisbane Lions,2026-05-24T02:30:07Z,pointsbetau,PointsBet (AU),,player_disposals_over,Levi Ashcroft,Over,3.3,24.5,20260524_013131
c2359222d8b43b27ad6d7cbc6f780932,Greater Western Sydney Giants,Brisbane Lions,2026-05-24T02:30:07Z,pointsbetau,PointsBet (AU),,player_disposals_over,Lachie Neale,Over,1.22,24.5,20260524_013131
c2359222d8b43b27ad6d7cbc6f780932,Greater Western Sydney Giants,Brisbane Lions,2026-05-24T02:30:07Z,pointsbetau,PointsBet (AU),,player_disposals_over,Darcy Fort,Over,11.0,24.5,20260524_013131
c2359222d8b43b27ad6d7cbc6f780932,Greater Western Sydney Giants,Brisbane Lions,2026-05-24T02:30:07Z,pointsbetau,PointsBet (AU),,player_disposals_over,Charlie Cameron,Over,16.0,24.5,20260524_013131
c2359222d8b43b27ad6d7cbc6f780932,Greater Western Sydney Giants,Brisbane Lions,2026-05-24T02:30:07Z,pointsbetau,PointsBet (AU),,player_disposals_over,Josh Dunkley,Over,3.3,24.5,20260524_013131
c2359222d8b43b27ad6d7cbc6f780932,Greater Western Sydney Giants,Brisbane Lions,2026-05-24T02:30:07Z,pointsbetau,PointsBet (AU),,player_disposals_over,Harris Andrews,Over,9.5,24.5,20260524_013131
c2359222d8b43b27ad6d7cbc6f780932,Greater Western Sydney Giants,Brisbane Lions,2026-05-24T02:30:07Z,pointsbetau,PointsBet (AU),,player_disposals_over,Brent Daniels,Over,7.0,25.5,20260524_013131
c2359222d8b43b27ad6d7cbc6f780932,Greater Western Sydney Giants,Brisbane Lions,2026-05-24T02:30:07Z,pointsbetau,PointsBet (AU),,player_disposals_over,Connor Idun,Over,4.5,25.5,20260524_013131
c2359222d8b43b27ad6d7cbc6f780932,Greater Western Sydney Giants,Brisbane Lions,2026-05-24T02:30:07Z,pointsbetau,PointsBet (AU),,player_disposals_over,Kieren Briggs,Over,19.0,25.5,20260524_013131
c2359222d8b43b27ad6d7cbc6f780932,Greater Western Sydney Giants,Brisbane Lions,2026-05-24T02:30:07Z,pointsbetau,PointsBet (AU),,player_disposals_over,Lachlan Ash,Over,1.4,25.5,20260524_013131
c2359222d8b43b27ad6d7cbc6f780932,Greater Western Sydney Giants,Brisbane Lions,2026-05-24T02:30:07Z,pointsbetau,PointsBet (AU),,player_disposals_over,Jack Buckley,Over,20.0,25.5,20260524_013131
c2359222d8b43b27ad6d7cbc6f780932,Greater Western Sydney Giants,Brisbane Lions,2026-05-24T02:30:07Z,pointsbetau,PointsBet (AU),,player_disposals_over,Finn Callaghan,Over,1.42,25.5,20260524_013131
c2359222d8b43b27ad6d7cbc6f780932,Greater Western Sydney Giants,Brisbane Lions,2026-05-24T02:30:07Z,pointsbetau,PointsBet (AU),,player_disposals_over,Harvey Thomas,Over,4.5,25.5,20260524_013131
c2359222d8b43b27ad6d7cbc6f780932,Greater Western Sydney Giants,Brisbane Lions,2026-05-24T02:30:07Z,pointsbetau,PointsBet (AU),,player_disposals_over,Toby McMullin,Over,15.0,25.5,20260524_013131
c2359222d8b43b27ad6d7cbc6f780932,Greater Western Sydney Giants,Brisbane Lions,2026-05-24T02:30:07Z,pointsbetau,PointsBet (AU),,player_disposals_over,James Leake,Over,15.0,25.5,20260524_013131
c2359222d8b43b27ad6d7cbc6f780932,Greater Western Sydney Giants,Brisbane Lions,2026-05-24T02:30:07Z,pointsbetau,PointsBet (AU),,player_disposals_over,Joseph Fonti,Over,7.0,25.5,20260524_013131
c2359222d8b43b27ad6d7cbc6f780932,Greater Western Sydney Giants,Brisbane Lions,2026-05-24T02:30:07Z,pointsbetau,PointsBet (AU),,player_disposals_over,Stephen Coniglio,Over,6.5,25.5,20260524_013131
c2359222d8b43b27ad6d7cbc6f780932,Greater Western Sydney Giants,Brisbane Lions,2026-05-24T02:30:07Z,pointsbetau,PointsBet (AU),,player_disposals_over,Jake Stringer,Over,19.0,25.5,20260524_013131
c2359222d8b43b27ad6d7cbc6f780932,Greater Western Sydney Giants,Brisbane Lions,2026-05-24T02:30:07Z,pointsbetau,PointsBet (AU),,player_disposals_over,Lachie Whitfield,Over,1.29,25.5,20260524_013131
c2359222d8b43b27ad6d7cbc6f780932,Greater Western Sydney Giants,Brisbane Lions,2026-05-24T02:30:07Z,pointsbetau,PointsBet (AU),,player_disposals_over,Toby Greene,Over,5.75,25.5,20260524_013131
c2359222d8b43b27ad6d7cbc6f780932,Greater Western Sydney Giants,Brisbane Lions,2026-05-24T02:30:07Z,pointsbetau,PointsBet (AU),,player_disposals_over,Harrison Himmelberg,Over,7.0,25.5,20260524_013131
c2359222d8b43b27ad6d7cbc6f780932,Greater Western Sydney Giants,Brisbane Lions,2026-05-24T02:30:07Z,pointsbetau,PointsBet (AU),,player_disposals_over,Jayden Laverde,Over,9.5,25.5,20260524_013131
c2359222d8b43b27ad6d7cbc6f780932,Greater Western Sydney Giants,Brisbane Lions,2026-05-24T02:30:07Z,pointsbetau,PointsBet (AU),,player_disposals_over,Clayton Oliver,Over,1.22,25.5,20260524_013131
c2359222d8b43b27ad6d7cbc6f780932,Greater Western Sydney Giants,Brisbane Lions,2026-05-24T02:30:07Z,pointsbetau,PointsBet (AU),,player_disposals_over,Hugh McCluggage,Over,2.5,25.5,20260524_013131
c2359222d8b43b27ad6d7cbc6f780932,Greater Western Sydney Giants,Brisbane Lions,2026-05-24T02:30:07Z,pointsbetau,PointsBet (AU),,player_disposals_over,Cameron Rayner,Over,11.0,25.5,20260524_013131
c2359222d8b43b27ad6d7cbc6f780932,Greater Western Sydney Giants,Brisbane Lions,2026-05-24T02:30:07Z,pointsbetau,PointsBet (AU),,player_disposals_over,Zac Bailey,Over,4.75,25.5,20260524_013131
c2359222d8b43b27ad6d7cbc6f780932,Greater Western Sydney Giants,Brisbane Lions,2026-05-24T02:30:07Z,pointsbetau,PointsBet (AU),,player_disposals_over,Keidean Coleman,Over,4.5,25.5,20260524_013131
c2359222d8b43b27ad6d7cbc6f780932,Greater Western Sydney Giants,Brisbane Lions,2026-05-24T02:30:07Z,pointsbetau,PointsBet (AU),,player_disposals_over,Bruce Reville,Over,8.0,25.5,20260524_013131
c2359222d8b43b27ad6d7cbc6f780932,Greater Western Sydney Giants,Brisbane Lions,2026-05-24T02:30:07Z,pointsbetau,PointsBet (AU),,player_disposals_over,Kai Lohmann,Over,19.0,25.5,20260524_013131
c2359222d8b43b27ad6d7cbc6f780932,Greater Western Sydney Giants,Brisbane Lions,2026-05-24T02:30:07Z,pointsbetau,PointsBet (AU),,player_disposals_over,Darcy Wilmot,Over,2.15,25.5,20260524_013131
c2359222d8b43b27ad6d7cbc6f780932,Greater Western Sydney Giants,Brisbane Lions,2026-05-24T02:30:07Z,pointsbetau,PointsBet (AU),,player_disposals_over,Will Ashcroft,Over,1.53,25.5,20260524_013131
c2359222d8b43b27ad6d7cbc6f780932,Greater Western Sydney Giants,Brisbane Lions,2026-05-24T02:30:07Z,pointsbetau,PointsBet (AU),,player_disposals_over,Jaspa Fletcher,Over,5.75,25.5,20260524_013131
c2359222d8b43b27ad6d7cbc6f780932,Greater Western Sydney Giants,Brisbane Lions,2026-05-24T02:30:07Z,pointsbetau,PointsBet (AU),,player_disposals_over,Levi Ashcroft,Over,3.9,25.5,20260524_013131
c2359222d8b43b27ad6d7cbc6f780932,Greater Western Sydney Giants,Brisbane Lions,2026-05-24T02:30:07Z,pointsbetau,PointsBet (AU),,player_disposals_over,Lachie Neale,Over,1.29,25.5,20260524_013131
c2359222d8b43b27ad6d7cbc6f780932,Greater Western Sydney Giants,Brisbane Lions,2026-05-24T02:30:07Z,pointsbetau,PointsBet (AU),,player_disposals_over,Darcy Fort,Over,15.0,25.5,20260524_013131
c2359222d8b43b27ad6d7cbc6f780932,Greater Western Sydney Giants,Brisbane Lions,2026-05-24T02:30:07Z,pointsbetau,PointsBet (AU),,player_disposals_over,Charlie Cameron,Over,20.0,25.5,20260524_013131
c2359222d8b43b27ad6d7cbc6f780932,Greater Western Sydney Giants,Brisbane Lions,2026-05-24T02:30:07Z,pointsbetau,PointsBet (AU),,player_disposals_over,Josh Dunkley,Over,3.9,25.5,20260524_013131
c2359222d8b43b27ad6d7cbc6f780932,Greater Western Sydney Giants,Brisbane Lions,2026-05-24T02:30:07Z,pointsbetau,PointsBet (AU),,player_disposals_over,Harris Andrews,Over,11.0,25.5,20260524_013131
c2359222d8b43b27ad6d7cbc6f780932,Greater Western Sydney Giants,Brisbane Lions,2026-05-24T02:30:07Z,pointsbetau,PointsBet (AU),,player_disposals_over,Brent Daniels,Over,9.0,26.5,20260524_013131
c2359222d8b43b27ad6d7cbc6f780932,Greater Western Sydney Giants,Brisbane Lions,2026-05-24T02:30:07Z,pointsbetau,PointsBet (AU),,player_disposals_over,Connor Idun,Over,5.25,26.5,20260524_013131
c2359222d8b43b27ad6d7cbc6f780932,Greater Western Sydney Giants,Brisbane Lions,2026-05-24T02:30:07Z,pointsbetau,PointsBet (AU),,player_disposals_over,Lachlan Ash,Over,1.48,26.5,20260524_013131
c2359222d8b43b27ad6d7cbc6f780932,Greater Western Sydney Giants,Brisbane Lions,2026-05-24T02:30:07Z,pointsbetau,PointsBet (AU),,player_disposals_over,Finn Callaghan,Over,1.59,26.5,20260524_013131
c2359222d8b43b27ad6d7cbc6f780932,Greater Western Sydney Giants,Brisbane Lions,2026-05-24T02:30:07Z,pointsbetau,PointsBet (AU),,player_disposals_over,Harvey Thomas,Over,5.75,26.5,20260524_013131
c2359222d8b43b27ad6d7cbc6f780932,Greater Western Sydney Giants,Brisbane Lions,2026-05-24T02:30:07Z,pointsbetau,PointsBet (AU),,player_disposals_over,Toby McMullin,Over,17.0,26.5,20260524_013131
c2359222d8b43b27ad6d7cbc6f780932,Greater Western Sydney Giants,Brisbane Lions,2026-05-24T02:30:07Z,pointsbetau,PointsBet (AU),,player_disposals_over,James Leake,Over,19.0,26.5,20260524_013131
c2359222d8b43b27ad6d7cbc6f780932,Greater Western Sydney Giants,Brisbane Lions,2026-05-24T02:30:07Z,pointsbetau,PointsBet (AU),,player_disposals_over,Joseph Fonti,Over,9.0,26.5,20260524_013131
c2359222d8b43b27ad6d7cbc6f780932,Greater Western Sydney Giants,Brisbane Lions,2026-05-24T02:30:07Z,pointsbetau,PointsBet (AU),,player_disposals_over,Stephen Coniglio,Over,8.5,26.5,20260524_013131
c2359222d8b43b27ad6d7cbc6f780932,Greater Western Sydney Giants,Brisbane Lions,2026-05-24T02:30:07Z,pointsbetau,PointsBet (AU),,player_disposals_over,Lachie Whitfield,Over,1.36,26.5,20260524_013131
c2359222d8b43b27ad6d7cbc6f780932,Greater Western Sydney Giants,Brisbane Lions,2026-05-24T02:30:07Z,pointsbetau,PointsBet (AU),,player_disposals_over,Toby Greene,Over,6.5,26.5,20260524_013131
c2359222d8b43b27ad6d7cbc6f780932,Greater Western Sydney Giants,Brisbane Lions,2026-05-24T02:30:07Z,pointsbetau,PointsBet (AU),,player_disposals_over,Harrison Himmelberg,Over,8.5,26.5,20260524_013131
c2359222d8b43b27ad6d7cbc6f780932,Greater Western Sydney Giants,Brisbane Lions,2026-05-24T02:30:07Z,pointsbetau,PointsBet (AU),,player_disposals_over,Jayden Laverde,Over,10.5,26.5,20260524_013131
c2359222d8b43b27ad6d7cbc6f780932,Greater Western Sydney Giants,Brisbane Lions,2026-05-24T02:30:07Z,pointsbetau,PointsBet (AU),,player_disposals_over,Clayton Oliver,Over,1.29,26.5,20260524_013131
c2359222d8b43b27ad6d7cbc6f780932,Greater Western Sydney Giants,Brisbane Lions,2026-05-24T02:30:07Z,pointsbetau,PointsBet (AU),,player_disposals_over,Hugh McCluggage,Over,2.75,26.5,20260524_013131
c2359222d8b43b27ad6d7cbc6f780932,Greater Western Sydney Giants,Brisbane Lions,2026-05-24T02:30:07Z,pointsbetau,PointsBet (AU),,player_disposals_over,Cameron Rayner,Over,13.0,26.5,20260524_013131
c2359222d8b43b27ad6d7cbc6f780932,Greater Western Sydney Giants,Brisbane Lions,2026-05-24T02:30:07Z,pointsbetau,PointsBet (AU),,player_disposals_over,Zac Bailey,Over,5.75,26.5,20260524_013131
c2359222d8b43b27ad6d7cbc6f780932,Greater Western Sydney Giants,Brisbane Lions,2026-05-24T02:30:07Z,pointsbetau,PointsBet (AU),,player_disposals_over,Keidean Coleman,Over,5.75,26.5,20260524_013131
c2359222d8b43b27ad6d7cbc6f780932,Greater Western Sydney Giants,Brisbane Lions,2026-05-24T02:30:07Z,pointsbetau,PointsBet (AU),,player_disposals_over,Bruce Reville,Over,10.0,26.5,20260524_013131
c2359222d8b43b27ad6d7cbc6f780932,Greater Western Sydney Giants,Brisbane Lions,2026-05-24T02:30:07Z,pointsbetau,PointsBet (AU),,player_disposals_over,Darcy Wilmot,Over,2.4,26.5,20260524_013131
c2359222d8b43b27ad6d7cbc6f780932,Greater Western Sydney Giants,Brisbane Lions,2026-05-24T02:30:07Z,pointsbetau,PointsBet (AU),,player_disposals_over,Will Ashcroft,Over,1.69,26.5,20260524_013131
c2359222d8b43b27ad6d7cbc6f780932,Greater Western Sydney Giants,Brisbane Lions,2026-05-24T02:30:07Z,pointsbetau,PointsBet (AU),,player_disposals_over,Jaspa Fletcher,Over,7.0,26.5,20260524_013131
c2359222d8b43b27ad6d7cbc6f780932,Greater Western Sydney Giants,Brisbane Lions,2026-05-24T02:30:07Z,pointsbetau,PointsBet (AU),,player_disposals_over,Levi Ashcroft,Over,4.5,26.5,20260524_013131
c2359222d8b43b27ad6d7cbc6f780932,Greater Western Sydney Giants,Brisbane Lions,2026-05-24T02:30:07Z,pointsbetau,PointsBet (AU),,player_disposals_over,Lachie Neale,Over,1.4,26.5,20260524_013131
c2359222d8b43b27ad6d7cbc6f780932,Greater Western Sydney Giants,Brisbane Lions,2026-05-24T02:30:07Z,pointsbetau,PointsBet (AU),,player_disposals_over,Darcy Fort,Over,17.0,26.5,20260524_013131
c2359222d8b43b27ad6d7cbc6f780932,Greater Western Sydney Giants,Brisbane Lions,2026-05-24T02:30:07Z,pointsbetau,PointsBet (AU),,player_disposals_over,Josh Dunkley,Over,4.5,26.5,20260524_013131
c2359222d8b43b27ad6d7cbc6f780932,Greater Western Sydney Giants,Brisbane Lions,2026-05-24T02:30:07Z,pointsbetau,PointsBet (AU),,player_disposals_over,Harris Andrews,Over,13.0,26.5,20260524_013131
c2359222d8b43b27ad6d7cbc6f780932,Greater Western Sydney Giants,Brisbane Lions,2026-05-24T02:30:07Z,pointsbetau,PointsBet (AU),,player_disposals_over,Brent Daniels,Over,10.5,27.5,20260524_013131
c2359222d8b43b27ad6d7cbc6f780932,Greater Western Sydney Giants,Brisbane Lions,2026-05-24T02:30:07Z,pointsbetau,PointsBet (AU),,player_disposals_over,Connor Idun,Over,6.0,27.5,20260524_013131
c2359222d8b43b27ad6d7cbc6f780932,Greater Western Sydney Giants,Brisbane Lions,2026-05-24T02:30:07Z,pointsbetau,PointsBet (AU),,player_disposals_over,Lachlan Ash,Over,1.65,27.5,20260524_013131
c2359222d8b43b27ad6d7cbc6f780932,Greater Western Sydney Giants,Brisbane Lions,2026-05-24T02:30:07Z,pointsbetau,PointsBet (AU),,player_disposals_over,Finn Callaghan,Over,1.74,27.5,20260524_013131
c2359222d8b43b27ad6d7cbc6f780932,Greater Western Sydney Giants,Brisbane Lions,2026-05-24T02:30:07Z,pointsbetau,PointsBet (AU),,player_disposals_over,Harvey Thomas,Over,6.5,27.5,20260524_013131
c2359222d8b43b27ad6d7cbc6f780932,Greater Western Sydney Giants,Brisbane Lions,2026-05-24T02:30:07Z,pointsbetau,PointsBet (AU),,player_disposals_over,Joseph Fonti,Over,10.5,27.5,20260524_013131
c2359222d8b43b27ad6d7cbc6f780932,Greater Western Sydney Giants,Brisbane Lions,2026-05-24T02:30:07Z,pointsbetau,PointsBet (AU),,player_disposals_over,Stephen Coniglio,Over,10.0,27.5,20260524_013131
c2359222d8b43b27ad6d7cbc6f780932,Greater Western Sydney Giants,Brisbane Lions,2026-05-24T02:30:07Z,pointsbetau,PointsBet (AU),,player_disposals_over,Lachie Whitfield,Over,1.5,27.5,20260524_013131
c2359222d8b43b27ad6d7cbc6f780932,Greater Western Sydney Giants,Brisbane Lions,2026-05-24T02:30:07Z,pointsbetau,PointsBet (AU),,player_disposals_over,Toby Greene,Over,8.5,27.5,20260524_013131
c2359222d8b43b27ad6d7cbc6f780932,Greater Western Sydney Giants,Brisbane Lions,2026-05-24T02:30:07Z,pointsbetau,PointsBet (AU),,player_disposals_over,Harrison Himmelberg,Over,10.0,27.5,20260524_013131
c2359222d8b43b27ad6d7cbc6f780932,Greater Western Sydney Giants,Brisbane Lions,2026-05-24T02:30:07Z,pointsbetau,PointsBet (AU),,player_disposals_over,Jayden Laverde,Over,13.0,27.5,20260524_013131
c2359222d8b43b27ad6d7cbc6f780932,Greater Western Sydney Giants,Brisbane Lions,2026-05-24T02:30:07Z,pointsbetau,PointsBet (AU),,player_disposals_over,Clayton Oliver,Over,1.4,27.5,20260524_013131
c2359222d8b43b27ad6d7cbc6f780932,Greater Western Sydney Giants,Brisbane Lions,2026-05-24T02:30:07Z,pointsbetau,PointsBet (AU),,player_disposals_over,Hugh McCluggage,Over,3.3,27.5,20260524_013131
c2359222d8b43b27ad6d7cbc6f780932,Greater Western Sydney Giants,Brisbane Lions,2026-05-24T02:30:07Z,pointsbetau,PointsBet (AU),,player_disposals_over,Cameron Rayner,Over,16.0,27.5,20260524_013131
c2359222d8b43b27ad6d7cbc6f780932,Greater Western Sydney Giants,Brisbane Lions,2026-05-24T02:30:07Z,pointsbetau,PointsBet (AU),,player_disposals_over,Zac Bailey,Over,7.0,27.5,20260524_013131
c2359222d8b43b27ad6d7cbc6f780932,Greater Western Sydney Giants,Brisbane Lions,2026-05-24T02:30:07Z,pointsbetau,PointsBet (AU),,player_disposals_over,Keidean Coleman,Over,6.5,27.5,20260524_013131
c2359222d8b43b27ad6d7cbc6f780932,Greater Western Sydney Giants,Brisbane Lions,2026-05-24T02:30:07Z,pointsbetau,PointsBet (AU),,player_disposals_over,Bruce Reville,Over,11.0,27.5,20260524_013131
c2359222d8b43b27ad6d7cbc6f780932,Greater Western Sydney Giants,Brisbane Lions,2026-05-24T02:30:07Z,pointsbetau,PointsBet (AU),,player_disposals_over,Darcy Wilmot,Over,2.75,27.5,20260524_013131
c2359222d8b43b27ad6d7cbc6f780932,Greater Western Sydney Giants,Brisbane Lions,2026-05-24T02:30:07Z,pointsbetau,PointsBet (AU),,player_disposals_over,Will Ashcroft,Over,1.87,27.5,20260524_013131
c2359222d8b43b27ad6d7cbc6f780932,Greater Western Sydney Giants,Brisbane Lions,2026-05-24T02:30:07Z,pointsbetau,PointsBet (AU),,player_disposals_over,Jaspa Fletcher,Over,9.0,27.5,20260524_013131
c2359222d8b43b27ad6d7cbc6f780932,Greater Western Sydney Giants,Brisbane Lions,2026-05-24T02:30:07Z,pointsbetau,PointsBet (AU),,player_disposals_over,Levi Ashcroft,Over,5.25,27.5,20260524_013131
c2359222d8b43b27ad6d7cbc6f780932,Greater Western Sydney Giants,Brisbane Lions,2026-05-24T02:30:07Z,pointsbetau,PointsBet (AU),,player_disposals_over,Lachie Neale,Over,1.53,27.5,20260524_013131
c2359222d8b43b27ad6d7cbc6f780932,Greater Western Sydney Giants,Brisbane Lions,2026-05-24T02:30:07Z,pointsbetau,PointsBet (AU),,player_disposals_over,Josh Dunkley,Over,5.25,27.5,20260524_013131
c2359222d8b43b27ad6d7cbc6f780932,Greater Western Sydney Giants,Brisbane Lions,2026-05-24T02:30:07Z,pointsbetau,PointsBet (AU),,player_disposals_over,Harris Andrews,Over,17.0,27.5,20260524_013131
c2359222d8b43b27ad6d7cbc6f780932,Greater Western Sydney Giants,Brisbane Lions,2026-05-24T02:30:07Z,pointsbetau,PointsBet (AU),,player_disposals_over,Brent Daniels,Over,12.0,28.5,20260524_013131
c2359222d8b43b27ad6d7cbc6f780932,Greater Western Sydney Giants,Brisbane Lions,2026-05-24T02:30:07Z,pointsbetau,PointsBet (AU),,player_disposals_over,Connor Idun,Over,8.0,28.5,20260524_013131
c2359222d8b43b27ad6d7cbc6f780932,Greater Western Sydney Giants,Brisbane Lions,2026-05-24T02:30:07Z,pointsbetau,PointsBet (AU),,player_disposals_over,Lachlan Ash,Over,1.83,28.5,20260524_013131
c2359222d8b43b27ad6d7cbc6f780932,Greater Western Sydney Giants,Brisbane Lions,2026-05-24T02:30:07Z,pointsbetau,PointsBet (AU),,player_disposals_over,Finn Callaghan,Over,1.95,28.5,20260524_013131
c2359222d8b43b27ad6d7cbc6f780932,Greater Western Sydney Giants,Brisbane Lions,2026-05-24T02:30:07Z,pointsbetau,PointsBet (AU),,player_disposals_over,Harvey Thomas,Over,8.5,28.5,20260524_013131
c2359222d8b43b27ad6d7cbc6f780932,Greater Western Sydney Giants,Brisbane Lions,2026-05-24T02:30:07Z,pointsbetau,PointsBet (AU),,player_disposals_over,Joseph Fonti,Over,13.0,28.5,20260524_013131
c2359222d8b43b27ad6d7cbc6f780932,Greater Western Sydney Giants,Brisbane Lions,2026-05-24T02:30:07Z,pointsbetau,PointsBet (AU),,player_disposals_over,Stephen Coniglio,Over,13.0,28.5,20260524_013131
c2359222d8b43b27ad6d7cbc6f780932,Greater Western Sydney Giants,Brisbane Lions,2026-05-24T02:30:07Z,pointsbetau,PointsBet (AU),,player_disposals_over,Lachie Whitfield,Over,1.67,28.5,20260524_013131
c2359222d8b43b27ad6d7cbc6f780932,Greater Western Sydney Giants,Brisbane Lions,2026-05-24T02:30:07Z,pointsbetau,PointsBet (AU),,player_disposals_over,Toby Greene,Over,10.0,28.5,20260524_013131
c2359222d8b43b27ad6d7cbc6f780932,Greater Western Sydney Giants,Brisbane Lions,2026-05-24T02:30:07Z,pointsbetau,PointsBet (AU),,player_disposals_over,Harrison Himmelberg,Over,12.0,28.5,20260524_013131
c2359222d8b43b27ad6d7cbc6f780932,Greater Western Sydney Giants,Brisbane Lions,2026-05-24T02:30:07Z,pointsbetau,PointsBet (AU),,player_disposals_over,Jayden Laverde,Over,16.0,28.5,20260524_013131
c2359222d8b43b27ad6d7cbc6f780932,Greater Western Sydney Giants,Brisbane Lions,2026-05-24T02:30:07Z,pointsbetau,PointsBet (AU),,player_disposals_over,Clayton Oliver,Over,1.5,28.5,20260524_013131
c2359222d8b43b27ad6d7cbc6f780932,Greater Western Sydney Giants,Brisbane Lions,2026-05-24T02:30:07Z,pointsbetau,PointsBet (AU),,player_disposals_over,Hugh McCluggage,Over,3.9,28.5,20260524_013131
c2359222d8b43b27ad6d7cbc6f780932,Greater Western Sydney Giants,Brisbane Lions,2026-05-24T02:30:07Z,pointsbetau,PointsBet (AU),,player_disposals_over,Cameron Rayner,Over,20.0,28.5,20260524_013131
c2359222d8b43b27ad6d7cbc6f780932,Greater Western Sydney Giants,Brisbane Lions,2026-05-24T02:30:07Z,pointsbetau,PointsBet (AU),,player_disposals_over,Zac Bailey,Over,8.5,28.5,20260524_013131
c2359222d8b43b27ad6d7cbc6f780932,Greater Western Sydney Giants,Brisbane Lions,2026-05-24T02:30:07Z,pointsbetau,PointsBet (AU),,player_disposals_over,Keidean Coleman,Over,9.0,28.5,20260524_013131
c2359222d8b43b27ad6d7cbc6f780932,Greater Western Sydney Giants,Brisbane Lions,2026-05-24T02:30:07Z,pointsbetau,PointsBet (AU),,player_disposals_over,Bruce Reville,Over,15.0,28.5,20260524_013131
c2359222d8b43b27ad6d7cbc6f780932,Greater Western Sydney Giants,Brisbane Lions,2026-05-24T02:30:07Z,pointsbetau,PointsBet (AU),,player_disposals_over,Darcy Wilmot,Over,3.1,28.5,20260524_013131
c2359222d8b43b27ad6d7cbc6f780932,Greater Western Sydney Giants,Brisbane Lions,2026-05-24T02:30:07Z,pointsbetau,PointsBet (AU),,player_disposals_over,Will Ashcroft,Over,2.15,28.5,20260524_013131
c2359222d8b43b27ad6d7cbc6f780932,Greater Western Sydney Giants,Brisbane Lions,2026-05-24T02:30:07Z,pointsbetau,PointsBet (AU),,player_disposals_over,Jaspa Fletcher,Over,10.0,28.5,20260524_013131
c2359222d8b43b27ad6d7cbc6f780932,Greater Western Sydney Giants,Brisbane Lions,2026-05-24T02:30:07Z,pointsbetau,PointsBet (AU),,player_disposals_over,Levi Ashcroft,Over,6.0,28.5,20260524_013131
c2359222d8b43b27ad6d7cbc6f780932,Greater Western Sydney Giants,Brisbane Lions,2026-05-24T02:30:07Z,pointsbetau,PointsBet (AU),,player_disposals_over,Lachie Neale,Over,1.67,28.5,20260524_013131
c2359222d8b43b27ad6d7cbc6f780932,Greater Western Sydney Giants,Brisbane Lions,2026-05-24T02:30:07Z,pointsbetau,PointsBet (AU),,player_disposals_over,Josh Dunkley,Over,6.5,28.5,20260524_013131
c2359222d8b43b27ad6d7cbc6f780932,Greater Western Sydney Giants,Brisbane Lions,2026-05-24T02:30:07Z,pointsbetau,PointsBet (AU),,player_disposals_over,Brent Daniels,Over,16.0,29.5,20260524_013131
c2359222d8b43b27ad6d7cbc6f780932,Greater Western Sydney Giants,Brisbane Lions,2026-05-24T02:30:07Z,pointsbetau,PointsBet (AU),,player_disposals_over,Connor Idun,Over,10.0,29.5,20260524_013131
c2359222d8b43b27ad6d7cbc6f780932,Greater Western Sydney Giants,Brisbane Lions,2026-05-24T02:30:07Z,pointsbetau,PointsBet (AU),,player_disposals_over,Lachlan Ash,Over,2.05,29.5,20260524_013131
c2359222d8b43b27ad6d7cbc6f780932,Greater Western Sydney Giants,Brisbane Lions,2026-05-24T02:30:07Z,pointsbetau,PointsBet (AU),,player_disposals_over,Finn Callaghan,Over,2.25,29.5,20260524_013131
c2359222d8b43b27ad6d7cbc6f780932,Greater Western Sydney Giants,Brisbane Lions,2026-05-24T02:30:07Z,pointsbetau,PointsBet (AU),,player_disposals_over,Harvey Thomas,Over,10.0,29.5,20260524_013131
c2359222d8b43b27ad6d7cbc6f780932,Greater Western Sydney Giants,Brisbane Lions,2026-05-24T02:30:07Z,pointsbetau,PointsBet (AU),,player_disposals_over,Joseph Fonti,Over,16.0,29.5,20260524_013131
c2359222d8b43b27ad6d7cbc6f780932,Greater Western Sydney Giants,Brisbane Lions,2026-05-24T02:30:07Z,pointsbetau,PointsBet (AU),,player_disposals_over,Stephen Coniglio,Over,15.0,29.5,20260524_013131
c2359222d8b43b27ad6d7cbc6f780932,Greater Western Sydney Giants,Brisbane Lions,2026-05-24T02:30:07Z,pointsbetau,PointsBet (AU),,player_disposals_over,Lachie Whitfield,Over,1.83,29.5,20260524_013131
c2359222d8b43b27ad6d7cbc6f780932,Greater Western Sydney Giants,Brisbane Lions,2026-05-24T02:30:07Z,pointsbetau,PointsBet (AU),,player_disposals_over,Toby Greene,Over,12.0,29.5,20260524_013131
c2359222d8b43b27ad6d7cbc6f780932,Greater Western Sydney Giants,Brisbane Lions,2026-05-24T02:30:07Z,pointsbetau,PointsBet (AU),,player_disposals_over,Harrison Himmelberg,Over,16.0,29.5,20260524_013131
c2359222d8b43b27ad6d7cbc6f780932,Greater Western Sydney Giants,Brisbane Lions,2026-05-24T02:30:07Z,pointsbetau,PointsBet (AU),,player_disposals_over,Jayden Laverde,Over,20.0,29.5,20260524_013131
c2359222d8b43b27ad6d7cbc6f780932,Greater Western Sydney Giants,Brisbane Lions,2026-05-24T02:30:07Z,pointsbetau,PointsBet (AU),,player_disposals_over,Clayton Oliver,Over,1.67,29.5,20260524_013131
c2359222d8b43b27ad6d7cbc6f780932,Greater Western Sydney Giants,Brisbane Lions,2026-05-24T02:30:07Z,pointsbetau,PointsBet (AU),,player_disposals_over,Hugh McCluggage,Over,4.4,29.5,20260524_013131
c2359222d8b43b27ad6d7cbc6f780932,Greater Western Sydney Giants,Brisbane Lions,2026-05-24T02:30:07Z,pointsbetau,PointsBet (AU),,player_disposals_over,Zac Bailey,Over,10.0,29.5,20260524_013131
c2359222d8b43b27ad6d7cbc6f780932,Greater Western Sydney Giants,Brisbane Lions,2026-05-24T02:30:07Z,pointsbetau,PointsBet (AU),,player_disposals_over,Keidean Coleman,Over,10.0,29.5,20260524_013131
c2359222d8b43b27ad6d7cbc6f780932,Greater Western Sydney Giants,Brisbane Lions,2026-05-24T02:30:07Z,pointsbetau,PointsBet (AU),,player_disposals_over,Bruce Reville,Over,16.0,29.5,20260524_013131
c2359222d8b43b27ad6d7cbc6f780932,Greater Western Sydney Giants,Brisbane Lions,2026-05-24T02:30:07Z,pointsbetau,PointsBet (AU),,player_disposals_over,Darcy Wilmot,Over,3.7,29.5,20260524_013131
c2359222d8b43b27ad6d7cbc6f780932,Greater Western Sydney Giants,Brisbane Lions,2026-05-24T02:30:07Z,pointsbetau,PointsBet (AU),,player_disposals_over,Will Ashcroft,Over,2.4,29.5,20260524_013131
c2359222d8b43b27ad6d7cbc6f780932,Greater Western Sydney Giants,Brisbane Lions,2026-05-24T02:30:07Z,pointsbetau,PointsBet (AU),,player_disposals_over,Jaspa Fletcher,Over,12.0,29.5,20260524_013131
c2359222d8b43b27ad6d7cbc6f780932,Greater Western Sydney Giants,Brisbane Lions,2026-05-24T02:30:07Z,pointsbetau,PointsBet (AU),,player_disposals_over,Levi Ashcroft,Over,8.0,29.5,20260524_013131
c2359222d8b43b27ad6d7cbc6f780932,Greater Western Sydney Giants,Brisbane Lions,2026-05-24T02:30:07Z,pointsbetau,PointsBet (AU),,player_disposals_over,Lachie Neale,Over,1.83,29.5,20260524_013131
c2359222d8b43b27ad6d7cbc6f780932,Greater Western Sydney Giants,Brisbane Lions,2026-05-24T02:30:07Z,pointsbetau,PointsBet (AU),,player_disposals_over,Josh Dunkley,Over,8.0,29.5,20260524_013131
c2359222d8b43b27ad6d7cbc6f780932,Greater Western Sydney Giants,Brisbane Lions,2026-05-24T02:30:07Z,pointsbetau,PointsBet (AU),,player_disposals_over,Brent Daniels,Over,19.0,30.5,20260524_013131
c2359222d8b43b27ad6d7cbc6f780932,Greater Western Sydney Giants,Brisbane Lions,2026-05-24T02:30:07Z,pointsbetau,PointsBet (AU),,player_disposals_over,Connor Idun,Over,11.0,30.5,20260524_013131
c2359222d8b43b27ad6d7cbc6f780932,Greater Western Sydney Giants,Brisbane Lions,2026-05-24T02:30:07Z,pointsbetau,PointsBet (AU),,player_disposals_over,Lachlan Ash,Over,2.35,30.5,20260524_013131
c2359222d8b43b27ad6d7cbc6f780932,Greater Western Sydney Giants,Brisbane Lions,2026-05-24T02:30:07Z,pointsbetau,PointsBet (AU),,player_disposals_over,Finn Callaghan,Over,2.55,30.5,20260524_013131
c2359222d8b43b27ad6d7cbc6f780932,Greater Western Sydney Giants,Brisbane Lions,2026-05-24T02:30:07Z,pointsbetau,PointsBet (AU),,player_disposals_over,Harvey Thomas,Over,11.0,30.5,20260524_013131
c2359222d8b43b27ad6d7cbc6f780932,Greater Western Sydney Giants,Brisbane Lions,2026-05-24T02:30:07Z,pointsbetau,PointsBet (AU),,player_disposals_over,Joseph Fonti,Over,17.0,30.5,20260524_013131
c2359222d8b43b27ad6d7cbc6f780932,Greater Western Sydney Giants,Brisbane Lions,2026-05-24T02:30:07Z,pointsbetau,PointsBet (AU),,player_disposals_over,Stephen Coniglio,Over,17.0,30.5,20260524_013131
c2359222d8b43b27ad6d7cbc6f780932,Greater Western Sydney Giants,Brisbane Lions,2026-05-24T02:30:07Z,pointsbetau,PointsBet (AU),,player_disposals_over,Lachie Whitfield,Over,2.1,30.5,20260524_013131
c2359222d8b43b27ad6d7cbc6f780932,Greater Western Sydney Giants,Brisbane Lions,2026-05-24T02:30:07Z,pointsbetau,PointsBet (AU),,player_disposals_over,Toby Greene,Over,15.0,30.5,20260524_013131
c2359222d8b43b27ad6d7cbc6f780932,Greater Western Sydney Giants,Brisbane Lions,2026-05-24T02:30:07Z,pointsbetau,PointsBet (AU),,player_disposals_over,Harrison Himmelberg,Over,19.0,30.5,20260524_013131
c2359222d8b43b27ad6d7cbc6f780932,Greater Western Sydney Giants,Brisbane Lions,2026-05-24T02:30:07Z,pointsbetau,PointsBet (AU),,player_disposals_over,Clayton Oliver,Over,1.83,30.5,20260524_013131
c2359222d8b43b27ad6d7cbc6f780932,Greater Western Sydney Giants,Brisbane Lions,2026-05-24T02:30:07Z,pointsbetau,PointsBet (AU),,player_disposals_over,Hugh McCluggage,Over,5.25,30.5,20260524_013131
c2359222d8b43b27ad6d7cbc6f780932,Greater Western Sydney Giants,Brisbane Lions,2026-05-24T02:30:07Z,pointsbetau,PointsBet (AU),,player_disposals_over,Zac Bailey,Over,12.0,30.5,20260524_013131
c2359222d8b43b27ad6d7cbc6f780932,Greater Western Sydney Giants,Brisbane Lions,2026-05-24T02:30:07Z,pointsbetau,PointsBet (AU),,player_disposals_over,Keidean Coleman,Over,12.0,30.5,20260524_013131
c2359222d8b43b27ad6d7cbc6f780932,Greater Western Sydney Giants,Brisbane Lions,2026-05-24T02:30:07Z,pointsbetau,PointsBet (AU),,player_disposals_over,Darcy Wilmot,Over,4.4,30.5,20260524_013131
c2359222d8b43b27ad6d7cbc6f780932,Greater Western Sydney Giants,Brisbane Lions,2026-05-24T02:30:07Z,pointsbetau,PointsBet (AU),,player_disposals_over,Will Ashcroft,Over,2.75,30.5,20260524_013131
c2359222d8b43b27ad6d7cbc6f780932,Greater Western Sydney Giants,Brisbane Lions,2026-05-24T02:30:07Z,pointsbetau,PointsBet (AU),,player_disposals_over,Jaspa Fletcher,Over,15.0,30.5,20260524_013131
c2359222d8b43b27ad6d7cbc6f780932,Greater Western Sydney Giants,Brisbane Lions,2026-05-24T02:30:07Z,pointsbetau,PointsBet (AU),,player_disposals_over,Levi Ashcroft,Over,10.0,30.5,20260524_013131
c2359222d8b43b27ad6d7cbc6f780932,Greater Western Sydney Giants,Brisbane Lions,2026-05-24T02:30:07Z,pointsbetau,PointsBet (AU),,player_disposals_over,Lachie Neale,Over,2.1,30.5,20260524_013131
c2359222d8b43b27ad6d7cbc6f780932,Greater Western Sydney Giants,Brisbane Lions,2026-05-24T02:30:07Z,pointsbetau,PointsBet (AU),,player_disposals_over,Josh Dunkley,Over,10.0,30.5,20260524_013131
c2359222d8b43b27ad6d7cbc6f780932,Greater Western Sydney Giants,Brisbane Lions,2026-05-24T02:30:07Z,pointsbetau,PointsBet (AU),,player_disposals_over,Connor Idun,Over,13.0,31.5,20260524_013131
c2359222d8b43b27ad6d7cbc6f780932,Greater Western Sydney Giants,Brisbane Lions,2026-05-24T02:30:07Z,pointsbetau,PointsBet (AU),,player_disposals_over,Lachlan Ash,Over,2.7,31.5,20260524_013131
c2359222d8b43b27ad6d7cbc6f780932,Greater Western Sydney Giants,Brisbane Lions,2026-05-24T02:30:07Z,pointsbetau,PointsBet (AU),,player_disposals_over,Finn Callaghan,Over,2.9,31.5,20260524_013131
c2359222d8b43b27ad6d7cbc6f780932,Greater Western Sydney Giants,Brisbane Lions,2026-05-24T02:30:07Z,pointsbetau,PointsBet (AU),,player_disposals_over,Harvey Thomas,Over,13.0,31.5,20260524_013131
c2359222d8b43b27ad6d7cbc6f780932,Greater Western Sydney Giants,Brisbane Lions,2026-05-24T02:30:07Z,pointsbetau,PointsBet (AU),,player_disposals_over,Lachie Whitfield,Over,2.35,31.5,20260524_013131
c2359222d8b43b27ad6d7cbc6f780932,Greater Western Sydney Giants,Brisbane Lions,2026-05-24T02:30:07Z,pointsbetau,PointsBet (AU),,player_disposals_over,Toby Greene,Over,17.0,31.5,20260524_013131
c2359222d8b43b27ad6d7cbc6f780932,Greater Western Sydney Giants,Brisbane Lions,2026-05-24T02:30:07Z,pointsbetau,PointsBet (AU),,player_disposals_over,Clayton Oliver,Over,2.05,31.5,20260524_013131
c2359222d8b43b27ad6d7cbc6f780932,Greater Western Sydney Giants,Brisbane Lions,2026-05-24T02:30:07Z,pointsbetau,PointsBet (AU),,player_disposals_over,Hugh McCluggage,Over,6.0,31.5,20260524_013131
c2359222d8b43b27ad6d7cbc6f780932,Greater Western Sydney Giants,Brisbane Lions,2026-05-24T02:30:07Z,pointsbetau,PointsBet (AU),,player_disposals_over,Zac Bailey,Over,15.0,31.5,20260524_013131
c2359222d8b43b27ad6d7cbc6f780932,Greater Western Sydney Giants,Brisbane Lions,2026-05-24T02:30:07Z,pointsbetau,PointsBet (AU),,player_disposals_over,Keidean Coleman,Over,15.0,31.5,20260524_013131
c2359222d8b43b27ad6d7cbc6f780932,Greater Western Sydney Giants,Brisbane Lions,2026-05-24T02:30:07Z,pointsbetau,PointsBet (AU),,player_disposals_over,Darcy Wilmot,Over,5.0,31.5,20260524_013131
c2359222d8b43b27ad6d7cbc6f780932,Greater Western Sydney Giants,Brisbane Lions,2026-05-24T02:30:07Z,pointsbetau,PointsBet (AU),,player_disposals_over,Will Ashcroft,Over,3.25,31.5,20260524_013131
c2359222d8b43b27ad6d7cbc6f780932,Greater Western Sydney Giants,Brisbane Lions,2026-05-24T02:30:07Z,pointsbetau,PointsBet (AU),,player_disposals_over,Jaspa Fletcher,Over,19.0,31.5,20260524_013131
c2359222d8b43b27ad6d7cbc6f780932,Greater Western Sydney Giants,Brisbane Lions,2026-05-24T02:30:07Z,pointsbetau,PointsBet (AU),,player_disposals_over,Levi Ashcroft,Over,11.0,31.5,20260524_013131
c2359222d8b43b27ad6d7cbc6f780932,Greater Western Sydney Giants,Brisbane Lions,2026-05-24T02:30:07Z,pointsbetau,PointsBet (AU),,player_disposals_over,Lachie Neale,Over,2.35,31.5,20260524_013131
c2359222d8b43b27ad6d7cbc6f780932,Greater Western Sydney Giants,Brisbane Lions,2026-05-24T02:30:07Z,pointsbetau,PointsBet (AU),,player_disposals_over,Josh Dunkley,Over,11.0,31.5,20260524_013131
c2359222d8b43b27ad6d7cbc6f780932,Greater Western Sydney Giants,Brisbane Lions,2026-05-24T02:30:07Z,pointsbetau,PointsBet (AU),,player_disposals_over,Connor Idun,Over,16.0,32.5,20260524_013131
c2359222d8b43b27ad6d7cbc6f780932,Greater Western Sydney Giants,Brisbane Lions,2026-05-24T02:30:07Z,pointsbetau,PointsBet (AU),,player_disposals_over,Lachlan Ash,Over,3.1,32.5,20260524_013131
c2359222d8b43b27ad6d7cbc6f780932,Greater Western Sydney Giants,Brisbane Lions,2026-05-24T02:30:07Z,pointsbetau,PointsBet (AU),,player_disposals_over,Finn Callaghan,Over,3.4,32.5,20260524_013131
c2359222d8b43b27ad6d7cbc6f780932,Greater Western Sydney Giants,Brisbane Lions,2026-05-24T02:30:07Z,pointsbetau,PointsBet (AU),,player_disposals_over,Harvey Thomas,Over,16.0,32.5,20260524_013131
c2359222d8b43b27ad6d7cbc6f780932,Greater Western Sydney Giants,Brisbane Lions,2026-05-24T02:30:07Z,pointsbetau,PointsBet (AU),,player_disposals_over,Lachie Whitfield,Over,2.7,32.5,20260524_013131
c2359222d8b43b27ad6d7cbc6f780932,Greater Western Sydney Giants,Brisbane Lions,2026-05-24T02:30:07Z,pointsbetau,PointsBet (AU),,player_disposals_over,Toby Greene,Over,20.0,32.5,20260524_013131
c2359222d8b43b27ad6d7cbc6f780932,Greater Western Sydney Giants,Brisbane Lions,2026-05-24T02:30:07Z,pointsbetau,PointsBet (AU),,player_disposals_over,Clayton Oliver,Over,2.35,32.5,20260524_013131
c2359222d8b43b27ad6d7cbc6f780932,Greater Western Sydney Giants,Brisbane Lions,2026-05-24T02:30:07Z,pointsbetau,PointsBet (AU),,player_disposals_over,Hugh McCluggage,Over,7.5,32.5,20260524_013131
c2359222d8b43b27ad6d7cbc6f780932,Greater Western Sydney Giants,Brisbane Lions,2026-05-24T02:30:07Z,pointsbetau,PointsBet (AU),,player_disposals_over,Zac Bailey,Over,17.0,32.5,20260524_013131
c2359222d8b43b27ad6d7cbc6f780932,Greater Western Sydney Giants,Brisbane Lions,2026-05-24T02:30:07Z,pointsbetau,PointsBet (AU),,player_disposals_over,Keidean Coleman,Over,17.0,32.5,20260524_013131
c2359222d8b43b27ad6d7cbc6f780932,Greater Western Sydney Giants,Brisbane Lions,2026-05-24T02:30:07Z,pointsbetau,PointsBet (AU),,player_disposals_over,Darcy Wilmot,Over,5.75,32.5,20260524_013131
c2359222d8b43b27ad6d7cbc6f780932,Greater Western Sydney Giants,Brisbane Lions,2026-05-24T02:30:07Z,pointsbetau,PointsBet (AU),,player_disposals_over,Will Ashcroft,Over,3.7,32.5,20260524_013131
c2359222d8b43b27ad6d7cbc6f780932,Greater Western Sydney Giants,Brisbane Lions,2026-05-24T02:30:07Z,pointsbetau,PointsBet (AU),,player_disposals_over,Levi Ashcroft,Over,13.0,32.5,20260524_013131
c2359222d8b43b27ad6d7cbc6f780932,Greater Western Sydney Giants,Brisbane Lions,2026-05-24T02:30:07Z,pointsbetau,PointsBet (AU),,player_disposals_over,Lachie Neale,Over,2.7,32.5,20260524_013131
c2359222d8b43b27ad6d7cbc6f780932,Greater Western Sydney Giants,Brisbane Lions,2026-05-24T02:30:07Z,pointsbetau,PointsBet (AU),,player_disposals_over,Josh Dunkley,Over,13.0,32.5,20260524_013131
c2359222d8b43b27ad6d7cbc6f780932,Greater Western Sydney Giants,Brisbane Lions,2026-05-24T02:30:07Z,pointsbetau,PointsBet (AU),,player_disposals_over,Connor Idun,Over,20.0,33.5,20260524_013131
c2359222d8b43b27ad6d7cbc6f780932,Greater Western Sydney Giants,Brisbane Lions,2026-05-24T02:30:07Z,pointsbetau,PointsBet (AU),,player_disposals_over,Lachlan Ash,Over,3.7,33.5,20260524_013131
c2359222d8b43b27ad6d7cbc6f780932,Greater Western Sydney Giants,Brisbane Lions,2026-05-24T02:30:07Z,pointsbetau,PointsBet (AU),,player_disposals_over,Finn Callaghan,Over,3.9,33.5,20260524_013131
c2359222d8b43b27ad6d7cbc6f780932,Greater Western Sydney Giants,Brisbane Lions,2026-05-24T02:30:07Z,pointsbetau,PointsBet (AU),,player_disposals_over,Lachie Whitfield,Over,3.1,33.5,20260524_013131
c2359222d8b43b27ad6d7cbc6f780932,Greater Western Sydney Giants,Brisbane Lions,2026-05-24T02:30:07Z,pointsbetau,PointsBet (AU),,player_disposals_over,Clayton Oliver,Over,2.7,33.5,20260524_013131
c2359222d8b43b27ad6d7cbc6f780932,Greater Western Sydney Giants,Brisbane Lions,2026-05-24T02:30:07Z,pointsbetau,PointsBet (AU),,player_disposals_over,Hugh McCluggage,Over,9.5,33.5,20260524_013131
c2359222d8b43b27ad6d7cbc6f780932,Greater Western Sydney Giants,Brisbane Lions,2026-05-24T02:30:07Z,pointsbetau,PointsBet (AU),,player_disposals_over,Darcy Wilmot,Over,7.0,33.5,20260524_013131
c2359222d8b43b27ad6d7cbc6f780932,Greater Western Sydney Giants,Brisbane Lions,2026-05-24T02:30:07Z,pointsbetau,PointsBet (AU),,player_disposals_over,Will Ashcroft,Over,4.2,33.5,20260524_013131
c2359222d8b43b27ad6d7cbc6f780932,Greater Western Sydney Giants,Brisbane Lions,2026-05-24T02:30:07Z,pointsbetau,PointsBet (AU),,player_disposals_over,Levi Ashcroft,Over,16.0,33.5,20260524_013131
c2359222d8b43b27ad6d7cbc6f780932,Greater Western Sydney Giants,Brisbane Lions,2026-05-24T02:30:07Z,pointsbetau,PointsBet (AU),,player_disposals_over,Lachie Neale,Over,3.1,33.5,20260524_013131
c2359222d8b43b27ad6d7cbc6f780932,Greater Western Sydney Giants,Brisbane Lions,2026-05-24T02:30:07Z,pointsbetau,PointsBet (AU),,player_disposals_over,Josh Dunkley,Over,17.0,33.5,20260524_013131
c2359222d8b43b27ad6d7cbc6f780932,Greater Western Sydney Giants,Brisbane Lions,2026-05-24T02:30:07Z,pointsbetau,PointsBet (AU),,player_disposals_over,Lachlan Ash,Over,4.2,34.5,20260524_013131
c2359222d8b43b27ad6d7cbc6f780932,Greater Western Sydney Giants,Brisbane Lions,2026-05-24T02:30:07Z,pointsbetau,PointsBet (AU),,player_disposals_over,Finn Callaghan,Over,4.5,34.5,20260524_013131
c2359222d8b43b27ad6d7cbc6f780932,Greater Western Sydney Giants,Brisbane Lions,2026-05-24T02:30:07Z,pointsbetau,PointsBet (AU),,player_disposals_over,Lachie Whitfield,Over,3.6,34.5,20260524_013131
c2359222d8b43b27ad6d7cbc6f780932,Greater Western Sydney Giants,Brisbane Lions,2026-05-24T02:30:07Z,pointsbetau,PointsBet (AU),,player_disposals_over,Clayton Oliver,Over,3.0,34.5,20260524_013131
c2359222d8b43b27ad6d7cbc6f780932,Greater Western Sydney Giants,Brisbane Lions,2026-05-24T02:30:07Z,pointsbetau,PointsBet (AU),,player_disposals_over,Hugh McCluggage,Over,10.5,34.5,20260524_013131
c2359222d8b43b27ad6d7cbc6f780932,Greater Western Sydney Giants,Brisbane Lions,2026-05-24T02:30:07Z,pointsbetau,PointsBet (AU),,player_disposals_over,Darcy Wilmot,Over,9.5,34.5,20260524_013131
c2359222d8b43b27ad6d7cbc6f780932,Greater Western Sydney Giants,Brisbane Lions,2026-05-24T02:30:07Z,pointsbetau,PointsBet (AU),,player_disposals_over,Will Ashcroft,Over,5.0,34.5,20260524_013131
c2359222d8b43b27ad6d7cbc6f780932,Greater Western Sydney Giants,Brisbane Lions,2026-05-24T02:30:07Z,pointsbetau,PointsBet (AU),,player_disposals_over,Levi Ashcroft,Over,19.0,34.5,20260524_013131
c2359222d8b43b27ad6d7cbc6f780932,Greater Western Sydney Giants,Brisbane Lions,2026-05-24T02:30:07Z,pointsbetau,PointsBet (AU),,player_disposals_over,Lachie Neale,Over,3.6,34.5,20260524_013131
c2359222d8b43b27ad6d7cbc6f780932,Greater Western Sydney Giants,Brisbane Lions,2026-05-24T02:30:07Z,pointsbetau,PointsBet (AU),,player_disposals_over,Lachlan Ash,Over,5.0,35.5,20260524_013131
c2359222d8b43b27ad6d7cbc6f780932,Greater Western Sydney Giants,Brisbane Lions,2026-05-24T02:30:07Z,pointsbetau,PointsBet (AU),,player_disposals_over,Finn Callaghan,Over,5.25,35.5,20260524_013131
c2359222d8b43b27ad6d7cbc6f780932,Greater Western Sydney Giants,Brisbane Lions,2026-05-24T02:30:07Z,pointsbetau,PointsBet (AU),,player_disposals_over,Lachie Whitfield,Over,4.2,35.5,20260524_013131
c2359222d8b43b27ad6d7cbc6f780932,Greater Western Sydney Giants,Brisbane Lions,2026-05-24T02:30:07Z,pointsbetau,PointsBet (AU),,player_disposals_over,Clayton Oliver,Over,3.4,35.5,20260524_013131
c2359222d8b43b27ad6d7cbc6f780932,Greater Western Sydney Giants,Brisbane Lions,2026-05-24T02:30:07Z,pointsbetau,PointsBet (AU),,player_disposals_over,Hugh McCluggage,Over,13.0,35.5,20260524_013131
c2359222d8b43b27ad6d7cbc6f780932,Greater Western Sydney Giants,Brisbane Lions,2026-05-24T02:30:07Z,pointsbetau,PointsBet (AU),,player_disposals_over,Darcy Wilmot,Over,10.5,35.5,20260524_013131
c2359222d8b43b27ad6d7cbc6f780932,Greater Western Sydney Giants,Brisbane Lions,2026-05-24T02:30:07Z,pointsbetau,PointsBet (AU),,player_disposals_over,Will Ashcroft,Over,5.75,35.5,20260524_013131
c2359222d8b43b27ad6d7cbc6f780932,Greater Western Sydney Giants,Brisbane Lions,2026-05-24T02:30:07Z,pointsbetau,PointsBet (AU),,player_disposals_over,Lachie Neale,Over,4.2,35.5,20260524_013131
c2359222d8b43b27ad6d7cbc6f780932,Greater Western Sydney Giants,Brisbane Lions,2026-05-24T02:30:07Z,pointsbetau,PointsBet (AU),,player_disposals_over,Lachlan Ash,Over,5.75,36.5,20260524_013131
c2359222d8b43b27ad6d7cbc6f780932,Greater Western Sydney Giants,Brisbane Lions,2026-05-24T02:30:07Z,pointsbetau,PointsBet (AU),,player_disposals_over,Finn Callaghan,Over,6.0,36.5,20260524_013131
c2359222d8b43b27ad6d7cbc6f780932,Greater Western Sydney Giants,Brisbane Lions,2026-05-24T02:30:07Z,pointsbetau,PointsBet (AU),,player_disposals_over,Lachie Whitfield,Over,4.75,36.5,20260524_013131
c2359222d8b43b27ad6d7cbc6f780932,Greater Western Sydney Giants,Brisbane Lions,2026-05-24T02:30:07Z,pointsbetau,PointsBet (AU),,player_disposals_over,Clayton Oliver,Over,4.0,36.5,20260524_013131
c2359222d8b43b27ad6d7cbc6f780932,Greater Western Sydney Giants,Brisbane Lions,2026-05-24T02:30:07Z,pointsbetau,PointsBet (AU),,player_disposals_over,Hugh McCluggage,Over,16.0,36.5,20260524_013131
c2359222d8b43b27ad6d7cbc6f780932,Greater Western Sydney Giants,Brisbane Lions,2026-05-24T02:30:07Z,pointsbetau,PointsBet (AU),,player_disposals_over,Darcy Wilmot,Over,12.0,36.5,20260524_013131
c2359222d8b43b27ad6d7cbc6f780932,Greater Western Sydney Giants,Brisbane Lions,2026-05-24T02:30:07Z,pointsbetau,PointsBet (AU),,player_disposals_over,Will Ashcroft,Over,7.0,36.5,20260524_013131
c2359222d8b43b27ad6d7cbc6f780932,Greater Western Sydney Giants,Brisbane Lions,2026-05-24T02:30:07Z,pointsbetau,PointsBet (AU),,player_disposals_over,Lachie Neale,Over,4.75,36.5,20260524_013131
c2359222d8b43b27ad6d7cbc6f780932,Greater Western Sydney Giants,Brisbane Lions,2026-05-24T02:30:07Z,pointsbetau,PointsBet (AU),,player_disposals_over,Lachlan Ash,Over,6.5,37.5,20260524_013131
c2359222d8b43b27ad6d7cbc6f780932,Greater Western Sydney Giants,Brisbane Lions,2026-05-24T02:30:07Z,pointsbetau,PointsBet (AU),,player_disposals_over,Finn Callaghan,Over,7.5,37.5,20260524_013131
c2359222d8b43b27ad6d7cbc6f780932,Greater Western Sydney Giants,Brisbane Lions,2026-05-24T02:30:07Z,pointsbetau,PointsBet (AU),,player_disposals_over,Lachie Whitfield,Over,5.75,37.5,20260524_013131
c2359222d8b43b27ad6d7cbc6f780932,Greater Western Sydney Giants,Brisbane Lions,2026-05-24T02:30:07Z,pointsbetau,PointsBet (AU),,player_disposals_over,Clayton Oliver,Over,4.75,37.5,20260524_013131
c2359222d8b43b27ad6d7cbc6f780932,Greater Western Sydney Giants,Brisbane Lions,2026-05-24T02:30:07Z,pointsbetau,PointsBet (AU),,player_disposals_over,Hugh McCluggage,Over,20.0,37.5,20260524_013131
c2359222d8b43b27ad6d7cbc6f780932,Greater Western Sydney Giants,Brisbane Lions,2026-05-24T02:30:07Z,pointsbetau,PointsBet (AU),,player_disposals_over,Darcy Wilmot,Over,16.0,37.5,20260524_013131
c2359222d8b43b27ad6d7cbc6f780932,Greater Western Sydney Giants,Brisbane Lions,2026-05-24T02:30:07Z,pointsbetau,PointsBet (AU),,player_disposals_over,Will Ashcroft,Over,9.0,37.5,20260524_013131
c2359222d8b43b27ad6d7cbc6f780932,Greater Western Sydney Giants,Brisbane Lions,2026-05-24T02:30:07Z,pointsbetau,PointsBet (AU),,player_disposals_over,Lachie Neale,Over,6.0,37.5,20260524_013131
c2359222d8b43b27ad6d7cbc6f780932,Greater Western Sydney Giants,Brisbane Lions,2026-05-24T02:30:07Z,pointsbetau,PointsBet (AU),,player_disposals_over,Lachlan Ash,Over,8.0,38.5,20260524_013131
c2359222d8b43b27ad6d7cbc6f780932,Greater Western Sydney Giants,Brisbane Lions,2026-05-24T02:30:07Z,pointsbetau,PointsBet (AU),,player_disposals_over,Finn Callaghan,Over,9.5,38.5,20260524_013131
c2359222d8b43b27ad6d7cbc6f780932,Greater Western Sydney Giants,Brisbane Lions,2026-05-24T02:30:07Z,pointsbetau,PointsBet (AU),,player_disposals_over,Lachie Whitfield,Over,6.5,38.5,20260524_013131
c2359222d8b43b27ad6d7cbc6f780932,Greater Western Sydney Giants,Brisbane Lions,2026-05-24T02:30:07Z,pointsbetau,PointsBet (AU),,player_disposals_over,Clayton Oliver,Over,5.75,38.5,20260524_013131
c2359222d8b43b27ad6d7cbc6f780932,Greater Western Sydney Giants,Brisbane Lions,2026-05-24T02:30:07Z,pointsbetau,PointsBet (AU),,player_disposals_over,Darcy Wilmot,Over,19.0,38.5,20260524_013131
c2359222d8b43b27ad6d7cbc6f780932,Greater Western Sydney Giants,Brisbane Lions,2026-05-24T02:30:07Z,pointsbetau,PointsBet (AU),,player_disposals_over,Will Ashcroft,Over,10.0,38.5,20260524_013131
c2359222d8b43b27ad6d7cbc6f780932,Greater Western Sydney Giants,Brisbane Lions,2026-05-24T02:30:07Z,pointsbetau,PointsBet (AU),,player_disposals_over,Lachie Neale,Over,7.0,38.5,20260524_013131
c2359222d8b43b27ad6d7cbc6f780932,Greater Western Sydney Giants,Brisbane Lions,2026-05-24T02:30:07Z,pointsbetau,PointsBet (AU),,player_disposals_over,Lachlan Ash,Over,10.0,39.5,20260524_013131
c2359222d8b43b27ad6d7cbc6f780932,Greater Western Sydney Giants,Brisbane Lions,2026-05-24T02:30:07Z,pointsbetau,PointsBet (AU),,player_disposals_over,Finn Callaghan,Over,10.5,39.5,20260524_013131
c2359222d8b43b27ad6d7cbc6f780932,Greater Western Sydney Giants,Brisbane Lions,2026-05-24T02:30:07Z,pointsbetau,PointsBet (AU),,player_disposals_over,Lachie Whitfield,Over,8.5,39.5,20260524_013131
c2359222d8b43b27ad6d7cbc6f780932,Greater Western Sydney Giants,Brisbane Lions,2026-05-24T02:30:07Z,pointsbetau,PointsBet (AU),,player_disposals_over,Clayton Oliver,Over,6.5,39.5,20260524_013131
c2359222d8b43b27ad6d7cbc6f780932,Greater Western Sydney Giants,Brisbane Lions,2026-05-24T02:30:07Z,pointsbetau,PointsBet (AU),,player_disposals_over,Will Ashcroft,Over,12.0,39.5,20260524_013131
c2359222d8b43b27ad6d7cbc6f780932,Greater Western Sydney Giants,Brisbane Lions,2026-05-24T02:30:07Z,pointsbetau,PointsBet (AU),,player_disposals_over,Lachie Neale,Over,8.5,39.5,20260524_013131
c2359222d8b43b27ad6d7cbc6f780932,Greater Western Sydney Giants,Brisbane Lions,2026-05-24T02:30:07Z,pointsbetau,PointsBet (AU),,player_disposals_over,Jarrod Berry,Over,1.05,13.5,20260524_013131
c2359222d8b43b27ad6d7cbc6f780932,Greater Western Sydney Giants,Brisbane Lions,2026-05-24T02:30:07Z,pointsbetau,PointsBet (AU),,player_disposals_over,Jarrod Berry,Over,1.08,14.5,20260524_013131
c2359222d8b43b27ad6d7cbc6f780932,Greater Western Sydney Giants,Brisbane Lions,2026-05-24T02:30:07Z,pointsbetau,PointsBet (AU),,player_disposals_over,Jarrod Berry,Over,1.14,15.5,20260524_013131
c2359222d8b43b27ad6d7cbc6f780932,Greater Western Sydney Giants,Brisbane Lions,2026-05-24T02:30:07Z,pointsbetau,PointsBet (AU),,player_disposals_over,Jarrod Berry,Over,1.21,16.5,20260524_013131
c2359222d8b43b27ad6d7cbc6f780932,Greater Western Sydney Giants,Brisbane Lions,2026-05-24T02:30:07Z,pointsbetau,PointsBet (AU),,player_disposals_over,Jarrod Berry,Over,1.31,17.5,20260524_013131
c2359222d8b43b27ad6d7cbc6f780932,Greater Western Sydney Giants,Brisbane Lions,2026-05-24T02:30:07Z,pointsbetau,PointsBet (AU),,player_disposals_over,Jarrod Berry,Over,1.48,18.5,20260524_013131
c2359222d8b43b27ad6d7cbc6f780932,Greater Western Sydney Giants,Brisbane Lions,2026-05-24T02:30:07Z,pointsbetau,PointsBet (AU),,player_disposals_over,Jarrod Berry,Over,1.65,19.5,20260524_013131
c2359222d8b43b27ad6d7cbc6f780932,Greater Western Sydney Giants,Brisbane Lions,2026-05-24T02:30:07Z,pointsbetau,PointsBet (AU),,player_disposals_over,Jarrod Berry,Over,1.83,20.5,20260524_013131
c2359222d8b43b27ad6d7cbc6f780932,Greater Western Sydney Giants,Brisbane Lions,2026-05-24T02:30:07Z,pointsbetau,PointsBet (AU),,player_disposals_over,Jarrod Berry,Over,2.15,21.5,20260524_013131
c2359222d8b43b27ad6d7cbc6f780932,Greater Western Sydney Giants,Brisbane Lions,2026-05-24T02:30:07Z,pointsbetau,PointsBet (AU),,player_disposals_over,Jarrod Berry,Over,2.5,22.5,20260524_013131
c2359222d8b43b27ad6d7cbc6f780932,Greater Western Sydney Giants,Brisbane Lions,2026-05-24T02:30:07Z,pointsbetau,PointsBet (AU),,player_disposals_over,Jarrod Berry,Over,2.75,23.5,20260524_013131
c2359222d8b43b27ad6d7cbc6f780932,Greater Western Sydney Giants,Brisbane Lions,2026-05-24T02:30:07Z,pointsbetau,PointsBet (AU),,player_disposals_over,Jarrod Berry,Over,3.3,24.5,20260524_013131
c2359222d8b43b27ad6d7cbc6f780932,Greater Western Sydney Giants,Brisbane Lions,2026-05-24T02:30:07Z,pointsbetau,PointsBet (AU),,player_disposals_over,Jarrod Berry,Over,3.9,25.5,20260524_013131
c2359222d8b43b27ad6d7cbc6f780932,Greater Western Sydney Giants,Brisbane Lions,2026-05-24T02:30:07Z,pointsbetau,PointsBet (AU),,player_disposals_over,Jarrod Berry,Over,4.5,26.5,20260524_013131
c2359222d8b43b27ad6d7cbc6f780932,Greater Western Sydney Giants,Brisbane Lions,2026-05-24T02:30:07Z,pointsbetau,PointsBet (AU),,player_disposals_over,Jarrod Berry,Over,5.25,27.5,20260524_013131
c2359222d8b43b27ad6d7cbc6f780932,Greater Western Sydney Giants,Brisbane Lions,2026-05-24T02:30:07Z,pointsbetau,PointsBet (AU),,player_disposals_over,Jarrod Berry,Over,6.0,28.5,20260524_013131
c2359222d8b43b27ad6d7cbc6f780932,Greater Western Sydney Giants,Brisbane Lions,2026-05-24T02:30:07Z,pointsbetau,PointsBet (AU),,player_disposals_over,Jarrod Berry,Over,8.0,29.5,20260524_013131
c2359222d8b43b27ad6d7cbc6f780932,Greater Western Sydney Giants,Brisbane Lions,2026-05-24T02:30:07Z,pointsbetau,PointsBet (AU),,player_disposals_over,Jarrod Berry,Over,9.5,30.5,20260524_013131
c2359222d8b43b27ad6d7cbc6f780932,Greater Western Sydney Giants,Brisbane Lions,2026-05-24T02:30:07Z,pointsbetau,PointsBet (AU),,player_disposals_over,Jarrod Berry,Over,11.0,31.5,20260524_013131
c2359222d8b43b27ad6d7cbc6f780932,Greater Western Sydney Giants,Brisbane Lions,2026-05-24T02:30:07Z,pointsbetau,PointsBet (AU),,player_disposals_over,Jarrod Berry,Over,12.0,32.5,20260524_013131
c2359222d8b43b27ad6d7cbc6f780932,Greater Western Sydney Giants,Brisbane Lions,2026-05-24T02:30:07Z,pointsbetau,PointsBet (AU),,player_disposals_over,Jarrod Berry,Over,16.0,33.5,20260524_013131
c2359222d8b43b27ad6d7cbc6f780932,Greater Western Sydney Giants,Brisbane Lions,2026-05-24T02:30:07Z,pointsbetau,PointsBet (AU),,player_disposals_over,Jarrod Berry,Over,21.0,34.5,20260524_013131
c2359222d8b43b27ad6d7cbc6f780932,Greater Western Sydney Giants,Brisbane Lions,2026-05-24T02:30:07Z,pointsbetau,PointsBet (AU),,player_disposals_over,Dayne Zorko,Over,1.04,18.5,20260524_013131
c2359222d8b43b27ad6d7cbc6f780932,Greater Western Sydney Giants,Brisbane Lions,2026-05-24T02:30:07Z,pointsbetau,PointsBet (AU),,player_disposals_over,Dayne Zorko,Over,1.07,19.5,20260524_013131
c2359222d8b43b27ad6d7cbc6f780932,Greater Western Sydney Giants,Brisbane Lions,2026-05-24T02:30:07Z,pointsbetau,PointsBet (AU),,player_disposals_over,Dayne Zorko,Over,1.1,20.5,20260524_013131
c2359222d8b43b27ad6d7cbc6f780932,Greater Western Sydney Giants,Brisbane Lions,2026-05-24T02:30:07Z,pointsbetau,PointsBet (AU),,player_disposals_over,Dayne Zorko,Over,1.14,21.5,20260524_013131
c2359222d8b43b27ad6d7cbc6f780932,Greater Western Sydney Giants,Brisbane Lions,2026-05-24T02:30:07Z,pointsbetau,PointsBet (AU),,player_disposals_over,Dayne Zorko,Over,1.19,22.5,20260524_013131
c2359222d8b43b27ad6d7cbc6f780932,Greater Western Sydney Giants,Brisbane Lions,2026-05-24T02:30:07Z,pointsbetau,PointsBet (AU),,player_disposals_over,Dayne Zorko,Over,1.27,23.5,20260524_013131
c2359222d8b43b27ad6d7cbc6f780932,Greater Western Sydney Giants,Brisbane Lions,2026-05-24T02:30:07Z,pointsbetau,PointsBet (AU),,player_disposals_over,Dayne Zorko,Over,1.36,24.5,20260524_013131
c2359222d8b43b27ad6d7cbc6f780932,Greater Western Sydney Giants,Brisbane Lions,2026-05-24T02:30:07Z,pointsbetau,PointsBet (AU),,player_disposals_over,Dayne Zorko,Over,1.5,25.5,20260524_013131
c2359222d8b43b27ad6d7cbc6f780932,Greater Western Sydney Giants,Brisbane Lions,2026-05-24T02:30:07Z,pointsbetau,PointsBet (AU),,player_disposals_over,Dayne Zorko,Over,1.65,26.5,20260524_013131
c2359222d8b43b27ad6d7cbc6f780932,Greater Western Sydney Giants,Brisbane Lions,2026-05-24T02:30:07Z,pointsbetau,PointsBet (AU),,player_disposals_over,Dayne Zorko,Over,1.83,27.5,20260524_013131
c2359222d8b43b27ad6d7cbc6f780932,Greater Western Sydney Giants,Brisbane Lions,2026-05-24T02:30:07Z,pointsbetau,PointsBet (AU),,player_disposals_over,Dayne Zorko,Over,2.15,28.5,20260524_013131
c2359222d8b43b27ad6d7cbc6f780932,Greater Western Sydney Giants,Brisbane Lions,2026-05-24T02:30:07Z,pointsbetau,PointsBet (AU),,player_disposals_over,Dayne Zorko,Over,2.4,29.5,20260524_013131
c2359222d8b43b27ad6d7cbc6f780932,Greater Western Sydney Giants,Brisbane Lions,2026-05-24T02:30:07Z,pointsbetau,PointsBet (AU),,player_disposals_over,Dayne Zorko,Over,2.7,30.5,20260524_013131
c2359222d8b43b27ad6d7cbc6f780932,Greater Western Sydney Giants,Brisbane Lions,2026-05-24T02:30:07Z,pointsbetau,PointsBet (AU),,player_disposals_over,Dayne Zorko,Over,3.1,31.5,20260524_013131
c2359222d8b43b27ad6d7cbc6f780932,Greater Western Sydney Giants,Brisbane Lions,2026-05-24T02:30:07Z,pointsbetau,PointsBet (AU),,player_disposals_over,Dayne Zorko,Over,3.7,32.5,20260524_013131
c2359222d8b43b27ad6d7cbc6f780932,Greater Western Sydney Giants,Brisbane Lions,2026-05-24T02:30:07Z,pointsbetau,PointsBet (AU),,player_disposals_over,Dayne Zorko,Over,4.2,33.5,20260524_013131
c2359222d8b43b27ad6d7cbc6f780932,Greater Western Sydney Giants,Brisbane Lions,2026-05-24T02:30:07Z,pointsbetau,PointsBet (AU),,player_disposals_over,Dayne Zorko,Over,5.0,34.5,20260524_013131
c2359222d8b43b27ad6d7cbc6f780932,Greater Western Sydney Giants,Brisbane Lions,2026-05-24T02:30:07Z,pointsbetau,PointsBet (AU),,player_disposals_over,Dayne Zorko,Over,5.75,35.5,20260524_013131
c2359222d8b43b27ad6d7cbc6f780932,Greater Western Sydney Giants,Brisbane Lions,2026-05-24T02:30:07Z,pointsbetau,PointsBet (AU),,player_disposals_over,Dayne Zorko,Over,7.0,36.5,20260524_013131
c2359222d8b43b27ad6d7cbc6f780932,Greater Western Sydney Giants,Brisbane Lions,2026-05-24T02:30:07Z,pointsbetau,PointsBet (AU),,player_disposals_over,Dayne Zorko,Over,9.0,37.5,20260524_013131
c2359222d8b43b27ad6d7cbc6f780932,Greater Western Sydney Giants,Brisbane Lions,2026-05-24T02:30:07Z,pointsbetau,PointsBet (AU),,player_disposals_over,Dayne Zorko,Over,10.0,38.5,20260524_013131
c2359222d8b43b27ad6d7cbc6f780932,Greater Western Sydney Giants,Brisbane Lions,2026-05-24T02:30:07Z,pointsbetau,PointsBet (AU),,player_disposals_over,Dayne Zorko,Over,12.0,39.5,20260524_013131
c2359222d8b43b27ad6d7cbc6f780932,Greater Western Sydney Giants,Brisbane Lions,2026-05-24T02:30:07Z,pointsbetau,PointsBet (AU),,player_disposals_over,Darcy Wilmot,Over,3.1,28.0,20260524_013131
c2359222d8b43b27ad6d7cbc6f780932,Greater Western Sydney Giants,Brisbane Lions,2026-05-24T02:30:07Z,pointsbetau,PointsBet (AU),,player_disposals_over,Darcy Wilmot,Over,3.7,29.0,20260524_013131
c2359222d8b43b27ad6d7cbc6f780932,Greater Western Sydney Giants,Brisbane Lions,2026-05-24T02:30:07Z,pointsbetau,PointsBet (AU),,player_disposals_over,Bruce Reville,Over,4.4,22.0,20260524_013131
c2359222d8b43b27ad6d7cbc6f780932,Greater Western Sydney Giants,Brisbane Lions,2026-05-24T02:30:07Z,pointsbetau,PointsBet (AU),,player_disposals_over,Bruce Reville,Over,5.25,23.0,20260524_013131
c2359222d8b43b27ad6d7cbc6f780932,Greater Western Sydney Giants,Brisbane Lions,2026-05-24T02:30:07Z,pointsbetau,PointsBet (AU),,player_disposals_over,Jack Buckley,Over,1.11,9.0,20260524_013131
c2359222d8b43b27ad6d7cbc6f780932,Greater Western Sydney Giants,Brisbane Lions,2026-05-24T02:30:07Z,pointsbetau,PointsBet (AU),,player_disposals_over,Jack Buckley,Over,1.24,10.0,20260524_013131
c2359222d8b43b27ad6d7cbc6f780932,Greater Western Sydney Giants,Brisbane Lions,2026-05-24T02:30:07Z,pointsbetau,PointsBet (AU),,player_disposals_over,Jack Buckley,Over,1.36,11.0,20260524_013131
c2359222d8b43b27ad6d7cbc6f780932,Greater Western Sydney Giants,Brisbane Lions,2026-05-24T02:30:07Z,pointsbetau,PointsBet (AU),,player_disposals_over,Jack Buckley,Over,1.59,12.0,20260524_013131
c2359222d8b43b27ad6d7cbc6f780932,Greater Western Sydney Giants,Brisbane Lions,2026-05-24T02:30:07Z,pointsbetau,PointsBet (AU),,player_disposals_over,Jack Buckley,Over,1.83,13.0,20260524_013131
c2359222d8b43b27ad6d7cbc6f780932,Greater Western Sydney Giants,Brisbane Lions,2026-05-24T02:30:07Z,pointsbetau,PointsBet (AU),,player_disposals_over,Jack Buckley,Over,2.2,14.0,20260524_013131
c2359222d8b43b27ad6d7cbc6f780932,Greater Western Sydney Giants,Brisbane Lions,2026-05-24T02:30:07Z,pointsbetau,PointsBet (AU),,player_disposals_over,Jack Buckley,Over,2.55,15.0,20260524_013131
c2359222d8b43b27ad6d7cbc6f780932,Greater Western Sydney Giants,Brisbane Lions,2026-05-24T02:30:07Z,pointsbetau,PointsBet (AU),,player_disposals_over,Jack Buckley,Over,3.0,16.0,20260524_013131
c2359222d8b43b27ad6d7cbc6f780932,Greater Western Sydney Giants,Brisbane Lions,2026-05-24T02:30:07Z,pointsbetau,PointsBet (AU),,player_disposals_over,Jack Buckley,Over,3.6,17.0,20260524_013131
c2359222d8b43b27ad6d7cbc6f780932,Greater Western Sydney Giants,Brisbane Lions,2026-05-24T02:30:07Z,pointsbetau,PointsBet (AU),,player_disposals_over,Jack Buckley,Over,4.4,18.0,20260524_013131
c2359222d8b43b27ad6d7cbc6f780932,Greater Western Sydney Giants,Brisbane Lions,2026-05-24T02:30:07Z,pointsbetau,PointsBet (AU),,player_disposals_over,Callum Brown,Over,1.07,6.0,20260524_013131
c2359222d8b43b27ad6d7cbc6f780932,Greater Western Sydney Giants,Brisbane Lions,2026-05-24T02:30:07Z,pointsbetau,PointsBet (AU),,player_disposals_over,Callum Brown,Over,1.18,7.0,20260524_013131
c2359222d8b43b27ad6d7cbc6f780932,Greater Western Sydney Giants,Brisbane Lions,2026-05-24T02:30:07Z,pointsbetau,PointsBet (AU),,player_disposals_over,Callum Brown,Over,1.33,8.0,20260524_013131
c2359222d8b43b27ad6d7cbc6f780932,Greater Western Sydney Giants,Brisbane Lions,2026-05-24T02:30:07Z,pointsbetau,PointsBet (AU),,player_disposals_over,Callum Brown,Over,1.56,9.0,20260524_013131
c2359222d8b43b27ad6d7cbc6f780932,Greater Western Sydney Giants,Brisbane Lions,2026-05-24T02:30:07Z,pointsbetau,PointsBet (AU),,player_disposals_over,Callum Brown,Over,1.83,10.0,20260524_013131
c2359222d8b43b27ad6d7cbc6f780932,Greater Western Sydney Giants,Brisbane Lions,2026-05-24T02:30:07Z,pointsbetau,PointsBet (AU),,player_disposals_over,Callum Brown,Over,2.25,11.0,20260524_013131
c2359222d8b43b27ad6d7cbc6f780932,Greater Western Sydney Giants,Brisbane Lions,2026-05-24T02:30:07Z,pointsbetau,PointsBet (AU),,player_disposals_over,Callum Brown,Over,2.7,12.0,20260524_013131
c2359222d8b43b27ad6d7cbc6f780932,Greater Western Sydney Giants,Brisbane Lions,2026-05-24T02:30:07Z,pointsbetau,PointsBet (AU),,player_disposals_over,Callum Brown,Over,3.4,13.0,20260524_013131
c2359222d8b43b27ad6d7cbc6f780932,Greater Western Sydney Giants,Brisbane Lions,2026-05-24T02:30:07Z,pointsbetau,PointsBet (AU),,player_disposals_over,Callum Brown,Over,4.2,14.0,20260524_013131
c2359222d8b43b27ad6d7cbc6f780932,Greater Western Sydney Giants,Brisbane Lions,2026-05-24T02:30:07Z,pointsbetau,PointsBet (AU),,player_disposals_over,Callum Brown,Over,5.0,15.0,20260524_013131
c2359222d8b43b27ad6d7cbc6f780932,Greater Western Sydney Giants,Brisbane Lions,2026-05-24T02:30:07Z,pointsbetau,PointsBet (AU),,player_disposals_over,Will McLachlan,Over,1.27,6.0,20260524_013131
c2359222d8b43b27ad6d7cbc6f780932,Greater Western Sydney Giants,Brisbane Lions,2026-05-24T02:30:07Z,pointsbetau,PointsBet (AU),,player_disposals_over,Will McLachlan,Over,1.5,7.0,20260524_013131
c2359222d8b43b27ad6d7cbc6f780932,Greater Western Sydney Giants,Brisbane Lions,2026-05-24T02:30:07Z,pointsbetau,PointsBet (AU),,player_disposals_over,Will McLachlan,Over,1.87,8.0,20260524_013131
c2359222d8b43b27ad6d7cbc6f780932,Greater Western Sydney Giants,Brisbane Lions,2026-05-24T02:30:07Z,pointsbetau,PointsBet (AU),,player_disposals_over,Will McLachlan,Over,2.3,9.0,20260524_013131
c2359222d8b43b27ad6d7cbc6f780932,Greater Western Sydney Giants,Brisbane Lions,2026-05-24T02:30:07Z,pointsbetau,PointsBet (AU),,player_disposals_over,Will McLachlan,Over,2.85,10.0,20260524_013131
c2359222d8b43b27ad6d7cbc6f780932,Greater Western Sydney Giants,Brisbane Lions,2026-05-24T02:30:07Z,pointsbetau,PointsBet (AU),,player_disposals_over,Will McLachlan,Over,3.7,11.0,20260524_013131
c2359222d8b43b27ad6d7cbc6f780932,Greater Western Sydney Giants,Brisbane Lions,2026-05-24T02:30:07Z,pointsbetau,PointsBet (AU),,player_disposals_over,Will McLachlan,Over,4.75,12.0,20260524_013131
c2359222d8b43b27ad6d7cbc6f780932,Greater Western Sydney Giants,Brisbane Lions,2026-05-24T02:30:07Z,pointsbetau,PointsBet (AU),,player_disposals_over,Will McLachlan,Over,6.0,13.0,20260524_013131
c2359222d8b43b27ad6d7cbc6f780932,Greater Western Sydney Giants,Brisbane Lions,2026-05-24T02:30:07Z,pointsbetau,PointsBet (AU),,player_disposals_over,Will McLachlan,Over,9.0,14.0,20260524_013131
c2359222d8b43b27ad6d7cbc6f780932,Greater Western Sydney Giants,Brisbane Lions,2026-05-24T02:30:07Z,pointsbetau,PointsBet (AU),,player_disposals_over,Will McLachlan,Over,11.0,15.0,20260524_013131
c2359222d8b43b27ad6d7cbc6f780932,Greater Western Sydney Giants,Brisbane Lions,2026-05-24T02:30:07Z,pointsbetau,PointsBet (AU),,player_disposals_over,Ty Gallop,Over,1.08,6.0,20260524_013131
c2359222d8b43b27ad6d7cbc6f780932,Greater Western Sydney Giants,Brisbane Lions,2026-05-24T02:30:07Z,pointsbetau,PointsBet (AU),,player_disposals_over,Ty Gallop,Over,1.18,7.0,20260524_013131
c2359222d8b43b27ad6d7cbc6f780932,Greater Western Sydney Giants,Brisbane Lions,2026-05-24T02:30:07Z,pointsbetau,PointsBet (AU),,player_disposals_over,Ty Gallop,Over,1.33,8.0,20260524_013131
c2359222d8b43b27ad6d7cbc6f780932,Greater Western Sydney Giants,Brisbane Lions,2026-05-24T02:30:07Z,pointsbetau,PointsBet (AU),,player_disposals_over,Ty Gallop,Over,1.56,9.0,20260524_013131
c2359222d8b43b27ad6d7cbc6f780932,Greater Western Sydney Giants,Brisbane Lions,2026-05-24T02:30:07Z,pointsbetau,PointsBet (AU),,player_disposals_over,Ty Gallop,Over,1.87,10.0,20260524_013131
c2359222d8b43b27ad6d7cbc6f780932,Greater Western Sydney Giants,Brisbane Lions,2026-05-24T02:30:07Z,pointsbetau,PointsBet (AU),,player_disposals_over,Ty Gallop,Over,2.25,11.0,20260524_013131
c2359222d8b43b27ad6d7cbc6f780932,Greater Western Sydney Giants,Brisbane Lions,2026-05-24T02:30:07Z,pointsbetau,PointsBet (AU),,player_disposals_over,Ty Gallop,Over,2.7,12.0,20260524_013131
c2359222d8b43b27ad6d7cbc6f780932,Greater Western Sydney Giants,Brisbane Lions,2026-05-24T02:30:07Z,pointsbetau,PointsBet (AU),,player_disposals_over,Ty Gallop,Over,3.4,13.0,20260524_013131
c2359222d8b43b27ad6d7cbc6f780932,Greater Western Sydney Giants,Brisbane Lions,2026-05-24T02:30:07Z,pointsbetau,PointsBet (AU),,player_disposals_over,Ty Gallop,Over,4.2,14.0,20260524_013131
c2359222d8b43b27ad6d7cbc6f780932,Greater Western Sydney Giants,Brisbane Lions,2026-05-24T02:30:07Z,pointsbetau,PointsBet (AU),,player_disposals_over,Ty Gallop,Over,5.25,15.0,20260524_013131
c2359222d8b43b27ad6d7cbc6f780932,Greater Western Sydney Giants,Brisbane Lions,2026-05-24T02:30:07Z,pointsbetau,PointsBet (AU),,player_disposals_over,Will McLachlan,Over,16.0,16.0,20260524_013131
c2359222d8b43b27ad6d7cbc6f780932,Greater Western Sydney Giants,Brisbane Lions,2026-05-24T02:30:07Z,pointsbetau,PointsBet (AU),,player_disposals_over,Will McLachlan,Over,1.04,4.0,20260524_013131
c2359222d8b43b27ad6d7cbc6f780932,Greater Western Sydney Giants,Brisbane Lions,2026-05-24T02:30:07Z,pointsbetau,PointsBet (AU),,player_disposals_over,Will McLachlan,Over,1.13,5.0,20260524_013131
c2359222d8b43b27ad6d7cbc6f780932,Greater Western Sydney Giants,Brisbane Lions,2026-05-24T02:30:07Z,pointsbetau,PointsBet (AU),,player_disposals_over,Callum Brown,Over,1.56,9.5,20260524_013131
c2359222d8b43b27ad6d7cbc6f780932,Greater Western Sydney Giants,Brisbane Lions,2026-05-24T02:30:07Z,pointsbetau,PointsBet (AU),,player_disposals_over,Callum Brown,Over,1.83,10.5,20260524_013131
c2359222d8b43b27ad6d7cbc6f780932,Greater Western Sydney Giants,Brisbane Lions,2026-05-24T02:30:07Z,pointsbetau,PointsBet (AU),,player_disposals_over,Callum Brown,Over,2.25,11.5,20260524_013131
c2359222d8b43b27ad6d7cbc6f780932,Greater Western Sydney Giants,Brisbane Lions,2026-05-24T02:30:07Z,pointsbetau,PointsBet (AU),,player_disposals_over,Callum Brown,Over,2.7,12.5,20260524_013131
c2359222d8b43b27ad6d7cbc6f780932,Greater Western Sydney Giants,Brisbane Lions,2026-05-24T02:30:07Z,pointsbetau,PointsBet (AU),,player_disposals_over,Callum Brown,Over,3.4,13.5,20260524_013131
c2359222d8b43b27ad6d7cbc6f780932,Greater Western Sydney Giants,Brisbane Lions,2026-05-24T02:30:07Z,pointsbetau,PointsBet (AU),,player_disposals_over,Callum Brown,Over,4.2,14.5,20260524_013131
c2359222d8b43b27ad6d7cbc6f780932,Greater Western Sydney Giants,Brisbane Lions,2026-05-24T02:30:07Z,pointsbetau,PointsBet (AU),,player_disposals_over,Callum Brown,Over,5.0,15.5,20260524_013131
c2359222d8b43b27ad6d7cbc6f780932,Greater Western Sydney Giants,Brisbane Lions,2026-05-24T02:30:07Z,pointsbetau,PointsBet (AU),,player_disposals_over,Callum Brown,Over,6.5,16.5,20260524_013131
c2359222d8b43b27ad6d7cbc6f780932,Greater Western Sydney Giants,Brisbane Lions,2026-05-24T02:30:07Z,pointsbetau,PointsBet (AU),,player_disposals_over,Callum Brown,Over,9.0,17.5,20260524_013131
c2359222d8b43b27ad6d7cbc6f780932,Greater Western Sydney Giants,Brisbane Lions,2026-05-24T02:30:07Z,pointsbetau,PointsBet (AU),,player_disposals_over,Callum Brown,Over,11.0,18.5,20260524_013131
c2359222d8b43b27ad6d7cbc6f780932,Greater Western Sydney Giants,Brisbane Lions,2026-05-24T02:30:07Z,pointsbetau,PointsBet (AU),,player_disposals_over,Callum Brown,Over,15.0,19.5,20260524_013131
c2359222d8b43b27ad6d7cbc6f780932,Greater Western Sydney Giants,Brisbane Lions,2026-05-24T02:30:07Z,pointsbetau,PointsBet (AU),,player_disposals_over,Callum Brown,Over,17.0,20.5,20260524_013131
c2359222d8b43b27ad6d7cbc6f780932,Greater Western Sydney Giants,Brisbane Lions,2026-05-24T02:30:07Z,pointsbetau,PointsBet (AU),,player_disposals_over,Will McLachlan,Over,2.3,9.5,20260524_013131
c2359222d8b43b27ad6d7cbc6f780932,Greater Western Sydney Giants,Brisbane Lions,2026-05-24T02:30:07Z,pointsbetau,PointsBet (AU),,player_disposals_over,Will McLachlan,Over,2.85,10.5,20260524_013131
c2359222d8b43b27ad6d7cbc6f780932,Greater Western Sydney Giants,Brisbane Lions,2026-05-24T02:30:07Z,pointsbetau,PointsBet (AU),,player_disposals_over,Will McLachlan,Over,3.7,11.5,20260524_013131
c2359222d8b43b27ad6d7cbc6f780932,Greater Western Sydney Giants,Brisbane Lions,2026-05-24T02:30:07Z,pointsbetau,PointsBet (AU),,player_disposals_over,Will McLachlan,Over,4.75,12.5,20260524_013131
c2359222d8b43b27ad6d7cbc6f780932,Greater Western Sydney Giants,Brisbane Lions,2026-05-24T02:30:07Z,pointsbetau,PointsBet (AU),,player_disposals_over,Will McLachlan,Over,6.0,13.5,20260524_013131
c2359222d8b43b27ad6d7cbc6f780932,Greater Western Sydney Giants,Brisbane Lions,2026-05-24T02:30:07Z,pointsbetau,PointsBet (AU),,player_disposals_over,Will McLachlan,Over,9.0,14.5,20260524_013131
c2359222d8b43b27ad6d7cbc6f780932,Greater Western Sydney Giants,Brisbane Lions,2026-05-24T02:30:07Z,pointsbetau,PointsBet (AU),,player_disposals_over,Will McLachlan,Over,11.0,15.5,20260524_013131
c2359222d8b43b27ad6d7cbc6f780932,Greater Western Sydney Giants,Brisbane Lions,2026-05-24T02:30:07Z,pointsbetau,PointsBet (AU),,player_disposals_over,Will McLachlan,Over,16.0,16.5,20260524_013131
c2359222d8b43b27ad6d7cbc6f780932,Greater Western Sydney Giants,Brisbane Lions,2026-05-24T02:30:07Z,pointsbetau,PointsBet (AU),,player_disposals_over,Ty Gallop,Over,1.56,9.5,20260524_013131
c2359222d8b43b27ad6d7cbc6f780932,Greater Western Sydney Giants,Brisbane Lions,2026-05-24T02:30:07Z,pointsbetau,PointsBet (AU),,player_disposals_over,Ty Gallop,Over,1.87,10.5,20260524_013131
c2359222d8b43b27ad6d7cbc6f780932,Greater Western Sydney Giants,Brisbane Lions,2026-05-24T02:30:07Z,pointsbetau,PointsBet (AU),,player_disposals_over,Ty Gallop,Over,2.25,11.5,20260524_013131
c2359222d8b43b27ad6d7cbc6f780932,Greater Western Sydney Giants,Brisbane Lions,2026-05-24T02:30:07Z,pointsbetau,PointsBet (AU),,player_disposals_over,Ty Gallop,Over,2.7,12.5,20260524_013131
c2359222d8b43b27ad6d7cbc6f780932,Greater Western Sydney Giants,Brisbane Lions,2026-05-24T02:30:07Z,pointsbetau,PointsBet (AU),,player_disposals_over,Ty Gallop,Over,3.4,13.5,20260524_013131
c2359222d8b43b27ad6d7cbc6f780932,Greater Western Sydney Giants,Brisbane Lions,2026-05-24T02:30:07Z,pointsbetau,PointsBet (AU),,player_disposals_over,Ty Gallop,Over,4.2,14.5,20260524_013131
c2359222d8b43b27ad6d7cbc6f780932,Greater Western Sydney Giants,Brisbane Lions,2026-05-24T02:30:07Z,pointsbetau,PointsBet (AU),,player_disposals_over,Ty Gallop,Over,5.25,15.5,20260524_013131
c2359222d8b43b27ad6d7cbc6f780932,Greater Western Sydney Giants,Brisbane Lions,2026-05-24T02:30:07Z,pointsbetau,PointsBet (AU),,player_disposals_over,Ty Gallop,Over,6.5,16.5,20260524_013131
c2359222d8b43b27ad6d7cbc6f780932,Greater Western Sydney Giants,Brisbane Lions,2026-05-24T02:30:07Z,pointsbetau,PointsBet (AU),,player_disposals_over,Ty Gallop,Over,9.0,17.5,20260524_013131
c2359222d8b43b27ad6d7cbc6f780932,Greater Western Sydney Giants,Brisbane Lions,2026-05-24T02:30:07Z,pointsbetau,PointsBet (AU),,player_disposals_over,Ty Gallop,Over,11.0,18.5,20260524_013131
c2359222d8b43b27ad6d7cbc6f780932,Greater Western Sydney Giants,Brisbane Lions,2026-05-24T02:30:07Z,pointsbetau,PointsBet (AU),,player_disposals_over,Ty Gallop,Over,13.0,19.5,20260524_013131
c2359222d8b43b27ad6d7cbc6f780932,Greater Western Sydney Giants,Brisbane Lions,2026-05-24T02:30:07Z,pointsbetau,PointsBet (AU),,player_disposals_over,Ty Gallop,Over,17.0,20.5,20260524_013131
c2359222d8b43b27ad6d7cbc6f780932,Greater Western Sydney Giants,Brisbane Lions,2026-05-24T02:30:07Z,betr_au,Betr,,player_disposals_over,Aaron Cadman,Over,2.75,14.5,20260524_013131
c2359222d8b43b27ad6d7cbc6f780932,Greater Western Sydney Giants,Brisbane Lions,2026-05-24T02:30:07Z,betr_au,Betr,,player_disposals_over,Aaron Cadman,Over,8.5,19.5,20260524_013131
c2359222d8b43b27ad6d7cbc6f780932,Greater Western Sydney Giants,Brisbane Lions,2026-05-24T02:30:07Z,betr_au,Betr,,player_disposals_over,Brent Daniels,Over,1.3,14.5,20260524_013131
c2359222d8b43b27ad6d7cbc6f780932,Greater Western Sydney Giants,Brisbane Lions,2026-05-24T02:30:07Z,betr_au,Betr,,player_disposals_over,Brent Daniels,Over,2.6,19.5,20260524_013131
c2359222d8b43b27ad6d7cbc6f780932,Greater Western Sydney Giants,Brisbane Lions,2026-05-24T02:30:07Z,betr_au,Betr,,player_disposals_over,Brent Daniels,Over,7.5,24.5,20260524_013131
c2359222d8b43b27ad6d7cbc6f780932,Greater Western Sydney Giants,Brisbane Lions,2026-05-24T02:30:07Z,betr_au,Betr,,player_disposals_over,Brent Daniels,Over,21.0,29.5,20260524_013131
c2359222d8b43b27ad6d7cbc6f780932,Greater Western Sydney Giants,Brisbane Lions,2026-05-24T02:30:07Z,betr_au,Betr,,player_disposals_over,Bruce Reville,Over,1.25,14.5,20260524_013131
c2359222d8b43b27ad6d7cbc6f780932,Greater Western Sydney Giants,Brisbane Lions,2026-05-24T02:30:07Z,betr_au,Betr,,player_disposals_over,Bruce Reville,Over,2.3,19.5,20260524_013131
c2359222d8b43b27ad6d7cbc6f780932,Greater Western Sydney Giants,Brisbane Lions,2026-05-24T02:30:07Z,betr_au,Betr,,player_disposals_over,Bruce Reville,Over,6.5,24.5,20260524_013131
c2359222d8b43b27ad6d7cbc6f780932,Greater Western Sydney Giants,Brisbane Lions,2026-05-24T02:30:07Z,betr_au,Betr,,player_disposals_over,Bruce Reville,Over,23.0,29.5,20260524_013131
c2359222d8b43b27ad6d7cbc6f780932,Greater Western Sydney Giants,Brisbane Lions,2026-05-24T02:30:07Z,betr_au,Betr,,player_disposals_over,Callum Brown,Over,4.0,14.5,20260524_013131
c2359222d8b43b27ad6d7cbc6f780932,Greater Western Sydney Giants,Brisbane Lions,2026-05-24T02:30:07Z,betr_au,Betr,,player_disposals_over,Callum Brown,Over,13.0,19.5,20260524_013131
c2359222d8b43b27ad6d7cbc6f780932,Greater Western Sydney Giants,Brisbane Lions,2026-05-24T02:30:07Z,betr_au,Betr,,player_disposals_over,Cameron Rayner,Over,1.6,14.5,20260524_013131
c2359222d8b43b27ad6d7cbc6f780932,Greater Western Sydney Giants,Brisbane Lions,2026-05-24T02:30:07Z,betr_au,Betr,,player_disposals_over,Cameron Rayner,Over,3.75,19.5,20260524_013131
c2359222d8b43b27ad6d7cbc6f780932,Greater Western Sydney Giants,Brisbane Lions,2026-05-24T02:30:07Z,betr_au,Betr,,player_disposals_over,Cameron Rayner,Over,11.0,24.5,20260524_013131
c2359222d8b43b27ad6d7cbc6f780932,Greater Western Sydney Giants,Brisbane Lions,2026-05-24T02:30:07Z,betr_au,Betr,,player_disposals_over,Cameron Rayner,Over,36.0,29.5,20260524_013131
c2359222d8b43b27ad6d7cbc6f780932,Greater Western Sydney Giants,Brisbane Lions,2026-05-24T02:30:07Z,betr_au,Betr,,player_disposals_over,Charlie Cameron,Over,2.25,14.5,20260524_013131
c2359222d8b43b27ad6d7cbc6f780932,Greater Western Sydney Giants,Brisbane Lions,2026-05-24T02:30:07Z,betr_au,Betr,,player_disposals_over,Charlie Cameron,Over,7.5,19.5,20260524_013131
c2359222d8b43b27ad6d7cbc6f780932,Greater Western Sydney Giants,Brisbane Lions,2026-05-24T02:30:07Z,betr_au,Betr,,player_disposals_over,Clayton Oliver,Over,1.15,24.5,20260524_013131
c2359222d8b43b27ad6d7cbc6f780932,Greater Western Sydney Giants,Brisbane Lions,2026-05-24T02:30:07Z,betr_au,Betr,,player_disposals_over,Clayton Oliver,Over,1.65,29.5,20260524_013131
c2359222d8b43b27ad6d7cbc6f780932,Greater Western Sydney Giants,Brisbane Lions,2026-05-24T02:30:07Z,betr_au,Betr,,player_disposals_over,Clayton Oliver,Over,2.9,34.5,20260524_013131
c2359222d8b43b27ad6d7cbc6f780932,Greater Western Sydney Giants,Brisbane Lions,2026-05-24T02:30:07Z,betr_au,Betr,,player_disposals_over,Clayton Oliver,Over,6.5,39.5,20260524_013131
c2359222d8b43b27ad6d7cbc6f780932,Greater Western Sydney Giants,Brisbane Lions,2026-05-24T02:30:07Z,betr_au,Betr,,player_disposals_over,Connor Idun,Over,1.08,14.5,20260524_013131
c2359222d8b43b27ad6d7cbc6f780932,Greater Western Sydney Giants,Brisbane Lions,2026-05-24T02:30:07Z,betr_au,Betr,,player_disposals_over,Connor Idun,Over,1.65,19.5,20260524_013131
c2359222d8b43b27ad6d7cbc6f780932,Greater Western Sydney Giants,Brisbane Lions,2026-05-24T02:30:07Z,betr_au,Betr,,player_disposals_over,Connor Idun,Over,3.75,24.5,20260524_013131
c2359222d8b43b27ad6d7cbc6f780932,Greater Western Sydney Giants,Brisbane Lions,2026-05-24T02:30:07Z,betr_au,Betr,,player_disposals_over,Connor Idun,Over,9.5,29.5,20260524_013131
c2359222d8b43b27ad6d7cbc6f780932,Greater Western Sydney Giants,Brisbane Lions,2026-05-24T02:30:07Z,betr_au,Betr,,player_disposals_over,Connor Idun,Over,34.0,34.5,20260524_013131
c2359222d8b43b27ad6d7cbc6f780932,Greater Western Sydney Giants,Brisbane Lions,2026-05-24T02:30:07Z,betr_au,Betr,,player_disposals_over,Conor McKenna,Over,2.8,14.5,20260524_013131
c2359222d8b43b27ad6d7cbc6f780932,Greater Western Sydney Giants,Brisbane Lions,2026-05-24T02:30:07Z,betr_au,Betr,,player_disposals_over,Conor McKenna,Over,9.0,19.5,20260524_013131
c2359222d8b43b27ad6d7cbc6f780932,Greater Western Sydney Giants,Brisbane Lions,2026-05-24T02:30:07Z,betr_au,Betr,,player_disposals_over,Conor Stone,Over,1.95,14.5,20260524_013131
c2359222d8b43b27ad6d7cbc6f780932,Greater Western Sydney Giants,Brisbane Lions,2026-05-24T02:30:07Z,betr_au,Betr,,player_disposals_over,Conor Stone,Over,5.0,19.5,20260524_013131
c2359222d8b43b27ad6d7cbc6f780932,Greater Western Sydney Giants,Brisbane Lions,2026-05-24T02:30:07Z,betr_au,Betr,,player_disposals_over,Conor Stone,Over,13.0,24.5,20260524_013131
c2359222d8b43b27ad6d7cbc6f780932,Greater Western Sydney Giants,Brisbane Lions,2026-05-24T02:30:07Z,betr_au,Betr,,player_disposals_over,Darcy Fort,Over,2.0,14.5,20260524_013131
c2359222d8b43b27ad6d7cbc6f780932,Greater Western Sydney Giants,Brisbane Lions,2026-05-24T02:30:07Z,betr_au,Betr,,player_disposals_over,Darcy Fort,Over,6.0,19.5,20260524_013131
c2359222d8b43b27ad6d7cbc6f780932,Greater Western Sydney Giants,Brisbane Lions,2026-05-24T02:30:07Z,betr_au,Betr,,player_disposals_over,Darcy Fort,Over,17.0,24.5,20260524_013131
c2359222d8b43b27ad6d7cbc6f780932,Greater Western Sydney Giants,Brisbane Lions,2026-05-24T02:30:07Z,betr_au,Betr,,player_disposals_over,Darcy Gardiner,Over,3.5,14.5,20260524_013131
c2359222d8b43b27ad6d7cbc6f780932,Greater Western Sydney Giants,Brisbane Lions,2026-05-24T02:30:07Z,betr_au,Betr,,player_disposals_over,Darcy Gardiner,Over,11.0,19.5,20260524_013131
c2359222d8b43b27ad6d7cbc6f780932,Greater Western Sydney Giants,Brisbane Lions,2026-05-24T02:30:07Z,betr_au,Betr,,player_disposals_over,Darcy Wilmot,Over,1.2,19.5,20260524_013131
c2359222d8b43b27ad6d7cbc6f780932,Greater Western Sydney Giants,Brisbane Lions,2026-05-24T02:30:07Z,betr_au,Betr,,player_disposals_over,Darcy Wilmot,Over,1.9,24.5,20260524_013131
c2359222d8b43b27ad6d7cbc6f780932,Greater Western Sydney Giants,Brisbane Lions,2026-05-24T02:30:07Z,betr_au,Betr,,player_disposals_over,Darcy Wilmot,Over,4.5,29.5,20260524_013131
c2359222d8b43b27ad6d7cbc6f780932,Greater Western Sydney Giants,Brisbane Lions,2026-05-24T02:30:07Z,betr_au,Betr,,player_disposals_over,Darcy Wilmot,Over,10.0,34.5,20260524_013131
c2359222d8b43b27ad6d7cbc6f780932,Greater Western Sydney Giants,Brisbane Lions,2026-05-24T02:30:07Z,betr_au,Betr,,player_disposals_over,Darcy Wilmot,Over,41.0,39.5,20260524_013131
c2359222d8b43b27ad6d7cbc6f780932,Greater Western Sydney Giants,Brisbane Lions,2026-05-24T02:30:07Z,betr_au,Betr,,player_disposals_over,Finn Callaghan,Over,1.05,19.5,20260524_013131
c2359222d8b43b27ad6d7cbc6f780932,Greater Western Sydney Giants,Brisbane Lions,2026-05-24T02:30:07Z,betr_au,Betr,,player_disposals_over,Finn Callaghan,Over,1.3,24.5,20260524_013131
c2359222d8b43b27ad6d7cbc6f780932,Greater Western Sydney Giants,Brisbane Lions,2026-05-24T02:30:07Z,betr_au,Betr,,player_disposals_over,Finn Callaghan,Over,2.1,29.5,20260524_013131
c2359222d8b43b27ad6d7cbc6f780932,Greater Western Sydney Giants,Brisbane Lions,2026-05-24T02:30:07Z,betr_au,Betr,,player_disposals_over,Finn Callaghan,Over,4.0,34.5,20260524_013131
c2359222d8b43b27ad6d7cbc6f780932,Greater Western Sydney Giants,Brisbane Lions,2026-05-24T02:30:07Z,betr_au,Betr,,player_disposals_over,Finn Callaghan,Over,10.0,39.5,20260524_013131
c2359222d8b43b27ad6d7cbc6f780932,Greater Western Sydney Giants,Brisbane Lions,2026-05-24T02:30:07Z,betr_au,Betr,,player_disposals_over,Harris Andrews,Over,1.65,14.5,20260524_013131
c2359222d8b43b27ad6d7cbc6f780932,Greater Western Sydney Giants,Brisbane Lions,2026-05-24T02:30:07Z,betr_au,Betr,,player_disposals_over,Harris Andrews,Over,4.5,19.5,20260524_013131
c2359222d8b43b27ad6d7cbc6f780932,Greater Western Sydney Giants,Brisbane Lions,2026-05-24T02:30:07Z,betr_au,Betr,,player_disposals_over,Harris Andrews,Over,13.0,24.5,20260524_013131
c2359222d8b43b27ad6d7cbc6f780932,Greater Western Sydney Giants,Brisbane Lions,2026-05-24T02:30:07Z,betr_au,Betr,,player_disposals_over,Harris Andrews,Over,36.0,29.5,20260524_013131
c2359222d8b43b27ad6d7cbc6f780932,Greater Western Sydney Giants,Brisbane Lions,2026-05-24T02:30:07Z,betr_au,Betr,,player_disposals_over,Harrison Himmelberg,Over,1.3,14.5,20260524_013131
c2359222d8b43b27ad6d7cbc6f780932,Greater Western Sydney Giants,Brisbane Lions,2026-05-24T02:30:07Z,betr_au,Betr,,player_disposals_over,Harrison Himmelberg,Over,2.6,19.5,20260524_013131
c2359222d8b43b27ad6d7cbc6f780932,Greater Western Sydney Giants,Brisbane Lions,2026-05-24T02:30:07Z,betr_au,Betr,,player_disposals_over,Harrison Himmelberg,Over,7.5,24.5,20260524_013131
c2359222d8b43b27ad6d7cbc6f780932,Greater Western Sydney Giants,Brisbane Lions,2026-05-24T02:30:07Z,betr_au,Betr,,player_disposals_over,Harrison Himmelberg,Over,21.0,29.5,20260524_013131
c2359222d8b43b27ad6d7cbc6f780932,Greater Western Sydney Giants,Brisbane Lions,2026-05-24T02:30:07Z,betr_au,Betr,,player_disposals_over,Harrison Himmelberg,Over,56.0,34.5,20260524_013131
c2359222d8b43b27ad6d7cbc6f780932,Greater Western Sydney Giants,Brisbane Lions,2026-05-24T02:30:07Z,betr_au,Betr,,player_disposals_over,Harvey Thomas,Over,1.06,14.5,20260524_013131
c2359222d8b43b27ad6d7cbc6f780932,Greater Western Sydney Giants,Brisbane Lions,2026-05-24T02:30:07Z,betr_au,Betr,,player_disposals_over,Harvey Thomas,Over,1.55,19.5,20260524_013131
c2359222d8b43b27ad6d7cbc6f780932,Greater Western Sydney Giants,Brisbane Lions,2026-05-24T02:30:07Z,betr_au,Betr,,player_disposals_over,Harvey Thomas,Over,3.3,24.5,20260524_013131
c2359222d8b43b27ad6d7cbc6f780932,Greater Western Sydney Giants,Brisbane Lions,2026-05-24T02:30:07Z,betr_au,Betr,,player_disposals_over,Harvey Thomas,Over,9.0,29.5,20260524_013131
c2359222d8b43b27ad6d7cbc6f780932,Greater Western Sydney Giants,Brisbane Lions,2026-05-24T02:30:07Z,betr_au,Betr,,player_disposals_over,Harvey Thomas,Over,29.0,34.5,20260524_013131
c2359222d8b43b27ad6d7cbc6f780932,Greater Western Sydney Giants,Brisbane Lions,2026-05-24T02:30:07Z,betr_au,Betr,,player_disposals_over,Hugh McCluggage,Over,1.25,19.5,20260524_013131
c2359222d8b43b27ad6d7cbc6f780932,Greater Western Sydney Giants,Brisbane Lions,2026-05-24T02:30:07Z,betr_au,Betr,,player_disposals_over,Hugh McCluggage,Over,2.1,24.5,20260524_013131
c2359222d8b43b27ad6d7cbc6f780932,Greater Western Sydney Giants,Brisbane Lions,2026-05-24T02:30:07Z,betr_au,Betr,,player_disposals_over,Hugh McCluggage,Over,4.8,29.5,20260524_013131
c2359222d8b43b27ad6d7cbc6f780932,Greater Western Sydney Giants,Brisbane Lions,2026-05-24T02:30:07Z,betr_au,Betr,,player_disposals_over,Hugh McCluggage,Over,13.0,34.5,20260524_013131
c2359222d8b43b27ad6d7cbc6f780932,Greater Western Sydney Giants,Brisbane Lions,2026-05-24T02:30:07Z,betr_au,Betr,,player_disposals_over,Hugh McCluggage,Over,51.0,39.5,20260524_013131
c2359222d8b43b27ad6d7cbc6f780932,Greater Western Sydney Giants,Brisbane Lions,2026-05-24T02:30:07Z,betr_au,Betr,,player_disposals_over,Jack Buckley,Over,2.25,14.5,20260524_013131
c2359222d8b43b27ad6d7cbc6f780932,Greater Western Sydney Giants,Brisbane Lions,2026-05-24T02:30:07Z,betr_au,Betr,,player_disposals_over,Jack Buckley,Over,6.5,19.5,20260524_013131
c2359222d8b43b27ad6d7cbc6f780932,Greater Western Sydney Giants,Brisbane Lions,2026-05-24T02:30:07Z,betr_au,Betr,,player_disposals_over,Jack Buckley,Over,34.0,24.5,20260524_013131
c2359222d8b43b27ad6d7cbc6f780932,Greater Western Sydney Giants,Brisbane Lions,2026-05-24T02:30:07Z,betr_au,Betr,,player_disposals_over,Jake Riccardi,Over,2.25,14.5,20260524_013131
c2359222d8b43b27ad6d7cbc6f780932,Greater Western Sydney Giants,Brisbane Lions,2026-05-24T02:30:07Z,betr_au,Betr,,player_disposals_over,Jake Riccardi,Over,7.0,19.5,20260524_013131
c2359222d8b43b27ad6d7cbc6f780932,Greater Western Sydney Giants,Brisbane Lions,2026-05-24T02:30:07Z,betr_au,Betr,,player_disposals_over,Jake Riccardi,Over,21.0,24.5,20260524_013131
c2359222d8b43b27ad6d7cbc6f780932,Greater Western Sydney Giants,Brisbane Lions,2026-05-24T02:30:07Z,betr_au,Betr,,player_disposals_over,Jake Stringer,Over,2.25,14.5,20260524_013131
c2359222d8b43b27ad6d7cbc6f780932,Greater Western Sydney Giants,Brisbane Lions,2026-05-24T02:30:07Z,betr_au,Betr,,player_disposals_over,Jake Stringer,Over,6.5,19.5,20260524_013131
c2359222d8b43b27ad6d7cbc6f780932,Greater Western Sydney Giants,Brisbane Lions,2026-05-24T02:30:07Z,betr_au,Betr,,player_disposals_over,Jake Stringer,Over,34.0,24.5,20260524_013131
c2359222d8b43b27ad6d7cbc6f780932,Greater Western Sydney Giants,Brisbane Lions,2026-05-24T02:30:07Z,betr_au,Betr,,player_disposals_over,James Tunstill,Over,1.95,14.5,20260524_013131
c2359222d8b43b27ad6d7cbc6f780932,Greater Western Sydney Giants,Brisbane Lions,2026-05-24T02:30:07Z,betr_au,Betr,,player_disposals_over,James Tunstill,Over,6.0,19.5,20260524_013131
c2359222d8b43b27ad6d7cbc6f780932,Greater Western Sydney Giants,Brisbane Lions,2026-05-24T02:30:07Z,betr_au,Betr,,player_disposals_over,Jarrod Berry,Over,1.07,14.5,20260524_013131
c2359222d8b43b27ad6d7cbc6f780932,Greater Western Sydney Giants,Brisbane Lions,2026-05-24T02:30:07Z,betr_au,Betr,,player_disposals_over,Jarrod Berry,Over,1.6,19.5,20260524_013131
c2359222d8b43b27ad6d7cbc6f780932,Greater Western Sydney Giants,Brisbane Lions,2026-05-24T02:30:07Z,betr_au,Betr,,player_disposals_over,Jarrod Berry,Over,4.0,24.5,20260524_013131
c2359222d8b43b27ad6d7cbc6f780932,Greater Western Sydney Giants,Brisbane Lions,2026-05-24T02:30:07Z,betr_au,Betr,,player_disposals_over,Jarrod Berry,Over,10.0,29.5,20260524_013131
c2359222d8b43b27ad6d7cbc6f780932,Greater Western Sydney Giants,Brisbane Lions,2026-05-24T02:30:07Z,betr_au,Betr,,player_disposals_over,Jaspa Fletcher,Over,1.15,14.5,20260524_013131
c2359222d8b43b27ad6d7cbc6f780932,Greater Western Sydney Giants,Brisbane Lions,2026-05-24T02:30:07Z,betr_au,Betr,,player_disposals_over,Jaspa Fletcher,Over,1.95,19.5,20260524_013131
c2359222d8b43b27ad6d7cbc6f780932,Greater Western Sydney Giants,Brisbane Lions,2026-05-24T02:30:07Z,betr_au,Betr,,player_disposals_over,Jaspa Fletcher,Over,4.8,24.5,20260524_013131
c2359222d8b43b27ad6d7cbc6f780932,Greater Western Sydney Giants,Brisbane Lions,2026-05-24T02:30:07Z,betr_au,Betr,,player_disposals_over,Jaspa Fletcher,Over,15.0,29.5,20260524_013131
c2359222d8b43b27ad6d7cbc6f780932,Greater Western Sydney Giants,Brisbane Lions,2026-05-24T02:30:07Z,betr_au,Betr,,player_disposals_over,Jaspa Fletcher,Over,51.0,34.5,20260524_013131
c2359222d8b43b27ad6d7cbc6f780932,Greater Western Sydney Giants,Brisbane Lions,2026-05-24T02:30:07Z,betr_au,Betr,,player_disposals_over,Jayden Laverde,Over,1.45,14.5,20260524_013131
c2359222d8b43b27ad6d7cbc6f780932,Greater Western Sydney Giants,Brisbane Lions,2026-05-24T02:30:07Z,betr_au,Betr,,player_disposals_over,Jayden Laverde,Over,3.3,19.5,20260524_013131
c2359222d8b43b27ad6d7cbc6f780932,Greater Western Sydney Giants,Brisbane Lions,2026-05-24T02:30:07Z,betr_au,Betr,,player_disposals_over,Jayden Laverde,Over,9.5,24.5,20260524_013131
c2359222d8b43b27ad6d7cbc6f780932,Greater Western Sydney Giants,Brisbane Lions,2026-05-24T02:30:07Z,betr_au,Betr,,player_disposals_over,Jayden Laverde,Over,31.0,29.5,20260524_013131
c2359222d8b43b27ad6d7cbc6f780932,Greater Western Sydney Giants,Brisbane Lions,2026-05-24T02:30:07Z,betr_au,Betr,,player_disposals_over,Joseph Fonti,Over,1.3,14.5,20260524_013131
c2359222d8b43b27ad6d7cbc6f780932,Greater Western Sydney Giants,Brisbane Lions,2026-05-24T02:30:07Z,betr_au,Betr,,player_disposals_over,Joseph Fonti,Over,2.75,19.5,20260524_013131
c2359222d8b43b27ad6d7cbc6f780932,Greater Western Sydney Giants,Brisbane Lions,2026-05-24T02:30:07Z,betr_au,Betr,,player_disposals_over,Joseph Fonti,Over,7.0,24.5,20260524_013131
c2359222d8b43b27ad6d7cbc6f780932,Greater Western Sydney Giants,Brisbane Lions,2026-05-24T02:30:07Z,betr_au,Betr,,player_disposals_over,Joseph Fonti,Over,21.0,29.5,20260524_013131
c2359222d8b43b27ad6d7cbc6f780932,Greater Western Sydney Giants,Brisbane Lions,2026-05-24T02:30:07Z,betr_au,Betr,,player_disposals_over,Josh Dunkley,Over,1.05,14.5,20260524_013131
c2359222d8b43b27ad6d7cbc6f780932,Greater Western Sydney Giants,Brisbane Lions,2026-05-24T02:30:07Z,betr_au,Betr,,player_disposals_over,Josh Dunkley,Over,1.4,19.5,20260524_013131
c2359222d8b43b27ad6d7cbc6f780932,Greater Western Sydney Giants,Brisbane Lions,2026-05-24T02:30:07Z,betr_au,Betr,,player_disposals_over,Josh Dunkley,Over,2.85,24.5,20260524_013131
c2359222d8b43b27ad6d7cbc6f780932,Greater Western Sydney Giants,Brisbane Lions,2026-05-24T02:30:07Z,betr_au,Betr,,player_disposals_over,Josh Dunkley,Over,7.5,29.5,20260524_013131
c2359222d8b43b27ad6d7cbc6f780932,Greater Western Sydney Giants,Brisbane Lions,2026-05-24T02:30:07Z,betr_au,Betr,,player_disposals_over,Josh Dunkley,Over,26.0,34.5,20260524_013131
c2359222d8b43b27ad6d7cbc6f780932,Greater Western Sydney Giants,Brisbane Lions,2026-05-24T02:30:07Z,betr_au,Betr,,player_disposals_over,Kai Lohmann,Over,2.25,14.5,20260524_013131
c2359222d8b43b27ad6d7cbc6f780932,Greater Western Sydney Giants,Brisbane Lions,2026-05-24T02:30:07Z,betr_au,Betr,,player_disposals_over,Kai Lohmann,Over,6.5,19.5,20260524_013131
c2359222d8b43b27ad6d7cbc6f780932,Greater Western Sydney Giants,Brisbane Lions,2026-05-24T02:30:07Z,betr_au,Betr,,player_disposals_over,Kai Lohmann,Over,21.0,24.5,20260524_013131
c2359222d8b43b27ad6d7cbc6f780932,Greater Western Sydney Giants,Brisbane Lions,2026-05-24T02:30:07Z,betr_au,Betr,,player_disposals_over,Keidean Coleman,Over,1.18,14.5,20260524_013131
c2359222d8b43b27ad6d7cbc6f780932,Greater Western Sydney Giants,Brisbane Lions,2026-05-24T02:30:07Z,betr_au,Betr,,player_disposals_over,Keidean Coleman,Over,2.15,19.5,20260524_013131
c2359222d8b43b27ad6d7cbc6f780932,Greater Western Sydney Giants,Brisbane Lions,2026-05-24T02:30:07Z,betr_au,Betr,,player_disposals_over,Keidean Coleman,Over,5.5,24.5,20260524_013131
c2359222d8b43b27ad6d7cbc6f780932,Greater Western Sydney Giants,Brisbane Lions,2026-05-24T02:30:07Z,betr_au,Betr,,player_disposals_over,Keidean Coleman,Over,13.0,29.5,20260524_013131
c2359222d8b43b27ad6d7cbc6f780932,Greater Western Sydney Giants,Brisbane Lions,2026-05-24T02:30:07Z,betr_au,Betr,,player_disposals_over,Keidean Coleman,Over,41.0,34.5,20260524_013131
c2359222d8b43b27ad6d7cbc6f780932,Greater Western Sydney Giants,Brisbane Lions,2026-05-24T02:30:07Z,betr_au,Betr,,player_disposals_over,Kieren Briggs,Over,2.25,14.5,20260524_013131
c2359222d8b43b27ad6d7cbc6f780932,Greater Western Sydney Giants,Brisbane Lions,2026-05-24T02:30:07Z,betr_au,Betr,,player_disposals_over,Kieren Briggs,Over,6.5,19.5,20260524_013131
c2359222d8b43b27ad6d7cbc6f780932,Greater Western Sydney Giants,Brisbane Lions,2026-05-24T02:30:07Z,betr_au,Betr,,player_disposals_over,Kieren Briggs,Over,34.0,24.5,20260524_013131
c2359222d8b43b27ad6d7cbc6f780932,Greater Western Sydney Giants,Brisbane Lions,2026-05-24T02:30:07Z,betr_au,Betr,,player_disposals_over,Lachlan Ash,Over,1.25,24.5,20260524_013131
c2359222d8b43b27ad6d7cbc6f780932,Greater Western Sydney Giants,Brisbane Lions,2026-05-24T02:30:07Z,betr_au,Betr,,player_disposals_over,Lachlan Ash,Over,2.05,29.5,20260524_013131
c2359222d8b43b27ad6d7cbc6f780932,Greater Western Sydney Giants,Brisbane Lions,2026-05-24T02:30:07Z,betr_au,Betr,,player_disposals_over,Lachlan Ash,Over,4.25,34.5,20260524_013131
c2359222d8b43b27ad6d7cbc6f780932,Greater Western Sydney Giants,Brisbane Lions,2026-05-24T02:30:07Z,betr_au,Betr,,player_disposals_over,Lachlan Ash,Over,10.0,39.5,20260524_013131
c2359222d8b43b27ad6d7cbc6f780932,Greater Western Sydney Giants,Brisbane Lions,2026-05-24T02:30:07Z,betr_au,Betr,,player_disposals_over,Lachie Neale,Over,1.2,24.5,20260524_013131
c2359222d8b43b27ad6d7cbc6f780932,Greater Western Sydney Giants,Brisbane Lions,2026-05-24T02:30:07Z,betr_au,Betr,,player_disposals_over,Lachie Neale,Over,1.85,29.5,20260524_013131
c2359222d8b43b27ad6d7cbc6f780932,Greater Western Sydney Giants,Brisbane Lions,2026-05-24T02:30:07Z,betr_au,Betr,,player_disposals_over,Lachie Neale,Over,3.6,34.5,20260524_013131
c2359222d8b43b27ad6d7cbc6f780932,Greater Western Sydney Giants,Brisbane Lions,2026-05-24T02:30:07Z,betr_au,Betr,,player_disposals_over,Lachie Neale,Over,8.0,39.5,20260524_013131
c2359222d8b43b27ad6d7cbc6f780932,Greater Western Sydney Giants,Brisbane Lions,2026-05-24T02:30:07Z,betr_au,Betr,,player_disposals_over,Lachie Whitfield,Over,1.18,24.5,20260524_013131
c2359222d8b43b27ad6d7cbc6f780932,Greater Western Sydney Giants,Brisbane Lions,2026-05-24T02:30:07Z,betr_au,Betr,,player_disposals_over,Lachie Whitfield,Over,1.8,29.5,20260524_013131
c2359222d8b43b27ad6d7cbc6f780932,Greater Western Sydney Giants,Brisbane Lions,2026-05-24T02:30:07Z,betr_au,Betr,,player_disposals_over,Lachie Whitfield,Over,3.5,34.5,20260524_013131
c2359222d8b43b27ad6d7cbc6f780932,Greater Western Sydney Giants,Brisbane Lions,2026-05-24T02:30:07Z,betr_au,Betr,,player_disposals_over,Lachie Whitfield,Over,8.0,39.5,20260524_013131
c2359222d8b43b27ad6d7cbc6f780932,Greater Western Sydney Giants,Brisbane Lions,2026-05-24T02:30:07Z,betr_au,Betr,,player_disposals_over,Levi Ashcroft,Over,1.06,14.5,20260524_013131
c2359222d8b43b27ad6d7cbc6f780932,Greater Western Sydney Giants,Brisbane Lions,2026-05-24T02:30:07Z,betr_au,Betr,,player_disposals_over,Levi Ashcroft,Over,1.45,19.5,20260524_013131
c2359222d8b43b27ad6d7cbc6f780932,Greater Western Sydney Giants,Brisbane Lions,2026-05-24T02:30:07Z,betr_au,Betr,,player_disposals_over,Levi Ashcroft,Over,2.9,24.5,20260524_013131
c2359222d8b43b27ad6d7cbc6f780932,Greater Western Sydney Giants,Brisbane Lions,2026-05-24T02:30:07Z,betr_au,Betr,,player_disposals_over,Levi Ashcroft,Over,7.5,29.5,20260524_013131
c2359222d8b43b27ad6d7cbc6f780932,Greater Western Sydney Giants,Brisbane Lions,2026-05-24T02:30:07Z,betr_au,Betr,,player_disposals_over,Levi Ashcroft,Over,26.0,34.5,20260524_013131
c2359222d8b43b27ad6d7cbc6f780932,Greater Western Sydney Giants,Brisbane Lions,2026-05-24T02:30:07Z,betr_au,Betr,,player_disposals_over,Logan Morris,Over,2.75,14.5,20260524_013131
c2359222d8b43b27ad6d7cbc6f780932,Greater Western Sydney Giants,Brisbane Lions,2026-05-24T02:30:07Z,betr_au,Betr,,player_disposals_over,Logan Morris,Over,8.0,19.5,20260524_013131
c2359222d8b43b27ad6d7cbc6f780932,Greater Western Sydney Giants,Brisbane Lions,2026-05-24T02:30:07Z,betr_au,Betr,,player_disposals_over,Logan Morris,Over,34.0,24.5,20260524_013131
c2359222d8b43b27ad6d7cbc6f780932,Greater Western Sydney Giants,Brisbane Lions,2026-05-24T02:30:07Z,betr_au,Betr,,player_disposals_over,Max Gruzewski,Over,6.0,14.5,20260524_013131
c2359222d8b43b27ad6d7cbc6f780932,Greater Western Sydney Giants,Brisbane Lions,2026-05-24T02:30:07Z,betr_au,Betr,,player_disposals_over,Phoenix Gothard,Over,2.25,14.5,20260524_013131
c2359222d8b43b27ad6d7cbc6f780932,Greater Western Sydney Giants,Brisbane Lions,2026-05-24T02:30:07Z,betr_au,Betr,,player_disposals_over,Phoenix Gothard,Over,6.5,19.5,20260524_013131
c2359222d8b43b27ad6d7cbc6f780932,Greater Western Sydney Giants,Brisbane Lions,2026-05-24T02:30:07Z,betr_au,Betr,,player_disposals_over,Phoenix Gothard,Over,31.0,24.5,20260524_013131
c2359222d8b43b27ad6d7cbc6f780932,Greater Western Sydney Giants,Brisbane Lions,2026-05-24T02:30:07Z,betr_au,Betr,,player_disposals_over,Sam Draper,Over,2.8,14.5,20260524_013131
c2359222d8b43b27ad6d7cbc6f780932,Greater Western Sydney Giants,Brisbane Lions,2026-05-24T02:30:07Z,betr_au,Betr,,player_disposals_over,Sam Draper,Over,9.5,19.5,20260524_013131
c2359222d8b43b27ad6d7cbc6f780932,Greater Western Sydney Giants,Brisbane Lions,2026-05-24T02:30:07Z,betr_au,Betr,,player_disposals_over,Sam Marshall,Over,1.7,14.5,20260524_013131
c2359222d8b43b27ad6d7cbc6f780932,Greater Western Sydney Giants,Brisbane Lions,2026-05-24T02:30:07Z,betr_au,Betr,,player_disposals_over,Sam Marshall,Over,4.5,19.5,20260524_013131
c2359222d8b43b27ad6d7cbc6f780932,Greater Western Sydney Giants,Brisbane Lions,2026-05-24T02:30:07Z,betr_au,Betr,,player_disposals_over,Sam Marshall,Over,11.0,24.5,20260524_013131
c2359222d8b43b27ad6d7cbc6f780932,Greater Western Sydney Giants,Brisbane Lions,2026-05-24T02:30:07Z,betr_au,Betr,,player_disposals_over,Stephen Coniglio,Over,1.3,14.5,20260524_013131
c2359222d8b43b27ad6d7cbc6f780932,Greater Western Sydney Giants,Brisbane Lions,2026-05-24T02:30:07Z,betr_au,Betr,,player_disposals_over,Stephen Coniglio,Over,2.6,19.5,20260524_013131
c2359222d8b43b27ad6d7cbc6f780932,Greater Western Sydney Giants,Brisbane Lions,2026-05-24T02:30:07Z,betr_au,Betr,,player_disposals_over,Stephen Coniglio,Over,7.5,24.5,20260524_013131
c2359222d8b43b27ad6d7cbc6f780932,Greater Western Sydney Giants,Brisbane Lions,2026-05-24T02:30:07Z,betr_au,Betr,,player_disposals_over,Stephen Coniglio,Over,21.0,29.5,20260524_013131
c2359222d8b43b27ad6d7cbc6f780932,Greater Western Sydney Giants,Brisbane Lions,2026-05-24T02:30:07Z,betr_au,Betr,,player_disposals_over,Toby Bedford,Over,2.25,14.5,20260524_013131
c2359222d8b43b27ad6d7cbc6f780932,Greater Western Sydney Giants,Brisbane Lions,2026-05-24T02:30:07Z,betr_au,Betr,,player_disposals_over,Toby Bedford,Over,6.5,19.5,20260524_013131
c2359222d8b43b27ad6d7cbc6f780932,Greater Western Sydney Giants,Brisbane Lions,2026-05-24T02:30:07Z,betr_au,Betr,,player_disposals_over,Toby Bedford,Over,21.0,24.5,20260524_013131
c2359222d8b43b27ad6d7cbc6f780932,Greater Western Sydney Giants,Brisbane Lions,2026-05-24T02:30:07Z,betr_au,Betr,,player_disposals_over,Toby Greene,Over,1.18,14.5,20260524_013131
c2359222d8b43b27ad6d7cbc6f780932,Greater Western Sydney Giants,Brisbane Lions,2026-05-24T02:30:07Z,betr_au,Betr,,player_disposals_over,Toby Greene,Over,2.2,19.5,20260524_013131
c2359222d8b43b27ad6d7cbc6f780932,Greater Western Sydney Giants,Brisbane Lions,2026-05-24T02:30:07Z,betr_au,Betr,,player_disposals_over,Toby Greene,Over,5.5,24.5,20260524_013131
c2359222d8b43b27ad6d7cbc6f780932,Greater Western Sydney Giants,Brisbane Lions,2026-05-24T02:30:07Z,betr_au,Betr,,player_disposals_over,Toby Greene,Over,15.0,29.5,20260524_013131
c2359222d8b43b27ad6d7cbc6f780932,Greater Western Sydney Giants,Brisbane Lions,2026-05-24T02:30:07Z,betr_au,Betr,,player_disposals_over,Toby Greene,Over,51.0,34.5,20260524_013131
c2359222d8b43b27ad6d7cbc6f780932,Greater Western Sydney Giants,Brisbane Lions,2026-05-24T02:30:07Z,betr_au,Betr,,player_disposals_over,Toby McMullin,Over,2.15,14.5,20260524_013131
c2359222d8b43b27ad6d7cbc6f780932,Greater Western Sydney Giants,Brisbane Lions,2026-05-24T02:30:07Z,betr_au,Betr,,player_disposals_over,Toby McMullin,Over,5.5,19.5,20260524_013131
c2359222d8b43b27ad6d7cbc6f780932,Greater Western Sydney Giants,Brisbane Lions,2026-05-24T02:30:07Z,betr_au,Betr,,player_disposals_over,Toby McMullin,Over,17.0,24.5,20260524_013131
c2359222d8b43b27ad6d7cbc6f780932,Greater Western Sydney Giants,Brisbane Lions,2026-05-24T02:30:07Z,betr_au,Betr,,player_disposals_over,Ty Gallop,Over,4.0,14.5,20260524_013131
c2359222d8b43b27ad6d7cbc6f780932,Greater Western Sydney Giants,Brisbane Lions,2026-05-24T02:30:07Z,betr_au,Betr,,player_disposals_over,Ty Gallop,Over,13.0,19.5,20260524_013131
c2359222d8b43b27ad6d7cbc6f780932,Greater Western Sydney Giants,Brisbane Lions,2026-05-24T02:30:07Z,betr_au,Betr,,player_disposals_over,Will Ashcroft,Over,1.06,19.5,20260524_013131
c2359222d8b43b27ad6d7cbc6f780932,Greater Western Sydney Giants,Brisbane Lions,2026-05-24T02:30:07Z,betr_au,Betr,,player_disposals_over,Will Ashcroft,Over,1.4,24.5,20260524_013131
c2359222d8b43b27ad6d7cbc6f780932,Greater Western Sydney Giants,Brisbane Lions,2026-05-24T02:30:07Z,betr_au,Betr,,player_disposals_over,Will Ashcroft,Over,2.45,29.5,20260524_013131
c2359222d8b43b27ad6d7cbc6f780932,Greater Western Sydney Giants,Brisbane Lions,2026-05-24T02:30:07Z,betr_au,Betr,,player_disposals_over,Will Ashcroft,Over,5.0,34.5,20260524_013131
c2359222d8b43b27ad6d7cbc6f780932,Greater Western Sydney Giants,Brisbane Lions,2026-05-24T02:30:07Z,betr_au,Betr,,player_disposals_over,Will Ashcroft,Over,13.0,39.5,20260524_013131
c2359222d8b43b27ad6d7cbc6f780932,Greater Western Sydney Giants,Brisbane Lions,2026-05-24T02:30:07Z,betr_au,Betr,,player_disposals_over,Will McLachlan,Over,4.0,14.5,20260524_013131
c2359222d8b43b27ad6d7cbc6f780932,Greater Western Sydney Giants,Brisbane Lions,2026-05-24T02:30:07Z,betr_au,Betr,,player_disposals_over,Zac Bailey,Over,1.14,14.5,20260524_013131
c2359222d8b43b27ad6d7cbc6f780932,Greater Western Sydney Giants,Brisbane Lions,2026-05-24T02:30:07Z,betr_au,Betr,,player_disposals_over,Zac Bailey,Over,1.9,19.5,20260524_013131
c2359222d8b43b27ad6d7cbc6f780932,Greater Western Sydney Giants,Brisbane Lions,2026-05-24T02:30:07Z,betr_au,Betr,,player_disposals_over,Zac Bailey,Over,4.8,24.5,20260524_013131
c2359222d8b43b27ad6d7cbc6f780932,Greater Western Sydney Giants,Brisbane Lions,2026-05-24T02:30:07Z,betr_au,Betr,,player_disposals_over,Zac Bailey,Over,13.0,29.5,20260524_013131
c2359222d8b43b27ad6d7cbc6f780932,Greater Western Sydney Giants,Brisbane Lions,2026-05-24T02:30:07Z,betr_au,Betr,,player_disposals_over,Zac Bailey,Over,46.0,34.5,20260524_013131
c2359222d8b43b27ad6d7cbc6f780932,Greater Western Sydney Giants,Brisbane Lions,2026-05-24T02:30:07Z,betright,Bet Right,,player_disposals_over,Lachlan Ash,Over,1.32,24.5,20260524_013131
c2359222d8b43b27ad6d7cbc6f780932,Greater Western Sydney Giants,Brisbane Lions,2026-05-24T02:30:07Z,betright,Bet Right,,player_disposals_over,Lachlan Ash,Over,2.1,29.5,20260524_013131
c2359222d8b43b27ad6d7cbc6f780932,Greater Western Sydney Giants,Brisbane Lions,2026-05-24T02:30:07Z,betright,Bet Right,,player_disposals_over,Lachlan Ash,Over,3.9,34.5,20260524_013131
c2359222d8b43b27ad6d7cbc6f780932,Greater Western Sydney Giants,Brisbane Lions,2026-05-24T02:30:07Z,betright,Bet Right,,player_disposals_over,Toby Bedford,Over,2.3,14.5,20260524_013131
c2359222d8b43b27ad6d7cbc6f780932,Greater Western Sydney Giants,Brisbane Lions,2026-05-24T02:30:07Z,betright,Bet Right,,player_disposals_over,Toby Bedford,Over,7.5,19.5,20260524_013131
c2359222d8b43b27ad6d7cbc6f780932,Greater Western Sydney Giants,Brisbane Lions,2026-05-24T02:30:07Z,betright,Bet Right,,player_disposals_over,Kieren Briggs,Over,2.38,14.5,20260524_013131
c2359222d8b43b27ad6d7cbc6f780932,Greater Western Sydney Giants,Brisbane Lions,2026-05-24T02:30:07Z,betright,Bet Right,,player_disposals_over,Kieren Briggs,Over,8.0,19.5,20260524_013131
c2359222d8b43b27ad6d7cbc6f780932,Greater Western Sydney Giants,Brisbane Lions,2026-05-24T02:30:07Z,betright,Bet Right,,player_disposals_over,Aaron Cadman,Over,3.0,14.5,20260524_013131
c2359222d8b43b27ad6d7cbc6f780932,Greater Western Sydney Giants,Brisbane Lions,2026-05-24T02:30:07Z,betright,Bet Right,,player_disposals_over,Finn Callaghan,Over,1.38,24.5,20260524_013131
c2359222d8b43b27ad6d7cbc6f780932,Greater Western Sydney Giants,Brisbane Lions,2026-05-24T02:30:07Z,betright,Bet Right,,player_disposals_over,Finn Callaghan,Over,2.3,29.5,20260524_013131
c2359222d8b43b27ad6d7cbc6f780932,Greater Western Sydney Giants,Brisbane Lions,2026-05-24T02:30:07Z,betright,Bet Right,,player_disposals_over,Finn Callaghan,Over,4.6,34.5,20260524_013131
c2359222d8b43b27ad6d7cbc6f780932,Greater Western Sydney Giants,Brisbane Lions,2026-05-24T02:30:07Z,betright,Bet Right,,player_disposals_over,Stephen Coniglio,Over,1.42,14.5,20260524_013131
c2359222d8b43b27ad6d7cbc6f780932,Greater Western Sydney Giants,Brisbane Lions,2026-05-24T02:30:07Z,betright,Bet Right,,player_disposals_over,Stephen Coniglio,Over,3.2,19.5,20260524_013131
c2359222d8b43b27ad6d7cbc6f780932,Greater Western Sydney Giants,Brisbane Lions,2026-05-24T02:30:07Z,betright,Bet Right,,player_disposals_over,Brent Daniels,Over,1.4,14.5,20260524_013131
c2359222d8b43b27ad6d7cbc6f780932,Greater Western Sydney Giants,Brisbane Lions,2026-05-24T02:30:07Z,betright,Bet Right,,player_disposals_over,Brent Daniels,Over,3.1,19.5,20260524_013131
c2359222d8b43b27ad6d7cbc6f780932,Greater Western Sydney Giants,Brisbane Lions,2026-05-24T02:30:07Z,betright,Bet Right,,player_disposals_over,Joseph Fonti,Over,1.7,14.5,20260524_013131
c2359222d8b43b27ad6d7cbc6f780932,Greater Western Sydney Giants,Brisbane Lions,2026-05-24T02:30:07Z,betright,Bet Right,,player_disposals_over,Joseph Fonti,Over,4.6,19.5,20260524_013131
c2359222d8b43b27ad6d7cbc6f780932,Greater Western Sydney Giants,Brisbane Lions,2026-05-24T02:30:07Z,betright,Bet Right,,player_disposals_over,Phoenix Gothard,Over,2.4,14.5,20260524_013131
c2359222d8b43b27ad6d7cbc6f780932,Greater Western Sydney Giants,Brisbane Lions,2026-05-24T02:30:07Z,betright,Bet Right,,player_disposals_over,Phoenix Gothard,Over,8.0,19.5,20260524_013131
c2359222d8b43b27ad6d7cbc6f780932,Greater Western Sydney Giants,Brisbane Lions,2026-05-24T02:30:07Z,betright,Bet Right,,player_disposals_over,Toby Greene,Over,1.26,14.5,20260524_013131
c2359222d8b43b27ad6d7cbc6f780932,Greater Western Sydney Giants,Brisbane Lions,2026-05-24T02:30:07Z,betright,Bet Right,,player_disposals_over,Toby Greene,Over,2.5,19.5,20260524_013131
c2359222d8b43b27ad6d7cbc6f780932,Greater Western Sydney Giants,Brisbane Lions,2026-05-24T02:30:07Z,betright,Bet Right,,player_disposals_over,Toby Greene,Over,7.5,24.5,20260524_013131
c2359222d8b43b27ad6d7cbc6f780932,Greater Western Sydney Giants,Brisbane Lions,2026-05-24T02:30:07Z,betright,Bet Right,,player_disposals_over,Max Gruzewski,Over,3.6,14.5,20260524_013131
c2359222d8b43b27ad6d7cbc6f780932,Greater Western Sydney Giants,Brisbane Lions,2026-05-24T02:30:07Z,betright,Bet Right,,player_disposals_over,Harrison Himmelberg,Over,1.38,14.5,20260524_013131
c2359222d8b43b27ad6d7cbc6f780932,Greater Western Sydney Giants,Brisbane Lions,2026-05-24T02:30:07Z,betright,Bet Right,,player_disposals_over,Harrison Himmelberg,Over,3.0,19.5,20260524_013131
c2359222d8b43b27ad6d7cbc6f780932,Greater Western Sydney Giants,Brisbane Lions,2026-05-24T02:30:07Z,betright,Bet Right,,player_disposals_over,Connor Idun,Over,1.13,14.5,20260524_013131
c2359222d8b43b27ad6d7cbc6f780932,Greater Western Sydney Giants,Brisbane Lions,2026-05-24T02:30:07Z,betright,Bet Right,,player_disposals_over,Connor Idun,Over,1.75,19.5,20260524_013131
c2359222d8b43b27ad6d7cbc6f780932,Greater Western Sydney Giants,Brisbane Lions,2026-05-24T02:30:07Z,betright,Bet Right,,player_disposals_over,Connor Idun,Over,4.2,24.5,20260524_013131
c2359222d8b43b27ad6d7cbc6f780932,Greater Western Sydney Giants,Brisbane Lions,2026-05-24T02:30:07Z,betright,Bet Right,,player_disposals_over,Jayden Laverde,Over,1.86,14.5,20260524_013131
c2359222d8b43b27ad6d7cbc6f780932,Greater Western Sydney Giants,Brisbane Lions,2026-05-24T02:30:07Z,betright,Bet Right,,player_disposals_over,Jayden Laverde,Over,5.5,19.5,20260524_013131
c2359222d8b43b27ad6d7cbc6f780932,Greater Western Sydney Giants,Brisbane Lions,2026-05-24T02:30:07Z,betright,Bet Right,,player_disposals_over,Toby McMullin,Over,2.15,14.5,20260524_013131
c2359222d8b43b27ad6d7cbc6f780932,Greater Western Sydney Giants,Brisbane Lions,2026-05-24T02:30:07Z,betright,Bet Right,,player_disposals_over,Toby McMullin,Over,7.0,19.5,20260524_013131
c2359222d8b43b27ad6d7cbc6f780932,Greater Western Sydney Giants,Brisbane Lions,2026-05-24T02:30:07Z,betright,Bet Right,,player_disposals_over,Clayton Oliver,Over,1.2,24.5,20260524_013131
c2359222d8b43b27ad6d7cbc6f780932,Greater Western Sydney Giants,Brisbane Lions,2026-05-24T02:30:07Z,betright,Bet Right,,player_disposals_over,Clayton Oliver,Over,1.7,29.5,20260524_013131
c2359222d8b43b27ad6d7cbc6f780932,Greater Western Sydney Giants,Brisbane Lions,2026-05-24T02:30:07Z,betright,Bet Right,,player_disposals_over,Clayton Oliver,Over,2.8,34.5,20260524_013131
c2359222d8b43b27ad6d7cbc6f780932,Greater Western Sydney Giants,Brisbane Lions,2026-05-24T02:30:07Z,betright,Bet Right,,player_disposals_over,Clayton Oliver,Over,5.25,39.5,20260524_013131
c2359222d8b43b27ad6d7cbc6f780932,Greater Western Sydney Giants,Brisbane Lions,2026-05-24T02:30:07Z,betright,Bet Right,,player_disposals_over,Jake Riccardi,Over,3.0,14.5,20260524_013131
c2359222d8b43b27ad6d7cbc6f780932,Greater Western Sydney Giants,Brisbane Lions,2026-05-24T02:30:07Z,betright,Bet Right,,player_disposals_over,Jake Stringer,Over,3.1,14.5,20260524_013131
c2359222d8b43b27ad6d7cbc6f780932,Greater Western Sydney Giants,Brisbane Lions,2026-05-24T02:30:07Z,betright,Bet Right,,player_disposals_over,Harvey Thomas,Over,1.55,19.5,20260524_013131
c2359222d8b43b27ad6d7cbc6f780932,Greater Western Sydney Giants,Brisbane Lions,2026-05-24T02:30:07Z,betright,Bet Right,,player_disposals_over,Harvey Thomas,Over,3.3,24.5,20260524_013131
c2359222d8b43b27ad6d7cbc6f780932,Greater Western Sydney Giants,Brisbane Lions,2026-05-24T02:30:07Z,betright,Bet Right,,player_disposals_over,Lachie Whitfield,Over,1.25,24.5,20260524_013131
c2359222d8b43b27ad6d7cbc6f780932,Greater Western Sydney Giants,Brisbane Lions,2026-05-24T02:30:07Z,betright,Bet Right,,player_disposals_over,Lachie Whitfield,Over,1.88,29.5,20260524_013131
c2359222d8b43b27ad6d7cbc6f780932,Greater Western Sydney Giants,Brisbane Lions,2026-05-24T02:30:07Z,betright,Bet Right,,player_disposals_over,Lachie Whitfield,Over,3.25,34.5,20260524_013131
c2359222d8b43b27ad6d7cbc6f780932,Greater Western Sydney Giants,Brisbane Lions,2026-05-24T02:30:07Z,betright,Bet Right,,player_disposals_over,Harris Andrews,Over,1.83,14.5,20260524_013131
c2359222d8b43b27ad6d7cbc6f780932,Greater Western Sydney Giants,Brisbane Lions,2026-05-24T02:30:07Z,betright,Bet Right,,player_disposals_over,Harris Andrews,Over,5.5,19.5,20260524_013131
c2359222d8b43b27ad6d7cbc6f780932,Greater Western Sydney Giants,Brisbane Lions,2026-05-24T02:30:07Z,betright,Bet Right,,player_disposals_over,Will Ashcroft,Over,1.38,24.5,20260524_013131
c2359222d8b43b27ad6d7cbc6f780932,Greater Western Sydney Giants,Brisbane Lions,2026-05-24T02:30:07Z,betright,Bet Right,,player_disposals_over,Will Ashcroft,Over,2.4,29.5,20260524_013131
c2359222d8b43b27ad6d7cbc6f780932,Greater Western Sydney Giants,Brisbane Lions,2026-05-24T02:30:07Z,betright,Bet Right,,player_disposals_over,Will Ashcroft,Over,4.75,34.5,20260524_013131
c2359222d8b43b27ad6d7cbc6f780932,Greater Western Sydney Giants,Brisbane Lions,2026-05-24T02:30:07Z,betright,Bet Right,,player_disposals_over,Levi Ashcroft,Over,1.55,19.5,20260524_013131
c2359222d8b43b27ad6d7cbc6f780932,Greater Western Sydney Giants,Brisbane Lions,2026-05-24T02:30:07Z,betright,Bet Right,,player_disposals_over,Levi Ashcroft,Over,3.3,24.5,20260524_013131
c2359222d8b43b27ad6d7cbc6f780932,Greater Western Sydney Giants,Brisbane Lions,2026-05-24T02:30:07Z,betright,Bet Right,,player_disposals_over,Zac Bailey,Over,1.17,14.5,20260524_013131
c2359222d8b43b27ad6d7cbc6f780932,Greater Western Sydney Giants,Brisbane Lions,2026-05-24T02:30:07Z,betright,Bet Right,,player_disposals_over,Zac Bailey,Over,2.0,19.5,20260524_013131
c2359222d8b43b27ad6d7cbc6f780932,Greater Western Sydney Giants,Brisbane Lions,2026-05-24T02:30:07Z,betright,Bet Right,,player_disposals_over,Zac Bailey,Over,5.5,24.5,20260524_013131
c2359222d8b43b27ad6d7cbc6f780932,Greater Western Sydney Giants,Brisbane Lions,2026-05-24T02:30:07Z,betright,Bet Right,,player_disposals_over,Charlie Cameron,Over,2.3,14.5,20260524_013131
c2359222d8b43b27ad6d7cbc6f780932,Greater Western Sydney Giants,Brisbane Lions,2026-05-24T02:30:07Z,betright,Bet Right,,player_disposals_over,Charlie Cameron,Over,7.5,19.5,20260524_013131
c2359222d8b43b27ad6d7cbc6f780932,Greater Western Sydney Giants,Brisbane Lions,2026-05-24T02:30:07Z,betright,Bet Right,,player_disposals_over,Keidean Coleman,Over,1.11,14.5,20260524_013131
c2359222d8b43b27ad6d7cbc6f780932,Greater Western Sydney Giants,Brisbane Lions,2026-05-24T02:30:07Z,betright,Bet Right,,player_disposals_over,Keidean Coleman,Over,1.73,19.5,20260524_013131
c2359222d8b43b27ad6d7cbc6f780932,Greater Western Sydney Giants,Brisbane Lions,2026-05-24T02:30:07Z,betright,Bet Right,,player_disposals_over,Keidean Coleman,Over,4.1,24.5,20260524_013131
c2359222d8b43b27ad6d7cbc6f780932,Greater Western Sydney Giants,Brisbane Lions,2026-05-24T02:30:07Z,betright,Bet Right,,player_disposals_over,Sam Draper,Over,2.9,14.5,20260524_013131
c2359222d8b43b27ad6d7cbc6f780932,Greater Western Sydney Giants,Brisbane Lions,2026-05-24T02:30:07Z,betright,Bet Right,,player_disposals_over,Josh Dunkley,Over,1.4,19.5,20260524_013131
c2359222d8b43b27ad6d7cbc6f780932,Greater Western Sydney Giants,Brisbane Lions,2026-05-24T02:30:07Z,betright,Bet Right,,player_disposals_over,Josh Dunkley,Over,2.75,24.5,20260524_013131
c2359222d8b43b27ad6d7cbc6f780932,Greater Western Sydney Giants,Brisbane Lions,2026-05-24T02:30:07Z,betright,Bet Right,,player_disposals_over,Josh Dunkley,Over,8.0,29.5,20260524_013131
c2359222d8b43b27ad6d7cbc6f780932,Greater Western Sydney Giants,Brisbane Lions,2026-05-24T02:30:07Z,betright,Bet Right,,player_disposals_over,Jaspa Fletcher,Over,1.17,14.5,20260524_013131
c2359222d8b43b27ad6d7cbc6f780932,Greater Western Sydney Giants,Brisbane Lions,2026-05-24T02:30:07Z,betright,Bet Right,,player_disposals_over,Jaspa Fletcher,Over,2.0,19.5,20260524_013131
c2359222d8b43b27ad6d7cbc6f780932,Greater Western Sydney Giants,Brisbane Lions,2026-05-24T02:30:07Z,betright,Bet Right,,player_disposals_over,Jaspa Fletcher,Over,5.5,24.5,20260524_013131
c2359222d8b43b27ad6d7cbc6f780932,Greater Western Sydney Giants,Brisbane Lions,2026-05-24T02:30:07Z,betright,Bet Right,,player_disposals_over,Darcy Fort,Over,2.25,14.5,20260524_013131
c2359222d8b43b27ad6d7cbc6f780932,Greater Western Sydney Giants,Brisbane Lions,2026-05-24T02:30:07Z,betright,Bet Right,,player_disposals_over,Darcy Fort,Over,7.0,19.5,20260524_013131
c2359222d8b43b27ad6d7cbc6f780932,Greater Western Sydney Giants,Brisbane Lions,2026-05-24T02:30:07Z,betright,Bet Right,,player_disposals_over,Darcy Gardiner,Over,3.6,14.5,20260524_013131
c2359222d8b43b27ad6d7cbc6f780932,Greater Western Sydney Giants,Brisbane Lions,2026-05-24T02:30:07Z,betright,Bet Right,,player_disposals_over,Kai Lohmann,Over,2.3,14.5,20260524_013131
c2359222d8b43b27ad6d7cbc6f780932,Greater Western Sydney Giants,Brisbane Lions,2026-05-24T02:30:07Z,betright,Bet Right,,player_disposals_over,Kai Lohmann,Over,7.5,19.5,20260524_013131
c2359222d8b43b27ad6d7cbc6f780932,Greater Western Sydney Giants,Brisbane Lions,2026-05-24T02:30:07Z,betright,Bet Right,,player_disposals_over,Hugh McCluggage,Over,1.22,19.5,20260524_013131
c2359222d8b43b27ad6d7cbc6f780932,Greater Western Sydney Giants,Brisbane Lions,2026-05-24T02:30:07Z,betright,Bet Right,,player_disposals_over,Hugh McCluggage,Over,2.0,24.5,20260524_013131
c2359222d8b43b27ad6d7cbc6f780932,Greater Western Sydney Giants,Brisbane Lions,2026-05-24T02:30:07Z,betright,Bet Right,,player_disposals_over,Hugh McCluggage,Over,4.6,29.5,20260524_013131
c2359222d8b43b27ad6d7cbc6f780932,Greater Western Sydney Giants,Brisbane Lions,2026-05-24T02:30:07Z,betright,Bet Right,,player_disposals_over,Conor McKenna,Over,2.9,14.5,20260524_013131
c2359222d8b43b27ad6d7cbc6f780932,Greater Western Sydney Giants,Brisbane Lions,2026-05-24T02:30:07Z,betright,Bet Right,,player_disposals_over,Logan Morris,Over,2.9,14.5,20260524_013131
c2359222d8b43b27ad6d7cbc6f780932,Greater Western Sydney Giants,Brisbane Lions,2026-05-24T02:30:07Z,betright,Bet Right,,player_disposals_over,Lachie Neale,Over,1.22,24.5,20260524_013131
c2359222d8b43b27ad6d7cbc6f780932,Greater Western Sydney Giants,Brisbane Lions,2026-05-24T02:30:07Z,betright,Bet Right,,player_disposals_over,Lachie Neale,Over,1.82,29.5,20260524_013131
c2359222d8b43b27ad6d7cbc6f780932,Greater Western Sydney Giants,Brisbane Lions,2026-05-24T02:30:07Z,betright,Bet Right,,player_disposals_over,Lachie Neale,Over,3.1,34.5,20260524_013131
c2359222d8b43b27ad6d7cbc6f780932,Greater Western Sydney Giants,Brisbane Lions,2026-05-24T02:30:07Z,betright,Bet Right,,player_disposals_over,Lachie Neale,Over,6.5,39.5,20260524_013131
c2359222d8b43b27ad6d7cbc6f780932,Greater Western Sydney Giants,Brisbane Lions,2026-05-24T02:30:07Z,betright,Bet Right,,player_disposals_over,Cameron Rayner,Over,1.85,14.5,20260524_013131
c2359222d8b43b27ad6d7cbc6f780932,Greater Western Sydney Giants,Brisbane Lions,2026-05-24T02:30:07Z,betright,Bet Right,,player_disposals_over,Cameron Rayner,Over,5.5,19.5,20260524_013131
c2359222d8b43b27ad6d7cbc6f780932,Greater Western Sydney Giants,Brisbane Lions,2026-05-24T02:30:07Z,betright,Bet Right,,player_disposals_over,Bruce Reville,Over,1.24,14.5,20260524_013131
c2359222d8b43b27ad6d7cbc6f780932,Greater Western Sydney Giants,Brisbane Lions,2026-05-24T02:30:07Z,betright,Bet Right,,player_disposals_over,Bruce Reville,Over,2.38,19.5,20260524_013131
c2359222d8b43b27ad6d7cbc6f780932,Greater Western Sydney Giants,Brisbane Lions,2026-05-24T02:30:07Z,betright,Bet Right,,player_disposals_over,Bruce Reville,Over,6.0,24.5,20260524_013131
c2359222d8b43b27ad6d7cbc6f780932,Greater Western Sydney Giants,Brisbane Lions,2026-05-24T02:30:07Z,betright,Bet Right,,player_disposals_over,Darcy Wilmot,Over,1.17,19.5,20260524_013131
c2359222d8b43b27ad6d7cbc6f780932,Greater Western Sydney Giants,Brisbane Lions,2026-05-24T02:30:07Z,betright,Bet Right,,player_disposals_over,Darcy Wilmot,Over,1.74,24.5,20260524_013131
c2359222d8b43b27ad6d7cbc6f780932,Greater Western Sydney Giants,Brisbane Lions,2026-05-24T02:30:07Z,betright,Bet Right,,player_disposals_over,Darcy Wilmot,Over,3.9,29.5,20260524_013131
c2359222d8b43b27ad6d7cbc6f780932,Greater Western Sydney Giants,Brisbane Lions,2026-05-24T02:30:07Z,betright,Bet Right,,player_disposals_over,Ty Gallop,Over,3.6,14.5,20260524_013131
c2359222d8b43b27ad6d7cbc6f780932,Greater Western Sydney Giants,Brisbane Lions,2026-05-24T02:30:07Z,betright,Bet Right,,player_disposals_over,Sam Marshall,Over,1.73,14.5,20260524_013131
c2359222d8b43b27ad6d7cbc6f780932,Greater Western Sydney Giants,Brisbane Lions,2026-05-24T02:30:07Z,betright,Bet Right,,player_disposals_over,Sam Marshall,Over,5.0,19.5,20260524_013131
c2359222d8b43b27ad6d7cbc6f780932,Greater Western Sydney Giants,Brisbane Lions,2026-05-24T02:30:07Z,betright,Bet Right,,player_disposals_over,Will McLachlan,Over,3.6,14.5,20260524_013131
c2359222d8b43b27ad6d7cbc6f780932,Greater Western Sydney Giants,Brisbane Lions,2026-05-24T02:30:07Z,betright,Bet Right,,player_disposals_over,James Tunstill,Over,2.25,14.5,20260524_013131
c2359222d8b43b27ad6d7cbc6f780932,Greater Western Sydney Giants,Brisbane Lions,2026-05-24T02:30:07Z,betright,Bet Right,,player_disposals_over,James Tunstill,Over,7.5,19.5,20260524_013131
c2359222d8b43b27ad6d7cbc6f780932,Greater Western Sydney Giants,Brisbane Lions,2026-05-24T02:30:07Z,betright,Bet Right,,player_disposals_over,Jack Buckley,Over,2.4,14.5,20260524_013131
c2359222d8b43b27ad6d7cbc6f780932,Greater Western Sydney Giants,Brisbane Lions,2026-05-24T02:30:07Z,betright,Bet Right,,player_disposals_over,Jack Buckley,Over,8.0,19.5,20260524_013131
c2359222d8b43b27ad6d7cbc6f780932,Greater Western Sydney Giants,Brisbane Lions,2026-05-24T02:30:07Z,betright,Bet Right,,player_disposals_over,Callum Brown,Over,3.6,14.5,20260524_013131
c2359222d8b43b27ad6d7cbc6f780932,Greater Western Sydney Giants,Brisbane Lions,2026-05-24T02:30:07Z,betright,Bet Right,,player_disposals_over,Conor Stone,Over,2.05,14.5,20260524_013131
c2359222d8b43b27ad6d7cbc6f780932,Greater Western Sydney Giants,Brisbane Lions,2026-05-24T02:30:07Z,betright,Bet Right,,player_disposals_over,Conor Stone,Over,6.5,19.5,20260524_013131
c2359222d8b43b27ad6d7cbc6f780932,Greater Western Sydney Giants,Brisbane Lions,2026-05-24T02:30:07Z,tabtouch,TABtouch,,player_disposals_over,Clayton Oliver,Over,1.6,29.5,20260524_013131
c2359222d8b43b27ad6d7cbc6f780932,Greater Western Sydney Giants,Brisbane Lions,2026-05-24T02:30:07Z,tabtouch,TABtouch,,player_disposals_over,Lachie Whitfield,Over,1.18,24.5,20260524_013131
c2359222d8b43b27ad6d7cbc6f780932,Greater Western Sydney Giants,Brisbane Lions,2026-05-24T02:30:07Z,tabtouch,TABtouch,,player_disposals_over,Clayton Oliver,Over,1.12,24.5,20260524_013131
c2359222d8b43b27ad6d7cbc6f780932,Greater Western Sydney Giants,Brisbane Lions,2026-05-24T02:30:07Z,tabtouch,TABtouch,,player_disposals_over,Lachie Whitfield,Over,1.77,29.5,20260524_013131
c2359222d8b43b27ad6d7cbc6f780932,Greater Western Sydney Giants,Brisbane Lions,2026-05-24T02:30:07Z,tabtouch,TABtouch,,player_disposals_over,Lachlan Ash,Over,1.27,24.5,20260524_013131
c2359222d8b43b27ad6d7cbc6f780932,Greater Western Sydney Giants,Brisbane Lions,2026-05-24T02:30:07Z,tabtouch,TABtouch,,player_disposals_over,Lachlan Ash,Over,9.5,39.5,20260524_013131
c2359222d8b43b27ad6d7cbc6f780932,Greater Western Sydney Giants,Brisbane Lions,2026-05-24T02:30:07Z,tabtouch,TABtouch,,player_disposals_over,Connor Idun,Over,1.06,14.5,20260524_013131
c2359222d8b43b27ad6d7cbc6f780932,Greater Western Sydney Giants,Brisbane Lions,2026-05-24T02:30:07Z,tabtouch,TABtouch,,player_disposals_over,Connor Idun,Over,9.0,29.5,20260524_013131
c2359222d8b43b27ad6d7cbc6f780932,Greater Western Sydney Giants,Brisbane Lions,2026-05-24T02:30:07Z,tabtouch,TABtouch,,player_disposals_over,Harvey Thomas,Over,8.5,29.5,20260524_013131
c2359222d8b43b27ad6d7cbc6f780932,Greater Western Sydney Giants,Brisbane Lions,2026-05-24T02:30:07Z,tabtouch,TABtouch,,player_disposals_over,Toby Greene,Over,15.0,29.5,20260524_013131
c2359222d8b43b27ad6d7cbc6f780932,Greater Western Sydney Giants,Brisbane Lions,2026-05-24T02:30:07Z,tabtouch,TABtouch,,player_disposals_over,Toby Greene,Over,5.3,24.5,20260524_013131
c2359222d8b43b27ad6d7cbc6f780932,Greater Western Sydney Giants,Brisbane Lions,2026-05-24T02:30:07Z,tabtouch,TABtouch,,player_disposals_over,Brent Daniels,Over,1.27,14.5,20260524_013131
c2359222d8b43b27ad6d7cbc6f780932,Greater Western Sydney Giants,Brisbane Lions,2026-05-24T02:30:07Z,tabtouch,TABtouch,,player_disposals_over,Brent Daniels,Over,2.48,19.5,20260524_013131
c2359222d8b43b27ad6d7cbc6f780932,Greater Western Sydney Giants,Brisbane Lions,2026-05-24T02:30:07Z,tabtouch,TABtouch,,player_disposals_over,Stephen Coniglio,Over,18.0,29.5,20260524_013131
c2359222d8b43b27ad6d7cbc6f780932,Greater Western Sydney Giants,Brisbane Lions,2026-05-24T02:30:07Z,tabtouch,TABtouch,,player_disposals_over,Stephen Coniglio,Over,6.1,24.5,20260524_013131
c2359222d8b43b27ad6d7cbc6f780932,Greater Western Sydney Giants,Brisbane Lions,2026-05-24T02:30:07Z,tabtouch,TABtouch,,player_disposals_over,Joseph Fonti,Over,2.48,19.5,20260524_013131
c2359222d8b43b27ad6d7cbc6f780932,Greater Western Sydney Giants,Brisbane Lions,2026-05-24T02:30:07Z,tabtouch,TABtouch,,player_disposals_over,Joseph Fonti,Over,6.5,24.5,20260524_013131
c2359222d8b43b27ad6d7cbc6f780932,Greater Western Sydney Giants,Brisbane Lions,2026-05-24T02:30:07Z,tabtouch,TABtouch,,player_disposals_over,Harrison Himmelberg,Over,2.38,19.5,20260524_013131
c2359222d8b43b27ad6d7cbc6f780932,Greater Western Sydney Giants,Brisbane Lions,2026-05-24T02:30:07Z,tabtouch,TABtouch,,player_disposals_over,Jayden Laverde,Over,2.85,19.5,20260524_013131
c2359222d8b43b27ad6d7cbc6f780932,Greater Western Sydney Giants,Brisbane Lions,2026-05-24T02:30:07Z,tabtouch,TABtouch,,player_disposals_over,Toby McMullin,Over,5.1,19.5,20260524_013131
c2359222d8b43b27ad6d7cbc6f780932,Greater Western Sydney Giants,Brisbane Lions,2026-05-24T02:30:07Z,tabtouch,TABtouch,,player_disposals_over,Phoenix Gothard,Over,1.13,9.5,20260524_013131
c2359222d8b43b27ad6d7cbc6f780932,Greater Western Sydney Giants,Brisbane Lions,2026-05-24T02:30:07Z,tabtouch,TABtouch,,player_disposals_over,Toby Bedford,Over,6.25,19.5,20260524_013131
c2359222d8b43b27ad6d7cbc6f780932,Greater Western Sydney Giants,Brisbane Lions,2026-05-24T02:30:07Z,tabtouch,TABtouch,,player_disposals_over,Kieren Briggs,Over,1.13,9.5,20260524_013131
c2359222d8b43b27ad6d7cbc6f780932,Greater Western Sydney Giants,Brisbane Lions,2026-05-24T02:30:07Z,tabtouch,TABtouch,,player_disposals_over,Jake Riccardi,Over,2.16,14.5,20260524_013131
c2359222d8b43b27ad6d7cbc6f780932,Greater Western Sydney Giants,Brisbane Lions,2026-05-24T02:30:07Z,tabtouch,TABtouch,,player_disposals_over,Jake Riccardi,Over,1.12,9.5,20260524_013131
c2359222d8b43b27ad6d7cbc6f780932,Greater Western Sydney Giants,Brisbane Lions,2026-05-24T02:30:07Z,tabtouch,TABtouch,,player_disposals_over,Harrison Himmelberg,Over,46.0,34.5,20260524_013131
c2359222d8b43b27ad6d7cbc6f780932,Greater Western Sydney Giants,Brisbane Lions,2026-05-24T02:30:07Z,tabtouch,TABtouch,,player_disposals_over,Max Gruzewski,Over,6.1,14.5,20260524_013131
c2359222d8b43b27ad6d7cbc6f780932,Greater Western Sydney Giants,Brisbane Lions,2026-05-24T02:30:07Z,tabtouch,TABtouch,,player_disposals_over,Lachie Neale,Over,8.0,39.5,20260524_013131
c2359222d8b43b27ad6d7cbc6f780932,Greater Western Sydney Giants,Brisbane Lions,2026-05-24T02:30:07Z,tabtouch,TABtouch,,player_disposals_over,Lachie Neale,Over,3.55,34.5,20260524_013131
c2359222d8b43b27ad6d7cbc6f780932,Greater Western Sydney Giants,Brisbane Lions,2026-05-24T02:30:07Z,tabtouch,TABtouch,,player_disposals_over,Will Ashcroft,Over,1.03,19.5,20260524_013131
c2359222d8b43b27ad6d7cbc6f780932,Greater Western Sydney Giants,Brisbane Lions,2026-05-24T02:30:07Z,tabtouch,TABtouch,,player_disposals_over,Will Ashcroft,Over,13.0,39.5,20260524_013131
c2359222d8b43b27ad6d7cbc6f780932,Greater Western Sydney Giants,Brisbane Lions,2026-05-24T02:30:07Z,tabtouch,TABtouch,,player_disposals_over,Hugh McCluggage,Over,2.08,24.5,20260524_013131
c2359222d8b43b27ad6d7cbc6f780932,Greater Western Sydney Giants,Brisbane Lions,2026-05-24T02:30:07Z,tabtouch,TABtouch,,player_disposals_over,Hugh McCluggage,Over,12.0,34.5,20260524_013131
c2359222d8b43b27ad6d7cbc6f780932,Greater Western Sydney Giants,Brisbane Lions,2026-05-24T02:30:07Z,tabtouch,TABtouch,,player_disposals_over,Darcy Wilmot,Over,1.88,24.5,20260524_013131
c2359222d8b43b27ad6d7cbc6f780932,Greater Western Sydney Giants,Brisbane Lions,2026-05-24T02:30:07Z,tabtouch,TABtouch,,player_disposals_over,Darcy Wilmot,Over,3.9,29.5,20260524_013131
c2359222d8b43b27ad6d7cbc6f780932,Greater Western Sydney Giants,Brisbane Lions,2026-05-24T02:30:07Z,tabtouch,TABtouch,,player_disposals_over,Levi Ashcroft,Over,19.0,34.5,20260524_013131
c2359222d8b43b27ad6d7cbc6f780932,Greater Western Sydney Giants,Brisbane Lions,2026-05-24T02:30:07Z,tabtouch,TABtouch,,player_disposals_over,Josh Dunkley,Over,6.75,29.5,20260524_013131
c2359222d8b43b27ad6d7cbc6f780932,Greater Western Sydney Giants,Brisbane Lions,2026-05-24T02:30:07Z,tabtouch,TABtouch,,player_disposals_over,Zac Bailey,Over,11.0,29.5,20260524_013131
c2359222d8b43b27ad6d7cbc6f780932,Greater Western Sydney Giants,Brisbane Lions,2026-05-24T02:30:07Z,tabtouch,TABtouch,,player_disposals_over,Zac Bailey,Over,1.8,19.5,20260524_013131
c2359222d8b43b27ad6d7cbc6f780932,Greater Western Sydney Giants,Brisbane Lions,2026-05-24T02:30:07Z,tabtouch,TABtouch,,player_disposals_over,Keidean Coleman,Over,1.13,14.5,20260524_013131
c2359222d8b43b27ad6d7cbc6f780932,Greater Western Sydney Giants,Brisbane Lions,2026-05-24T02:30:07Z,tabtouch,TABtouch,,player_disposals_over,Keidean Coleman,Over,1.89,19.5,20260524_013131
c2359222d8b43b27ad6d7cbc6f780932,Greater Western Sydney Giants,Brisbane Lions,2026-05-24T02:30:07Z,tabtouch,TABtouch,,player_disposals_over,Jaspa Fletcher,Over,2.18,19.5,20260524_013131
c2359222d8b43b27ad6d7cbc6f780932,Greater Western Sydney Giants,Brisbane Lions,2026-05-24T02:30:07Z,tabtouch,TABtouch,,player_disposals_over,Cameron Rayner,Over,3.6,19.5,20260524_013131
c2359222d8b43b27ad6d7cbc6f780932,Greater Western Sydney Giants,Brisbane Lions,2026-05-24T02:30:07Z,tabtouch,TABtouch,,player_disposals_over,Cameron Rayner,Over,31.0,29.5,20260524_013131
c2359222d8b43b27ad6d7cbc6f780932,Greater Western Sydney Giants,Brisbane Lions,2026-05-24T02:30:07Z,tabtouch,TABtouch,,player_disposals_over,Harris Andrews,Over,31.0,29.5,20260524_013131
c2359222d8b43b27ad6d7cbc6f780932,Greater Western Sydney Giants,Brisbane Lions,2026-05-24T02:30:07Z,tabtouch,TABtouch,,player_disposals_over,Darcy Fort,Over,16.0,24.5,20260524_013131
c2359222d8b43b27ad6d7cbc6f780932,Greater Western Sydney Giants,Brisbane Lions,2026-05-24T02:30:07Z,tabtouch,TABtouch,,player_disposals_over,Darcy Fort,Over,4.75,19.5,20260524_013131
c2359222d8b43b27ad6d7cbc6f780932,Greater Western Sydney Giants,Brisbane Lions,2026-05-24T02:30:07Z,tabtouch,TABtouch,,player_disposals_over,Kai Lohmann,Over,2.25,14.5,20260524_013131
c2359222d8b43b27ad6d7cbc6f780932,Greater Western Sydney Giants,Brisbane Lions,2026-05-24T02:30:07Z,tabtouch,TABtouch,,player_disposals_over,Logan Morris,Over,9.0,19.5,20260524_013131
c2359222d8b43b27ad6d7cbc6f780932,Greater Western Sydney Giants,Brisbane Lions,2026-05-24T02:30:07Z,tabtouch,TABtouch,,player_disposals_over,Logan Morris,Over,2.7,14.5,20260524_013131
c2359222d8b43b27ad6d7cbc6f780932,Greater Western Sydney Giants,Brisbane Lions,2026-05-24T02:30:07Z,tabtouch,TABtouch,,player_disposals_over,Charlie Cameron,Over,2.28,14.5,20260524_013131
c2359222d8b43b27ad6d7cbc6f780932,Greater Western Sydney Giants,Brisbane Lions,2026-05-24T02:30:07Z,tabtouch,TABtouch,,player_disposals_over,Sam Draper,Over,1.22,9.5,20260524_013131
c2359222d8b43b27ad6d7cbc6f780932,Greater Western Sydney Giants,Brisbane Lions,2026-05-24T02:30:07Z,tabtouch,TABtouch,,player_disposals_over,Sam Draper,Over,2.7,14.5,20260524_013131
c2359222d8b43b27ad6d7cbc6f780932,Greater Western Sydney Giants,Brisbane Lions,2026-05-24T02:30:07Z,tabtouch,TABtouch,,player_disposals_over,Darcy Gardiner,Over,12.5,19.5,20260524_013131
c2359222d8b43b27ad6d7cbc6f780932,Greater Western Sydney Giants,Brisbane Lions,2026-05-24T02:30:07Z,tabtouch,TABtouch,,player_disposals_over,Clayton Oliver,Over,2.85,34.5,20260524_013131
c2359222d8b43b27ad6d7cbc6f780932,Greater Western Sydney Giants,Brisbane Lions,2026-05-24T02:30:07Z,tabtouch,TABtouch,,player_disposals_over,Lachie Whitfield,Over,7.5,39.5,20260524_013131
c2359222d8b43b27ad6d7cbc6f780932,Greater Western Sydney Giants,Brisbane Lions,2026-05-24T02:30:07Z,tabtouch,TABtouch,,player_disposals_over,Lachlan Ash,Over,2.04,29.5,20260524_013131
c2359222d8b43b27ad6d7cbc6f780932,Greater Western Sydney Giants,Brisbane Lions,2026-05-24T02:30:07Z,tabtouch,TABtouch,,player_disposals_over,Finn Callaghan,Over,2.04,29.5,20260524_013131
c2359222d8b43b27ad6d7cbc6f780932,Greater Western Sydney Giants,Brisbane Lions,2026-05-24T02:30:07Z,tabtouch,TABtouch,,player_disposals_over,Finn Callaghan,Over,9.5,39.5,20260524_013131
c2359222d8b43b27ad6d7cbc6f780932,Greater Western Sydney Giants,Brisbane Lions,2026-05-24T02:30:07Z,tabtouch,TABtouch,,player_disposals_over,Finn Callaghan,Over,4.1,34.5,20260524_013131
c2359222d8b43b27ad6d7cbc6f780932,Greater Western Sydney Giants,Brisbane Lions,2026-05-24T02:30:07Z,tabtouch,TABtouch,,player_disposals_over,Connor Idun,Over,1.6,19.5,20260524_013131
c2359222d8b43b27ad6d7cbc6f780932,Greater Western Sydney Giants,Brisbane Lions,2026-05-24T02:30:07Z,tabtouch,TABtouch,,player_disposals_over,Connor Idun,Over,25.0,34.5,20260524_013131
c2359222d8b43b27ad6d7cbc6f780932,Greater Western Sydney Giants,Brisbane Lions,2026-05-24T02:30:07Z,tabtouch,TABtouch,,player_disposals_over,Harvey Thomas,Over,3.2,24.5,20260524_013131
c2359222d8b43b27ad6d7cbc6f780932,Greater Western Sydney Giants,Brisbane Lions,2026-05-24T02:30:07Z,tabtouch,TABtouch,,player_disposals_over,Harvey Thomas,Over,1.56,19.5,20260524_013131
c2359222d8b43b27ad6d7cbc6f780932,Greater Western Sydney Giants,Brisbane Lions,2026-05-24T02:30:07Z,tabtouch,TABtouch,,player_disposals_over,Toby Greene,Over,41.0,34.5,20260524_013131
c2359222d8b43b27ad6d7cbc6f780932,Greater Western Sydney Giants,Brisbane Lions,2026-05-24T02:30:07Z,tabtouch,TABtouch,,player_disposals_over,Brent Daniels,Over,19.0,29.5,20260524_013131
c2359222d8b43b27ad6d7cbc6f780932,Greater Western Sydney Giants,Brisbane Lions,2026-05-24T02:30:07Z,tabtouch,TABtouch,,player_disposals_over,Stephen Coniglio,Over,1.25,14.5,20260524_013131
c2359222d8b43b27ad6d7cbc6f780932,Greater Western Sydney Giants,Brisbane Lions,2026-05-24T02:30:07Z,tabtouch,TABtouch,,player_disposals_over,Joseph Fonti,Over,19.0,29.5,20260524_013131
c2359222d8b43b27ad6d7cbc6f780932,Greater Western Sydney Giants,Brisbane Lions,2026-05-24T02:30:07Z,tabtouch,TABtouch,,player_disposals_over,Jayden Laverde,Over,23.0,29.5,20260524_013131
c2359222d8b43b27ad6d7cbc6f780932,Greater Western Sydney Giants,Brisbane Lions,2026-05-24T02:30:07Z,tabtouch,TABtouch,,player_disposals_over,Toby McMullin,Over,17.0,24.5,20260524_013131
c2359222d8b43b27ad6d7cbc6f780932,Greater Western Sydney Giants,Brisbane Lions,2026-05-24T02:30:07Z,tabtouch,TABtouch,,player_disposals_over,Toby McMullin,Over,1.07,9.5,20260524_013131
c2359222d8b43b27ad6d7cbc6f780932,Greater Western Sydney Giants,Brisbane Lions,2026-05-24T02:30:07Z,tabtouch,TABtouch,,player_disposals_over,Phoenix Gothard,Over,2.23,14.5,20260524_013131
c2359222d8b43b27ad6d7cbc6f780932,Greater Western Sydney Giants,Brisbane Lions,2026-05-24T02:30:07Z,tabtouch,TABtouch,,player_disposals_over,Toby Bedford,Over,1.12,9.5,20260524_013131
c2359222d8b43b27ad6d7cbc6f780932,Greater Western Sydney Giants,Brisbane Lions,2026-05-24T02:30:07Z,tabtouch,TABtouch,,player_disposals_over,Kieren Briggs,Over,6.5,19.5,20260524_013131
c2359222d8b43b27ad6d7cbc6f780932,Greater Western Sydney Giants,Brisbane Lions,2026-05-24T02:30:07Z,tabtouch,TABtouch,,player_disposals_over,Jake Stringer,Over,6.4,19.5,20260524_013131
c2359222d8b43b27ad6d7cbc6f780932,Greater Western Sydney Giants,Brisbane Lions,2026-05-24T02:30:07Z,tabtouch,TABtouch,,player_disposals_over,Jake Stringer,Over,2.18,14.5,20260524_013131
c2359222d8b43b27ad6d7cbc6f780932,Greater Western Sydney Giants,Brisbane Lions,2026-05-24T02:30:07Z,tabtouch,TABtouch,,player_disposals_over,Aaron Cadman,Over,2.7,14.5,20260524_013131
c2359222d8b43b27ad6d7cbc6f780932,Greater Western Sydney Giants,Brisbane Lions,2026-05-24T02:30:07Z,tabtouch,TABtouch,,player_disposals_over,Aaron Cadman,Over,9.0,19.5,20260524_013131
c2359222d8b43b27ad6d7cbc6f780932,Greater Western Sydney Giants,Brisbane Lions,2026-05-24T02:30:07Z,tabtouch,TABtouch,,player_disposals_over,Will Ashcroft,Over,1.4,24.5,20260524_013131
c2359222d8b43b27ad6d7cbc6f780932,Greater Western Sydney Giants,Brisbane Lions,2026-05-24T02:30:07Z,tabtouch,TABtouch,,player_disposals_over,Will Ashcroft,Over,5.2,34.5,20260524_013131
c2359222d8b43b27ad6d7cbc6f780932,Greater Western Sydney Giants,Brisbane Lions,2026-05-24T02:30:07Z,tabtouch,TABtouch,,player_disposals_over,Hugh McCluggage,Over,4.5,29.5,20260524_013131
c2359222d8b43b27ad6d7cbc6f780932,Greater Western Sydney Giants,Brisbane Lions,2026-05-24T02:30:07Z,tabtouch,TABtouch,,player_disposals_over,Hugh McCluggage,Over,30.0,39.5,20260524_013131
c2359222d8b43b27ad6d7cbc6f780932,Greater Western Sydney Giants,Brisbane Lions,2026-05-24T02:30:07Z,tabtouch,TABtouch,,player_disposals_over,Darcy Wilmot,Over,25.0,39.5,20260524_013131
c2359222d8b43b27ad6d7cbc6f780932,Greater Western Sydney Giants,Brisbane Lions,2026-05-24T02:30:07Z,tabtouch,TABtouch,,player_disposals_over,Levi Ashcroft,Over,1.44,19.5,20260524_013131
c2359222d8b43b27ad6d7cbc6f780932,Greater Western Sydney Giants,Brisbane Lions,2026-05-24T02:30:07Z,tabtouch,TABtouch,,player_disposals_over,Levi Ashcroft,Over,7.0,29.5,20260524_013131
c2359222d8b43b27ad6d7cbc6f780932,Greater Western Sydney Giants,Brisbane Lions,2026-05-24T02:30:07Z,tabtouch,TABtouch,,player_disposals_over,Josh Dunkley,Over,18.0,34.5,20260524_013131
c2359222d8b43b27ad6d7cbc6f780932,Greater Western Sydney Giants,Brisbane Lions,2026-05-24T02:30:07Z,tabtouch,TABtouch,,player_disposals_over,Josh Dunkley,Over,1.42,19.5,20260524_013131
c2359222d8b43b27ad6d7cbc6f780932,Greater Western Sydney Giants,Brisbane Lions,2026-05-24T02:30:07Z,tabtouch,TABtouch,,player_disposals_over,Zac Bailey,Over,4.1,24.5,20260524_013131
c2359222d8b43b27ad6d7cbc6f780932,Greater Western Sydney Giants,Brisbane Lions,2026-05-24T02:30:07Z,tabtouch,TABtouch,,player_disposals_over,Keidean Coleman,Over,34.0,34.5,20260524_013131
c2359222d8b43b27ad6d7cbc6f780932,Greater Western Sydney Giants,Brisbane Lions,2026-05-24T02:30:07Z,tabtouch,TABtouch,,player_disposals_over,Jaspa Fletcher,Over,16.0,29.5,20260524_013131
c2359222d8b43b27ad6d7cbc6f780932,Greater Western Sydney Giants,Brisbane Lions,2026-05-24T02:30:07Z,tabtouch,TABtouch,,player_disposals_over,Jaspa Fletcher,Over,5.4,24.5,20260524_013131
c2359222d8b43b27ad6d7cbc6f780932,Greater Western Sydney Giants,Brisbane Lions,2026-05-24T02:30:07Z,tabtouch,TABtouch,,player_disposals_over,Bruce Reville,Over,21.0,29.5,20260524_013131
c2359222d8b43b27ad6d7cbc6f780932,Greater Western Sydney Giants,Brisbane Lions,2026-05-24T02:30:07Z,tabtouch,TABtouch,,player_disposals_over,Cameron Rayner,Over,11.0,24.5,20260524_013131
c2359222d8b43b27ad6d7cbc6f780932,Greater Western Sydney Giants,Brisbane Lions,2026-05-24T02:30:07Z,tabtouch,TABtouch,,player_disposals_over,Cameron Rayner,Over,1.55,14.5,20260524_013131
c2359222d8b43b27ad6d7cbc6f780932,Greater Western Sydney Giants,Brisbane Lions,2026-05-24T02:30:07Z,tabtouch,TABtouch,,player_disposals_over,Harris Andrews,Over,11.0,24.5,20260524_013131
c2359222d8b43b27ad6d7cbc6f780932,Greater Western Sydney Giants,Brisbane Lions,2026-05-24T02:30:07Z,tabtouch,TABtouch,,player_disposals_over,Harris Andrews,Over,1.55,14.5,20260524_013131
c2359222d8b43b27ad6d7cbc6f780932,Greater Western Sydney Giants,Brisbane Lions,2026-05-24T02:30:07Z,tabtouch,TABtouch,,player_disposals_over,Darcy Fort,Over,1.82,14.5,20260524_013131
c2359222d8b43b27ad6d7cbc6f780932,Greater Western Sydney Giants,Brisbane Lions,2026-05-24T02:30:07Z,tabtouch,TABtouch,,player_disposals_over,Kai Lohmann,Over,6.75,19.5,20260524_013131
c2359222d8b43b27ad6d7cbc6f780932,Greater Western Sydney Giants,Brisbane Lions,2026-05-24T02:30:07Z,tabtouch,TABtouch,,player_disposals_over,Charlie Cameron,Over,6.75,19.5,20260524_013131
c2359222d8b43b27ad6d7cbc6f780932,Greater Western Sydney Giants,Brisbane Lions,2026-05-24T02:30:07Z,tabtouch,TABtouch,,player_disposals_over,Conor McKenna,Over,1.22,9.5,20260524_013131
c2359222d8b43b27ad6d7cbc6f780932,Greater Western Sydney Giants,Brisbane Lions,2026-05-24T02:30:07Z,tabtouch,TABtouch,,player_disposals_over,Conor McKenna,Over,2.7,14.5,20260524_013131
c2359222d8b43b27ad6d7cbc6f780932,Greater Western Sydney Giants,Brisbane Lions,2026-05-24T02:30:07Z,tabtouch,TABtouch,,player_disposals_over,Darcy Gardiner,Over,3.5,14.5,20260524_013131
c2359222d8b43b27ad6d7cbc6f780932,Greater Western Sydney Giants,Brisbane Lions,2026-05-24T02:30:07Z,tabtouch,TABtouch,,player_disposals_over,Clayton Oliver,Over,6.25,39.5,20260524_013131
c2359222d8b43b27ad6d7cbc6f780932,Greater Western Sydney Giants,Brisbane Lions,2026-05-24T02:30:07Z,tabtouch,TABtouch,,player_disposals_over,Lachie Whitfield,Over,3.3,34.5,20260524_013131
c2359222d8b43b27ad6d7cbc6f780932,Greater Western Sydney Giants,Brisbane Lions,2026-05-24T02:30:07Z,tabtouch,TABtouch,,player_disposals_over,Finn Callaghan,Over,1.26,24.5,20260524_013131
c2359222d8b43b27ad6d7cbc6f780932,Greater Western Sydney Giants,Brisbane Lions,2026-05-24T02:30:07Z,tabtouch,TABtouch,,player_disposals_over,Lachlan Ash,Over,4.1,34.5,20260524_013131
c2359222d8b43b27ad6d7cbc6f780932,Greater Western Sydney Giants,Brisbane Lions,2026-05-24T02:30:07Z,tabtouch,TABtouch,,player_disposals_over,Connor Idun,Over,3.35,24.5,20260524_013131
c2359222d8b43b27ad6d7cbc6f780932,Greater Western Sydney Giants,Brisbane Lions,2026-05-24T02:30:07Z,tabtouch,TABtouch,,player_disposals_over,Harvey Thomas,Over,23.0,34.5,20260524_013131
c2359222d8b43b27ad6d7cbc6f780932,Greater Western Sydney Giants,Brisbane Lions,2026-05-24T02:30:07Z,tabtouch,TABtouch,,player_disposals_over,Harvey Thomas,Over,1.05,14.5,20260524_013131
c2359222d8b43b27ad6d7cbc6f780932,Greater Western Sydney Giants,Brisbane Lions,2026-05-24T02:30:07Z,tabtouch,TABtouch,,player_disposals_over,Toby Greene,Over,2.12,19.5,20260524_013131
c2359222d8b43b27ad6d7cbc6f780932,Greater Western Sydney Giants,Brisbane Lions,2026-05-24T02:30:07Z,tabtouch,TABtouch,,player_disposals_over,Toby Greene,Over,1.19,14.5,20260524_013131
c2359222d8b43b27ad6d7cbc6f780932,Greater Western Sydney Giants,Brisbane Lions,2026-05-24T02:30:07Z,tabtouch,TABtouch,,player_disposals_over,Brent Daniels,Over,6.75,24.5,20260524_013131
c2359222d8b43b27ad6d7cbc6f780932,Greater Western Sydney Giants,Brisbane Lions,2026-05-24T02:30:07Z,tabtouch,TABtouch,,player_disposals_over,Stephen Coniglio,Over,2.38,19.5,20260524_013131
c2359222d8b43b27ad6d7cbc6f780932,Greater Western Sydney Giants,Brisbane Lions,2026-05-24T02:30:07Z,tabtouch,TABtouch,,player_disposals_over,Joseph Fonti,Over,1.27,14.5,20260524_013131
c2359222d8b43b27ad6d7cbc6f780932,Greater Western Sydney Giants,Brisbane Lions,2026-05-24T02:30:07Z,tabtouch,TABtouch,,player_disposals_over,Harrison Himmelberg,Over,1.25,14.5,20260524_013131
c2359222d8b43b27ad6d7cbc6f780932,Greater Western Sydney Giants,Brisbane Lions,2026-05-24T02:30:07Z,tabtouch,TABtouch,,player_disposals_over,Harrison Himmelberg,Over,18.0,29.5,20260524_013131
c2359222d8b43b27ad6d7cbc6f780932,Greater Western Sydney Giants,Brisbane Lions,2026-05-24T02:30:07Z,tabtouch,TABtouch,,player_disposals_over,Harrison Himmelberg,Over,6.25,24.5,20260524_013131
c2359222d8b43b27ad6d7cbc6f780932,Greater Western Sydney Giants,Brisbane Lions,2026-05-24T02:30:07Z,tabtouch,TABtouch,,player_disposals_over,Jayden Laverde,Over,1.36,14.5,20260524_013131
c2359222d8b43b27ad6d7cbc6f780932,Greater Western Sydney Giants,Brisbane Lions,2026-05-24T02:30:07Z,tabtouch,TABtouch,,player_disposals_over,Jayden Laverde,Over,8.0,24.5,20260524_013131
c2359222d8b43b27ad6d7cbc6f780932,Greater Western Sydney Giants,Brisbane Lions,2026-05-24T02:30:07Z,tabtouch,TABtouch,,player_disposals_over,Toby McMullin,Over,1.88,14.5,20260524_013131
c2359222d8b43b27ad6d7cbc6f780932,Greater Western Sydney Giants,Brisbane Lions,2026-05-24T02:30:07Z,tabtouch,TABtouch,,player_disposals_over,Phoenix Gothard,Over,6.5,19.5,20260524_013131
c2359222d8b43b27ad6d7cbc6f780932,Greater Western Sydney Giants,Brisbane Lions,2026-05-24T02:30:07Z,tabtouch,TABtouch,,player_disposals_over,Toby Bedford,Over,2.17,14.5,20260524_013131
c2359222d8b43b27ad6d7cbc6f780932,Greater Western Sydney Giants,Brisbane Lions,2026-05-24T02:30:07Z,tabtouch,TABtouch,,player_disposals_over,Kieren Briggs,Over,2.23,14.5,20260524_013131
c2359222d8b43b27ad6d7cbc6f780932,Greater Western Sydney Giants,Brisbane Lions,2026-05-24T02:30:07Z,tabtouch,TABtouch,,player_disposals_over,Jake Riccardi,Over,6.25,19.5,20260524_013131
c2359222d8b43b27ad6d7cbc6f780932,Greater Western Sydney Giants,Brisbane Lions,2026-05-24T02:30:07Z,tabtouch,TABtouch,,player_disposals_over,Jake Stringer,Over,1.12,9.5,20260524_013131
c2359222d8b43b27ad6d7cbc6f780932,Greater Western Sydney Giants,Brisbane Lions,2026-05-24T02:30:07Z,tabtouch,TABtouch,,player_disposals_over,Aaron Cadman,Over,1.22,9.5,20260524_013131
c2359222d8b43b27ad6d7cbc6f780932,Greater Western Sydney Giants,Brisbane Lions,2026-05-24T02:30:07Z,tabtouch,TABtouch,,player_disposals_over,Max Gruzewski,Over,1.82,9.5,20260524_013131
c2359222d8b43b27ad6d7cbc6f780932,Greater Western Sydney Giants,Brisbane Lions,2026-05-24T02:30:07Z,tabtouch,TABtouch,,player_disposals_over,Lachie Neale,Over,1.83,29.5,20260524_013131
c2359222d8b43b27ad6d7cbc6f780932,Greater Western Sydney Giants,Brisbane Lions,2026-05-24T02:30:07Z,tabtouch,TABtouch,,player_disposals_over,Lachie Neale,Over,1.2,24.5,20260524_013131
c2359222d8b43b27ad6d7cbc6f780932,Greater Western Sydney Giants,Brisbane Lions,2026-05-24T02:30:07Z,tabtouch,TABtouch,,player_disposals_over,Will Ashcroft,Over,2.4,29.5,20260524_013131
c2359222d8b43b27ad6d7cbc6f780932,Greater Western Sydney Giants,Brisbane Lions,2026-05-24T02:30:07Z,tabtouch,TABtouch,,player_disposals_over,Hugh McCluggage,Over,1.24,19.5,20260524_013131
c2359222d8b43b27ad6d7cbc6f780932,Greater Western Sydney Giants,Brisbane Lions,2026-05-24T02:30:07Z,tabtouch,TABtouch,,player_disposals_over,Darcy Wilmot,Over,10.0,34.5,20260524_013131
c2359222d8b43b27ad6d7cbc6f780932,Greater Western Sydney Giants,Brisbane Lions,2026-05-24T02:30:07Z,tabtouch,TABtouch,,player_disposals_over,Darcy Wilmot,Over,1.18,19.5,20260524_013131
c2359222d8b43b27ad6d7cbc6f780932,Greater Western Sydney Giants,Brisbane Lions,2026-05-24T02:30:07Z,tabtouch,TABtouch,,player_disposals_over,Levi Ashcroft,Over,2.8,24.5,20260524_013131
c2359222d8b43b27ad6d7cbc6f780932,Greater Western Sydney Giants,Brisbane Lions,2026-05-24T02:30:07Z,tabtouch,TABtouch,,player_disposals_over,Levi Ashcroft,Over,46.0,39.5,20260524_013131
c2359222d8b43b27ad6d7cbc6f780932,Greater Western Sydney Giants,Brisbane Lions,2026-05-24T02:30:07Z,tabtouch,TABtouch,,player_disposals_over,Josh Dunkley,Over,2.75,24.5,20260524_013131
c2359222d8b43b27ad6d7cbc6f780932,Greater Western Sydney Giants,Brisbane Lions,2026-05-24T02:30:07Z,tabtouch,TABtouch,,player_disposals_over,Josh Dunkley,Over,46.0,39.5,20260524_013131
c2359222d8b43b27ad6d7cbc6f780932,Greater Western Sydney Giants,Brisbane Lions,2026-05-24T02:30:07Z,tabtouch,TABtouch,,player_disposals_over,Zac Bailey,Over,31.0,34.5,20260524_013131
c2359222d8b43b27ad6d7cbc6f780932,Greater Western Sydney Giants,Brisbane Lions,2026-05-24T02:30:07Z,tabtouch,TABtouch,,player_disposals_over,Zac Bailey,Over,1.11,14.5,20260524_013131
c2359222d8b43b27ad6d7cbc6f780932,Greater Western Sydney Giants,Brisbane Lions,2026-05-24T02:30:07Z,tabtouch,TABtouch,,player_disposals_over,Keidean Coleman,Over,12.5,29.5,20260524_013131
c2359222d8b43b27ad6d7cbc6f780932,Greater Western Sydney Giants,Brisbane Lions,2026-05-24T02:30:07Z,tabtouch,TABtouch,,player_disposals_over,Keidean Coleman,Over,4.5,24.5,20260524_013131
c2359222d8b43b27ad6d7cbc6f780932,Greater Western Sydney Giants,Brisbane Lions,2026-05-24T02:30:07Z,tabtouch,TABtouch,,player_disposals_over,Jaspa Fletcher,Over,1.2,14.5,20260524_013131
c2359222d8b43b27ad6d7cbc6f780932,Greater Western Sydney Giants,Brisbane Lions,2026-05-24T02:30:07Z,tabtouch,TABtouch,,player_disposals_over,Jaspa Fletcher,Over,41.0,34.5,20260524_013131
c2359222d8b43b27ad6d7cbc6f780932,Greater Western Sydney Giants,Brisbane Lions,2026-05-24T02:30:07Z,tabtouch,TABtouch,,player_disposals_over,Bruce Reville,Over,2.55,19.5,20260524_013131
c2359222d8b43b27ad6d7cbc6f780932,Greater Western Sydney Giants,Brisbane Lions,2026-05-24T02:30:07Z,tabtouch,TABtouch,,player_disposals_over,Bruce Reville,Over,7.0,24.5,20260524_013131
c2359222d8b43b27ad6d7cbc6f780932,Greater Western Sydney Giants,Brisbane Lions,2026-05-24T02:30:07Z,tabtouch,TABtouch,,player_disposals_over,Bruce Reville,Over,1.29,14.5,20260524_013131
c2359222d8b43b27ad6d7cbc6f780932,Greater Western Sydney Giants,Brisbane Lions,2026-05-24T02:30:07Z,tabtouch,TABtouch,,player_disposals_over,Harris Andrews,Over,3.6,19.5,20260524_013131
c2359222d8b43b27ad6d7cbc6f780932,Greater Western Sydney Giants,Brisbane Lions,2026-05-24T02:30:07Z,tabtouch,TABtouch,,player_disposals_over,Darcy Fort,Over,1.06,9.5,20260524_013131
c2359222d8b43b27ad6d7cbc6f780932,Greater Western Sydney Giants,Brisbane Lions,2026-05-24T02:30:07Z,tabtouch,TABtouch,,player_disposals_over,Kai Lohmann,Over,1.14,9.5,20260524_013131
c2359222d8b43b27ad6d7cbc6f780932,Greater Western Sydney Giants,Brisbane Lions,2026-05-24T02:30:07Z,tabtouch,TABtouch,,player_disposals_over,Logan Morris,Over,1.22,9.5,20260524_013131
c2359222d8b43b27ad6d7cbc6f780932,Greater Western Sydney Giants,Brisbane Lions,2026-05-24T02:30:07Z,tabtouch,TABtouch,,player_disposals_over,Charlie Cameron,Over,1.14,9.5,20260524_013131
c2359222d8b43b27ad6d7cbc6f780932,Greater Western Sydney Giants,Brisbane Lions,2026-05-24T02:30:07Z,tabtouch,TABtouch,,player_disposals_over,Conor McKenna,Over,9.0,19.5,20260524_013131
c2359222d8b43b27ad6d7cbc6f780932,Greater Western Sydney Giants,Brisbane Lions,2026-05-24T02:30:07Z,tabtouch,TABtouch,,player_disposals_over,Sam Draper,Over,9.0,19.5,20260524_013131
c2359222d8b43b27ad6d7cbc6f780932,Greater Western Sydney Giants,Brisbane Lions,2026-05-24T02:30:07Z,tabtouch,TABtouch,,player_disposals_over,Darcy Gardiner,Over,1.36,9.5,20260524_013131
c2359222d8b43b27ad6d7cbc6f780932,Greater Western Sydney Giants,Brisbane Lions,2026-05-24T02:30:07Z,tabtouch,TABtouch,,player_disposals_over,Conor Stone,Over,1.88,14.5,20260524_013131
c2359222d8b43b27ad6d7cbc6f780932,Greater Western Sydney Giants,Brisbane Lions,2026-05-24T02:30:07Z,tabtouch,TABtouch,,player_disposals_over,Conor Stone,Over,17.0,24.5,20260524_013131
c2359222d8b43b27ad6d7cbc6f780932,Greater Western Sydney Giants,Brisbane Lions,2026-05-24T02:30:07Z,tabtouch,TABtouch,,player_disposals_over,Jack Buckley,Over,1.14,9.5,20260524_013131
c2359222d8b43b27ad6d7cbc6f780932,Greater Western Sydney Giants,Brisbane Lions,2026-05-24T02:30:07Z,tabtouch,TABtouch,,player_disposals_over,Jack Buckley,Over,6.75,19.5,20260524_013131
c2359222d8b43b27ad6d7cbc6f780932,Greater Western Sydney Giants,Brisbane Lions,2026-05-24T02:30:07Z,tabtouch,TABtouch,,player_disposals_over,Callum Brown,Over,1.56,9.5,20260524_013131
c2359222d8b43b27ad6d7cbc6f780932,Greater Western Sydney Giants,Brisbane Lions,2026-05-24T02:30:07Z,tabtouch,TABtouch,,player_disposals_over,Callum Brown,Over,4.7,14.5,20260524_013131
c2359222d8b43b27ad6d7cbc6f780932,Greater Western Sydney Giants,Brisbane Lions,2026-05-24T02:30:07Z,tabtouch,TABtouch,,player_disposals_over,James Tunstill,Over,1.13,9.5,20260524_013131
c2359222d8b43b27ad6d7cbc6f780932,Greater Western Sydney Giants,Brisbane Lions,2026-05-24T02:30:07Z,tabtouch,TABtouch,,player_disposals_over,Ty Gallop,Over,6.25,14.5,20260524_013131
c2359222d8b43b27ad6d7cbc6f780932,Greater Western Sydney Giants,Brisbane Lions,2026-05-24T02:30:07Z,tabtouch,TABtouch,,player_disposals_over,Sam Marshall,Over,1.05,9.5,20260524_013131
c2359222d8b43b27ad6d7cbc6f780932,Greater Western Sydney Giants,Brisbane Lions,2026-05-24T02:30:07Z,tabtouch,TABtouch,,player_disposals_over,Sam Marshall,Over,1.81,14.5,20260524_013131
c2359222d8b43b27ad6d7cbc6f780932,Greater Western Sydney Giants,Brisbane Lions,2026-05-24T02:30:07Z,tabtouch,TABtouch,,player_disposals_over,Conor Stone,Over,5.1,19.5,20260524_013131
c2359222d8b43b27ad6d7cbc6f780932,Greater Western Sydney Giants,Brisbane Lions,2026-05-24T02:30:07Z,tabtouch,TABtouch,,player_disposals_over,Jack Buckley,Over,2.28,14.5,20260524_013131
c2359222d8b43b27ad6d7cbc6f780932,Greater Western Sydney Giants,Brisbane Lions,2026-05-24T02:30:07Z,tabtouch,TABtouch,,player_disposals_over,James Tunstill,Over,6.4,19.5,20260524_013131
c2359222d8b43b27ad6d7cbc6f780932,Greater Western Sydney Giants,Brisbane Lions,2026-05-24T02:30:07Z,tabtouch,TABtouch,,player_disposals_over,James Tunstill,Over,2.16,14.5,20260524_013131
c2359222d8b43b27ad6d7cbc6f780932,Greater Western Sydney Giants,Brisbane Lions,2026-05-24T02:30:07Z,tabtouch,TABtouch,,player_disposals_over,Will McLachlan,Over,6.25,14.5,20260524_013131
c2359222d8b43b27ad6d7cbc6f780932,Greater Western Sydney Giants,Brisbane Lions,2026-05-24T02:30:07Z,tabtouch,TABtouch,,player_disposals_over,Sam Marshall,Over,4.8,19.5,20260524_013131
c2359222d8b43b27ad6d7cbc6f780932,Greater Western Sydney Giants,Brisbane Lions,2026-05-24T02:30:07Z,tabtouch,TABtouch,,player_disposals_over,Sam Marshall,Over,16.0,24.5,20260524_013131
c2359222d8b43b27ad6d7cbc6f780932,Greater Western Sydney Giants,Brisbane Lions,2026-05-24T02:30:07Z,tabtouch,TABtouch,,player_disposals_over,Conor Stone,Over,1.07,9.5,20260524_013131
c2359222d8b43b27ad6d7cbc6f780932,Greater Western Sydney Giants,Brisbane Lions,2026-05-24T02:30:07Z,tabtouch,TABtouch,,player_disposals_over,Ty Gallop,Over,1.83,9.5,20260524_013131
c2359222d8b43b27ad6d7cbc6f780932,Greater Western Sydney Giants,Brisbane Lions,2026-05-24T02:30:07Z,tabtouch,TABtouch,,player_disposals_over,Will McLachlan,Over,1.83,9.5,20260524_013131
c2359222d8b43b27ad6d7cbc6f780932,Greater Western Sydney Giants,Brisbane Lions,2026-05-24T02:30:07Z,tabtouch,TABtouch,,player_goal_scorer_anytime,Josh Dunkley,Yes,3.15,,20260524_013131
c2359222d8b43b27ad6d7cbc6f780932,Greater Western Sydney Giants,Brisbane Lions,2026-05-24T02:30:07Z,tabtouch,TABtouch,,player_goal_scorer_anytime,Aaron Cadman,Yes,1.07,,20260524_013131
c2359222d8b43b27ad6d7cbc6f780932,Greater Western Sydney Giants,Brisbane Lions,2026-05-24T02:30:07Z,tabtouch,TABtouch,,player_goal_scorer_anytime,Harvey Thomas,Yes,2.8,,20260524_013131
c2359222d8b43b27ad6d7cbc6f780932,Greater Western Sydney Giants,Brisbane Lions,2026-05-24T02:30:07Z,tabtouch,TABtouch,,player_goal_scorer_anytime,Charlie Cameron,Yes,1.04,,20260524_013131
c2359222d8b43b27ad6d7cbc6f780932,Greater Western Sydney Giants,Brisbane Lions,2026-05-24T02:30:07Z,tabtouch,TABtouch,,player_goal_scorer_anytime,Toby McMullin,Yes,3.0,,20260524_013131
c2359222d8b43b27ad6d7cbc6f780932,Greater Western Sydney Giants,Brisbane Lions,2026-05-24T02:30:07Z,tabtouch,TABtouch,,player_goal_scorer_anytime,Conor McKenna,Yes,1.65,,20260524_013131
c2359222d8b43b27ad6d7cbc6f780932,Greater Western Sydney Giants,Brisbane Lions,2026-05-24T02:30:07Z,tabtouch,TABtouch,,player_goal_scorer_anytime,Toby Greene,Yes,1.3,,20260524_013131
c2359222d8b43b27ad6d7cbc6f780932,Greater Western Sydney Giants,Brisbane Lions,2026-05-24T02:30:07Z,tabtouch,TABtouch,,player_goal_scorer_anytime,Toby Bedford,Yes,1.81,,20260524_013131
c2359222d8b43b27ad6d7cbc6f780932,Greater Western Sydney Giants,Brisbane Lions,2026-05-24T02:30:07Z,tabtouch,TABtouch,,player_goal_scorer_anytime,Brent Daniels,Yes,1.63,,20260524_013131
c2359222d8b43b27ad6d7cbc6f780932,Greater Western Sydney Giants,Brisbane Lions,2026-05-24T02:30:07Z,tabtouch,TABtouch,,player_goal_scorer_anytime,Kieren Briggs,Yes,3.9,,20260524_013131
c2359222d8b43b27ad6d7cbc6f780932,Greater Western Sydney Giants,Brisbane Lions,2026-05-24T02:30:07Z,tabtouch,TABtouch,,player_goal_scorer_anytime,Lachie Whitfield,Yes,4.0,,20260524_013131
c2359222d8b43b27ad6d7cbc6f780932,Greater Western Sydney Giants,Brisbane Lions,2026-05-24T02:30:07Z,tabtouch,TABtouch,,player_goal_scorer_anytime,Clayton Oliver,Yes,3.85,,20260524_013131
c2359222d8b43b27ad6d7cbc6f780932,Greater Western Sydney Giants,Brisbane Lions,2026-05-24T02:30:07Z,tabtouch,TABtouch,,player_goal_scorer_anytime,Kai Lohmann,Yes,1.16,,20260524_013131
c2359222d8b43b27ad6d7cbc6f780932,Greater Western Sydney Giants,Brisbane Lions,2026-05-24T02:30:07Z,tabtouch,TABtouch,,player_goal_scorer_anytime,Jake Stringer,Yes,1.15,,20260524_013131
c2359222d8b43b27ad6d7cbc6f780932,Greater Western Sydney Giants,Brisbane Lions,2026-05-24T02:30:07Z,tabtouch,TABtouch,,player_goal_scorer_anytime,Phoenix Gothard,Yes,1.48,,20260524_013131
c2359222d8b43b27ad6d7cbc6f780932,Greater Western Sydney Giants,Brisbane Lions,2026-05-24T02:30:07Z,tabtouch,TABtouch,,player_goal_scorer_anytime,Cameron Rayner,Yes,1.38,,20260524_013131
c2359222d8b43b27ad6d7cbc6f780932,Greater Western Sydney Giants,Brisbane Lions,2026-05-24T02:30:07Z,tabtouch,TABtouch,,player_goal_scorer_anytime,Zac Bailey,Yes,1.17,,20260524_013131
c2359222d8b43b27ad6d7cbc6f780932,Greater Western Sydney Giants,Brisbane Lions,2026-05-24T02:30:07Z,tabtouch,TABtouch,,player_goal_scorer_anytime,Levi Ashcroft,Yes,2.23,,20260524_013131
c2359222d8b43b27ad6d7cbc6f780932,Greater Western Sydney Giants,Brisbane Lions,2026-05-24T02:30:07Z,tabtouch,TABtouch,,player_goal_scorer_anytime,Stephen Coniglio,Yes,2.8,,20260524_013131
c2359222d8b43b27ad6d7cbc6f780932,Greater Western Sydney Giants,Brisbane Lions,2026-05-24T02:30:07Z,tabtouch,TABtouch,,player_goal_scorer_anytime,Hugh McCluggage,Yes,1.83,,20260524_013131
c2359222d8b43b27ad6d7cbc6f780932,Greater Western Sydney Giants,Brisbane Lions,2026-05-24T02:30:07Z,tabtouch,TABtouch,,player_goal_scorer_anytime,Jake Riccardi,Yes,1.29,,20260524_013131
c2359222d8b43b27ad6d7cbc6f780932,Greater Western Sydney Giants,Brisbane Lions,2026-05-24T02:30:07Z,tabtouch,TABtouch,,player_goal_scorer_anytime,Lachie Neale,Yes,3.35,,20260524_013131
c2359222d8b43b27ad6d7cbc6f780932,Greater Western Sydney Giants,Brisbane Lions,2026-05-24T02:30:07Z,tabtouch,TABtouch,,player_goal_scorer_anytime,Max Gruzewski,Yes,1.28,,20260524_013131
c2359222d8b43b27ad6d7cbc6f780932,Greater Western Sydney Giants,Brisbane Lions,2026-05-24T02:30:07Z,tabtouch,TABtouch,,player_goal_scorer_anytime,Bruce Reville,Yes,2.55,,20260524_013131
c2359222d8b43b27ad6d7cbc6f780932,Greater Western Sydney Giants,Brisbane Lions,2026-05-24T02:30:07Z,tabtouch,TABtouch,,player_goal_scorer_anytime,Finn Callaghan,Yes,3.05,,20260524_013131
c2359222d8b43b27ad6d7cbc6f780932,Greater Western Sydney Giants,Brisbane Lions,2026-05-24T02:30:07Z,tabtouch,TABtouch,,player_goal_scorer_anytime,Jaspa Fletcher,Yes,3.9,,20260524_013131
c2359222d8b43b27ad6d7cbc6f780932,Greater Western Sydney Giants,Brisbane Lions,2026-05-24T02:30:07Z,tabtouch,TABtouch,,player_goal_scorer_anytime,Sam Draper,Yes,1.62,,20260524_013131
c2359222d8b43b27ad6d7cbc6f780932,Greater Western Sydney Giants,Brisbane Lions,2026-05-24T02:30:07Z,tabtouch,TABtouch,,player_goal_scorer_anytime,Will Ashcroft,Yes,2.95,,20260524_013131
c2359222d8b43b27ad6d7cbc6f780932,Greater Western Sydney Giants,Brisbane Lions,2026-05-24T02:30:07Z,tabtouch,TABtouch,,player_goal_scorer_anytime,Darcy Fort,Yes,2.88,,20260524_013131
c2359222d8b43b27ad6d7cbc6f780932,Greater Western Sydney Giants,Brisbane Lions,2026-05-24T02:30:07Z,tabtouch,TABtouch,,player_goal_scorer_anytime,Will McLachlan,Yes,1.85,,20260524_013131
c2359222d8b43b27ad6d7cbc6f780932,Greater Western Sydney Giants,Brisbane Lions,2026-05-24T02:30:07Z,tabtouch,TABtouch,,player_goal_scorer_anytime,James Tunstill,Yes,3.4,,20260524_013131
c2359222d8b43b27ad6d7cbc6f780932,Greater Western Sydney Giants,Brisbane Lions,2026-05-24T02:30:07Z,tabtouch,TABtouch,,player_goal_scorer_anytime,Callum Brown,Yes,1.54,,20260524_013131
c2359222d8b43b27ad6d7cbc6f780932,Greater Western Sydney Giants,Brisbane Lions,2026-05-24T02:30:07Z,unibet,Unibet,,player_disposals_over,Clayton Oliver,Over,1.6,29.5,20260524_013131
c2359222d8b43b27ad6d7cbc6f780932,Greater Western Sydney Giants,Brisbane Lions,2026-05-24T02:30:07Z,unibet,Unibet,,player_disposals_over,Lachie Whitfield,Over,1.18,24.5,20260524_013131
c2359222d8b43b27ad6d7cbc6f780932,Greater Western Sydney Giants,Brisbane Lions,2026-05-24T02:30:07Z,unibet,Unibet,,player_disposals_over,Clayton Oliver,Over,1.12,24.5,20260524_013131
c2359222d8b43b27ad6d7cbc6f780932,Greater Western Sydney Giants,Brisbane Lions,2026-05-24T02:30:07Z,unibet,Unibet,,player_disposals_over,Lachie Whitfield,Over,1.77,29.5,20260524_013131
c2359222d8b43b27ad6d7cbc6f780932,Greater Western Sydney Giants,Brisbane Lions,2026-05-24T02:30:07Z,unibet,Unibet,,player_disposals_over,Lachlan Ash,Over,1.27,24.5,20260524_013131
c2359222d8b43b27ad6d7cbc6f780932,Greater Western Sydney Giants,Brisbane Lions,2026-05-24T02:30:07Z,unibet,Unibet,,player_disposals_over,Lachlan Ash,Over,9.5,39.5,20260524_013131
c2359222d8b43b27ad6d7cbc6f780932,Greater Western Sydney Giants,Brisbane Lions,2026-05-24T02:30:07Z,unibet,Unibet,,player_disposals_over,Connor Idun,Over,1.06,14.5,20260524_013131
c2359222d8b43b27ad6d7cbc6f780932,Greater Western Sydney Giants,Brisbane Lions,2026-05-24T02:30:07Z,unibet,Unibet,,player_disposals_over,Connor Idun,Over,9.0,29.5,20260524_013131
c2359222d8b43b27ad6d7cbc6f780932,Greater Western Sydney Giants,Brisbane Lions,2026-05-24T02:30:07Z,unibet,Unibet,,player_disposals_over,Harvey Thomas,Over,8.5,29.5,20260524_013131
c2359222d8b43b27ad6d7cbc6f780932,Greater Western Sydney Giants,Brisbane Lions,2026-05-24T02:30:07Z,unibet,Unibet,,player_disposals_over,Toby Greene,Over,15.0,29.5,20260524_013131
c2359222d8b43b27ad6d7cbc6f780932,Greater Western Sydney Giants,Brisbane Lions,2026-05-24T02:30:07Z,unibet,Unibet,,player_disposals_over,Toby Greene,Over,5.3,24.5,20260524_013131
c2359222d8b43b27ad6d7cbc6f780932,Greater Western Sydney Giants,Brisbane Lions,2026-05-24T02:30:07Z,unibet,Unibet,,player_disposals_over,Brent Daniels,Over,1.27,14.5,20260524_013131
c2359222d8b43b27ad6d7cbc6f780932,Greater Western Sydney Giants,Brisbane Lions,2026-05-24T02:30:07Z,unibet,Unibet,,player_disposals_over,Brent Daniels,Over,2.48,19.5,20260524_013131
c2359222d8b43b27ad6d7cbc6f780932,Greater Western Sydney Giants,Brisbane Lions,2026-05-24T02:30:07Z,unibet,Unibet,,player_disposals_over,Stephen Coniglio,Over,18.0,29.5,20260524_013131
c2359222d8b43b27ad6d7cbc6f780932,Greater Western Sydney Giants,Brisbane Lions,2026-05-24T02:30:07Z,unibet,Unibet,,player_disposals_over,Stephen Coniglio,Over,6.1,24.5,20260524_013131
c2359222d8b43b27ad6d7cbc6f780932,Greater Western Sydney Giants,Brisbane Lions,2026-05-24T02:30:07Z,unibet,Unibet,,player_disposals_over,Joseph Fonti,Over,2.48,19.5,20260524_013131
c2359222d8b43b27ad6d7cbc6f780932,Greater Western Sydney Giants,Brisbane Lions,2026-05-24T02:30:07Z,unibet,Unibet,,player_disposals_over,Joseph Fonti,Over,6.5,24.5,20260524_013131
c2359222d8b43b27ad6d7cbc6f780932,Greater Western Sydney Giants,Brisbane Lions,2026-05-24T02:30:07Z,unibet,Unibet,,player_disposals_over,Harrison Himmelberg,Over,2.38,19.5,20260524_013131
c2359222d8b43b27ad6d7cbc6f780932,Greater Western Sydney Giants,Brisbane Lions,2026-05-24T02:30:07Z,unibet,Unibet,,player_disposals_over,Jayden Laverde,Over,2.85,19.5,20260524_013131
c2359222d8b43b27ad6d7cbc6f780932,Greater Western Sydney Giants,Brisbane Lions,2026-05-24T02:30:07Z,unibet,Unibet,,player_disposals_over,Toby McMullin,Over,5.1,19.5,20260524_013131
c2359222d8b43b27ad6d7cbc6f780932,Greater Western Sydney Giants,Brisbane Lions,2026-05-24T02:30:07Z,unibet,Unibet,,player_disposals_over,Phoenix Gothard,Over,1.13,9.5,20260524_013131
c2359222d8b43b27ad6d7cbc6f780932,Greater Western Sydney Giants,Brisbane Lions,2026-05-24T02:30:07Z,unibet,Unibet,,player_disposals_over,Toby Bedford,Over,6.25,19.5,20260524_013131
c2359222d8b43b27ad6d7cbc6f780932,Greater Western Sydney Giants,Brisbane Lions,2026-05-24T02:30:07Z,unibet,Unibet,,player_disposals_over,Kieren Briggs,Over,1.13,9.5,20260524_013131
c2359222d8b43b27ad6d7cbc6f780932,Greater Western Sydney Giants,Brisbane Lions,2026-05-24T02:30:07Z,unibet,Unibet,,player_disposals_over,Jake Riccardi,Over,2.16,14.5,20260524_013131
c2359222d8b43b27ad6d7cbc6f780932,Greater Western Sydney Giants,Brisbane Lions,2026-05-24T02:30:07Z,unibet,Unibet,,player_disposals_over,Jake Riccardi,Over,1.12,9.5,20260524_013131
c2359222d8b43b27ad6d7cbc6f780932,Greater Western Sydney Giants,Brisbane Lions,2026-05-24T02:30:07Z,unibet,Unibet,,player_disposals_over,Harrison Himmelberg,Over,46.0,34.5,20260524_013131
c2359222d8b43b27ad6d7cbc6f780932,Greater Western Sydney Giants,Brisbane Lions,2026-05-24T02:30:07Z,unibet,Unibet,,player_disposals_over,Max Gruzewski,Over,6.1,14.5,20260524_013131
c2359222d8b43b27ad6d7cbc6f780932,Greater Western Sydney Giants,Brisbane Lions,2026-05-24T02:30:07Z,unibet,Unibet,,player_disposals_over,Lachie Neale,Over,8.0,39.5,20260524_013131
c2359222d8b43b27ad6d7cbc6f780932,Greater Western Sydney Giants,Brisbane Lions,2026-05-24T02:30:07Z,unibet,Unibet,,player_disposals_over,Lachie Neale,Over,3.55,34.5,20260524_013131
c2359222d8b43b27ad6d7cbc6f780932,Greater Western Sydney Giants,Brisbane Lions,2026-05-24T02:30:07Z,unibet,Unibet,,player_disposals_over,Will Ashcroft,Over,1.03,19.5,20260524_013131
c2359222d8b43b27ad6d7cbc6f780932,Greater Western Sydney Giants,Brisbane Lions,2026-05-24T02:30:07Z,unibet,Unibet,,player_disposals_over,Will Ashcroft,Over,13.0,39.5,20260524_013131
c2359222d8b43b27ad6d7cbc6f780932,Greater Western Sydney Giants,Brisbane Lions,2026-05-24T02:30:07Z,unibet,Unibet,,player_disposals_over,Hugh McCluggage,Over,2.08,24.5,20260524_013131
c2359222d8b43b27ad6d7cbc6f780932,Greater Western Sydney Giants,Brisbane Lions,2026-05-24T02:30:07Z,unibet,Unibet,,player_disposals_over,Hugh McCluggage,Over,12.0,34.5,20260524_013131
c2359222d8b43b27ad6d7cbc6f780932,Greater Western Sydney Giants,Brisbane Lions,2026-05-24T02:30:07Z,unibet,Unibet,,player_disposals_over,Darcy Wilmot,Over,1.88,24.5,20260524_013131
c2359222d8b43b27ad6d7cbc6f780932,Greater Western Sydney Giants,Brisbane Lions,2026-05-24T02:30:07Z,unibet,Unibet,,player_disposals_over,Darcy Wilmot,Over,3.9,29.5,20260524_013131
c2359222d8b43b27ad6d7cbc6f780932,Greater Western Sydney Giants,Brisbane Lions,2026-05-24T02:30:07Z,unibet,Unibet,,player_disposals_over,Levi Ashcroft,Over,19.0,34.5,20260524_013131
c2359222d8b43b27ad6d7cbc6f780932,Greater Western Sydney Giants,Brisbane Lions,2026-05-24T02:30:07Z,unibet,Unibet,,player_disposals_over,Josh Dunkley,Over,6.75,29.5,20260524_013131
c2359222d8b43b27ad6d7cbc6f780932,Greater Western Sydney Giants,Brisbane Lions,2026-05-24T02:30:07Z,unibet,Unibet,,player_disposals_over,Zac Bailey,Over,11.0,29.5,20260524_013131
c2359222d8b43b27ad6d7cbc6f780932,Greater Western Sydney Giants,Brisbane Lions,2026-05-24T02:30:07Z,unibet,Unibet,,player_disposals_over,Zac Bailey,Over,1.8,19.5,20260524_013131
c2359222d8b43b27ad6d7cbc6f780932,Greater Western Sydney Giants,Brisbane Lions,2026-05-24T02:30:07Z,unibet,Unibet,,player_disposals_over,Keidean Coleman,Over,1.13,14.5,20260524_013131
c2359222d8b43b27ad6d7cbc6f780932,Greater Western Sydney Giants,Brisbane Lions,2026-05-24T02:30:07Z,unibet,Unibet,,player_disposals_over,Keidean Coleman,Over,1.89,19.5,20260524_013131
c2359222d8b43b27ad6d7cbc6f780932,Greater Western Sydney Giants,Brisbane Lions,2026-05-24T02:30:07Z,unibet,Unibet,,player_disposals_over,Jaspa Fletcher,Over,2.18,19.5,20260524_013131
c2359222d8b43b27ad6d7cbc6f780932,Greater Western Sydney Giants,Brisbane Lions,2026-05-24T02:30:07Z,unibet,Unibet,,player_disposals_over,Cameron Rayner,Over,3.6,19.5,20260524_013131
c2359222d8b43b27ad6d7cbc6f780932,Greater Western Sydney Giants,Brisbane Lions,2026-05-24T02:30:07Z,unibet,Unibet,,player_disposals_over,Cameron Rayner,Over,31.0,29.5,20260524_013131
c2359222d8b43b27ad6d7cbc6f780932,Greater Western Sydney Giants,Brisbane Lions,2026-05-24T02:30:07Z,unibet,Unibet,,player_disposals_over,Harris Andrews,Over,31.0,29.5,20260524_013131
c2359222d8b43b27ad6d7cbc6f780932,Greater Western Sydney Giants,Brisbane Lions,2026-05-24T02:30:07Z,unibet,Unibet,,player_disposals_over,Darcy Fort,Over,16.0,24.5,20260524_013131
c2359222d8b43b27ad6d7cbc6f780932,Greater Western Sydney Giants,Brisbane Lions,2026-05-24T02:30:07Z,unibet,Unibet,,player_disposals_over,Darcy Fort,Over,4.75,19.5,20260524_013131
c2359222d8b43b27ad6d7cbc6f780932,Greater Western Sydney Giants,Brisbane Lions,2026-05-24T02:30:07Z,unibet,Unibet,,player_disposals_over,Kai Lohmann,Over,2.25,14.5,20260524_013131
c2359222d8b43b27ad6d7cbc6f780932,Greater Western Sydney Giants,Brisbane Lions,2026-05-24T02:30:07Z,unibet,Unibet,,player_disposals_over,Logan Morris,Over,9.0,19.5,20260524_013131
c2359222d8b43b27ad6d7cbc6f780932,Greater Western Sydney Giants,Brisbane Lions,2026-05-24T02:30:07Z,unibet,Unibet,,player_disposals_over,Logan Morris,Over,2.7,14.5,20260524_013131
c2359222d8b43b27ad6d7cbc6f780932,Greater Western Sydney Giants,Brisbane Lions,2026-05-24T02:30:07Z,unibet,Unibet,,player_disposals_over,Charlie Cameron,Over,2.28,14.5,20260524_013131
c2359222d8b43b27ad6d7cbc6f780932,Greater Western Sydney Giants,Brisbane Lions,2026-05-24T02:30:07Z,unibet,Unibet,,player_disposals_over,Sam Draper,Over,1.22,9.5,20260524_013131
c2359222d8b43b27ad6d7cbc6f780932,Greater Western Sydney Giants,Brisbane Lions,2026-05-24T02:30:07Z,unibet,Unibet,,player_disposals_over,Sam Draper,Over,2.7,14.5,20260524_013131
c2359222d8b43b27ad6d7cbc6f780932,Greater Western Sydney Giants,Brisbane Lions,2026-05-24T02:30:07Z,unibet,Unibet,,player_disposals_over,Darcy Gardiner,Over,12.5,19.5,20260524_013131
c2359222d8b43b27ad6d7cbc6f780932,Greater Western Sydney Giants,Brisbane Lions,2026-05-24T02:30:07Z,unibet,Unibet,,player_disposals_over,Clayton Oliver,Over,2.85,34.5,20260524_013131
c2359222d8b43b27ad6d7cbc6f780932,Greater Western Sydney Giants,Brisbane Lions,2026-05-24T02:30:07Z,unibet,Unibet,,player_disposals_over,Lachie Whitfield,Over,7.5,39.5,20260524_013131
c2359222d8b43b27ad6d7cbc6f780932,Greater Western Sydney Giants,Brisbane Lions,2026-05-24T02:30:07Z,unibet,Unibet,,player_disposals_over,Lachlan Ash,Over,2.04,29.5,20260524_013131
c2359222d8b43b27ad6d7cbc6f780932,Greater Western Sydney Giants,Brisbane Lions,2026-05-24T02:30:07Z,unibet,Unibet,,player_disposals_over,Finn Callaghan,Over,2.04,29.5,20260524_013131
c2359222d8b43b27ad6d7cbc6f780932,Greater Western Sydney Giants,Brisbane Lions,2026-05-24T02:30:07Z,unibet,Unibet,,player_disposals_over,Finn Callaghan,Over,9.5,39.5,20260524_013131
c2359222d8b43b27ad6d7cbc6f780932,Greater Western Sydney Giants,Brisbane Lions,2026-05-24T02:30:07Z,unibet,Unibet,,player_disposals_over,Finn Callaghan,Over,4.1,34.5,20260524_013131
c2359222d8b43b27ad6d7cbc6f780932,Greater Western Sydney Giants,Brisbane Lions,2026-05-24T02:30:07Z,unibet,Unibet,,player_disposals_over,Connor Idun,Over,1.6,19.5,20260524_013131
c2359222d8b43b27ad6d7cbc6f780932,Greater Western Sydney Giants,Brisbane Lions,2026-05-24T02:30:07Z,unibet,Unibet,,player_disposals_over,Connor Idun,Over,25.0,34.5,20260524_013131
c2359222d8b43b27ad6d7cbc6f780932,Greater Western Sydney Giants,Brisbane Lions,2026-05-24T02:30:07Z,unibet,Unibet,,player_disposals_over,Harvey Thomas,Over,3.2,24.5,20260524_013131
c2359222d8b43b27ad6d7cbc6f780932,Greater Western Sydney Giants,Brisbane Lions,2026-05-24T02:30:07Z,unibet,Unibet,,player_disposals_over,Harvey Thomas,Over,1.56,19.5,20260524_013131
c2359222d8b43b27ad6d7cbc6f780932,Greater Western Sydney Giants,Brisbane Lions,2026-05-24T02:30:07Z,unibet,Unibet,,player_disposals_over,Toby Greene,Over,41.0,34.5,20260524_013131
c2359222d8b43b27ad6d7cbc6f780932,Greater Western Sydney Giants,Brisbane Lions,2026-05-24T02:30:07Z,unibet,Unibet,,player_disposals_over,Brent Daniels,Over,19.0,29.5,20260524_013131
c2359222d8b43b27ad6d7cbc6f780932,Greater Western Sydney Giants,Brisbane Lions,2026-05-24T02:30:07Z,unibet,Unibet,,player_disposals_over,Stephen Coniglio,Over,1.25,14.5,20260524_013131
c2359222d8b43b27ad6d7cbc6f780932,Greater Western Sydney Giants,Brisbane Lions,2026-05-24T02:30:07Z,unibet,Unibet,,player_disposals_over,Joseph Fonti,Over,19.0,29.5,20260524_013131
c2359222d8b43b27ad6d7cbc6f780932,Greater Western Sydney Giants,Brisbane Lions,2026-05-24T02:30:07Z,unibet,Unibet,,player_disposals_over,Jayden Laverde,Over,23.0,29.5,20260524_013131
c2359222d8b43b27ad6d7cbc6f780932,Greater Western Sydney Giants,Brisbane Lions,2026-05-24T02:30:07Z,unibet,Unibet,,player_disposals_over,Toby McMullin,Over,17.0,24.5,20260524_013131
c2359222d8b43b27ad6d7cbc6f780932,Greater Western Sydney Giants,Brisbane Lions,2026-05-24T02:30:07Z,unibet,Unibet,,player_disposals_over,Toby McMullin,Over,1.07,9.5,20260524_013131
c2359222d8b43b27ad6d7cbc6f780932,Greater Western Sydney Giants,Brisbane Lions,2026-05-24T02:30:07Z,unibet,Unibet,,player_disposals_over,Phoenix Gothard,Over,2.23,14.5,20260524_013131
c2359222d8b43b27ad6d7cbc6f780932,Greater Western Sydney Giants,Brisbane Lions,2026-05-24T02:30:07Z,unibet,Unibet,,player_disposals_over,Toby Bedford,Over,1.12,9.5,20260524_013131
c2359222d8b43b27ad6d7cbc6f780932,Greater Western Sydney Giants,Brisbane Lions,2026-05-24T02:30:07Z,unibet,Unibet,,player_disposals_over,Kieren Briggs,Over,6.5,19.5,20260524_013131
c2359222d8b43b27ad6d7cbc6f780932,Greater Western Sydney Giants,Brisbane Lions,2026-05-24T02:30:07Z,unibet,Unibet,,player_disposals_over,Jake Stringer,Over,6.4,19.5,20260524_013131
c2359222d8b43b27ad6d7cbc6f780932,Greater Western Sydney Giants,Brisbane Lions,2026-05-24T02:30:07Z,unibet,Unibet,,player_disposals_over,Jake Stringer,Over,2.18,14.5,20260524_013131
c2359222d8b43b27ad6d7cbc6f780932,Greater Western Sydney Giants,Brisbane Lions,2026-05-24T02:30:07Z,unibet,Unibet,,player_disposals_over,Aaron Cadman,Over,2.7,14.5,20260524_013131
c2359222d8b43b27ad6d7cbc6f780932,Greater Western Sydney Giants,Brisbane Lions,2026-05-24T02:30:07Z,unibet,Unibet,,player_disposals_over,Aaron Cadman,Over,9.0,19.5,20260524_013131
c2359222d8b43b27ad6d7cbc6f780932,Greater Western Sydney Giants,Brisbane Lions,2026-05-24T02:30:07Z,unibet,Unibet,,player_disposals_over,Will Ashcroft,Over,1.4,24.5,20260524_013131
c2359222d8b43b27ad6d7cbc6f780932,Greater Western Sydney Giants,Brisbane Lions,2026-05-24T02:30:07Z,unibet,Unibet,,player_disposals_over,Will Ashcroft,Over,5.2,34.5,20260524_013131
c2359222d8b43b27ad6d7cbc6f780932,Greater Western Sydney Giants,Brisbane Lions,2026-05-24T02:30:07Z,unibet,Unibet,,player_disposals_over,Hugh McCluggage,Over,4.5,29.5,20260524_013131
c2359222d8b43b27ad6d7cbc6f780932,Greater Western Sydney Giants,Brisbane Lions,2026-05-24T02:30:07Z,unibet,Unibet,,player_disposals_over,Hugh McCluggage,Over,30.0,39.5,20260524_013131
c2359222d8b43b27ad6d7cbc6f780932,Greater Western Sydney Giants,Brisbane Lions,2026-05-24T02:30:07Z,unibet,Unibet,,player_disposals_over,Darcy Wilmot,Over,25.0,39.5,20260524_013131
c2359222d8b43b27ad6d7cbc6f780932,Greater Western Sydney Giants,Brisbane Lions,2026-05-24T02:30:07Z,unibet,Unibet,,player_disposals_over,Levi Ashcroft,Over,1.44,19.5,20260524_013131
c2359222d8b43b27ad6d7cbc6f780932,Greater Western Sydney Giants,Brisbane Lions,2026-05-24T02:30:07Z,unibet,Unibet,,player_disposals_over,Levi Ashcroft,Over,7.0,29.5,20260524_013131
c2359222d8b43b27ad6d7cbc6f780932,Greater Western Sydney Giants,Brisbane Lions,2026-05-24T02:30:07Z,unibet,Unibet,,player_disposals_over,Josh Dunkley,Over,18.0,34.5,20260524_013131
c2359222d8b43b27ad6d7cbc6f780932,Greater Western Sydney Giants,Brisbane Lions,2026-05-24T02:30:07Z,unibet,Unibet,,player_disposals_over,Josh Dunkley,Over,1.42,19.5,20260524_013131
c2359222d8b43b27ad6d7cbc6f780932,Greater Western Sydney Giants,Brisbane Lions,2026-05-24T02:30:07Z,unibet,Unibet,,player_disposals_over,Zac Bailey,Over,4.1,24.5,20260524_013131
c2359222d8b43b27ad6d7cbc6f780932,Greater Western Sydney Giants,Brisbane Lions,2026-05-24T02:30:07Z,unibet,Unibet,,player_disposals_over,Keidean Coleman,Over,34.0,34.5,20260524_013131
c2359222d8b43b27ad6d7cbc6f780932,Greater Western Sydney Giants,Brisbane Lions,2026-05-24T02:30:07Z,unibet,Unibet,,player_disposals_over,Jaspa Fletcher,Over,16.0,29.5,20260524_013131
c2359222d8b43b27ad6d7cbc6f780932,Greater Western Sydney Giants,Brisbane Lions,2026-05-24T02:30:07Z,unibet,Unibet,,player_disposals_over,Jaspa Fletcher,Over,5.4,24.5,20260524_013131
c2359222d8b43b27ad6d7cbc6f780932,Greater Western Sydney Giants,Brisbane Lions,2026-05-24T02:30:07Z,unibet,Unibet,,player_disposals_over,Bruce Reville,Over,21.0,29.5,20260524_013131
c2359222d8b43b27ad6d7cbc6f780932,Greater Western Sydney Giants,Brisbane Lions,2026-05-24T02:30:07Z,unibet,Unibet,,player_disposals_over,Cameron Rayner,Over,11.0,24.5,20260524_013131
c2359222d8b43b27ad6d7cbc6f780932,Greater Western Sydney Giants,Brisbane Lions,2026-05-24T02:30:07Z,unibet,Unibet,,player_disposals_over,Cameron Rayner,Over,1.55,14.5,20260524_013131
c2359222d8b43b27ad6d7cbc6f780932,Greater Western Sydney Giants,Brisbane Lions,2026-05-24T02:30:07Z,unibet,Unibet,,player_disposals_over,Harris Andrews,Over,11.0,24.5,20260524_013131
c2359222d8b43b27ad6d7cbc6f780932,Greater Western Sydney Giants,Brisbane Lions,2026-05-24T02:30:07Z,unibet,Unibet,,player_disposals_over,Harris Andrews,Over,1.55,14.5,20260524_013131
c2359222d8b43b27ad6d7cbc6f780932,Greater Western Sydney Giants,Brisbane Lions,2026-05-24T02:30:07Z,unibet,Unibet,,player_disposals_over,Darcy Fort,Over,1.82,14.5,20260524_013131
c2359222d8b43b27ad6d7cbc6f780932,Greater Western Sydney Giants,Brisbane Lions,2026-05-24T02:30:07Z,unibet,Unibet,,player_disposals_over,Kai Lohmann,Over,6.75,19.5,20260524_013131
c2359222d8b43b27ad6d7cbc6f780932,Greater Western Sydney Giants,Brisbane Lions,2026-05-24T02:30:07Z,unibet,Unibet,,player_disposals_over,Charlie Cameron,Over,6.75,19.5,20260524_013131
c2359222d8b43b27ad6d7cbc6f780932,Greater Western Sydney Giants,Brisbane Lions,2026-05-24T02:30:07Z,unibet,Unibet,,player_disposals_over,Conor McKenna,Over,1.22,9.5,20260524_013131
c2359222d8b43b27ad6d7cbc6f780932,Greater Western Sydney Giants,Brisbane Lions,2026-05-24T02:30:07Z,unibet,Unibet,,player_disposals_over,Conor McKenna,Over,2.7,14.5,20260524_013131
c2359222d8b43b27ad6d7cbc6f780932,Greater Western Sydney Giants,Brisbane Lions,2026-05-24T02:30:07Z,unibet,Unibet,,player_disposals_over,Darcy Gardiner,Over,3.5,14.5,20260524_013131
c2359222d8b43b27ad6d7cbc6f780932,Greater Western Sydney Giants,Brisbane Lions,2026-05-24T02:30:07Z,unibet,Unibet,,player_disposals_over,Clayton Oliver,Over,6.25,39.5,20260524_013131
c2359222d8b43b27ad6d7cbc6f780932,Greater Western Sydney Giants,Brisbane Lions,2026-05-24T02:30:07Z,unibet,Unibet,,player_disposals_over,Lachie Whitfield,Over,3.3,34.5,20260524_013131
c2359222d8b43b27ad6d7cbc6f780932,Greater Western Sydney Giants,Brisbane Lions,2026-05-24T02:30:07Z,unibet,Unibet,,player_disposals_over,Finn Callaghan,Over,1.26,24.5,20260524_013131
c2359222d8b43b27ad6d7cbc6f780932,Greater Western Sydney Giants,Brisbane Lions,2026-05-24T02:30:07Z,unibet,Unibet,,player_disposals_over,Lachlan Ash,Over,4.1,34.5,20260524_013131
c2359222d8b43b27ad6d7cbc6f780932,Greater Western Sydney Giants,Brisbane Lions,2026-05-24T02:30:07Z,unibet,Unibet,,player_disposals_over,Connor Idun,Over,3.35,24.5,20260524_013131
c2359222d8b43b27ad6d7cbc6f780932,Greater Western Sydney Giants,Brisbane Lions,2026-05-24T02:30:07Z,unibet,Unibet,,player_disposals_over,Harvey Thomas,Over,23.0,34.5,20260524_013131
c2359222d8b43b27ad6d7cbc6f780932,Greater Western Sydney Giants,Brisbane Lions,2026-05-24T02:30:07Z,unibet,Unibet,,player_disposals_over,Harvey Thomas,Over,1.05,14.5,20260524_013131
c2359222d8b43b27ad6d7cbc6f780932,Greater Western Sydney Giants,Brisbane Lions,2026-05-24T02:30:07Z,unibet,Unibet,,player_disposals_over,Toby Greene,Over,2.12,19.5,20260524_013131
c2359222d8b43b27ad6d7cbc6f780932,Greater Western Sydney Giants,Brisbane Lions,2026-05-24T02:30:07Z,unibet,Unibet,,player_disposals_over,Toby Greene,Over,1.19,14.5,20260524_013131
c2359222d8b43b27ad6d7cbc6f780932,Greater Western Sydney Giants,Brisbane Lions,2026-05-24T02:30:07Z,unibet,Unibet,,player_disposals_over,Brent Daniels,Over,6.75,24.5,20260524_013131
c2359222d8b43b27ad6d7cbc6f780932,Greater Western Sydney Giants,Brisbane Lions,2026-05-24T02:30:07Z,unibet,Unibet,,player_disposals_over,Stephen Coniglio,Over,2.38,19.5,20260524_013131
c2359222d8b43b27ad6d7cbc6f780932,Greater Western Sydney Giants,Brisbane Lions,2026-05-24T02:30:07Z,unibet,Unibet,,player_disposals_over,Joseph Fonti,Over,1.27,14.5,20260524_013131
c2359222d8b43b27ad6d7cbc6f780932,Greater Western Sydney Giants,Brisbane Lions,2026-05-24T02:30:07Z,unibet,Unibet,,player_disposals_over,Harrison Himmelberg,Over,1.25,14.5,20260524_013131
c2359222d8b43b27ad6d7cbc6f780932,Greater Western Sydney Giants,Brisbane Lions,2026-05-24T02:30:07Z,unibet,Unibet,,player_disposals_over,Harrison Himmelberg,Over,18.0,29.5,20260524_013131
c2359222d8b43b27ad6d7cbc6f780932,Greater Western Sydney Giants,Brisbane Lions,2026-05-24T02:30:07Z,unibet,Unibet,,player_disposals_over,Harrison Himmelberg,Over,6.25,24.5,20260524_013131
c2359222d8b43b27ad6d7cbc6f780932,Greater Western Sydney Giants,Brisbane Lions,2026-05-24T02:30:07Z,unibet,Unibet,,player_disposals_over,Jayden Laverde,Over,1.36,14.5,20260524_013131
c2359222d8b43b27ad6d7cbc6f780932,Greater Western Sydney Giants,Brisbane Lions,2026-05-24T02:30:07Z,unibet,Unibet,,player_disposals_over,Jayden Laverde,Over,8.0,24.5,20260524_013131
c2359222d8b43b27ad6d7cbc6f780932,Greater Western Sydney Giants,Brisbane Lions,2026-05-24T02:30:07Z,unibet,Unibet,,player_disposals_over,Toby McMullin,Over,1.88,14.5,20260524_013131
c2359222d8b43b27ad6d7cbc6f780932,Greater Western Sydney Giants,Brisbane Lions,2026-05-24T02:30:07Z,unibet,Unibet,,player_disposals_over,Phoenix Gothard,Over,6.5,19.5,20260524_013131
c2359222d8b43b27ad6d7cbc6f780932,Greater Western Sydney Giants,Brisbane Lions,2026-05-24T02:30:07Z,unibet,Unibet,,player_disposals_over,Toby Bedford,Over,2.17,14.5,20260524_013131
c2359222d8b43b27ad6d7cbc6f780932,Greater Western Sydney Giants,Brisbane Lions,2026-05-24T02:30:07Z,unibet,Unibet,,player_disposals_over,Kieren Briggs,Over,2.23,14.5,20260524_013131
c2359222d8b43b27ad6d7cbc6f780932,Greater Western Sydney Giants,Brisbane Lions,2026-05-24T02:30:07Z,unibet,Unibet,,player_disposals_over,Jake Riccardi,Over,6.25,19.5,20260524_013131
c2359222d8b43b27ad6d7cbc6f780932,Greater Western Sydney Giants,Brisbane Lions,2026-05-24T02:30:07Z,unibet,Unibet,,player_disposals_over,Jake Stringer,Over,1.12,9.5,20260524_013131
c2359222d8b43b27ad6d7cbc6f780932,Greater Western Sydney Giants,Brisbane Lions,2026-05-24T02:30:07Z,unibet,Unibet,,player_disposals_over,Aaron Cadman,Over,1.22,9.5,20260524_013131
c2359222d8b43b27ad6d7cbc6f780932,Greater Western Sydney Giants,Brisbane Lions,2026-05-24T02:30:07Z,unibet,Unibet,,player_disposals_over,Max Gruzewski,Over,1.82,9.5,20260524_013131
c2359222d8b43b27ad6d7cbc6f780932,Greater Western Sydney Giants,Brisbane Lions,2026-05-24T02:30:07Z,unibet,Unibet,,player_disposals_over,Lachie Neale,Over,1.83,29.5,20260524_013131
c2359222d8b43b27ad6d7cbc6f780932,Greater Western Sydney Giants,Brisbane Lions,2026-05-24T02:30:07Z,unibet,Unibet,,player_disposals_over,Lachie Neale,Over,1.2,24.5,20260524_013131
c2359222d8b43b27ad6d7cbc6f780932,Greater Western Sydney Giants,Brisbane Lions,2026-05-24T02:30:07Z,unibet,Unibet,,player_disposals_over,Will Ashcroft,Over,2.4,29.5,20260524_013131
c2359222d8b43b27ad6d7cbc6f780932,Greater Western Sydney Giants,Brisbane Lions,2026-05-24T02:30:07Z,unibet,Unibet,,player_disposals_over,Hugh McCluggage,Over,1.24,19.5,20260524_013131
c2359222d8b43b27ad6d7cbc6f780932,Greater Western Sydney Giants,Brisbane Lions,2026-05-24T02:30:07Z,unibet,Unibet,,player_disposals_over,Darcy Wilmot,Over,10.0,34.5,20260524_013131
c2359222d8b43b27ad6d7cbc6f780932,Greater Western Sydney Giants,Brisbane Lions,2026-05-24T02:30:07Z,unibet,Unibet,,player_disposals_over,Darcy Wilmot,Over,1.18,19.5,20260524_013131
c2359222d8b43b27ad6d7cbc6f780932,Greater Western Sydney Giants,Brisbane Lions,2026-05-24T02:30:07Z,unibet,Unibet,,player_disposals_over,Levi Ashcroft,Over,2.8,24.5,20260524_013131
c2359222d8b43b27ad6d7cbc6f780932,Greater Western Sydney Giants,Brisbane Lions,2026-05-24T02:30:07Z,unibet,Unibet,,player_disposals_over,Levi Ashcroft,Over,46.0,39.5,20260524_013131
c2359222d8b43b27ad6d7cbc6f780932,Greater Western Sydney Giants,Brisbane Lions,2026-05-24T02:30:07Z,unibet,Unibet,,player_disposals_over,Josh Dunkley,Over,2.75,24.5,20260524_013131
c2359222d8b43b27ad6d7cbc6f780932,Greater Western Sydney Giants,Brisbane Lions,2026-05-24T02:30:07Z,unibet,Unibet,,player_disposals_over,Josh Dunkley,Over,46.0,39.5,20260524_013131
c2359222d8b43b27ad6d7cbc6f780932,Greater Western Sydney Giants,Brisbane Lions,2026-05-24T02:30:07Z,unibet,Unibet,,player_disposals_over,Zac Bailey,Over,31.0,34.5,20260524_013131
c2359222d8b43b27ad6d7cbc6f780932,Greater Western Sydney Giants,Brisbane Lions,2026-05-24T02:30:07Z,unibet,Unibet,,player_disposals_over,Zac Bailey,Over,1.11,14.5,20260524_013131
c2359222d8b43b27ad6d7cbc6f780932,Greater Western Sydney Giants,Brisbane Lions,2026-05-24T02:30:07Z,unibet,Unibet,,player_disposals_over,Keidean Coleman,Over,12.5,29.5,20260524_013131
c2359222d8b43b27ad6d7cbc6f780932,Greater Western Sydney Giants,Brisbane Lions,2026-05-24T02:30:07Z,unibet,Unibet,,player_disposals_over,Keidean Coleman,Over,4.5,24.5,20260524_013131
c2359222d8b43b27ad6d7cbc6f780932,Greater Western Sydney Giants,Brisbane Lions,2026-05-24T02:30:07Z,unibet,Unibet,,player_disposals_over,Jaspa Fletcher,Over,1.2,14.5,20260524_013131
c2359222d8b43b27ad6d7cbc6f780932,Greater Western Sydney Giants,Brisbane Lions,2026-05-24T02:30:07Z,unibet,Unibet,,player_disposals_over,Jaspa Fletcher,Over,41.0,34.5,20260524_013131
c2359222d8b43b27ad6d7cbc6f780932,Greater Western Sydney Giants,Brisbane Lions,2026-05-24T02:30:07Z,unibet,Unibet,,player_disposals_over,Bruce Reville,Over,2.55,19.5,20260524_013131
c2359222d8b43b27ad6d7cbc6f780932,Greater Western Sydney Giants,Brisbane Lions,2026-05-24T02:30:07Z,unibet,Unibet,,player_disposals_over,Bruce Reville,Over,7.0,24.5,20260524_013131
c2359222d8b43b27ad6d7cbc6f780932,Greater Western Sydney Giants,Brisbane Lions,2026-05-24T02:30:07Z,unibet,Unibet,,player_disposals_over,Bruce Reville,Over,1.29,14.5,20260524_013131
c2359222d8b43b27ad6d7cbc6f780932,Greater Western Sydney Giants,Brisbane Lions,2026-05-24T02:30:07Z,unibet,Unibet,,player_disposals_over,Harris Andrews,Over,3.6,19.5,20260524_013131
c2359222d8b43b27ad6d7cbc6f780932,Greater Western Sydney Giants,Brisbane Lions,2026-05-24T02:30:07Z,unibet,Unibet,,player_disposals_over,Darcy Fort,Over,1.06,9.5,20260524_013131
c2359222d8b43b27ad6d7cbc6f780932,Greater Western Sydney Giants,Brisbane Lions,2026-05-24T02:30:07Z,unibet,Unibet,,player_disposals_over,Kai Lohmann,Over,1.14,9.5,20260524_013131
c2359222d8b43b27ad6d7cbc6f780932,Greater Western Sydney Giants,Brisbane Lions,2026-05-24T02:30:07Z,unibet,Unibet,,player_disposals_over,Logan Morris,Over,1.22,9.5,20260524_013131
c2359222d8b43b27ad6d7cbc6f780932,Greater Western Sydney Giants,Brisbane Lions,2026-05-24T02:30:07Z,unibet,Unibet,,player_disposals_over,Charlie Cameron,Over,1.14,9.5,20260524_013131
c2359222d8b43b27ad6d7cbc6f780932,Greater Western Sydney Giants,Brisbane Lions,2026-05-24T02:30:07Z,unibet,Unibet,,player_disposals_over,Conor McKenna,Over,9.0,19.5,20260524_013131
c2359222d8b43b27ad6d7cbc6f780932,Greater Western Sydney Giants,Brisbane Lions,2026-05-24T02:30:07Z,unibet,Unibet,,player_disposals_over,Sam Draper,Over,9.0,19.5,20260524_013131
c2359222d8b43b27ad6d7cbc6f780932,Greater Western Sydney Giants,Brisbane Lions,2026-05-24T02:30:07Z,unibet,Unibet,,player_disposals_over,Darcy Gardiner,Over,1.36,9.5,20260524_013131
c2359222d8b43b27ad6d7cbc6f780932,Greater Western Sydney Giants,Brisbane Lions,2026-05-24T02:30:07Z,unibet,Unibet,,player_disposals_over,Conor Stone,Over,1.88,14.5,20260524_013131
c2359222d8b43b27ad6d7cbc6f780932,Greater Western Sydney Giants,Brisbane Lions,2026-05-24T02:30:07Z,unibet,Unibet,,player_disposals_over,Conor Stone,Over,17.0,24.5,20260524_013131
c2359222d8b43b27ad6d7cbc6f780932,Greater Western Sydney Giants,Brisbane Lions,2026-05-24T02:30:07Z,unibet,Unibet,,player_disposals_over,Jack Buckley,Over,1.14,9.5,20260524_013131
c2359222d8b43b27ad6d7cbc6f780932,Greater Western Sydney Giants,Brisbane Lions,2026-05-24T02:30:07Z,unibet,Unibet,,player_disposals_over,Jack Buckley,Over,6.75,19.5,20260524_013131
c2359222d8b43b27ad6d7cbc6f780932,Greater Western Sydney Giants,Brisbane Lions,2026-05-24T02:30:07Z,unibet,Unibet,,player_disposals_over,Callum Brown,Over,1.56,9.5,20260524_013131
c2359222d8b43b27ad6d7cbc6f780932,Greater Western Sydney Giants,Brisbane Lions,2026-05-24T02:30:07Z,unibet,Unibet,,player_disposals_over,Callum Brown,Over,4.7,14.5,20260524_013131
c2359222d8b43b27ad6d7cbc6f780932,Greater Western Sydney Giants,Brisbane Lions,2026-05-24T02:30:07Z,unibet,Unibet,,player_disposals_over,James Tunstill,Over,1.13,9.5,20260524_013131
c2359222d8b43b27ad6d7cbc6f780932,Greater Western Sydney Giants,Brisbane Lions,2026-05-24T02:30:07Z,unibet,Unibet,,player_disposals_over,Ty Gallop,Over,6.25,14.5,20260524_013131
c2359222d8b43b27ad6d7cbc6f780932,Greater Western Sydney Giants,Brisbane Lions,2026-05-24T02:30:07Z,unibet,Unibet,,player_disposals_over,Sam Marshall,Over,1.05,9.5,20260524_013131
c2359222d8b43b27ad6d7cbc6f780932,Greater Western Sydney Giants,Brisbane Lions,2026-05-24T02:30:07Z,unibet,Unibet,,player_disposals_over,Sam Marshall,Over,1.81,14.5,20260524_013131
c2359222d8b43b27ad6d7cbc6f780932,Greater Western Sydney Giants,Brisbane Lions,2026-05-24T02:30:07Z,unibet,Unibet,,player_disposals_over,Conor Stone,Over,5.1,19.5,20260524_013131
c2359222d8b43b27ad6d7cbc6f780932,Greater Western Sydney Giants,Brisbane Lions,2026-05-24T02:30:07Z,unibet,Unibet,,player_disposals_over,Jack Buckley,Over,2.28,14.5,20260524_013131
c2359222d8b43b27ad6d7cbc6f780932,Greater Western Sydney Giants,Brisbane Lions,2026-05-24T02:30:07Z,unibet,Unibet,,player_disposals_over,James Tunstill,Over,6.4,19.5,20260524_013131
c2359222d8b43b27ad6d7cbc6f780932,Greater Western Sydney Giants,Brisbane Lions,2026-05-24T02:30:07Z,unibet,Unibet,,player_disposals_over,James Tunstill,Over,2.16,14.5,20260524_013131
c2359222d8b43b27ad6d7cbc6f780932,Greater Western Sydney Giants,Brisbane Lions,2026-05-24T02:30:07Z,unibet,Unibet,,player_disposals_over,Will McLachlan,Over,6.25,14.5,20260524_013131
c2359222d8b43b27ad6d7cbc6f780932,Greater Western Sydney Giants,Brisbane Lions,2026-05-24T02:30:07Z,unibet,Unibet,,player_disposals_over,Sam Marshall,Over,4.8,19.5,20260524_013131
c2359222d8b43b27ad6d7cbc6f780932,Greater Western Sydney Giants,Brisbane Lions,2026-05-24T02:30:07Z,unibet,Unibet,,player_disposals_over,Sam Marshall,Over,16.0,24.5,20260524_013131
c2359222d8b43b27ad6d7cbc6f780932,Greater Western Sydney Giants,Brisbane Lions,2026-05-24T02:30:07Z,unibet,Unibet,,player_disposals_over,Conor Stone,Over,1.07,9.5,20260524_013131
c2359222d8b43b27ad6d7cbc6f780932,Greater Western Sydney Giants,Brisbane Lions,2026-05-24T02:30:07Z,unibet,Unibet,,player_disposals_over,Ty Gallop,Over,1.83,9.5,20260524_013131
c2359222d8b43b27ad6d7cbc6f780932,Greater Western Sydney Giants,Brisbane Lions,2026-05-24T02:30:07Z,unibet,Unibet,,player_disposals_over,Will McLachlan,Over,1.83,9.5,20260524_013131
c2359222d8b43b27ad6d7cbc6f780932,Greater Western Sydney Giants,Brisbane Lions,2026-05-24T02:30:07Z,unibet,Unibet,,player_goal_scorer_anytime,Josh Dunkley,Yes,3.15,,20260524_013131
c2359222d8b43b27ad6d7cbc6f780932,Greater Western Sydney Giants,Brisbane Lions,2026-05-24T02:30:07Z,unibet,Unibet,,player_goal_scorer_anytime,Aaron Cadman,Yes,1.07,,20260524_013131
c2359222d8b43b27ad6d7cbc6f780932,Greater Western Sydney Giants,Brisbane Lions,2026-05-24T02:30:07Z,unibet,Unibet,,player_goal_scorer_anytime,Harvey Thomas,Yes,2.8,,20260524_013131
c2359222d8b43b27ad6d7cbc6f780932,Greater Western Sydney Giants,Brisbane Lions,2026-05-24T02:30:07Z,unibet,Unibet,,player_goal_scorer_anytime,Charlie Cameron,Yes,1.04,,20260524_013131
c2359222d8b43b27ad6d7cbc6f780932,Greater Western Sydney Giants,Brisbane Lions,2026-05-24T02:30:07Z,unibet,Unibet,,player_goal_scorer_anytime,Toby McMullin,Yes,3.0,,20260524_013131
c2359222d8b43b27ad6d7cbc6f780932,Greater Western Sydney Giants,Brisbane Lions,2026-05-24T02:30:07Z,unibet,Unibet,,player_goal_scorer_anytime,Conor McKenna,Yes,1.65,,20260524_013131
c2359222d8b43b27ad6d7cbc6f780932,Greater Western Sydney Giants,Brisbane Lions,2026-05-24T02:30:07Z,unibet,Unibet,,player_goal_scorer_anytime,Toby Greene,Yes,1.3,,20260524_013131
c2359222d8b43b27ad6d7cbc6f780932,Greater Western Sydney Giants,Brisbane Lions,2026-05-24T02:30:07Z,unibet,Unibet,,player_goal_scorer_anytime,Toby Bedford,Yes,1.81,,20260524_013131
c2359222d8b43b27ad6d7cbc6f780932,Greater Western Sydney Giants,Brisbane Lions,2026-05-24T02:30:07Z,unibet,Unibet,,player_goal_scorer_anytime,Brent Daniels,Yes,1.63,,20260524_013131
c2359222d8b43b27ad6d7cbc6f780932,Greater Western Sydney Giants,Brisbane Lions,2026-05-24T02:30:07Z,unibet,Unibet,,player_goal_scorer_anytime,Kieren Briggs,Yes,3.9,,20260524_013131
c2359222d8b43b27ad6d7cbc6f780932,Greater Western Sydney Giants,Brisbane Lions,2026-05-24T02:30:07Z,unibet,Unibet,,player_goal_scorer_anytime,Lachie Whitfield,Yes,4.0,,20260524_013131
c2359222d8b43b27ad6d7cbc6f780932,Greater Western Sydney Giants,Brisbane Lions,2026-05-24T02:30:07Z,unibet,Unibet,,player_goal_scorer_anytime,Clayton Oliver,Yes,3.85,,20260524_013131
c2359222d8b43b27ad6d7cbc6f780932,Greater Western Sydney Giants,Brisbane Lions,2026-05-24T02:30:07Z,unibet,Unibet,,player_goal_scorer_anytime,Kai Lohmann,Yes,1.16,,20260524_013131
c2359222d8b43b27ad6d7cbc6f780932,Greater Western Sydney Giants,Brisbane Lions,2026-05-24T02:30:07Z,unibet,Unibet,,player_goal_scorer_anytime,Jake Stringer,Yes,1.15,,20260524_013131
c2359222d8b43b27ad6d7cbc6f780932,Greater Western Sydney Giants,Brisbane Lions,2026-05-24T02:30:07Z,unibet,Unibet,,player_goal_scorer_anytime,Phoenix Gothard,Yes,1.48,,20260524_013131
c2359222d8b43b27ad6d7cbc6f780932,Greater Western Sydney Giants,Brisbane Lions,2026-05-24T02:30:07Z,unibet,Unibet,,player_goal_scorer_anytime,Cameron Rayner,Yes,1.38,,20260524_013131
c2359222d8b43b27ad6d7cbc6f780932,Greater Western Sydney Giants,Brisbane Lions,2026-05-24T02:30:07Z,unibet,Unibet,,player_goal_scorer_anytime,Zac Bailey,Yes,1.17,,20260524_013131
c2359222d8b43b27ad6d7cbc6f780932,Greater Western Sydney Giants,Brisbane Lions,2026-05-24T02:30:07Z,unibet,Unibet,,player_goal_scorer_anytime,Levi Ashcroft,Yes,2.23,,20260524_013131
c2359222d8b43b27ad6d7cbc6f780932,Greater Western Sydney Giants,Brisbane Lions,2026-05-24T02:30:07Z,unibet,Unibet,,player_goal_scorer_anytime,Stephen Coniglio,Yes,2.8,,20260524_013131
c2359222d8b43b27ad6d7cbc6f780932,Greater Western Sydney Giants,Brisbane Lions,2026-05-24T02:30:07Z,unibet,Unibet,,player_goal_scorer_anytime,Hugh McCluggage,Yes,1.83,,20260524_013131
c2359222d8b43b27ad6d7cbc6f780932,Greater Western Sydney Giants,Brisbane Lions,2026-05-24T02:30:07Z,unibet,Unibet,,player_goal_scorer_anytime,Jake Riccardi,Yes,1.29,,20260524_013131
c2359222d8b43b27ad6d7cbc6f780932,Greater Western Sydney Giants,Brisbane Lions,2026-05-24T02:30:07Z,unibet,Unibet,,player_goal_scorer_anytime,Lachie Neale,Yes,3.35,,20260524_013131
c2359222d8b43b27ad6d7cbc6f780932,Greater Western Sydney Giants,Brisbane Lions,2026-05-24T02:30:07Z,unibet,Unibet,,player_goal_scorer_anytime,Max Gruzewski,Yes,1.28,,20260524_013131
c2359222d8b43b27ad6d7cbc6f780932,Greater Western Sydney Giants,Brisbane Lions,2026-05-24T02:30:07Z,unibet,Unibet,,player_goal_scorer_anytime,Bruce Reville,Yes,2.55,,20260524_013131
c2359222d8b43b27ad6d7cbc6f780932,Greater Western Sydney Giants,Brisbane Lions,2026-05-24T02:30:07Z,unibet,Unibet,,player_goal_scorer_anytime,Finn Callaghan,Yes,3.05,,20260524_013131
c2359222d8b43b27ad6d7cbc6f780932,Greater Western Sydney Giants,Brisbane Lions,2026-05-24T02:30:07Z,unibet,Unibet,,player_goal_scorer_anytime,Jaspa Fletcher,Yes,3.9,,20260524_013131
c2359222d8b43b27ad6d7cbc6f780932,Greater Western Sydney Giants,Brisbane Lions,2026-05-24T02:30:07Z,unibet,Unibet,,player_goal_scorer_anytime,Sam Draper,Yes,1.62,,20260524_013131
c2359222d8b43b27ad6d7cbc6f780932,Greater Western Sydney Giants,Brisbane Lions,2026-05-24T02:30:07Z,unibet,Unibet,,player_goal_scorer_anytime,Will Ashcroft,Yes,2.95,,20260524_013131
c2359222d8b43b27ad6d7cbc6f780932,Greater Western Sydney Giants,Brisbane Lions,2026-05-24T02:30:07Z,unibet,Unibet,,player_goal_scorer_anytime,Darcy Fort,Yes,2.88,,20260524_013131
c2359222d8b43b27ad6d7cbc6f780932,Greater Western Sydney Giants,Brisbane Lions,2026-05-24T02:30:07Z,unibet,Unibet,,player_goal_scorer_anytime,Will McLachlan,Yes,1.85,,20260524_013131
c2359222d8b43b27ad6d7cbc6f780932,Greater Western Sydney Giants,Brisbane Lions,2026-05-24T02:30:07Z,unibet,Unibet,,player_goal_scorer_anytime,James Tunstill,Yes,3.4,,20260524_013131
c2359222d8b43b27ad6d7cbc6f780932,Greater Western Sydney Giants,Brisbane Lions,2026-05-24T02:30:07Z,unibet,Unibet,,player_goal_scorer_anytime,Callum Brown,Yes,1.54,,20260524_013131
c2359222d8b43b27ad6d7cbc6f780932,Greater Western Sydney Giants,Brisbane Lions,2026-05-24T02:30:07Z,dabble_au,Dabble AU,,player_disposals,Clayton Oliver,Over,1.85,30.5,20260524_013131
c2359222d8b43b27ad6d7cbc6f780932,Greater Western Sydney Giants,Brisbane Lions,2026-05-24T02:30:07Z,dabble_au,Dabble AU,,player_disposals,Clayton Oliver,Under,1.85,30.5,20260524_013131
c2359222d8b43b27ad6d7cbc6f780932,Greater Western Sydney Giants,Brisbane Lions,2026-05-24T02:30:07Z,dabble_au,Dabble AU,,player_disposals,Finn Callaghan,Over,1.85,28.5,20260524_013131
c2359222d8b43b27ad6d7cbc6f780932,Greater Western Sydney Giants,Brisbane Lions,2026-05-24T02:30:07Z,dabble_au,Dabble AU,,player_disposals,Finn Callaghan,Under,1.85,28.5,20260524_013131
c2359222d8b43b27ad6d7cbc6f780932,Greater Western Sydney Giants,Brisbane Lions,2026-05-24T02:30:07Z,dabble_au,Dabble AU,,player_disposals,Lachie Whitfield,Over,1.85,29.5,20260524_013131
c2359222d8b43b27ad6d7cbc6f780932,Greater Western Sydney Giants,Brisbane Lions,2026-05-24T02:30:07Z,dabble_au,Dabble AU,,player_disposals,Lachie Whitfield,Under,1.85,29.5,20260524_013131
c2359222d8b43b27ad6d7cbc6f780932,Greater Western Sydney Giants,Brisbane Lions,2026-05-24T02:30:07Z,dabble_au,Dabble AU,,player_disposals,Lachlan Ash,Over,1.85,28.5,20260524_013131
c2359222d8b43b27ad6d7cbc6f780932,Greater Western Sydney Giants,Brisbane Lions,2026-05-24T02:30:07Z,dabble_au,Dabble AU,,player_disposals,Lachlan Ash,Under,1.85,28.5,20260524_013131
c2359222d8b43b27ad6d7cbc6f780932,Greater Western Sydney Giants,Brisbane Lions,2026-05-24T02:30:07Z,dabble_au,Dabble AU,,player_disposals,Lachie Neale,Over,1.8,29.5,20260524_013131
c2359222d8b43b27ad6d7cbc6f780932,Greater Western Sydney Giants,Brisbane Lions,2026-05-24T02:30:07Z,dabble_au,Dabble AU,,player_disposals,Lachie Neale,Under,1.9,29.5,20260524_013131
c2359222d8b43b27ad6d7cbc6f780932,Greater Western Sydney Giants,Brisbane Lions,2026-05-24T02:30:07Z,dabble_au,Dabble AU,,player_disposals,Will Ashcroft,Over,1.85,27.5,20260524_013131
c2359222d8b43b27ad6d7cbc6f780932,Greater Western Sydney Giants,Brisbane Lions,2026-05-24T02:30:07Z,dabble_au,Dabble AU,,player_disposals,Will Ashcroft,Under,1.85,27.5,20260524_013131
c2359222d8b43b27ad6d7cbc6f780932,Greater Western Sydney Giants,Brisbane Lions,2026-05-24T02:30:07Z,dabble_au,Dabble AU,,player_disposals,Hugh McCluggage,Over,1.8,23.5,20260524_013131
c2359222d8b43b27ad6d7cbc6f780932,Greater Western Sydney Giants,Brisbane Lions,2026-05-24T02:30:07Z,dabble_au,Dabble AU,,player_disposals,Hugh McCluggage,Under,1.9,23.5,20260524_013131
c2359222d8b43b27ad6d7cbc6f780932,Greater Western Sydney Giants,Brisbane Lions,2026-05-24T02:30:07Z,dabble_au,Dabble AU,,player_disposals,Darcy Wilmot,Over,1.85,24.5,20260524_013131
c2359222d8b43b27ad6d7cbc6f780932,Greater Western Sydney Giants,Brisbane Lions,2026-05-24T02:30:07Z,dabble_au,Dabble AU,,player_disposals,Darcy Wilmot,Under,1.85,24.5,20260524_013131
c2359222d8b43b27ad6d7cbc6f780932,Greater Western Sydney Giants,Brisbane Lions,2026-05-24T02:30:07Z,dabble_au,Dabble AU,,player_disposals_over,Clayton Oliver,Over,3.25,34.5,20260524_013131
c2359222d8b43b27ad6d7cbc6f780932,Greater Western Sydney Giants,Brisbane Lions,2026-05-24T02:30:07Z,dabble_au,Dabble AU,,player_disposals_over,Lachie Neale,Over,3.85,34.5,20260524_013131
c2359222d8b43b27ad6d7cbc6f780932,Greater Western Sydney Giants,Brisbane Lions,2026-05-24T02:30:07Z,dabble_au,Dabble AU,,player_disposals_over,Lachie Whitfield,Over,3.85,34.5,20260524_013131
c2359222d8b43b27ad6d7cbc6f780932,Greater Western Sydney Giants,Brisbane Lions,2026-05-24T02:30:07Z,dabble_au,Dabble AU,,player_disposals_over,Lachlan Ash,Over,4.75,34.5,20260524_013131
c2359222d8b43b27ad6d7cbc6f780932,Greater Western Sydney Giants,Brisbane Lions,2026-05-24T02:30:07Z,dabble_au,Dabble AU,,player_disposals_over,Finn Callaghan,Over,4.75,34.5,20260524_013131
c2359222d8b43b27ad6d7cbc6f780932,Greater Western Sydney Giants,Brisbane Lions,2026-05-24T02:30:07Z,dabble_au,Dabble AU,,player_disposals_over,Will Ashcroft,Over,5.75,34.5,20260524_013131
c2359222d8b43b27ad6d7cbc6f780932,Greater Western Sydney Giants,Brisbane Lions,2026-05-24T02:30:07Z,dabble_au,Dabble AU,,player_disposals_over,Hugh McCluggage,Over,13.0,34.5,20260524_013131
c2359222d8b43b27ad6d7cbc6f780932,Greater Western Sydney Giants,Brisbane Lions,2026-05-24T02:30:07Z,dabble_au,Dabble AU,,player_disposals_over,Darcy Wilmot,Over,15.0,34.5,20260524_013131
c2359222d8b43b27ad6d7cbc6f780932,Greater Western Sydney Giants,Brisbane Lions,2026-05-24T02:30:07Z,dabble_au,Dabble AU,,player_disposals_over,Josh Dunkley,Over,19.0,34.5,20260524_013131
c2359222d8b43b27ad6d7cbc6f780932,Greater Western Sydney Giants,Brisbane Lions,2026-05-24T02:30:07Z,dabble_au,Dabble AU,,player_disposals_over,Harvey Thomas,Over,19.0,34.5,20260524_013131
c2359222d8b43b27ad6d7cbc6f780932,Greater Western Sydney Giants,Brisbane Lions,2026-05-24T02:30:07Z,dabble_au,Dabble AU,,player_disposals_over,Levi Ashcroft,Over,19.0,34.5,20260524_013131
c2359222d8b43b27ad6d7cbc6f780932,Greater Western Sydney Giants,Brisbane Lions,2026-05-24T02:30:07Z,dabble_au,Dabble AU,,player_disposals_over,Connor Idun,Over,21.0,34.5,20260524_013131
c2359222d8b43b27ad6d7cbc6f780932,Greater Western Sydney Giants,Brisbane Lions,2026-05-24T02:30:07Z,dabble_au,Dabble AU,,player_disposals_over,Keidean Coleman,Over,31.0,34.5,20260524_013131
c2359222d8b43b27ad6d7cbc6f780932,Greater Western Sydney Giants,Brisbane Lions,2026-05-24T02:30:07Z,dabble_au,Dabble AU,,player_disposals_over,Zac Bailey,Over,31.0,34.5,20260524_013131
c2359222d8b43b27ad6d7cbc6f780932,Greater Western Sydney Giants,Brisbane Lions,2026-05-24T02:30:07Z,dabble_au,Dabble AU,,player_disposals_over,Jaspa Fletcher,Over,31.0,34.5,20260524_013131
c2359222d8b43b27ad6d7cbc6f780932,Greater Western Sydney Giants,Brisbane Lions,2026-05-24T02:30:07Z,dabble_au,Dabble AU,,player_disposals_over,Toby Greene,Over,34.0,34.5,20260524_013131
c2359222d8b43b27ad6d7cbc6f780932,Greater Western Sydney Giants,Brisbane Lions,2026-05-24T02:30:07Z,dabble_au,Dabble AU,,player_disposals_over,Bruce Reville,Over,34.0,34.5,20260524_013131
c2359222d8b43b27ad6d7cbc6f780932,Greater Western Sydney Giants,Brisbane Lions,2026-05-24T02:30:07Z,dabble_au,Dabble AU,,player_disposals_over,Brent Daniels,Over,41.0,34.5,20260524_013131
c2359222d8b43b27ad6d7cbc6f780932,Greater Western Sydney Giants,Brisbane Lions,2026-05-24T02:30:07Z,dabble_au,Dabble AU,,player_disposals_over,Stephen Coniglio,Over,41.0,34.5,20260524_013131
c2359222d8b43b27ad6d7cbc6f780932,Greater Western Sydney Giants,Brisbane Lions,2026-05-24T02:30:07Z,dabble_au,Dabble AU,,player_disposals_over,Harrison Himmelberg,Over,41.0,34.5,20260524_013131
c2359222d8b43b27ad6d7cbc6f780932,Greater Western Sydney Giants,Brisbane Lions,2026-05-24T02:30:07Z,dabble_au,Dabble AU,,player_disposals_over,Joseph Fonti,Over,41.0,34.5,20260524_013131
c2359222d8b43b27ad6d7cbc6f780932,Greater Western Sydney Giants,Brisbane Lions,2026-05-24T02:30:07Z,dabble_au,Dabble AU,,player_disposals_over,Jayden Laverde,Over,51.0,34.5,20260524_013131
c2359222d8b43b27ad6d7cbc6f780932,Greater Western Sydney Giants,Brisbane Lions,2026-05-24T02:30:07Z,dabble_au,Dabble AU,,player_disposals_over,Sam Marshall,Over,67.0,34.5,20260524_013131
c2359222d8b43b27ad6d7cbc6f780932,Greater Western Sydney Giants,Brisbane Lions,2026-05-24T02:30:07Z,dabble_au,Dabble AU,,player_disposals_over,Cameron Rayner,Over,67.0,34.5,20260524_013131
c2359222d8b43b27ad6d7cbc6f780932,Greater Western Sydney Giants,Brisbane Lions,2026-05-24T02:30:07Z,dabble_au,Dabble AU,,player_disposals_over,Harris Andrews,Over,67.0,34.5,20260524_013131
c2359222d8b43b27ad6d7cbc6f780932,Greater Western Sydney Giants,Brisbane Lions,2026-05-24T02:30:07Z,dabble_au,Dabble AU,,player_disposals_over,Conor Stone,Over,67.0,34.5,20260524_013131
c2359222d8b43b27ad6d7cbc6f780932,Greater Western Sydney Giants,Brisbane Lions,2026-05-24T02:30:07Z,dabble_au,Dabble AU,,player_disposals_over,Toby McMullin,Over,67.0,34.5,20260524_013131
c2359222d8b43b27ad6d7cbc6f780932,Greater Western Sydney Giants,Brisbane Lions,2026-05-24T02:30:07Z,dabble_au,Dabble AU,,player_disposals_over,Charlie Cameron,Over,81.0,34.5,20260524_013131
c2359222d8b43b27ad6d7cbc6f780932,Greater Western Sydney Giants,Brisbane Lions,2026-05-24T02:30:07Z,dabble_au,Dabble AU,,player_disposals_over,Phoenix Gothard,Over,81.0,34.5,20260524_013131
c2359222d8b43b27ad6d7cbc6f780932,Greater Western Sydney Giants,Brisbane Lions,2026-05-24T02:30:07Z,dabble_au,Dabble AU,,player_disposals_over,James Tunstill,Over,81.0,34.5,20260524_013131
c2359222d8b43b27ad6d7cbc6f780932,Greater Western Sydney Giants,Brisbane Lions,2026-05-24T02:30:07Z,dabble_au,Dabble AU,,player_disposals_over,Josh Dunkley,Over,1.06,14.5,20260524_013131
c2359222d8b43b27ad6d7cbc6f780932,Greater Western Sydney Giants,Brisbane Lions,2026-05-24T02:30:07Z,dabble_au,Dabble AU,,player_disposals_over,Harvey Thomas,Over,1.06,14.5,20260524_013131
c2359222d8b43b27ad6d7cbc6f780932,Greater Western Sydney Giants,Brisbane Lions,2026-05-24T02:30:07Z,dabble_au,Dabble AU,,player_disposals_over,Levi Ashcroft,Over,1.06,14.5,20260524_013131
c2359222d8b43b27ad6d7cbc6f780932,Greater Western Sydney Giants,Brisbane Lions,2026-05-24T02:30:07Z,dabble_au,Dabble AU,,player_disposals_over,Connor Idun,Over,1.08,14.5,20260524_013131
c2359222d8b43b27ad6d7cbc6f780932,Greater Western Sydney Giants,Brisbane Lions,2026-05-24T02:30:07Z,dabble_au,Dabble AU,,player_disposals_over,Keidean Coleman,Over,1.13,14.5,20260524_013131
c2359222d8b43b27ad6d7cbc6f780932,Greater Western Sydney Giants,Brisbane Lions,2026-05-24T02:30:07Z,dabble_au,Dabble AU,,player_disposals_over,Jaspa Fletcher,Over,1.14,14.5,20260524_013131
c2359222d8b43b27ad6d7cbc6f780932,Greater Western Sydney Giants,Brisbane Lions,2026-05-24T02:30:07Z,dabble_au,Dabble AU,,player_disposals_over,Zac Bailey,Over,1.14,14.5,20260524_013131
c2359222d8b43b27ad6d7cbc6f780932,Greater Western Sydney Giants,Brisbane Lions,2026-05-24T02:30:07Z,dabble_au,Dabble AU,,player_disposals_over,Toby Greene,Over,1.17,14.5,20260524_013131
c2359222d8b43b27ad6d7cbc6f780932,Greater Western Sydney Giants,Brisbane Lions,2026-05-24T02:30:07Z,dabble_au,Dabble AU,,player_disposals_over,Bruce Reville,Over,1.22,14.5,20260524_013131
c2359222d8b43b27ad6d7cbc6f780932,Greater Western Sydney Giants,Brisbane Lions,2026-05-24T02:30:07Z,dabble_au,Dabble AU,,player_disposals_over,Harrison Himmelberg,Over,1.25,14.5,20260524_013131
c2359222d8b43b27ad6d7cbc6f780932,Greater Western Sydney Giants,Brisbane Lions,2026-05-24T02:30:07Z,dabble_au,Dabble AU,,player_disposals_over,Brent Daniels,Over,1.28,14.5,20260524_013131
c2359222d8b43b27ad6d7cbc6f780932,Greater Western Sydney Giants,Brisbane Lions,2026-05-24T02:30:07Z,dabble_au,Dabble AU,,player_disposals_over,Stephen Coniglio,Over,1.3,14.5,20260524_013131
c2359222d8b43b27ad6d7cbc6f780932,Greater Western Sydney Giants,Brisbane Lions,2026-05-24T02:30:07Z,dabble_au,Dabble AU,,player_disposals_over,Joseph Fonti,Over,1.3,14.5,20260524_013131
c2359222d8b43b27ad6d7cbc6f780932,Greater Western Sydney Giants,Brisbane Lions,2026-05-24T02:30:07Z,dabble_au,Dabble AU,,player_disposals_over,Jayden Laverde,Over,1.42,14.5,20260524_013131
c2359222d8b43b27ad6d7cbc6f780932,Greater Western Sydney Giants,Brisbane Lions,2026-05-24T02:30:07Z,dabble_au,Dabble AU,,player_disposals_over,Cameron Rayner,Over,1.58,14.5,20260524_013131
c2359222d8b43b27ad6d7cbc6f780932,Greater Western Sydney Giants,Brisbane Lions,2026-05-24T02:30:07Z,dabble_au,Dabble AU,,player_disposals_over,Harris Andrews,Over,1.6,14.5,20260524_013131
c2359222d8b43b27ad6d7cbc6f780932,Greater Western Sydney Giants,Brisbane Lions,2026-05-24T02:30:07Z,dabble_au,Dabble AU,,player_disposals_over,Sam Marshall,Over,1.72,14.5,20260524_013131
c2359222d8b43b27ad6d7cbc6f780932,Greater Western Sydney Giants,Brisbane Lions,2026-05-24T02:30:07Z,dabble_au,Dabble AU,,player_disposals_over,Conor Stone,Over,1.82,14.5,20260524_013131
c2359222d8b43b27ad6d7cbc6f780932,Greater Western Sydney Giants,Brisbane Lions,2026-05-24T02:30:07Z,dabble_au,Dabble AU,,player_disposals_over,Toby McMullin,Over,1.85,14.5,20260524_013131
c2359222d8b43b27ad6d7cbc6f780932,Greater Western Sydney Giants,Brisbane Lions,2026-05-24T02:30:07Z,dabble_au,Dabble AU,,player_disposals_over,James Tunstill,Over,1.88,14.5,20260524_013131
c2359222d8b43b27ad6d7cbc6f780932,Greater Western Sydney Giants,Brisbane Lions,2026-05-24T02:30:07Z,dabble_au,Dabble AU,,player_disposals_over,Phoenix Gothard,Over,2.15,14.5,20260524_013131
c2359222d8b43b27ad6d7cbc6f780932,Greater Western Sydney Giants,Brisbane Lions,2026-05-24T02:30:07Z,dabble_au,Dabble AU,,player_disposals_over,Charlie Cameron,Over,2.2,14.5,20260524_013131
c2359222d8b43b27ad6d7cbc6f780932,Greater Western Sydney Giants,Brisbane Lions,2026-05-24T02:30:07Z,dabble_au,Dabble AU,,player_disposals_over,Will Ashcroft,Over,1.07,19.5,20260524_013131
c2359222d8b43b27ad6d7cbc6f780932,Greater Western Sydney Giants,Brisbane Lions,2026-05-24T02:30:07Z,dabble_au,Dabble AU,,player_disposals_over,Hugh McCluggage,Over,1.22,19.5,20260524_013131
c2359222d8b43b27ad6d7cbc6f780932,Greater Western Sydney Giants,Brisbane Lions,2026-05-24T02:30:07Z,dabble_au,Dabble AU,,player_disposals_over,Darcy Wilmot,Over,1.3,19.5,20260524_013131
c2359222d8b43b27ad6d7cbc6f780932,Greater Western Sydney Giants,Brisbane Lions,2026-05-24T02:30:07Z,dabble_au,Dabble AU,,player_disposals_over,Josh Dunkley,Over,1.42,19.5,20260524_013131
c2359222d8b43b27ad6d7cbc6f780932,Greater Western Sydney Giants,Brisbane Lions,2026-05-24T02:30:07Z,dabble_au,Dabble AU,,player_disposals_over,Harvey Thomas,Over,1.42,19.5,20260524_013131
c2359222d8b43b27ad6d7cbc6f780932,Greater Western Sydney Giants,Brisbane Lions,2026-05-24T02:30:07Z,dabble_au,Dabble AU,,player_disposals_over,Levi Ashcroft,Over,1.42,19.5,20260524_013131
c2359222d8b43b27ad6d7cbc6f780932,Greater Western Sydney Giants,Brisbane Lions,2026-05-24T02:30:07Z,dabble_au,Dabble AU,,player_disposals_over,Connor Idun,Over,1.48,19.5,20260524_013131
c2359222d8b43b27ad6d7cbc6f780932,Greater Western Sydney Giants,Brisbane Lions,2026-05-24T02:30:07Z,dabble_au,Dabble AU,,player_disposals_over,Keidean Coleman,Over,1.7,19.5,20260524_013131
c2359222d8b43b27ad6d7cbc6f780932,Greater Western Sydney Giants,Brisbane Lions,2026-05-24T02:30:07Z,dabble_au,Dabble AU,,player_disposals_over,Jaspa Fletcher,Over,1.75,19.5,20260524_013131
c2359222d8b43b27ad6d7cbc6f780932,Greater Western Sydney Giants,Brisbane Lions,2026-05-24T02:30:07Z,dabble_au,Dabble AU,,player_disposals_over,Zac Bailey,Over,1.75,19.5,20260524_013131
c2359222d8b43b27ad6d7cbc6f780932,Greater Western Sydney Giants,Brisbane Lions,2026-05-24T02:30:07Z,dabble_au,Dabble AU,,player_disposals_over,Toby Greene,Over,1.85,19.5,20260524_013131
c2359222d8b43b27ad6d7cbc6f780932,Greater Western Sydney Giants,Brisbane Lions,2026-05-24T02:30:07Z,dabble_au,Dabble AU,,player_disposals_over,Bruce Reville,Over,2.1,19.5,20260524_013131
c2359222d8b43b27ad6d7cbc6f780932,Greater Western Sydney Giants,Brisbane Lions,2026-05-24T02:30:07Z,dabble_au,Dabble AU,,player_disposals_over,Harrison Himmelberg,Over,2.15,19.5,20260524_013131
c2359222d8b43b27ad6d7cbc6f780932,Greater Western Sydney Giants,Brisbane Lions,2026-05-24T02:30:07Z,dabble_au,Dabble AU,,player_disposals_over,Brent Daniels,Over,2.3,19.5,20260524_013131
c2359222d8b43b27ad6d7cbc6f780932,Greater Western Sydney Giants,Brisbane Lions,2026-05-24T02:30:07Z,dabble_au,Dabble AU,,player_disposals_over,Joseph Fonti,Over,2.4,19.5,20260524_013131
c2359222d8b43b27ad6d7cbc6f780932,Greater Western Sydney Giants,Brisbane Lions,2026-05-24T02:30:07Z,dabble_au,Dabble AU,,player_disposals_over,Stephen Coniglio,Over,2.4,19.5,20260524_013131
c2359222d8b43b27ad6d7cbc6f780932,Greater Western Sydney Giants,Brisbane Lions,2026-05-24T02:30:07Z,dabble_au,Dabble AU,,player_disposals_over,Jayden Laverde,Over,2.9,19.5,20260524_013131
c2359222d8b43b27ad6d7cbc6f780932,Greater Western Sydney Giants,Brisbane Lions,2026-05-24T02:30:07Z,dabble_au,Dabble AU,,player_disposals_over,Cameron Rayner,Over,3.6,19.5,20260524_013131
c2359222d8b43b27ad6d7cbc6f780932,Greater Western Sydney Giants,Brisbane Lions,2026-05-24T02:30:07Z,dabble_au,Dabble AU,,player_disposals_over,Harris Andrews,Over,3.75,19.5,20260524_013131
c2359222d8b43b27ad6d7cbc6f780932,Greater Western Sydney Giants,Brisbane Lions,2026-05-24T02:30:07Z,dabble_au,Dabble AU,,player_disposals_over,Sam Marshall,Over,4.25,19.5,20260524_013131
c2359222d8b43b27ad6d7cbc6f780932,Greater Western Sydney Giants,Brisbane Lions,2026-05-24T02:30:07Z,dabble_au,Dabble AU,,player_disposals_over,Conor Stone,Over,4.75,19.5,20260524_013131
c2359222d8b43b27ad6d7cbc6f780932,Greater Western Sydney Giants,Brisbane Lions,2026-05-24T02:30:07Z,dabble_au,Dabble AU,,player_disposals_over,Toby McMullin,Over,4.75,19.5,20260524_013131
c2359222d8b43b27ad6d7cbc6f780932,Greater Western Sydney Giants,Brisbane Lions,2026-05-24T02:30:07Z,dabble_au,Dabble AU,,player_disposals_over,James Tunstill,Over,5.0,19.5,20260524_013131
c2359222d8b43b27ad6d7cbc6f780932,Greater Western Sydney Giants,Brisbane Lions,2026-05-24T02:30:07Z,dabble_au,Dabble AU,,player_disposals_over,Phoenix Gothard,Over,6.0,19.5,20260524_013131
c2359222d8b43b27ad6d7cbc6f780932,Greater Western Sydney Giants,Brisbane Lions,2026-05-24T02:30:07Z,dabble_au,Dabble AU,,player_disposals_over,Charlie Cameron,Over,6.5,19.5,20260524_013131
c2359222d8b43b27ad6d7cbc6f780932,Greater Western Sydney Giants,Brisbane Lions,2026-05-24T02:30:07Z,dabble_au,Dabble AU,,player_disposals_over,Clayton Oliver,Over,1.15,24.5,20260524_013131
c2359222d8b43b27ad6d7cbc6f780932,Greater Western Sydney Giants,Brisbane Lions,2026-05-24T02:30:07Z,dabble_au,Dabble AU,,player_disposals_over,Lachie Neale,Over,1.22,24.5,20260524_013131
c2359222d8b43b27ad6d7cbc6f780932,Greater Western Sydney Giants,Brisbane Lions,2026-05-24T02:30:07Z,dabble_au,Dabble AU,,player_disposals_over,Lachie Whitfield,Over,1.22,24.5,20260524_013131
c2359222d8b43b27ad6d7cbc6f780932,Greater Western Sydney Giants,Brisbane Lions,2026-05-24T02:30:07Z,dabble_au,Dabble AU,,player_disposals_over,Finn Callaghan,Over,1.28,24.5,20260524_013131
c2359222d8b43b27ad6d7cbc6f780932,Greater Western Sydney Giants,Brisbane Lions,2026-05-24T02:30:07Z,dabble_au,Dabble AU,,player_disposals_over,Lachlan Ash,Over,1.28,24.5,20260524_013131
c2359222d8b43b27ad6d7cbc6f780932,Greater Western Sydney Giants,Brisbane Lions,2026-05-24T02:30:07Z,dabble_au,Dabble AU,,player_disposals_over,Will Ashcroft,Over,1.38,24.5,20260524_013131
c2359222d8b43b27ad6d7cbc6f780932,Greater Western Sydney Giants,Brisbane Lions,2026-05-24T02:30:07Z,dabble_au,Dabble AU,,player_disposals_over,Hugh McCluggage,Over,1.98,24.5,20260524_013131
c2359222d8b43b27ad6d7cbc6f780932,Greater Western Sydney Giants,Brisbane Lions,2026-05-24T02:30:07Z,dabble_au,Dabble AU,,player_disposals_over,Darcy Wilmot,Over,2.0,24.5,20260524_013131
c2359222d8b43b27ad6d7cbc6f780932,Greater Western Sydney Giants,Brisbane Lions,2026-05-24T02:30:07Z,dabble_au,Dabble AU,,player_disposals_over,Harvey Thomas,Over,2.7,24.5,20260524_013131
c2359222d8b43b27ad6d7cbc6f780932,Greater Western Sydney Giants,Brisbane Lions,2026-05-24T02:30:07Z,dabble_au,Dabble AU,,player_disposals_over,Levi Ashcroft,Over,2.7,24.5,20260524_013131
c2359222d8b43b27ad6d7cbc6f780932,Greater Western Sydney Giants,Brisbane Lions,2026-05-24T02:30:07Z,dabble_au,Dabble AU,,player_disposals_over,Josh Dunkley,Over,2.7,24.5,20260524_013131
c2359222d8b43b27ad6d7cbc6f780932,Greater Western Sydney Giants,Brisbane Lions,2026-05-24T02:30:07Z,dabble_au,Dabble AU,,player_disposals_over,Connor Idun,Over,2.95,24.5,20260524_013131
c2359222d8b43b27ad6d7cbc6f780932,Greater Western Sydney Giants,Brisbane Lions,2026-05-24T02:30:07Z,dabble_au,Dabble AU,,player_disposals_over,Keidean Coleman,Over,3.85,24.5,20260524_013131
c2359222d8b43b27ad6d7cbc6f780932,Greater Western Sydney Giants,Brisbane Lions,2026-05-24T02:30:07Z,dabble_au,Dabble AU,,player_disposals_over,Zac Bailey,Over,4.0,24.5,20260524_013131
c2359222d8b43b27ad6d7cbc6f780932,Greater Western Sydney Giants,Brisbane Lions,2026-05-24T02:30:07Z,dabble_au,Dabble AU,,player_disposals_over,Jaspa Fletcher,Over,4.0,24.5,20260524_013131
c2359222d8b43b27ad6d7cbc6f780932,Greater Western Sydney Giants,Brisbane Lions,2026-05-24T02:30:07Z,dabble_au,Dabble AU,,player_disposals_over,Toby Greene,Over,4.5,24.5,20260524_013131
c2359222d8b43b27ad6d7cbc6f780932,Greater Western Sydney Giants,Brisbane Lions,2026-05-24T02:30:07Z,dabble_au,Dabble AU,,player_disposals_over,Bruce Reville,Over,5.5,24.5,20260524_013131
c2359222d8b43b27ad6d7cbc6f780932,Greater Western Sydney Giants,Brisbane Lions,2026-05-24T02:30:07Z,dabble_au,Dabble AU,,player_disposals_over,Harrison Himmelberg,Over,5.75,24.5,20260524_013131
c2359222d8b43b27ad6d7cbc6f780932,Greater Western Sydney Giants,Brisbane Lions,2026-05-24T02:30:07Z,dabble_au,Dabble AU,,player_disposals_over,Brent Daniels,Over,6.5,24.5,20260524_013131
c2359222d8b43b27ad6d7cbc6f780932,Greater Western Sydney Giants,Brisbane Lions,2026-05-24T02:30:07Z,dabble_au,Dabble AU,,player_disposals_over,Stephen Coniglio,Over,6.5,24.5,20260524_013131
c2359222d8b43b27ad6d7cbc6f780932,Greater Western Sydney Giants,Brisbane Lions,2026-05-24T02:30:07Z,dabble_au,Dabble AU,,player_disposals_over,Joseph Fonti,Over,6.5,24.5,20260524_013131
c2359222d8b43b27ad6d7cbc6f780932,Greater Western Sydney Giants,Brisbane Lions,2026-05-24T02:30:07Z,dabble_au,Dabble AU,,player_disposals_over,Jayden Laverde,Over,9.0,24.5,20260524_013131
c2359222d8b43b27ad6d7cbc6f780932,Greater Western Sydney Giants,Brisbane Lions,2026-05-24T02:30:07Z,dabble_au,Dabble AU,,player_disposals_over,Cameron Rayner,Over,11.0,24.5,20260524_013131
c2359222d8b43b27ad6d7cbc6f780932,Greater Western Sydney Giants,Brisbane Lions,2026-05-24T02:30:07Z,dabble_au,Dabble AU,,player_disposals_over,Harris Andrews,Over,11.0,24.5,20260524_013131
c2359222d8b43b27ad6d7cbc6f780932,Greater Western Sydney Giants,Brisbane Lions,2026-05-24T02:30:07Z,dabble_au,Dabble AU,,player_disposals_over,Sam Marshall,Over,13.0,24.5,20260524_013131
c2359222d8b43b27ad6d7cbc6f780932,Greater Western Sydney Giants,Brisbane Lions,2026-05-24T02:30:07Z,dabble_au,Dabble AU,,player_disposals_over,James Tunstill,Over,15.0,24.5,20260524_013131
c2359222d8b43b27ad6d7cbc6f780932,Greater Western Sydney Giants,Brisbane Lions,2026-05-24T02:30:07Z,dabble_au,Dabble AU,,player_disposals_over,Toby McMullin,Over,15.0,24.5,20260524_013131
c2359222d8b43b27ad6d7cbc6f780932,Greater Western Sydney Giants,Brisbane Lions,2026-05-24T02:30:07Z,dabble_au,Dabble AU,,player_disposals_over,Conor Stone,Over,15.0,24.5,20260524_013131
c2359222d8b43b27ad6d7cbc6f780932,Greater Western Sydney Giants,Brisbane Lions,2026-05-24T02:30:07Z,dabble_au,Dabble AU,,player_disposals_over,Phoenix Gothard,Over,19.0,24.5,20260524_013131
c2359222d8b43b27ad6d7cbc6f780932,Greater Western Sydney Giants,Brisbane Lions,2026-05-24T02:30:07Z,dabble_au,Dabble AU,,player_disposals_over,Charlie Cameron,Over,19.0,24.5,20260524_013131
c2359222d8b43b27ad6d7cbc6f780932,Greater Western Sydney Giants,Brisbane Lions,2026-05-24T02:30:07Z,dabble_au,Dabble AU,,player_disposals_over,Clayton Oliver,Over,1.67,29.5,20260524_013131
c2359222d8b43b27ad6d7cbc6f780932,Greater Western Sydney Giants,Brisbane Lions,2026-05-24T02:30:07Z,dabble_au,Dabble AU,,player_disposals_over,Lachie Whitfield,Over,1.85,29.5,20260524_013131
c2359222d8b43b27ad6d7cbc6f780932,Greater Western Sydney Giants,Brisbane Lions,2026-05-24T02:30:07Z,dabble_au,Dabble AU,,player_disposals_over,Lachie Neale,Over,1.85,29.5,20260524_013131
c2359222d8b43b27ad6d7cbc6f780932,Greater Western Sydney Giants,Brisbane Lions,2026-05-24T02:30:07Z,dabble_au,Dabble AU,,player_disposals_over,Finn Callaghan,Over,2.1,29.5,20260524_013131
c2359222d8b43b27ad6d7cbc6f780932,Greater Western Sydney Giants,Brisbane Lions,2026-05-24T02:30:07Z,dabble_au,Dabble AU,,player_disposals_over,Lachlan Ash,Over,2.1,29.5,20260524_013131
c2359222d8b43b27ad6d7cbc6f780932,Greater Western Sydney Giants,Brisbane Lions,2026-05-24T02:30:07Z,dabble_au,Dabble AU,,player_disposals_over,Will Ashcroft,Over,2.4,29.5,20260524_013131
c2359222d8b43b27ad6d7cbc6f780932,Greater Western Sydney Giants,Brisbane Lions,2026-05-24T02:30:07Z,dabble_au,Dabble AU,,player_disposals_over,Hugh McCluggage,Over,4.5,29.5,20260524_013131
c2359222d8b43b27ad6d7cbc6f780932,Greater Western Sydney Giants,Brisbane Lions,2026-05-24T02:30:07Z,dabble_au,Dabble AU,,player_disposals_over,Darcy Wilmot,Over,5.75,29.5,20260524_013131
c2359222d8b43b27ad6d7cbc6f780932,Greater Western Sydney Giants,Brisbane Lions,2026-05-24T02:30:07Z,dabble_au,Dabble AU,,player_disposals_over,Harvey Thomas,Over,7.5,29.5,20260524_013131
c2359222d8b43b27ad6d7cbc6f780932,Greater Western Sydney Giants,Brisbane Lions,2026-05-24T02:30:07Z,dabble_au,Dabble AU,,player_disposals_over,Levi Ashcroft,Over,7.5,29.5,20260524_013131
c2359222d8b43b27ad6d7cbc6f780932,Greater Western Sydney Giants,Brisbane Lions,2026-05-24T02:30:07Z,dabble_au,Dabble AU,,player_disposals_over,Josh Dunkley,Over,7.5,29.5,20260524_013131
c2359222d8b43b27ad6d7cbc6f780932,Greater Western Sydney Giants,Brisbane Lions,2026-05-24T02:30:07Z,dabble_au,Dabble AU,,player_disposals_over,Connor Idun,Over,8.5,29.5,20260524_013131
c2359222d8b43b27ad6d7cbc6f780932,Greater Western Sydney Giants,Brisbane Lions,2026-05-24T02:30:07Z,dabble_au,Dabble AU,,player_disposals_over,Keidean Coleman,Over,11.0,29.5,20260524_013131
c2359222d8b43b27ad6d7cbc6f780932,Greater Western Sydney Giants,Brisbane Lions,2026-05-24T02:30:07Z,dabble_au,Dabble AU,,player_disposals_over,Zac Bailey,Over,11.0,29.5,20260524_013131
c2359222d8b43b27ad6d7cbc6f780932,Greater Western Sydney Giants,Brisbane Lions,2026-05-24T02:30:07Z,dabble_au,Dabble AU,,player_disposals_over,Jaspa Fletcher,Over,11.0,29.5,20260524_013131
c2359222d8b43b27ad6d7cbc6f780932,Greater Western Sydney Giants,Brisbane Lions,2026-05-24T02:30:07Z,dabble_au,Dabble AU,,player_disposals_over,Toby Greene,Over,13.0,29.5,20260524_013131
c2359222d8b43b27ad6d7cbc6f780932,Greater Western Sydney Giants,Brisbane Lions,2026-05-24T02:30:07Z,dabble_au,Dabble AU,,player_disposals_over,Bruce Reville,Over,15.0,29.5,20260524_013131
c2359222d8b43b27ad6d7cbc6f780932,Greater Western Sydney Giants,Brisbane Lions,2026-05-24T02:30:07Z,dabble_au,Dabble AU,,player_disposals_over,Harrison Himmelberg,Over,17.0,29.5,20260524_013131
c2359222d8b43b27ad6d7cbc6f780932,Greater Western Sydney Giants,Brisbane Lions,2026-05-24T02:30:07Z,dabble_au,Dabble AU,,player_disposals_over,Brent Daniels,Over,19.0,29.5,20260524_013131
c2359222d8b43b27ad6d7cbc6f780932,Greater Western Sydney Giants,Brisbane Lions,2026-05-24T02:30:07Z,dabble_au,Dabble AU,,player_disposals_over,Joseph Fonti,Over,19.0,29.5,20260524_013131
c2359222d8b43b27ad6d7cbc6f780932,Greater Western Sydney Giants,Brisbane Lions,2026-05-24T02:30:07Z,dabble_au,Dabble AU,,player_disposals_over,Stephen Coniglio,Over,19.0,29.5,20260524_013131
c2359222d8b43b27ad6d7cbc6f780932,Greater Western Sydney Giants,Brisbane Lions,2026-05-24T02:30:07Z,dabble_au,Dabble AU,,player_disposals_over,Jayden Laverde,Over,21.0,29.5,20260524_013131
c2359222d8b43b27ad6d7cbc6f780932,Greater Western Sydney Giants,Brisbane Lions,2026-05-24T02:30:07Z,dabble_au,Dabble AU,,player_disposals_over,Cameron Rayner,Over,31.0,29.5,20260524_013131
c2359222d8b43b27ad6d7cbc6f780932,Greater Western Sydney Giants,Brisbane Lions,2026-05-24T02:30:07Z,dabble_au,Dabble AU,,player_disposals_over,Toby McMullin,Over,34.0,29.5,20260524_013131
c2359222d8b43b27ad6d7cbc6f780932,Greater Western Sydney Giants,Brisbane Lions,2026-05-24T02:30:07Z,dabble_au,Dabble AU,,player_disposals_over,Conor Stone,Over,34.0,29.5,20260524_013131
c2359222d8b43b27ad6d7cbc6f780932,Greater Western Sydney Giants,Brisbane Lions,2026-05-24T02:30:07Z,dabble_au,Dabble AU,,player_disposals_over,Sam Marshall,Over,34.0,29.5,20260524_013131
c2359222d8b43b27ad6d7cbc6f780932,Greater Western Sydney Giants,Brisbane Lions,2026-05-24T02:30:07Z,dabble_au,Dabble AU,,player_disposals_over,Harris Andrews,Over,34.0,29.5,20260524_013131
c2359222d8b43b27ad6d7cbc6f780932,Greater Western Sydney Giants,Brisbane Lions,2026-05-24T02:30:07Z,dabble_au,Dabble AU,,player_disposals_over,Phoenix Gothard,Over,41.0,29.5,20260524_013131
c2359222d8b43b27ad6d7cbc6f780932,Greater Western Sydney Giants,Brisbane Lions,2026-05-24T02:30:07Z,dabble_au,Dabble AU,,player_disposals_over,James Tunstill,Over,41.0,29.5,20260524_013131
c2359222d8b43b27ad6d7cbc6f780932,Greater Western Sydney Giants,Brisbane Lions,2026-05-24T02:30:07Z,dabble_au,Dabble AU,,player_disposals_over,Charlie Cameron,Over,41.0,29.5,20260524_013131
c2359222d8b43b27ad6d7cbc6f780932,Greater Western Sydney Giants,Brisbane Lions,2026-05-24T02:30:07Z,dabble_au,Dabble AU,,player_disposals_over,Clayton Oliver,Over,9.5,39.5,20260524_013131
c2359222d8b43b27ad6d7cbc6f780932,Greater Western Sydney Giants,Brisbane Lions,2026-05-24T02:30:07Z,dabble_au,Dabble AU,,player_disposals_over,Lachie Neale,Over,11.0,39.5,20260524_013131
c2359222d8b43b27ad6d7cbc6f780932,Greater Western Sydney Giants,Brisbane Lions,2026-05-24T02:30:07Z,dabble_au,Dabble AU,,player_disposals_over,Lachie Whitfield,Over,11.0,39.5,20260524_013131
c2359222d8b43b27ad6d7cbc6f780932,Greater Western Sydney Giants,Brisbane Lions,2026-05-24T02:30:07Z,dabble_au,Dabble AU,,player_disposals_over,Lachlan Ash,Over,15.0,39.5,20260524_013131
c2359222d8b43b27ad6d7cbc6f780932,Greater Western Sydney Giants,Brisbane Lions,2026-05-24T02:30:07Z,dabble_au,Dabble AU,,player_disposals_over,Finn Callaghan,Over,15.0,39.5,20260524_013131
c2359222d8b43b27ad6d7cbc6f780932,Greater Western Sydney Giants,Brisbane Lions,2026-05-24T02:30:07Z,dabble_au,Dabble AU,,player_disposals_over,Will Ashcroft,Over,19.0,39.5,20260524_013131
c2359222d8b43b27ad6d7cbc6f780932,Greater Western Sydney Giants,Brisbane Lions,2026-05-24T02:30:07Z,dabble_au,Dabble AU,,player_disposals_over,Hugh McCluggage,Over,34.0,39.5,20260524_013131
c2359222d8b43b27ad6d7cbc6f780932,Greater Western Sydney Giants,Brisbane Lions,2026-05-24T02:30:07Z,dabble_au,Dabble AU,,player_disposals_over,Josh Dunkley,Over,41.0,39.5,20260524_013131
c2359222d8b43b27ad6d7cbc6f780932,Greater Western Sydney Giants,Brisbane Lions,2026-05-24T02:30:07Z,dabble_au,Dabble AU,,player_disposals_over,Connor Idun,Over,41.0,39.5,20260524_013131
c2359222d8b43b27ad6d7cbc6f780932,Greater Western Sydney Giants,Brisbane Lions,2026-05-24T02:30:07Z,dabble_au,Dabble AU,,player_disposals_over,Darcy Wilmot,Over,41.0,39.5,20260524_013131
c2359222d8b43b27ad6d7cbc6f780932,Greater Western Sydney Giants,Brisbane Lions,2026-05-24T02:30:07Z,dabble_au,Dabble AU,,player_disposals_over,Levi Ashcroft,Over,41.0,39.5,20260524_013131
c2359222d8b43b27ad6d7cbc6f780932,Greater Western Sydney Giants,Brisbane Lions,2026-05-24T02:30:07Z,dabble_au,Dabble AU,,player_disposals_over,Harvey Thomas,Over,41.0,39.5,20260524_013131
c2359222d8b43b27ad6d7cbc6f780932,Greater Western Sydney Giants,Brisbane Lions,2026-05-24T02:30:07Z,dabble_au,Dabble AU,,player_disposals_over,Toby Greene,Over,51.0,39.5,20260524_013131
c2359222d8b43b27ad6d7cbc6f780932,Greater Western Sydney Giants,Brisbane Lions,2026-05-24T02:30:07Z,dabble_au,Dabble AU,,player_disposals_over,Jaspa Fletcher,Over,51.0,39.5,20260524_013131
c2359222d8b43b27ad6d7cbc6f780932,Greater Western Sydney Giants,Brisbane Lions,2026-05-24T02:30:07Z,dabble_au,Dabble AU,,player_disposals_over,Bruce Reville,Over,51.0,39.5,20260524_013131
c2359222d8b43b27ad6d7cbc6f780932,Greater Western Sydney Giants,Brisbane Lions,2026-05-24T02:30:07Z,dabble_au,Dabble AU,,player_disposals_over,Keidean Coleman,Over,51.0,39.5,20260524_013131
c2359222d8b43b27ad6d7cbc6f780932,Greater Western Sydney Giants,Brisbane Lions,2026-05-24T02:30:07Z,dabble_au,Dabble AU,,player_disposals_over,Zac Bailey,Over,51.0,39.5,20260524_013131
c2359222d8b43b27ad6d7cbc6f780932,Greater Western Sydney Giants,Brisbane Lions,2026-05-24T02:30:07Z,dabble_au,Dabble AU,,player_disposals_over,Brent Daniels,Over,81.0,39.5,20260524_013131
c2359222d8b43b27ad6d7cbc6f780932,Greater Western Sydney Giants,Brisbane Lions,2026-05-24T02:30:07Z,dabble_au,Dabble AU,,player_disposals_over,Harrison Himmelberg,Over,81.0,39.5,20260524_013131
c2359222d8b43b27ad6d7cbc6f780932,Greater Western Sydney Giants,Brisbane Lions,2026-05-24T02:30:07Z,dabble_au,Dabble AU,,player_disposals_over,Joseph Fonti,Over,81.0,39.5,20260524_013131
c2359222d8b43b27ad6d7cbc6f780932,Greater Western Sydney Giants,Brisbane Lions,2026-05-24T02:30:07Z,dabble_au,Dabble AU,,player_disposals_over,Stephen Coniglio,Over,81.0,39.5,20260524_013131
c2359222d8b43b27ad6d7cbc6f780932,Greater Western Sydney Giants,Brisbane Lions,2026-05-24T02:30:07Z,dabble_au,Dabble AU,,player_disposals_over,Jayden Laverde,Over,81.0,39.5,20260524_013131
c2359222d8b43b27ad6d7cbc6f780932,Greater Western Sydney Giants,Brisbane Lions,2026-05-24T02:30:07Z,dabble_au,Dabble AU,,player_disposals_over,Toby McMullin,Over,101.0,39.5,20260524_013131
c2359222d8b43b27ad6d7cbc6f780932,Greater Western Sydney Giants,Brisbane Lions,2026-05-24T02:30:07Z,dabble_au,Dabble AU,,player_disposals_over,Charlie Cameron,Over,101.0,39.5,20260524_013131
c2359222d8b43b27ad6d7cbc6f780932,Greater Western Sydney Giants,Brisbane Lions,2026-05-24T02:30:07Z,dabble_au,Dabble AU,,player_disposals_over,Harris Andrews,Over,101.0,39.5,20260524_013131
c2359222d8b43b27ad6d7cbc6f780932,Greater Western Sydney Giants,Brisbane Lions,2026-05-24T02:30:07Z,dabble_au,Dabble AU,,player_disposals_over,Phoenix Gothard,Over,101.0,39.5,20260524_013131
c2359222d8b43b27ad6d7cbc6f780932,Greater Western Sydney Giants,Brisbane Lions,2026-05-24T02:30:07Z,dabble_au,Dabble AU,,player_disposals_over,Cameron Rayner,Over,101.0,39.5,20260524_013131
c2359222d8b43b27ad6d7cbc6f780932,Greater Western Sydney Giants,Brisbane Lions,2026-05-24T02:30:07Z,dabble_au,Dabble AU,,player_disposals_over,Conor Stone,Over,101.0,39.5,20260524_013131
c2359222d8b43b27ad6d7cbc6f780932,Greater Western Sydney Giants,Brisbane Lions,2026-05-24T02:30:07Z,dabble_au,Dabble AU,,player_disposals_over,Sam Marshall,Over,101.0,39.5,20260524_013131
c2359222d8b43b27ad6d7cbc6f780932,Greater Western Sydney Giants,Brisbane Lions,2026-05-24T02:30:07Z,dabble_au,Dabble AU,,player_disposals_over,James Tunstill,Over,101.0,39.5,20260524_013131
c2359222d8b43b27ad6d7cbc6f780932,Greater Western Sydney Giants,Brisbane Lions,2026-05-24T02:30:07Z,dabble_au,Dabble AU,,player_goal_scorer_anytime,Zac Bailey,Yes,1.15,,20260524_013131
c2359222d8b43b27ad6d7cbc6f780932,Greater Western Sydney Giants,Brisbane Lions,2026-05-24T02:30:07Z,dabble_au,Dabble AU,,player_goal_scorer_anytime,Jake Stringer,Yes,1.17,,20260524_013131
c2359222d8b43b27ad6d7cbc6f780932,Greater Western Sydney Giants,Brisbane Lions,2026-05-24T02:30:07Z,dabble_au,Dabble AU,,player_goal_scorer_anytime,Kai Lohmann,Yes,1.17,,20260524_013131
c2359222d8b43b27ad6d7cbc6f780932,Greater Western Sydney Giants,Brisbane Lions,2026-05-24T02:30:07Z,dabble_au,Dabble AU,,player_goal_scorer_anytime,Max Gruzewski,Yes,1.26,,20260524_013131
c2359222d8b43b27ad6d7cbc6f780932,Greater Western Sydney Giants,Brisbane Lions,2026-05-24T02:30:07Z,dabble_au,Dabble AU,,player_goal_scorer_anytime,Toby Greene,Yes,1.29,,20260524_013131
c2359222d8b43b27ad6d7cbc6f780932,Greater Western Sydney Giants,Brisbane Lions,2026-05-24T02:30:07Z,dabble_au,Dabble AU,,player_goal_scorer_anytime,Jake Riccardi,Yes,1.29,,20260524_013131
c2359222d8b43b27ad6d7cbc6f780932,Greater Western Sydney Giants,Brisbane Lions,2026-05-24T02:30:07Z,dabble_au,Dabble AU,,player_goal_scorer_anytime,Cameron Rayner,Yes,1.38,,20260524_013131
c2359222d8b43b27ad6d7cbc6f780932,Greater Western Sydney Giants,Brisbane Lions,2026-05-24T02:30:07Z,dabble_au,Dabble AU,,player_goal_scorer_anytime,Phoenix Gothard,Yes,1.48,,20260524_013131
c2359222d8b43b27ad6d7cbc6f780932,Greater Western Sydney Giants,Brisbane Lions,2026-05-24T02:30:07Z,dabble_au,Dabble AU,,player_goal_scorer_anytime,Brent Daniels,Yes,1.57,,20260524_013131
c2359222d8b43b27ad6d7cbc6f780932,Greater Western Sydney Giants,Brisbane Lions,2026-05-24T02:30:07Z,dabble_au,Dabble AU,,player_goal_scorer_anytime,Sam Draper,Yes,1.62,,20260524_013131
c2359222d8b43b27ad6d7cbc6f780932,Greater Western Sydney Giants,Brisbane Lions,2026-05-24T02:30:07Z,dabble_au,Dabble AU,,player_goal_scorer_anytime,Conor McKenna,Yes,1.65,,20260524_013131
c2359222d8b43b27ad6d7cbc6f780932,Greater Western Sydney Giants,Brisbane Lions,2026-05-24T02:30:07Z,dabble_au,Dabble AU,,player_goal_scorer_anytime,Callum Brown,Yes,1.67,,20260524_013131
c2359222d8b43b27ad6d7cbc6f780932,Greater Western Sydney Giants,Brisbane Lions,2026-05-24T02:30:07Z,dabble_au,Dabble AU,,player_goal_scorer_anytime,Hugh McCluggage,Yes,1.75,,20260524_013131
c2359222d8b43b27ad6d7cbc6f780932,Greater Western Sydney Giants,Brisbane Lions,2026-05-24T02:30:07Z,dabble_au,Dabble AU,,player_goal_scorer_anytime,Will McLachlan,Yes,1.78,,20260524_013131
c2359222d8b43b27ad6d7cbc6f780932,Greater Western Sydney Giants,Brisbane Lions,2026-05-24T02:30:07Z,dabble_au,Dabble AU,,player_goal_scorer_anytime,Toby Bedford,Yes,1.8,,20260524_013131
c2359222d8b43b27ad6d7cbc6f780932,Greater Western Sydney Giants,Brisbane Lions,2026-05-24T02:30:07Z,dabble_au,Dabble AU,,player_goal_scorer_anytime,Levi Ashcroft,Yes,2.3,,20260524_013131
c2359222d8b43b27ad6d7cbc6f780932,Greater Western Sydney Giants,Brisbane Lions,2026-05-24T02:30:07Z,dabble_au,Dabble AU,,player_goal_scorer_anytime,Will Ashcroft,Yes,2.63,,20260524_013131
c2359222d8b43b27ad6d7cbc6f780932,Greater Western Sydney Giants,Brisbane Lions,2026-05-24T02:30:07Z,dabble_au,Dabble AU,,player_goal_scorer_anytime,Toby McMullin,Yes,2.8,,20260524_013131
c2359222d8b43b27ad6d7cbc6f780932,Greater Western Sydney Giants,Brisbane Lions,2026-05-24T02:30:07Z,dabble_au,Dabble AU,,player_goal_scorer_anytime,Darcy Fort,Yes,2.9,,20260524_013131
c2359222d8b43b27ad6d7cbc6f780932,Greater Western Sydney Giants,Brisbane Lions,2026-05-24T02:30:07Z,dabble_au,Dabble AU,,player_goal_scorer_anytime,Lachie Neale,Yes,3.0,,20260524_013131
c2359222d8b43b27ad6d7cbc6f780932,Greater Western Sydney Giants,Brisbane Lions,2026-05-24T02:30:07Z,dabble_au,Dabble AU,,player_goal_scorer_anytime,Harvey Thomas,Yes,3.0,,20260524_013131
c2359222d8b43b27ad6d7cbc6f780932,Greater Western Sydney Giants,Brisbane Lions,2026-05-24T02:30:07Z,dabble_au,Dabble AU,,player_goal_scorer_anytime,Bruce Reville,Yes,3.0,,20260524_013131
c2359222d8b43b27ad6d7cbc6f780932,Greater Western Sydney Giants,Brisbane Lions,2026-05-24T02:30:07Z,dabble_au,Dabble AU,,player_goal_scorer_anytime,Sam Marshall,Yes,3.0,,20260524_013131
c2359222d8b43b27ad6d7cbc6f780932,Greater Western Sydney Giants,Brisbane Lions,2026-05-24T02:30:07Z,dabble_au,Dabble AU,,player_goal_scorer_anytime,James Tunstill,Yes,3.0,,20260524_013131
c2359222d8b43b27ad6d7cbc6f780932,Greater Western Sydney Giants,Brisbane Lions,2026-05-24T02:30:07Z,dabble_au,Dabble AU,,player_goal_scorer_anytime,Josh Dunkley,Yes,3.0,,20260524_013131
c2359222d8b43b27ad6d7cbc6f780932,Greater Western Sydney Giants,Brisbane Lions,2026-05-24T02:30:07Z,dabble_au,Dabble AU,,player_goal_scorer_anytime,Keidean Coleman,Yes,3.0,,20260524_013131
c2359222d8b43b27ad6d7cbc6f780932,Greater Western Sydney Giants,Brisbane Lions,2026-05-24T02:30:07Z,dabble_au,Dabble AU,,player_goal_scorer_anytime,Jaspa Fletcher,Yes,3.0,,20260524_013131
c2359222d8b43b27ad6d7cbc6f780932,Greater Western Sydney Giants,Brisbane Lions,2026-05-24T02:30:07Z,dabble_au,Dabble AU,,player_goal_scorer_anytime,Ty Gallop,Yes,3.0,,20260524_013131
c2359222d8b43b27ad6d7cbc6f780932,Greater Western Sydney Giants,Brisbane Lions,2026-05-24T02:30:07Z,dabble_au,Dabble AU,,player_goal_scorer_anytime,Darcy Gardiner,Yes,3.0,,20260524_013131
c2359222d8b43b27ad6d7cbc6f780932,Greater Western Sydney Giants,Brisbane Lions,2026-05-24T02:30:07Z,dabble_au,Dabble AU,,player_goal_scorer_anytime,Darcy Wilmot,Yes,3.0,,20260524_013131
c2359222d8b43b27ad6d7cbc6f780932,Greater Western Sydney Giants,Brisbane Lions,2026-05-24T02:30:07Z,dabble_au,Dabble AU,,player_goal_scorer_anytime,Stephen Coniglio,Yes,3.1,,20260524_013131
c2359222d8b43b27ad6d7cbc6f780932,Greater Western Sydney Giants,Brisbane Lions,2026-05-24T02:30:07Z,dabble_au,Dabble AU,,player_goal_scorer_anytime,Kieren Briggs,Yes,3.2,,20260524_013131
c2359222d8b43b27ad6d7cbc6f780932,Greater Western Sydney Giants,Brisbane Lions,2026-05-24T02:30:07Z,dabble_au,Dabble AU,,player_goal_scorer_anytime,Finn Callaghan,Yes,3.2,,20260524_013131
c2359222d8b43b27ad6d7cbc6f780932,Greater Western Sydney Giants,Brisbane Lions,2026-05-24T02:30:07Z,dabble_au,Dabble AU,,player_goal_scorer_anytime,Clayton Oliver,Yes,3.2,,20260524_013131
c2359222d8b43b27ad6d7cbc6f780932,Greater Western Sydney Giants,Brisbane Lions,2026-05-24T02:30:07Z,dabble_au,Dabble AU,,player_goal_scorer_anytime,Lachlan Ash,Yes,3.2,,20260524_013131
c2359222d8b43b27ad6d7cbc6f780932,Greater Western Sydney Giants,Brisbane Lions,2026-05-24T02:30:07Z,dabble_au,Dabble AU,,player_goal_scorer_anytime,Joseph Fonti,Yes,3.2,,20260524_013131
c2359222d8b43b27ad6d7cbc6f780932,Greater Western Sydney Giants,Brisbane Lions,2026-05-24T02:30:07Z,dabble_au,Dabble AU,,player_goal_scorer_anytime,Harrison Himmelberg,Yes,3.2,,20260524_013131
c2359222d8b43b27ad6d7cbc6f780932,Greater Western Sydney Giants,Brisbane Lions,2026-05-24T02:30:07Z,dabble_au,Dabble AU,,player_goal_scorer_anytime,Connor Idun,Yes,3.2,,20260524_013131
c2359222d8b43b27ad6d7cbc6f780932,Greater Western Sydney Giants,Brisbane Lions,2026-05-24T02:30:07Z,dabble_au,Dabble AU,,player_goal_scorer_anytime,Jayden Laverde,Yes,3.2,,20260524_013131
c2359222d8b43b27ad6d7cbc6f780932,Greater Western Sydney Giants,Brisbane Lions,2026-05-24T02:30:07Z,dabble_au,Dabble AU,,player_goal_scorer_anytime,Conor Stone,Yes,3.2,,20260524_013131
